x,y,sub,grid_col,grid_row,close2water_25,close2water_100,close2smoking_shop_75,close2chimney_150,close2water_tap_75,close2public_transport_15,num_public_transport_50,num_public_transport_100,close2industry_400,close2residential_10,proportion_residential_400,close2railway_100,close2grass_15,close2grass_100,close2construction_50,num_trees_50,num_trees_500,close2woods_50,close2woods_200,close2grassland_200,close2park_5,close2park_25,close2garden_25,num_green_200,num_green_500,num_green_1000,proportion_green_50,proportion_green_100,proportion_green_500,close2smoking_amenity_30,close2cigarette_disposal_50,close2waste_disposal_25,close2parking_space_30,close2fuel_station_40,close2drinking_water_30,close2industrial_building_15,close2industrial_building_100,num_residential_buildings_200,proportion_residential_buildings_500,close2commercial_building_25,num_commercial_buildings_200,average_building_height_100,sum_streets_nearby_20,sum_streets_nearby_50,num_traffic_light_200,num_traffic_light_400,average_nearby_streets_len_50,average_nearby_maxspeed_50,average_nearby_num_lanes_50,sum_nearby_residential_street_len_50,sum_nearby_residential_street_len_150,sum_nearby_pedestrian_street_len_15,sum_nearby_pedestrian_street_len_50,sum_nearby_service_street_len_50,sum_nearby_service_street_len_150,velocita_vento_massimo,direzione_vento_massimo,velocita_vento_medio,radiazione_globale_medio,precipitazione_valore_cumulato,direzione_vento_medio,predicted_co2
9.226032777777778,45.471849166666665,1,0,0,0,0,0,0,0,0,0,0,0,1,0.7361960394954847,0,0,0,0,0,18,0,0,0,0,0,0,0,3,14,0.0,0.0,0.01457285965284344,0,0,0,0,0,0,0,0,40,0.06101067044784721,0,0,0.8310757014065575,0,0,0,0,27.14188539056553,30.42500051337176,0.0,0.0,15.553863795684792,0.0,0.0,0.0,0.0,1.0,86.0,0.6,0.0,0.0,106.0,685.144042719566
9.226698333333333,45.471849166666665,1,1,0,0,0,0,0,0,0,0,0,0,1,0.805580142620574,0,0,0,0,1,19,0,0,0,0,0,0,0,4,15,0.0,0.0,0.01964202491546682,0,0,0,0,0,0,0,0,47,0.0706376772603887,0,0,1.0860634185895541,0,0,0,0,27.14188539056553,30.42500051337176,0.0,0.0,8.628911133133197,0.0,0.0,0.0,0.0,1.0,86.0,0.6,0.0,0.0,106.0,688.0839631534031
9.227363888888888,45.471849166666665,1,2,0,0,0,0,0,0,0,0,0,0,1,0.8312492071019427,0,0,0,0,0,19,0,0,0,0,0,0,0,4,15,0.0,0.0,0.022867362760537285,0,0,0,0,0,0,0,0,57,0.08085018753872532,0,0,1.3549092912474865,0,0,0,0,27.14188539056553,30.42500051337176,0.0,0.0,0.0,0.0,0.0,0.0,0.0,1.0,86.0,0.6,0.0,0.0,106.0,692.3631862268647
9.228029444444445,45.471849166666665,1,3,0,0,0,0,0,0,0,0,0,0,1,0.810395185888134,0,0,0,0,0,21,0,0,0,0,0,0,0,4,16,0.0,0.0,0.02160125216690529,0,0,0,0,0,0,0,0,56,0.09322033780390766,0,0,1.201649071884805,0,0,0,0,27.14188539056553,30.42500051337176,0.0,0.0,0.0,0.0,0.0,0.0,0.0,1.0,86.0,0.6,0.0,0.0,106.0,700.5638769634564
9.228695,45.471849166666665,1,4,0,0,0,0,0,0,0,0,0,0,1,0.7909308016219324,0,0,0,0,1,21,0,0,0,0,0,0,1,4,17,0.0,0.0,0.01810124799340398,0,0,0,0,0,0,0,0,48,0.1106326400429801,0,0,0.841526830450173,0,0,0,0,27.14188539056553,30.42500051337176,0.0,0.0,0.0,0.0,0.0,0.0,0.0,1.0,86.0,0.6,0.0,0.0,106.0,698.7766620642924
9.229360555555555,45.471849166666665,1,5,0,0,0,0,0,0,0,0,0,0,1,0.7731296279644209,0,0,0,0,1,21,0,0,0,0,0,0,1,3,18,0.0,0.0,0.016440019796489635,0,0,0,0,0,0,0,0,55,0.12534190993532934,0,0,1.399571659521191,0,0,0,0,27.14188539056553,30.42500051337176,0.0,0.0,0.0,0.0,0.0,0.0,0.0,1.0,86.0,0.6,0.0,0.0,106.0,688.04918712002
9.23002611111111,45.471849166666665,1,6,0,0,0,0,0,0,0,0,0,0,1,0.7578187483283529,0,0,0,0,0,21,0,0,0,0,0,0,1,3,18,0.0,0.0,0.016440019796489635,0,0,0,0,0,0,0,0,52,0.13872667287391946,0,0,1.8128233118650627,0,4,0,0,32.41001020515562,44.0165482627854,2.0,0.0,0.0,10.956537665619226,455.9054948305095,0.0,0.0,1.0,86.0,0.6,0.0,0.0,106.0,677.3086705145566
9.230691666666667,45.471849166666665,1,7,0,0,0,0,0,0,0,0,0,0,1,0.7407197920987735,0,0,0,0,0,21,0,0,0,0,0,0,1,4,18,0.0,0.0,0.021144355222648497,0,0,0,0,0,0,0,0,50,0.14172678849469972,0,0,2.2060444536746924,0,8,0,0,24.173874593922335,30.42500051337176,0.0,0.0,0.0,198.6748415857743,773.5639870055147,0.0,0.0,1.0,86.0,0.6,0.0,0.0,106.0,670.9347971931703
9.231357222222222,45.471849166666665,1,8,0,0,0,0,0,0,0,0,0,0,1,0.7223327393061314,0,0,0,0,0,11,0,0,0,0,0,0,1,5,17,0.0,0.0,0.02708454819559469,0,0,0,0,0,0,0,0,45,0.1434844504651256,0,0,1.1583244670587007,0,8,0,0,29.54608076605005,30.42500051337176,0.0,0.0,6.749991995100368,271.47104012670627,827.2902614494014,0.0,0.0,1.0,86.0,0.6,0.0,0.0,106.0,667.1812212528354
9.232022777777777,45.471849166666665,1,9,0,0,0,1,0,0,0,0,0,0,1,0.7067060329527698,0,0,0,0,0,15,0,0,0,0,0,0,0,5,17,0.0,0.0,0.036681412843871726,0,0,0,0,0,0,0,0,48,0.14511176977318777,0,0,1.6156152312188898,0,12,0,0,22.84614708149705,30.0,1.0,6.749991995100368,6.749991995100368,452.36711166867815,815.7113029387936,0.0,0.0,1.0,86.0,0.6,0.0,0.0,106.0,663.2142185225598
9.232688333333332,45.471849166666665,1,10,0,0,0,1,0,0,0,0,0,0,1,0.6933432485445645,0,0,0,0,0,13,0,0,0,0,0,0,0,5,15,0.0,0.0,0.05108842795480208,0,0,0,0,0,0,0,0,49,0.13739849537953272,0,0,1.9817503324601482,4,16,0,0,33.51072235623704,30.0,1.0,6.749991995100368,6.749991995100368,699.5892131929119,1702.2968481729888,0.0,0.0,1.0,86.0,0.6,0.0,0.0,106.0,663.2992211467329
9.233353888888889,45.471849166666665,1,11,0,0,0,0,0,0,0,0,0,0,1,0.694427590410198,0,0,0,0,0,10,0,0,0,0,0,0,1,5,13,0.0,0.0,0.0625557622954279,0,0,0,0,0,0,0,0,44,0.12995975441648808,0,1,3.3417022340821645,0,0,0,0,139.91784263858239,30.42500051337176,0.0,0.0,100.8012406038948,699.5892131929119,699.5892131929119,0.0,0.0,1.0,86.0,0.6,0.0,0.0,106.0,662.9697863641533
9.234019444444444,45.471849166666665,1,12,0,0,1,0,0,0,0,0,0,0,1,0.7057233952671984,0,0,0,0,0,8,0,0,0,0,0,0,1,4,12,0.0,0.0,0.06803418458878452,0,0,0,0,0,0,0,0,38,0.12022305014831537,0,1,2.60882434496319,0,16,0,0,27.72355301045779,30.0,1.0,94.05124860879442,285.28484740692386,699.5892131929119,1319.849954924553,0.0,0.0,1.0,86.0,0.6,0.0,0.0,106.0,662.905703992636
9.234684999999999,45.471849166666665,1,13,0,0,1,0,0,0,0,1,3,0,1,0.6803125255105025,0,0,0,0,0,11,0,0,0,0,0,0,1,3,10,0.0,0.0,0.06600610683425646,0,0,0,0,0,0,0,0,33,0.1109045519903131,0,1,2.8145537739209763,0,20,0,0,27.14188539056553,30.999050772862233,1.4809818408898354,274.7578045683817,305.390478203449,193.95909613717237,1516.6066312089433,0.0,0.0,1.0,86.0,0.6,0.0,0.0,106.0,663.5778471264081
9.235350555555554,45.471849166666665,1,14,0,0,0,0,0,0,0,3,3,0,1,0.6245162946210288,0,0,0,0,0,11,0,0,1,0,0,0,1,2,8,0.0,0.0,0.06850185832745737,0,0,0,0,0,0,0,0,24,0.09518578959977225,0,1,3.0441534451988694,0,4,0,0,31.854501557597754,31.74833885250891,1.8417182215572117,180.70655595958723,294.8634353649068,0.0,583.8014814227588,0.0,34.004609963101565,1.0,86.0,0.6,0.0,0.0,106.0,665.8137448059458
9.23601611111111,45.471849166666665,1,15,0,0,0,0,0,0,0,0,3,0,1,0.5586699615523223,0,0,0,0,0,10,0,0,1,0,0,0,1,2,8,0.0,0.0,0.06777346234865764,0,0,0,0,0,0,0,0,18,0.08207222780344775,0,1,5.861719863269402,0,0,0,0,27.14188539056553,30.42500051337176,0.0,0.0,453.0382548554529,0.0,0.0,0.0,34.86663713827203,1.0,86.0,0.6,0.0,0.0,106.0,665.5411704400134
9.236681666666666,45.471849166666665,1,16,0,0,0,0,0,0,0,1,1,0,1,0.4861650623233538,0,0,1,0,0,8,0,0,1,0,0,0,0,2,8,0.0,0.0,0.0637416387733056,0,0,0,0,0,0,0,0,13,0.0716053475494155,0,0,3.962635782037272,8,8,0,0,23.27734476438154,26.100633537101196,1.4134112393055716,254.27328733406574,381.08631329073427,73.21254402437206,676.820503241196,0.0,0.0,1.0,86.0,0.6,0.0,0.0,106.0,666.0582308244141
9.23734722222222,45.471849166666665,1,17,0,0,0,0,0,0,0,0,1,0,1,0.40987362040743947,0,0,1,0,0,4,0,0,1,0,0,0,0,2,8,0.0,0.0,0.05609938331232842,0,0,0,0,0,0,0,0,8,0.057974936312156757,0,0,3.779913061215852,0,4,0,0,14.924552678951441,30.040235439259604,1.0,69.32317419659262,289.4043324484154,114.37831412511436,273.94153741929046,0.0,0.0,1.0,86.0,0.6,0.0,0.0,106.0,666.2822506718924
9.226032777777778,45.4723075,1,0,1,0,0,0,0,0,0,0,0,0,1,0.6520897718166283,0,0,0,0,0,19,0,0,1,0,0,0,0,4,14,0.0,0.0,0.026046952350080574,0,0,0,0,0,0,0,0,42,0.060929779957696314,0,0,0.6962730791315975,0,8,0,0,9.220918412438278,30.04429698772514,1.0,8.628911133133197,15.553863795684792,0.0,203.45221235294719,0.0,0.0,1.0,86.0,0.6,0.0,0.0,106.0,683.2690572619481
9.226698333333333,45.4723075,1,1,1,0,0,0,0,0,0,0,0,0,1,0.703973719845543,0,0,0,0,0,23,0,0,1,0,0,0,0,4,15,0.0,0.0,0.031373391881888577,0,0,0,0,0,0,0,0,50,0.07311695185418358,0,0,1.0679169685392282,0,4,0,0,9.451357603232296,30.42500051337176,0.0,0.0,15.553863795684792,0.0,264.6380128905043,0.0,0.0,1.0,86.0,0.6,0.0,0.0,106.0,685.0281063547568
9.227363888888888,45.4723075,1,2,1,0,0,0,0,0,0,0,0,0,1,0.7402547631277467,0,0,0,0,0,30,0,0,1,0,0,0,0,4,16,0.0,0.0,0.028783946427521176,0,0,0,0,0,0,0,0,68,0.08522971051735605,0,0,1.4963413969455988,0,4,0,0,18.53711510345527,30.42500051337176,0.0,0.0,0.0,0.0,370.74230206910545,0.0,0.0,1.0,86.0,0.6,0.0,0.0,106.0,687.3055912723422
9.228029444444445,45.4723075,1,3,1,0,0,0,0,0,0,0,0,0,1,0.7408776063058717,0,0,0,0,2,38,0,0,0,0,0,0,0,4,17,0.0,0.0,0.025187349122216922,0,0,0,0,0,0,0,0,64,0.09701822755973531,0,0,1.4733311578167385,0,0,0,0,115.89654497469901,30.42500051337176,0.0,0.0,0.0,0.0,231.79308994939802,0.0,0.0,1.0,86.0,0.6,0.0,0.0,106.0,714.0954100912483
9.228695,45.4723075,1,4,1,0,0,0,0,0,0,0,0,0,1,0.7419635672247359,0,0,0,0,0,44,0,0,0,0,0,0,1,4,18,0.0,0.0,0.022432421945609293,0,0,0,0,0,0,0,0,55,0.11394609923667522,0,0,1.1447190219736798,0,0,0,0,94.77766615399271,30.42500051337176,0.0,0.0,0.0,0.0,284.33299846197815,0.0,0.0,1.0,86.0,0.6,0.0,0.0,106.0,711.99510663816
9.229360555555555,45.4723075,1,5,1,0,0,0,0,0,0,0,0,0,1,0.7391343070731242,0,0,0,0,2,42,0,0,0,0,0,0,2,4,18,0.0,0.03801467730295632,0.018768468265094724,0,0,0,0,0,0,0,0,65,0.13080344019125045,0,0,1.5085602773977131,0,0,0,0,28.262864354991315,30.42500051337176,0.0,0.0,0.0,0.0,141.31432177495657,0.0,0.0,1.0,86.0,0.6,0.0,0.0,106.0,689.1803929918009
9.23002611111111,45.4723075,1,6,1,0,0,0,0,0,0,0,1,0,1,0.7361078912772907,0,0,0,0,0,41,0,0,0,0,0,0,2,3,18,0.05798506124977811,0.11224982851964461,0.016440019796489635,0,0,0,0,0,0,0,0,64,0.14248182331599638,0,0,2.1398176935498676,4,4,0,0,11.302133289946982,35.31911029611266,1.1481481481481481,0.0,0.0,103.86568873911929,361.628021050109,0.0,0.0,1.0,86.0,0.6,0.0,0.0,106.0,675.0206203638887
9.230691666666667,45.4723075,1,7,1,0,0,0,0,0,0,0,1,0,1,0.7309827685475226,0,0,0,0,0,35,0,0,0,0,0,0,2,5,18,0.0,0.05972485303653924,0.02487368474670745,0,0,0,0,0,0,0,0,62,0.1429699579573765,0,0,2.1051235441774123,0,0,0,0,35.52751824944407,30.42500051337176,0.0,0.0,0.0,0.0,355.27518249444074,0.0,0.0,1.0,86.0,0.6,0.0,0.0,106.0,667.2451202043515
9.231357222222222,45.4723075,1,8,1,0,0,0,0,0,0,0,0,0,1,0.7243527812928132,0,0,0,0,0,16,0,0,0,0,0,0,1,5,18,0.0,0.0,0.034478973531417954,0,0,0,0,0,0,0,0,56,0.14528425518614574,0,0,1.0622005622701436,0,0,0,0,132.30229487485596,30.42500051337176,0.0,0.0,6.749991995100368,0.0,264.6045897497119,0.0,0.0,1.0,86.0,0.6,0.0,0.0,106.0,662.4374183069148
9.232022777777777,45.4723075,1,9,1,0,0,1,0,0,0,0,0,0,1,0.7241789533746488,0,0,0,0,0,15,0,0,0,0,0,0,1,5,18,0.0,0.0,0.05102360068775324,0,0,0,0,0,0,0,0,62,0.148280480905828,0,0,1.6730072534539187,0,0,0,0,101.55301077833187,30.42500051337176,0.0,0.0,6.749991995100368,0.0,507.76505389165936,0.0,0.0,1.0,86.0,0.6,0.0,0.0,106.0,662.414001014391
9.232688333333332,45.4723075,1,10,1,0,0,1,0,0,0,0,0,0,1,0.7318203095781606,0,0,0,0,0,14,0,0,0,0,0,0,0,5,17,0.0,0.0,0.07179941880681652,0,0,0,0,0,0,0,0,64,0.14020228511044555,0,1,2.5171382497601638,0,0,0,0,96.98808703327214,30.42500051337176,0.0,0.0,6.749991995100368,0.0,678.916609232905,0.0,0.0,1.0,86.0,0.6,0.0,0.0,106.0,657.9974733343546
9.233353888888889,45.4723075,1,11,1,0,0,0,0,0,0,0,0,0,1,0.7528731478771078,0,0,0,0,0,21,0,0,0,0,0,0,1,5,15,0.0,0.0,0.08725147068323318,0,0,0,0,0,0,0,0,57,0.13207486013063208,0,1,2.5347263221747003,0,0,0,0,136.82343751693233,30.42500051337176,0.0,0.0,111.328283442437,0.0,273.64687503386466,0.0,0.0,1.0,86.0,0.6,0.0,0.0,106.0,659.2388782635112
9.234019444444444,45.4723075,1,12,1,0,1,0,0,0,0,0,0,0,1,0.7824545843405408,0,0,0,0,0,24,0,0,0,0,0,0,1,5,13,0.0,0.004666833529164587,0.09154769615510185,0,0,0,0,0,0,0,0,51,0.12214419017778692,0,1,2.6429015970516674,0,0,0,0,97.0345889911661,30.0,1.0,81.11892171398846,305.390478203449,0.0,598.1232012241743,0.0,16.359266053169588,1.0,86.0,0.6,0.0,0.0,106.0,659.93793247486
9.234684999999999,45.4723075,1,13,1,0,1,0,0,0,0,0,3,0,1,0.766440989641163,0,0,0,0,0,23,0,0,0,0,0,0,1,4,12,0.0,0.048678818524270986,0.08643033043412371,0,0,0,0,0,0,0,0,43,0.11501209050247933,0,1,2.6599771556971015,0,0,0,0,73.34144067595378,36.87403946060973,1.6666666666666667,255.22002943145628,305.390478203449,0.0,551.5358180040353,0.0,401.11497154956356,1.0,86.0,0.6,0.0,0.0,106.0,663.1940523849817
9.235350555555554,45.4723075,1,14,1,0,0,0,0,0,0,0,3,0,1,0.7103107609173611,0,0,0,0,0,22,0,0,1,0,0,0,1,3,9,0.0,0.011378477836872302,0.08802291309313315,0,0,0,0,0,0,0,0,30,0.0990826321693042,0,1,2.8772841823684834,0,0,0,0,83.08895578844499,40.31105919091459,2.0,174.1011077174678,305.390478203449,0.0,324.43262701320214,0.0,644.616992372467,1.0,86.0,0.6,0.0,0.0,106.0,663.3662765207766
9.23601611111111,45.4723075,1,15,1,0,0,0,0,0,0,0,0,0,1,0.639775179175427,0,0,1,0,0,16,0,0,1,0,0,0,1,3,9,0.0,0.0,0.08828459724952903,0,0,0,0,0,0,0,0,21,0.08627438757555216,0,1,4.761088616323502,0,0,0,0,27.14188539056553,30.42500051337176,0.0,0.0,564.8258664942969,0.0,0.0,0.0,610.6041217430495,1.0,86.0,0.6,0.0,0.0,106.0,663.5239491153017
9.236681666666666,45.4723075,1,16,1,0,0,0,0,0,0,0,0,0,1,0.557542113110889,0,0,1,0,0,14,0,0,1,0,0,0,0,3,8,0.0,0.0,0.08442502568828199,0,0,1,0,0,0,0,0,15,0.07414276466245111,0,1,3.5618330221499668,0,0,0,0,75.81804872518119,23.853451328016945,1.6974085731699955,151.62762117576088,381.08631329073427,303.28067117532623,303.28067117532623,0.0,422.7510212573398,1.0,86.0,0.6,0.0,0.0,106.0,664.8599281720932
9.23734722222222,45.4723075,1,17,1,0,0,0,0,0,0,0,0,0,1,0.47058661562421666,0,1,1,0,0,13,0,0,1,0,0,0,0,3,8,0.0,0.0,0.07675820828695391,0,0,0,0,0,0,0,0,10,0.05961262264341887,0,0,3.0478608979453634,0,0,0,0,27.14188539056553,30.42500051337176,0.0,0.0,381.08631329073427,0.0,0.0,0.0,0.0,1.0,86.0,0.6,0.0,0.0,106.0,666.3204879060914
9.226032777777778,45.472765833333334,1,0,2,0,0,0,0,0,0,0,0,0,1,0.5625452468977323,0,0,0,0,0,29,0,0,1,0,0,0,0,5,16,0.0,0.0,0.030134275780577865,0,0,0,0,0,0,0,0,42,0.059732362661944385,0,0,0.6892825727262868,4,16,0,0,15.20818329020442,30.02214849386257,1.0,15.553863795684792,101.00312296363691,316.6114218415018,699.2307508439229,0.0,0.0,1.0,86.0,0.6,0.0,0.0,106.0,681.125814145629
9.226698333333333,45.472765833333334,1,1,2,0,0,0,0,0,0,0,0,0,1,0.6007320705608274,0,0,1,0,6,43,0,0,1,0,0,0,0,5,16,0.0,0.0,0.033575301430930606,0,0,1,0,0,0,0,0,51,0.07548496102799584,0,0,0.8130316183396618,4,16,0,0,13.421468308438579,30.42500051337176,0.0,0.0,101.00312296363691,323.00949380304013,912.6598449738234,0.0,0.0,1.0,86.0,0.6,0.0,0.0,106.0,682.8256015263034
9.227363888888888,45.472765833333334,1,2,2,0,0,0,0,0,0,0,1,0,1,0.6385409479287848,0,0,0,0,0,51,0,0,1,0,0,0,0,5,17,0.0,0.0,0.03390987893589482,0,0,0,1,0,0,0,0,61,0.08783528576645125,0,0,1.2159317746163314,4,12,0,0,29.282829873008478,30.42500051337176,0.0,0.0,0.0,468.6186664203003,1376.2930040313984,0.0,0.0,1.0,86.0,0.6,0.0,0.0,106.0,668.5848176136153
9.228029444444445,45.472765833333334,1,3,2,0,0,0,0,0,0,0,1,0,1,0.6574902195197228,0,0,0,0,0,51,0,0,1,0,0,0,1,5,18,0.0,0.0,0.033368565477540586,0,0,0,1,0,0,0,0,57,0.09935601558720689,0,0,1.3860805215228418,0,0,0,0,139.216214584502,30.42500051337176,0.0,0.0,0.0,340.85566034204754,696.0810729225101,0.0,64.94445877542886,1.0,86.0,0.6,0.0,0.0,106.0,729.2601489044139
9.228695,45.472765833333334,1,4,2,0,0,0,0,0,0,0,0,0,1,0.6704249211701666,0,0,0,0,0,50,0,0,0,0,0,0,2,5,18,0.0,0.0,0.028801279059923773,0,0,0,1,0,0,0,0,53,0.1153943910938388,0,0,1.1600514120626908,0,0,0,0,63.92117467235318,30.42500051337176,0.0,0.0,0.0,340.85566034204754,767.0540960682382,0.0,64.94445877542886,1.0,86.0,0.6,0.0,0.0,106.0,718.1489473465457
9.229360555555555,45.472765833333334,1,5,2,0,0,0,0,0,0,0,1,0,1,0.6786294133422253,0,0,0,0,0,53,0,0,0,0,0,0,3,4,18,0.0,0.13150122787987467,0.022046704145822958,1,0,0,0,0,0,0,0,63,0.13205121612413484,0,0,1.5449714435698467,0,8,0,0,26.55552521149279,33.88552660704382,1.0,0.0,0.0,340.85566034204754,854.0638207633441,0.0,0.0,1.0,86.0,0.6,0.0,0.0,106.0,688.0857883287102
9.23002611111111,45.472765833333334,1,6,2,0,0,0,0,0,0,0,3,0,0,0.6852931680573211,0,0,0,0,0,60,0,0,0,1,1,0,3,5,18,0.6105923593597242,0.19850662688644816,0.017865694300212804,0,0,0,0,0,0,0,0,73,0.14196537541503745,0,0,2.9183520450241742,0,4,0,0,14.754387825637048,33.839812173946605,1.0,0.0,0.0,85.91414292892347,877.9586393948393,0.0,0.0,1.0,86.0,0.6,0.0,0.0,106.0,672.2167182116632
9.230691666666667,45.472765833333334,1,7,2,0,0,0,0,0,0,3,3,0,1,0.6926839743289167,0,0,0,0,0,62,0,0,0,0,0,0,3,5,18,0.0746487942006556,0.16961948283114953,0.028881560923283808,0,0,0,0,0,0,0,0,71,0.14270161003133328,0,0,1.978360170630205,0,4,0,0,28.482195521477735,33.86768829048239,1.0,0.0,0.0,282.62755360087954,1078.256765354668,0.0,0.0,1.0,86.0,0.6,0.0,0.0,106.0,663.6430382305583
9.231357222222222,45.472765833333334,1,8,2,0,0,0,0,0,0,0,2,0,1,0.6970543439064157,0,0,0,0,0,41,0,0,0,0,0,0,2,5,18,0.0,0.0,0.04510643807242088,0,0,0,0,0,0,0,0,69,0.14540200004068993,0,0,2.562298254405448,0,0,0,0,132.2155257705743,30.42500051337176,0.0,0.0,0.0,264.25507417002837,661.0776288528715,0.0,0.0,1.0,86.0,0.6,0.0,0.0,106.0,656.9708116278964
9.232022777777777,45.472765833333334,1,9,2,0,0,0,0,0,0,0,1,0,1,0.7094344321346425,0,0,0,0,0,28,0,0,0,0,0,0,1,5,18,0.0,0.0,0.06858513608748866,0,0,0,0,0,0,0,0,74,0.1472208850628398,0,0,2.3333053132620214,0,12,0,0,33.3483790745753,30.42500051337176,0.0,0.0,0.0,396.4730391031596,1233.8900257592861,0.0,0.0,1.0,86.0,0.6,0.0,0.0,106.0,664.6015806515479
9.232688333333332,45.472765833333334,1,10,2,0,0,0,0,0,0,0,0,0,1,0.7379864104967201,0,0,0,0,0,32,0,0,0,0,0,0,0,5,19,0.0,0.0,0.09043826936262961,0,0,0,0,0,0,0,0,74,0.14061801714718378,0,1,2.7603600471640486,0,16,0,0,35.221740737522616,30.42500051337176,0.0,0.0,0.0,410.18773698297014,1831.530518351176,0.0,0.0,1.0,86.0,0.6,0.0,0.0,106.0,653.7533655587342
9.233353888888889,45.472765833333334,1,11,2,0,0,0,0,0,0,0,0,0,1,0.7776599029955085,0,0,0,0,0,32,0,0,0,0,0,0,2,6,19,0.0,0.0,0.10145364277637069,1,0,0,0,0,0,0,0,64,0.13231831775153322,0,1,2.399961482677867,0,0,0,0,136.76692240336698,30.42500051337176,0.0,0.0,91.64596455253067,410.18773698297014,683.8346120168349,0.0,0.0,1.0,86.0,0.6,0.0,0.0,106.0,657.6122245602319
9.234019444444444,45.472765833333334,1,12,2,0,1,0,0,0,0,0,1,0,1,0.8274830428173051,0,0,0,0,0,30,0,0,0,0,0,0,2,6,16,0.0,0.0918332316672712,0.10646393370045484,0,0,0,0,0,0,0,0,52,0.12235212299276914,0,1,1.9994060658413813,0,12,0,0,30.078889082617223,30.0,1.0,91.64596455253067,352.496680073956,410.18773698297014,1171.6673769173926,0.0,82.1758091139077,1.0,86.0,0.6,0.0,0.0,106.0,657.2139065310171
9.234684999999999,45.472765833333334,1,13,2,0,1,0,0,0,0,0,3,0,1,0.824184948847565,0,0,0,0,0,26,0,0,0,1,1,0,2,5,15,0.33647745994643274,0.16830251306081112,0.09756530133547164,0,0,0,0,1,0,0,0,46,0.11653887054370149,0,1,2.3592355018170568,0,28,0,0,15.053875921551711,34.04278060013871,1.6,285.85270306652365,398.01421326146965,130.01971498454176,1715.0074043682362,16.359266053169588,566.2747802967174,1.0,86.0,0.6,0.0,0.0,106.0,661.902241159072
9.235350555555554,45.472765833333334,1,14,2,0,0,0,0,0,0,0,3,0,1,0.7733359970200782,0,0,0,0,0,26,0,1,1,0,0,0,2,3,11,0.022122355539297932,0.1205650228326745,0.09659187614712232,0,0,0,0,0,0,0,0,35,0.10153581793455853,0,1,2.38649350180887,4,24,0,0,19.131036586520285,32.308793910631195,1.799174225365637,194.20673851399292,414.1379243546319,124.97163756246184,930.9120143144434,367.10210092014603,831.7921660164885,1.0,86.0,0.6,0.0,0.0,106.0,662.4744346941511
9.23601611111111,45.472765833333334,1,15,2,0,0,0,0,0,0,0,0,0,1,0.7030436216371413,0,0,1,0,0,23,0,0,1,0,0,0,2,3,10,0.0,0.0,0.09673380235327006,0,0,0,0,0,0,0,0,22,0.08845477332540005,0,1,3.577237304455474,4,8,0,0,29.819382744878613,28.81596899294521,1.7566527091315027,0.0,581.2660791146473,210.14222344698587,501.64984383389714,422.7510212573398,830.8460065210157,1.0,86.0,0.6,0.0,0.0,106.0,663.3975630599164
9.236681666666666,45.472765833333334,1,16,2,0,0,0,0,0,0,0,0,0,1,0.6201670237742085,0,0,1,0,0,19,0,0,1,0,0,0,2,3,10,0.0,0.0,0.09606481731737118,0,0,0,0,0,0,0,0,13,0.07371018315394105,0,1,3.457614719008667,8,12,0,0,29.543174881950552,25.76642187830993,1.4606494831906025,261.3680135798797,430.94341778281756,553.9563624824094,1127.1612058717967,0.0,993.5724166737696,1.0,86.0,0.6,0.0,0.0,106.0,663.5417447799549
9.23734722222222,45.472765833333334,1,17,2,0,0,0,0,0,0,0,0,0,1,0.5253047144820102,0,1,1,0,0,15,0,0,1,0,0,0,1,3,9,0.0,0.0,0.09407068563635261,0,0,0,0,0,0,0,0,11,0.05891925478194574,0,0,4.1642898866059594,0,0,0,0,27.14188539056553,30.42500051337176,0.0,0.0,343.32716601120455,0.0,0.0,0.0,309.50529066317284,1.0,86.0,0.6,0.0,0.0,106.0,665.1875268938063
9.226032777777778,45.47322416666667,1,0,3,0,0,0,0,0,0,0,0,0,1,0.4699629896297831,0,0,1,0,0,41,0,0,1,0,0,0,1,5,16,0.0,0.0,0.03415609384535561,0,0,0,0,0,0,0,0,29,0.05788782311464683,0,0,0.8918945142789436,0,12,0,0,13.667250330317785,34.411469451044866,1.8947074384941829,85.4492591679521,101.00312296363691,209.69999894731973,625.2477580085728,0.0,107.42845086317676,1.0,86.0,0.6,0.0,0.0,106.0,676.5744867980467
9.226698333333333,45.47322416666667,1,1,3,0,0,0,0,0,0,0,1,0,1,0.4989152439622103,0,0,1,0,9,51,0,0,1,0,0,0,1,5,16,0.0,0.0,0.034257331102743094,0,0,1,0,0,0,0,0,36,0.07398535066539975,0,0,0.5166446879411951,4,4,0,0,9.557501961265174,30.42500051337176,0.0,0.0,101.00312296363691,98.82702338225926,611.6801255209712,0.0,107.42845086317676,1.0,86.0,0.6,0.0,0.0,106.0,674.7286623650693
9.227363888888888,45.47322416666667,1,2,3,0,0,0,0,0,0,3,6,0,1,0.5327312217659668,0,0,1,0,0,51,0,0,1,0,0,0,0,5,18,0.0,0.0,0.034257331102743094,0,0,0,0,0,0,0,0,40,0.08804401860991769,0,0,0.9493457053870983,4,8,0,0,18.14724026750822,30.42500051337176,0.0,0.0,71.72487481622761,348.07435343614185,871.0675328403945,0.0,270.67626947180133,1.0,86.0,0.6,0.0,0.0,106.0,670.0881346336494
9.228029444444445,45.47322416666667,1,3,3,0,0,0,0,0,0,2,6,0,1,0.5542817400708492,0,0,0,0,0,52,0,0,1,0,0,0,0,5,18,0.0,0.0,0.034257331102743094,1,0,0,0,0,0,0,0,38,0.09967794038280547,0,0,0.7333536531346644,0,0,0,0,36.63311114356846,30.42500051337176,0.0,0.0,0.0,0.0,293.0648891485477,0.0,207.83656336273017,1.0,86.0,0.6,0.0,0.0,106.0,694.2003378849317
9.228695,45.47322416666667,1,4,3,0,0,0,0,0,0,0,4,0,1,0.5759242654004751,0,0,0,0,0,65,0,0,0,0,0,0,3,5,18,0.0,0.0,0.034078008366480415,0,0,0,0,0,0,0,0,39,0.11288279622931618,0,0,1.0678298262192232,0,4,0,0,27.482067044074245,25.281631388957262,1.7120458895826265,0.0,0.0,0.0,524.1084301820644,25.53291069942053,207.83656336273017,1.0,86.0,0.6,0.0,0.0,106.0,696.7082766491837
9.229360555555555,45.47322416666667,1,5,3,0,0,0,0,1,0,3,4,0,1,0.5951828409940016,0,0,0,0,0,77,0,0,0,0,0,0,3,5,18,0.0,0.13338944612726275,0.02979479369324201,0,0,0,0,0,0,0,0,54,0.12837187565682798,0,0,1.278437371136585,0,4,0,0,20.50428363437812,31.601949811773174,1.382821728793999,0.0,0.0,0.0,548.65619899321,0.0,207.83656336273017,1.0,86.0,0.6,0.0,0.0,106.0,682.4376585077639
9.23002611111111,45.47322416666667,1,6,3,0,0,0,0,1,0,0,7,0,0,0.6124415442406038,0,0,0,0,1,85,0,0,0,0,1,0,3,6,18,0.4827779472716455,0.26185510124376643,0.020783307813810405,0,0,0,0,0,0,0,0,65,0.13960673014463199,0,1,3.262816675063255,0,8,0,0,9.50477265823127,32.559633084902806,1.218707908764412,0.0,0.0,59.120129454304156,385.79449724008447,0.0,0.0,1.0,86.0,0.6,0.0,0.0,106.0,673.3026606259974
9.230691666666667,45.47322416666667,1,7,3,0,0,0,0,0,0,2,6,0,1,0.6314098101273404,0,0,0,0,0,85,0,0,0,0,0,0,3,5,18,0.014759915663693661,0.18482728961257416,0.03456651496465282,1,0,0,0,0,0,0,0,59,0.13884673182782067,0,2,4.0733861216637495,0,8,0,0,17.10709976675722,31.83006231394466,1.3401440047404012,0.0,0.0,0.0,597.4593140973967,0.0,0.0,1.0,86.0,0.6,0.0,0.0,106.0,667.9938565885811
9.231357222222222,45.47322416666667,1,8,3,0,0,0,0,0,0,1,7,0,1,0.6472702495465001,0,0,0,0,0,81,0,0,0,0,0,0,3,5,19,0.0,0.0,0.05760214810126227,1,0,0,0,0,0,0,0,65,0.14365819120585105,0,1,4.541412636485718,0,0,0,0,75.64288743931219,30.42500051337176,0.0,0.0,0.0,0.0,453.85732463587317,0.0,0.0,1.0,86.0,0.6,0.0,0.0,106.0,663.9627722683622
9.232022777777777,45.47322416666667,1,9,3,0,0,0,0,0,0,3,6,0,1,0.6792009230511091,0,0,0,0,0,83,0,0,0,0,0,0,2,7,19,0.0,0.0,0.08412547189724687,0,0,0,0,0,0,0,0,75,0.14386679484998116,0,1,4.247942128128379,0,8,0,0,17.70466767296761,30.42500051337176,0.0,0.0,0.0,0.0,743.5960422646397,0.0,0.0,1.0,86.0,0.6,0.0,0.0,106.0,662.1409653245948
9.232688333333332,45.47322416666667,1,10,3,0,0,0,0,0,0,1,6,0,1,0.7220902619209003,0,0,0,0,0,76,0,0,0,0,0,0,0,7,19,0.0,0.0,0.10246394127494235,0,0,0,0,0,0,0,0,68,0.13736758365592586,0,0,2.960150353631007,0,8,0,0,19.401354609738316,30.42500051337176,0.0,0.0,0.0,0.0,853.6596028284858,0.0,0.0,1.0,86.0,0.6,0.0,0.0,106.0,660.7139547254333
9.233353888888889,45.47322416666667,1,11,3,0,0,0,0,0,0,0,6,0,1,0.7740480258526921,0,0,0,0,0,52,0,0,0,0,0,0,2,7,19,0.0,0.0,0.11215842949238247,0,0,0,0,0,0,0,0,59,0.1300719175898119,0,3,2.642441581695444,0,0,0,0,94.13452860421444,30.42500051337176,0.0,0.0,143.34421102552133,0.0,376.53811441685775,0.0,0.0,1.0,86.0,0.6,0.0,0.0,106.0,659.512748744365
9.234019444444444,45.47322416666667,1,12,3,0,1,1,0,0,0,3,3,0,1,0.8419586411589622,0,0,0,0,0,50,0,1,0,0,0,0,2,7,19,0.0,0.15164934209029032,0.11574105195257492,0,0,0,0,0,0,0,0,46,0.12016504997534402,0,2,2.212074296094782,0,0,0,0,40.08888191103676,30.42500051337176,0.0,0.0,392.4987993038337,0.0,761.6887563096984,0.0,259.13765821010526,1.0,86.0,0.6,0.0,0.0,106.0,660.9485591773675
9.234684999999999,45.47322416666667,1,13,3,0,1,0,0,0,0,2,6,0,1,0.8514111213263663,0,0,0,0,0,51,0,1,0,1,1,0,2,7,16,0.6043129927423433,0.2745817128721016,0.10169978466944507,0,0,0,0,0,1,0,0,38,0.11404904534523222,0,1,3.143145651032609,0,8,0,0,10.181204999318112,13.849121150536526,1.0,0.0,445.1861249645777,58.97651639018473,659.4655587276362,73.58120122326785,926.2780157833349,1.0,86.0,0.6,0.0,0.0,106.0,659.0726325291004
9.235350555555554,45.47322416666667,1,14,3,0,0,0,0,0,0,3,3,0,1,0.8115565581974846,0,0,0,0,0,44,0,1,1,0,0,0,2,4,12,0.031483914795622896,0.2979164728318108,0.09894658464937989,0,0,0,0,0,0,0,0,29,0.10142867525752117,0,1,2.6990279136019066,0,4,0,0,20.40490364027568,27.52638389444187,1.5655222228843606,0.0,488.96096551918066,0.0,381.83630956555544,373.1451251246447,1533.9441612261185,1.0,86.0,0.6,0.0,0.0,106.0,661.0439746338952
9.23601611111111,45.47322416666667,1,15,3,0,0,0,0,0,0,0,1,0,1,0.7462593477995709,0,0,1,0,0,41,0,1,1,0,0,0,2,3,10,0.0,0.11316392876444226,0.09887486223375949,0,0,0,0,0,0,0,0,14,0.08812057861596957,0,1,3.715406566079686,0,4,0,0,21.006989345713276,28.726809969259076,1.7554346701637071,0.0,616.2836073750618,0.0,108.04969193775173,438.1320310507934,1613.8047395285564,1.0,86.0,0.6,0.0,0.0,106.0,661.9299078764969
9.236681666666666,45.47322416666667,1,16,3,0,0,0,0,0,0,0,0,0,1,0.6642441391795264,0,0,1,0,0,35,0,1,1,0,0,0,2,3,10,0.0,0.044445432650266674,0.09887486223375949,0,0,0,0,0,0,0,0,11,0.07184678466376594,0,0,3.2861670764131565,0,0,0,0,83.09176621318586,30.370758534903082,1.0,83.08651244910457,365.3901940694104,332.3723186168247,332.3723186168247,0.0,1264.930288322018,1.0,86.0,0.6,0.0,0.0,106.0,663.7419288018446
9.23734722222222,45.47322416666667,1,17,3,0,0,0,0,0,0,0,0,0,1,0.5688186687982396,0,1,1,0,0,31,0,0,1,0,0,0,1,3,10,0.0,0.0,0.09887486223375949,0,0,0,0,0,0,0,0,9,0.054455266702102524,0,0,3.8478608979453632,0,0,0,0,11.029347427581223,28.07873546832675,1.7465810514997206,0.0,314.44169343600544,0.0,0.0,66.17608456548734,566.8537421901211,1.0,86.0,0.6,0.0,0.0,106.0,665.1008464429759
9.226032777777778,45.4736825,1,0,4,0,0,0,0,0,0,0,0,0,0,0.37638160412741684,0,0,1,0,0,56,0,0,1,0,0,0,1,8,16,0.0,0.0,0.03568708920851519,0,0,0,0,0,0,0,0,15,0.055938020280238254,0,1,1.54809932801578,0,12,0,0,14.829023873311124,26.28392006243857,1.7510454558680968,85.4492591679521,314.8482556720479,139.53198422446155,597.3366792408865,88.32330300333976,107.42845086317676,1.0,86.0,0.6,0.0,0.0,106.0,671.0534460305583
9.226698333333333,45.4736825,1,1,4,0,0,0,0,0,0,0,0,0,0,0.3992545516099155,0,0,1,1,1,61,0,0,1,0,0,0,1,8,17,0.0,0.0,0.03602123335386326,0,0,0,0,0,0,0,0,19,0.07123955143313473,0,1,1.1239745064750701,4,8,0,0,9.432065492490034,20.14689496819263,1.6427338908162055,0.0,480.2264007055268,247.66031736190084,606.8369438577213,62.839706109071145,165.166002898005,1.0,86.0,0.6,0.0,0.0,106.0,665.5350245953684
9.227363888888888,45.4736825,1,2,4,0,0,0,0,0,0,2,6,0,0,0.422423893010934,0,0,1,1,0,67,0,0,1,0,0,0,1,8,18,0.0,0.0,0.03602123335386326,0,0,0,0,0,0,0,0,24,0.08592147750202261,0,1,0.9674068506817344,0,8,0,0,15.697149828936737,30.42500051337176,0.0,0.0,654.8528792414653,277.953068568341,784.8574914468369,0.0,483.54961159686025,1.0,86.0,0.6,0.0,0.0,106.0,673.8810325423636
9.228029444444445,45.4736825,1,3,4,0,0,0,0,0,0,3,6,0,0,0.4436538962636968,0,0,0,0,0,79,0,0,1,0,0,0,0,8,18,0.0,0.0,0.03602123335386326,0,0,1,0,0,0,0,0,24,0.09725461284050523,0,1,0.7578993595263004,0,4,0,0,13.844084447226022,27.616142364633987,1.7412129061416608,0.0,452.9495078902296,19.367468096680277,318.23864563185873,207.83656336273017,376.1211607336835,1.0,86.0,0.6,0.0,0.0,106.0,681.7578246482303
9.228695,45.4736825,1,4,4,0,0,0,0,0,0,0,4,0,0,0.4653385938878114,0,0,0,0,0,98,0,0,0,0,0,0,3,8,18,0.0,0.0,0.03600328770690156,0,0,0,0,0,0,0,0,26,0.11010419606463964,0,0,1.409361460261244,0,8,0,0,18.67846124743959,27.560484626817686,1.7406111313195378,0.0,368.7009470850038,0.0,557.8328340409814,189.3056158566021,244.0673981846628,1.0,86.0,0.6,0.0,0.0,106.0,685.0428591709722
9.229360555555555,45.4736825,1,5,4,0,0,0,0,1,0,5,6,0,0,0.4873130000692038,0,0,0,0,0,114,0,0,0,0,0,0,3,7,18,0.0,0.12515772056574317,0.034741988141458846,0,0,0,0,0,0,0,0,36,0.123118720148294,0,2,1.5569900451719714,0,8,0,0,19.271053505974074,32.57294895723335,1.21856731179463,0.0,325.2197597545953,0.0,563.9313563926205,0.0,227.1420982593856,1.0,86.0,0.6,0.0,0.0,106.0,676.03098035841
9.23002611111111,45.4736825,1,6,4,0,0,0,0,1,0,3,6,0,0,0.5100401332721035,0,0,0,0,1,117,0,0,0,0,1,0,3,7,19,0.44766910394071036,0.24213803581130397,0.02538384112645565,0,0,0,0,0,0,0,0,44,0.13106392185630567,0,2,4.129075754857274,0,8,0,0,11.403643615857888,32.62204896339664,1.2086793706403534,0.0,203.3228020515249,26.718237331922644,646.0549078759275,0.0,0.0,1.0,86.0,0.6,0.0,0.0,106.0,671.3887692947335
9.230691666666667,45.4736825,1,7,4,0,0,0,0,0,0,2,4,0,1,0.5346260588057609,0,0,0,0,0,125,0,0,0,0,0,0,3,8,19,0.003614861955293259,0.16817264749218258,0.04373549375278116,0,0,0,0,0,0,0,0,44,0.1317981405349578,0,2,4.908426653112896,0,8,0,0,13.403116301288598,31.850522018162167,1.3401440047404012,0.0,14.971939163861895,68.30845672663132,457.2113993242112,0.0,0.0,1.0,86.0,0.6,0.0,0.0,106.0,668.7334302824463
9.231357222222222,45.4736825,1,8,4,0,0,0,0,0,0,3,6,0,1,0.5595687341546514,0,0,0,0,0,118,0,0,0,0,0,0,3,6,19,0.0,0.0,0.06763709392008116,0,0,0,0,0,0,0,0,49,0.1386131048723253,0,2,4.455883946480181,0,0,0,0,59.560309560715005,30.42500051337176,0.0,0.0,0.0,155.01946143584328,714.72371472858,0.0,10.330262533146506,1.0,86.0,0.6,0.0,0.0,106.0,666.1118405348645
9.232022777777777,45.4736825,1,9,4,0,0,0,0,0,0,3,7,0,1,0.6034153730539645,0,0,0,0,0,118,0,0,0,0,0,0,2,7,19,0.0,0.0,0.09500061107603348,0,0,0,0,0,0,0,0,57,0.1386487830616709,0,5,4.893247367763097,0,8,0,0,18.780656908101555,30.42500051337176,0.0,0.0,0.0,155.01946143584328,920.2521884969763,0.0,130.2898643406869,1.0,86.0,0.6,0.0,0.0,106.0,663.5359918036905
9.232688333333332,45.4736825,1,10,4,0,0,0,0,0,1,3,6,0,1,0.6577947398503478,0,0,0,0,0,102,0,0,0,0,0,0,0,7,19,0.0,0.0,0.11260774779903628,0,0,0,0,0,0,0,0,53,0.13216366804065505,0,4,3.7090796022438424,0,8,0,0,19.4593512165348,30.42500051337176,0.0,0.0,0.0,35.794829476251685,1167.561072992088,0.0,244.0651989763827,1.0,86.0,0.6,0.0,0.0,106.0,662.2990090859118
9.233353888888889,45.4736825,1,11,4,0,0,0,0,0,0,0,6,0,1,0.7257430715556259,0,0,0,0,0,94,0,1,0,0,0,0,2,7,19,0.0,0.0,0.11587931325702487,0,0,0,0,0,0,0,0,43,0.1255389149833483,0,3,2.033421579210689,0,0,0,0,102.95727389651961,30.42500051337176,0.0,0.0,51.69824647299066,241.2055289622599,617.7436433791177,0.0,362.57072140386913,1.0,86.0,0.6,0.0,0.0,106.0,659.8795041622941
9.234019444444444,45.4736825,1,12,4,0,1,1,0,0,0,3,6,0,1,0.8035203876462171,0,0,0,0,0,72,0,1,0,0,0,0,2,7,19,0.0,0.13463332812868406,0.11587931325702487,0,0,0,0,0,0,0,0,34,0.11939504627367364,0,4,1.8094245184544526,0,8,0,0,20.55722475230335,30.02840970379091,1.0,10.010848995491655,106.64609623731008,241.2055289622599,853.3925906012489,0.0,596.4224622979457,1.0,86.0,0.6,0.0,0.0,106.0,659.752372811128
9.234684999999999,45.4736825,1,13,4,0,1,1,0,0,0,0,9,0,1,0.825975294256757,0,0,0,0,0,54,0,1,0,0,0,1,2,8,19,0.5425397134558275,0.4451219935825575,0.10140018688455127,0,0,0,1,0,0,0,0,25,0.11506001278586042,0,4,3.3355662237954506,0,16,0,0,12.724636406745548,27.109837252838563,1.4135598237831615,86.71577473340508,159.33342189805407,93.63182498756974,1139.8141640783383,198.629338743758,1134.4698642796916,1.0,86.0,0.6,0.0,0.0,106.0,660.1282496541888
9.235350555555554,45.4736825,1,14,4,0,0,0,0,0,0,0,3,0,1,0.7980561666252315,0,0,0,0,0,50,0,1,1,0,0,1,2,4,15,0.5901258358377817,0.6042170563056363,0.09943929346053523,0,0,0,1,0,0,0,0,16,0.10174128163562228,0,1,2.299002452805526,4,16,0,0,14.356400371099028,28.592846780044077,1.6298368461609363,84.34880065975032,208.87575760208512,153.8593274852945,479.35744170905866,599.1621876902124,1503.1217286012147,1.0,86.0,0.6,0.0,0.0,106.0,662.4254607553999
9.23601611111111,45.4736825,1,15,4,0,0,0,0,0,0,0,0,0,1,0.7445347859297848,0,0,0,0,0,48,0,1,1,0,0,1,2,4,11,0.5980503387232285,0.46828040979056906,0.09943929346053523,0,0,0,0,0,0,0,0,9,0.0855204236437986,0,0,3.149081000081307,4,16,0,0,18.15516296529595,28.6630998591135,1.655360100286288,73.14000497785705,264.4454135933385,131.9948607998938,410.7822609463445,550.9220230976676,1666.6875228763986,1.0,86.0,0.6,0.0,0.0,106.0,663.5757573464616
9.236681666666666,45.4736825,1,16,4,0,0,0,0,0,0,0,0,0,1,0.6718931007742616,0,0,1,0,0,42,0,1,1,0,0,1,2,3,10,0.20261922447254122,0.22747451198033264,0.09887486223375949,0,0,0,0,0,0,0,0,6,0.06565953176978649,0,0,3.7861993889299073,8,16,0,0,18.5894364773447,28.084004476822887,1.4899125899248709,132.11331527655375,217.3733078630936,333.89130373717217,954.217085317878,326.46677168376516,1489.2001125949323,1.0,86.0,0.6,0.0,0.0,106.0,662.8643647896859
9.23734722222222,45.4736825,1,17,4,0,0,0,0,0,0,0,0,0,1,0.5822974847461201,0,0,1,0,0,35,0,1,1,0,0,0,1,3,10,0.0,0.015945234643396883,0.09887486223375949,0,0,0,0,0,0,0,0,5,0.04905074247799111,0,0,4.223930448972682,0,4,0,0,21.30166450457762,27.308932701988542,1.7374456997034256,0.0,150.01625049373757,0.0,80.75636390113131,132.2602811446449,682.2742822003536,1.0,86.0,0.6,0.0,0.0,106.0,664.88698288248
9.226032777777778,45.47414083333333,1,0,5,0,0,0,0,0,0,0,0,0,0,0.28374375448048805,0,0,0,0,0,72,0,0,1,0,0,0,1,9,17,0.14495996159954005,0.1605432197515799,0.04009484881284664,0,0,0,0,0,0,0,0,8,0.05233972789701061,0,1,2.000789971820025,4,4,0,0,26.675416574368114,25.25459584580296,1.7335343536553944,97.53641455741689,358.3294430024565,237.01820578464924,467.9193159200983,74.7542673073195,107.42845086317676,1.0,86.0,0.6,0.0,0.0,106.0,668.4718590422895
9.226698333333333,45.47414083333333,1,1,5,0,0,0,0,0,0,0,0,0,0,0.30292229400076487,0,0,0,1,0,79,0,0,1,0,0,0,1,10,19,0.01532537958814774,0.08184405304171598,0.043532752438778154,0,0,0,0,0,0,0,0,9,0.06516022167046205,0,1,1.1598431037405892,8,20,0,0,23.928181491634437,31.523017446228977,1.846885953206945,229.39899650409583,480.2264007055268,306.28237607295125,1717.7285426841263,62.839706109071145,337.63019678106014,1.0,86.0,0.6,0.0,0.0,106.0,668.0161196179258
9.227363888888888,45.47414083333333,1,2,5,0,0,0,0,0,0,0,1,0,0,0.3121206569477515,0,0,0,1,0,94,0,0,1,0,0,0,1,10,19,0.0,0.0,0.04174532078830808,0,0,0,0,0,0,0,0,11,0.08015161615619348,0,1,2.278342980860987,4,8,0,0,35.94070528607158,32.68770973087693,1.8557200820686492,264.59864500256657,583.1280044252377,547.0325744281498,1079.3513091193972,57.737552034828234,778.1345641288136,1.0,86.0,0.6,0.0,0.0,106.0,671.4640535748191
9.228029444444445,45.47414083333333,1,3,5,0,0,0,0,0,0,0,1,0,0,0.33152159011896837,0,0,0,0,0,113,0,0,1,0,0,0,1,10,19,0.0,0.0,0.03841746236783421,0,0,0,0,0,0,0,0,12,0.09396528474171045,0,1,2.2819820557452246,0,4,0,0,56.856490016403725,32.42323576182581,1.8450266574412975,353.7290079211419,469.13800409187604,153.48902752110726,652.1331755060095,131.26761690092295,782.6794883450891,1.0,86.0,0.6,0.0,0.0,106.0,674.6781032853638
9.228695,45.47414083333333,1,4,5,0,0,0,0,0,0,0,0,0,0,0.35316284614283167,0,0,0,0,0,128,0,0,1,0,0,0,2,10,19,0.0,0.0,0.036215431006399776,0,0,0,0,0,0,0,0,14,0.10541153903347313,0,2,1.836740323230924,0,4,0,0,67.2952070670243,32.33919031687825,1.8407940021829816,310.2478205907334,368.7009470850038,188.37569148090998,652.1331755060095,114.34231697564573,628.4411054726747,1.0,86.0,0.6,0.0,0.0,106.0,676.1447965703953
9.229360555555555,45.47414083333333,1,5,5,0,0,0,0,0,0,0,3,0,0,0.37512403896481705,0,0,0,0,0,125,0,0,1,0,0,0,3,9,20,0.0,0.12393407231925022,0.03602123335386326,0,0,0,1,0,0,0,0,25,0.11467509761424494,0,2,1.545925404038655,0,4,0,0,37.06401089396765,38.01628213681152,1.6666666666666667,203.3228020515249,325.2197597545953,188.37569148090998,669.3938807945575,0.0,347.4204929419072,1.0,86.0,0.6,0.0,0.0,106.0,675.9963260058473
9.23002611111111,45.47414083333333,1,6,5,0,0,0,0,0,0,0,3,0,0,0.39884150792521983,0,0,0,0,0,130,0,0,1,1,1,0,3,8,20,0.5447593818178755,0.17473966274723074,0.03215281915565011,0,0,0,0,0,0,0,0,25,0.11929723048978723,0,2,3.1728350940132954,0,4,0,0,15.16555402233748,35.8236566099126,1.3157894736842106,203.3228020515249,203.3228020515249,0.0,721.9930760491553,0.0,0.0,1.0,86.0,0.6,0.0,0.0,106.0,672.6926104619084
9.230691666666667,45.47414083333333,1,7,5,0,0,0,0,0,0,0,1,0,1,0.42240990856944927,0,0,0,0,1,138,0,0,0,0,0,0,3,9,19,0.03474973886893827,0.15005377161006037,0.049507314822077014,0,0,0,0,0,0,0,0,28,0.12034363046446517,0,2,3.1122944634923155,0,4,0,0,29.923517162187082,33.86284747507181,1.0,0.0,203.3228020515249,261.66924283877427,1040.5572719187983,0.0,0.0,1.0,86.0,0.6,0.0,0.0,106.0,669.4703939710942
9.231357222222222,45.47414083333333,1,8,5,0,0,0,0,0,0,0,2,0,1,0.4556563674274436,0,0,0,0,0,142,0,0,0,0,0,0,3,8,19,0.0,0.0,0.073623170003443,0,0,0,0,0,0,0,0,35,0.1251365956807197,0,2,3.650760165062752,0,0,0,0,130.2957358935343,30.42500051337176,0.0,0.0,0.0,261.66924283877427,651.4786794676716,0.0,130.2898643406869,1.0,86.0,0.6,0.0,0.0,106.0,666.6456770227637
9.232022777777777,45.47414083333333,1,9,5,0,0,0,0,0,0,0,0,0,1,0.5102926943859086,0,0,0,0,0,149,0,0,0,0,0,0,1,7,19,0.0,0.0,0.10475881071596603,0,0,0,0,0,0,0,0,37,0.12722730395179296,0,6,3.3040461826796235,0,12,0,0,25.26546491541118,36.02609401374678,1.0,0.0,0.0,261.66924283877427,1090.5529230629857,21.127533215106318,452.1045085246517,1.0,86.0,0.6,0.0,0.0,106.0,662.7607556536101
9.232688333333332,45.47414083333333,1,10,5,0,0,0,0,0,0,0,2,0,1,0.5761568968324229,0,0,0,0,0,141,0,0,1,0,0,0,0,8,19,0.0,0.0,0.11692615079534266,0,0,0,0,0,0,0,0,38,0.12552732552211282,0,6,2.043472441738003,0,8,0,0,20.504660831139983,36.02614202603291,1.0,0.0,0.0,281.58533303093094,983.5991257649551,21.12925496090398,816.8369327833182,1.0,86.0,0.6,0.0,0.0,106.0,661.2947081200944
9.233353888888889,45.47414083333333,1,11,5,0,0,0,0,0,0,0,0,0,1,0.661264123513443,0,0,0,0,0,114,0,1,1,0,0,0,2,8,19,0.0,0.0,0.11821336096422544,0,0,0,0,0,0,0,1,34,0.12217539234418921,0,4,2.2214705515617004,0,0,0,0,27.789810935678616,26.171569750767013,1.723066245118499,0.0,12.463108010945072,281.58533303093094,633.3471042460139,116.97779101730875,843.339573188528,1.0,86.0,0.6,0.0,0.0,106.0,659.8070777927322
9.234019444444444,45.47414083333333,1,12,5,0,1,0,0,0,0,3,3,0,1,0.7421378690613696,0,0,0,0,0,94,0,1,1,0,0,0,2,8,19,0.0,0.15557966069476822,0.11681228947095386,0,0,0,0,0,0,0,1,23,0.11622952086062137,0,5,1.7569933237378421,0,4,0,0,24.553750532358567,27.432021298918926,1.7390137639218852,0.0,86.71577473340508,281.58533303093094,1047.703909486771,155.4298665987986,969.6154181410818,1.0,86.0,0.6,0.0,0.0,106.0,659.4673267214629
9.234684999999999,45.47414083333333,1,13,5,0,1,0,0,0,0,3,3,0,1,0.7769508118561865,0,0,0,0,0,71,1,1,0,0,0,1,2,7,19,0.7088602121079656,0.5698558815226594,0.10347346183191844,0,0,0,1,0,0,0,1,15,0.1106792400688336,0,5,1.394169703435905,0,0,0,0,27.446105302173677,27.899340857283946,1.7441302661744806,0.0,145.4773637095468,0.0,991.6498059022236,188.53272209124424,1202.1688408824266,1.0,86.0,0.6,0.0,0.0,106.0,661.3757296190781
9.235350555555554,45.47414083333333,1,14,5,0,0,0,0,0,0,0,0,0,1,0.7605750099645755,0,0,0,0,1,52,1,1,0,0,0,1,3,5,18,1.0,0.9314080940432472,0.10204158135177324,0,0,0,1,0,0,0,0,9,0.09527838546441948,0,1,1.2908374165282246,0,0,0,0,9.152442848968525,27.94184497543711,1.744710932831224,0.0,193.86828975324678,0.0,0.0,256.2683997711187,1334.7206227602612,1.0,86.0,0.6,0.0,0.0,106.0,662.8094917927822
9.23601611111111,45.47414083333333,1,15,5,0,0,0,0,0,0,0,0,0,1,0.7182350917099728,0,0,0,0,0,51,0,1,1,0,0,1,3,5,13,1.0,0.8066300789178525,0.10166015435425851,0,0,0,0,0,0,0,0,6,0.07774426415179155,0,0,1.5751073159112057,0,0,0,0,16.168643207393057,29.05312296934726,1.7598925694696137,0.0,234.3650511534879,43.73794719240212,241.71243165405028,146.33500532338306,1446.9624103846277,1.0,86.0,0.6,0.0,0.0,106.0,662.644623678634
9.236681666666666,45.47414083333333,1,16,5,0,0,0,0,0,0,0,0,0,1,0.656600347977878,0,0,0,0,0,48,0,1,1,0,0,1,2,5,10,0.31994347400910217,0.39256979420970534,0.1003114230213529,0,0,0,0,0,0,0,0,5,0.06253448321429886,0,0,2.4007373070320233,0,0,0,0,34.74183740850796,30.10751474419689,1.7742970595144048,0.0,174.76532942789464,273.6999334021924,392.2775190803652,233.07555427277816,1227.9721727081496,1.0,86.0,0.6,0.0,0.0,106.0,664.616440743569
9.23734722222222,45.47414083333333,1,17,5,0,0,0,0,0,0,0,0,0,1,0.5778353229127473,0,0,1,0,0,40,0,1,1,0,0,0,1,3,10,0.0,0.02305417106014583,0.09887486223375949,0,0,0,0,0,0,0,0,4,0.045121482847407926,0,0,5.5,0,0,0,0,27.14188539056553,30.42500051337176,0.0,0.0,132.11331527655375,0.0,0.0,0.0,571.0365083299566,1.0,86.0,0.6,0.0,0.0,106.0,664.8782071781437
9.226032777777778,45.474599166666664,1,0,6,0,0,0,0,0,0,0,0,0,0,0.19411521939614015,0,0,0,0,0,96,0,0,1,0,0,1,1,11,17,0.6146629746233999,0.2561792063314391,0.05063345839735846,0,0,0,0,0,0,0,0,2,0.04583355987298565,0,1,2.6003686535160115,0,0,0,0,27.14188539056553,30.42500051337176,0.0,0.0,229.39899650409583,0.0,0.0,0.0,177.43722234645776,1.0,86.0,0.6,0.0,0.0,106.0,668.4042449323196
9.226698333333333,45.474599166666664,1,1,6,0,0,0,0,0,0,0,0,0,0,0.20729609017605963,0,0,0,0,0,106,0,0,1,0,0,1,2,11,19,0.10068416248044286,0.10921733572485919,0.057468755483124995,0,0,0,0,0,0,0,0,2,0.056867054660847606,0,1,1.373857235667484,0,4,0,0,28.062660697530244,30.42500051337176,0.0,0.0,394.77714153757466,385.03869541068775,1290.8823920863913,0.0,804.3082232247577,1.0,86.0,0.6,0.0,0.0,106.0,662.7085090153577
9.227363888888888,45.474599166666664,1,2,6,0,0,0,0,0,0,0,0,0,0,0.2104984966337365,0,0,0,0,0,142,0,0,1,0,0,0,2,11,20,0.0,0.000446061143237739,0.056280488363217626,0,0,0,0,0,0,0,0,1,0.07051975759149204,0,1,1.545503034148847,0,0,0,0,11.089053292205483,25.856774067607056,1.718865232793222,0.0,583.1280044252377,0.0,308.1633574068268,246.28930720344738,1259.641676091878,1.0,86.0,0.6,0.0,0.0,106.0,668.7243431289571
9.228029444444445,45.474599166666664,1,3,6,0,0,0,0,0,0,0,0,0,0,0.22352551168925716,0,0,0,0,0,167,0,0,1,0,0,0,2,11,20,0.0,0.0,0.052199829582753925,0,0,0,0,0,0,0,0,0,0.08414847959706953,0,1,0.9747808942133471,0,0,0,0,9.796388255736085,25.211313811966107,1.7105747334632453,0.0,452.9495078902296,20.000970618664372,330.26942712265657,277.1066447329808,1250.72299666216,1.0,86.0,0.6,0.0,0.0,106.0,672.2200537619694
9.228695,45.474599166666664,1,4,6,0,0,0,0,0,0,0,0,0,0,0.2435931121821769,0,0,1,0,0,174,0,0,1,0,0,0,1,11,21,0.0,0.0,0.045797539631495375,0,0,0,0,0,0,0,0,0,0.09527116002041268,0,2,0.776336280843064,0,0,0,2,12.954272760469223,25.200977113051696,1.710358473197848,0.0,368.7009470850038,0.0,320.166879173432,120.27839468252164,1006.5653010791692,1.0,86.0,0.6,0.0,0.0,106.0,672.4019669304317
9.229360555555555,45.474599166666664,1,5,6,0,0,0,0,0,0,0,0,0,0,0.26549746039781735,0,0,1,0,0,180,0,0,1,0,0,0,2,12,21,0.0,0.03571389042355366,0.03917979728960746,0,0,0,0,0,0,0,0,7,0.1019318020641173,0,2,1.1801751662120594,0,0,0,3,63.63860214038658,30.42500051337176,0.0,0.0,325.2197597545953,0.0,381.8316128423195,0.0,292.72331490166573,1.0,86.0,0.6,0.0,0.0,106.0,672.3090820446926
9.23002611111111,45.474599166666664,1,6,6,0,0,0,0,0,0,0,0,0,0,0.29044045648704075,0,0,0,0,1,192,0,0,1,0,0,0,2,10,21,0.06189325989090819,0.10016108670050573,0.034723357097284975,0,0,0,0,0,0,0,0,12,0.1059773790405397,0,2,1.4795467698932177,4,4,0,4,25.999803460317697,36.225353280260315,1.1481481481481481,0.0,203.3228020515249,608.3602066330036,1113.295136532499,0.0,57.873954464552895,1.0,86.0,0.6,0.0,0.0,106.0,671.1168897125278
9.230691666666667,45.474599166666664,1,7,6,0,0,0,0,0,0,0,0,0,0,0.31260342444637396,0,0,0,0,2,172,0,0,1,0,0,0,2,11,21,0.0,0.052366874465000976,0.04851518880486891,0,0,0,0,0,0,0,0,17,0.1062779359922389,0,2,2.2424232941361635,0,0,0,3,33.99792474216755,30.42500051337176,0.0,0.0,203.3228020515249,0.0,339.9792474216755,0.0,0.0,1.0,86.0,0.6,0.0,0.0,106.0,668.730190575078
9.231357222222222,45.474599166666664,1,8,6,0,0,0,0,0,0,0,0,0,0,0.35536567331964947,0,0,0,0,0,170,0,0,1,0,0,0,1,10,22,0.0,0.0,0.07719064907754193,0,0,0,0,0,0,0,0,21,0.1069495340601358,0,4,3.353560251757226,0,0,0,2,129.93647887629913,30.42500051337176,0.0,0.0,0.0,0.0,389.8094366288974,0.0,301.9414093837705,1.0,86.0,0.6,0.0,0.0,106.0,666.1165841669922
9.232022777777777,45.474599166666664,1,9,6,0,0,0,0,0,0,0,0,0,0,0.42154416568326425,0,0,0,0,0,172,0,0,1,0,0,0,1,8,22,0.0,0.0,0.11274203294461764,0,0,0,0,0,0,0,0,22,0.10751409207238137,0,7,3.54851820962647,0,4,0,0,23.91844986588943,34.54798119876568,1.1934326352278029,0.0,0.0,0.0,573.6873863103322,119.94765980046135,584.9685602058523,1.0,86.0,0.6,0.0,0.0,106.0,663.5493799493937
9.232688333333332,45.474599166666664,1,10,6,0,0,0,0,0,0,0,0,0,0,0.5051184180688196,0,0,0,0,3,166,0,0,1,0,0,0,0,8,22,0.0,0.0,0.11848160114826287,0,0,1,0,0,0,0,0,17,0.106187319979148,0,7,1.0243471958312138,0,0,0,0,12.481175014586844,32.102992355349755,1.4349699980610027,0.0,0.0,60.48636389023437,637.167889125382,248.99553691028405,1137.3366171922692,1.0,86.0,0.6,0.0,0.0,106.0,661.8740939775687
9.233353888888889,45.474599166666664,1,11,6,0,0,0,0,0,0,0,0,0,0,0.599213235624245,0,0,1,0,3,143,0,1,1,0,0,0,1,8,22,0.0,0.0,0.11843515495854454,0,0,0,1,0,0,0,1,13,0.10400278316004515,0,8,0.5143555959612975,0,0,0,0,13.32787885255773,27.66708144118613,1.741625637644076,0.0,0.0,0.0,500.1233279065228,472.8118283301915,1328.1664169469757,1.0,86.0,0.6,0.0,0.0,106.0,660.0350667828628
9.234019444444444,45.474599166666664,1,12,6,0,1,0,0,0,0,0,3,0,0,0.6801436745271787,0,0,0,0,0,127,0,1,1,0,0,0,3,8,20,0.0,0.15844942804847048,0.11273774458084565,0,0,0,0,0,0,1,1,9,0.09950392468620031,0,8,0.46924295003687994,0,0,0,0,22.396490524717912,28.11018741771034,1.7477150337272094,0.0,6.088803264227316,161.34192951666617,958.8985962492322,340.09785418440686,1204.7786942841997,1.0,86.0,0.6,0.0,0.0,106.0,657.1524449758315
9.234684999999999,45.474599166666664,1,13,6,0,1,0,0,0,0,0,3,0,1,0.7273503254027862,0,0,0,0,0,93,1,1,1,0,0,1,3,6,20,0.7153004069220735,0.6093215933723656,0.10260221422746622,0,0,0,0,0,0,0,1,5,0.09282562258759086,0,5,0.7092461133451922,0,0,0,0,28.59933384766939,30.42500051337176,0.0,0.0,6.088803264227316,0.0,1086.7746862114368,0.0,1010.2995282896542,1.0,86.0,0.6,0.0,0.0,106.0,659.455306899044
9.235350555555554,45.474599166666664,1,14,6,0,1,0,0,0,0,0,0,0,1,0.7224787792539363,0,0,0,0,1,56,1,1,0,0,0,1,3,5,20,1.0,0.9850700232145813,0.10204158135177324,0,0,0,0,0,0,0,0,3,0.08089458618186193,0,3,0.0059769859495947646,0,0,0,0,17.762991390105032,30.42500051337176,0.0,0.0,0.0,123.1276640476344,177.62991390105032,0.0,724.9276093227303,1.0,86.0,0.6,0.0,0.0,106.0,663.1836350740825
9.23601611111111,45.474599166666664,1,15,6,0,1,0,0,0,0,0,0,0,1,0.6913042758794603,0,0,0,0,5,51,0,1,0,0,0,1,2,5,16,1.0,0.851003332432926,0.10204158135177324,0,0,0,0,0,0,0,0,4,0.06740249635661659,0,1,0.29083741652822415,0,0,0,0,12.580060869343422,30.42500051337176,0.0,0.0,0.0,69.3999070459114,528.3625565124237,0.0,646.4841797092578,1.0,86.0,0.6,0.0,0.0,106.0,663.6331375802264
9.236681666666666,45.474599166666664,1,16,6,0,0,0,0,0,0,0,0,0,1,0.6406479931136774,0,0,0,0,0,50,1,1,1,0,0,1,2,5,11,0.30666472989717486,0.40214667909536245,0.10204158135177324,0,0,0,0,0,0,0,0,4,0.05217195069220813,0,0,0.667895511720039,0,0,0,0,12.268163770517903,30.42500051337176,0.0,0.0,0.0,273.6999334021924,588.8718609848594,0.0,379.1285411128418,1.0,86.0,0.6,0.0,0.0,106.0,666.4839447263737
9.23734722222222,45.474599166666664,1,17,6,0,0,0,0,0,0,0,0,0,1,0.572442433531168,0,0,0,0,0,42,1,1,1,0,0,0,2,5,10,0.0,0.01988552753832439,0.10119892982251825,0,0,0,0,0,0,0,0,3,0.03784455186614073,0,0,2.0,0,0,0,0,27.14188539056553,30.42500051337176,0.0,0.0,0.0,0.0,0.0,0.0,233.07555427277816,1.0,86.0,0.6,0.0,0.0,106.0,666.3437294651806
9.226032777777778,45.4750575,1,0,7,0,0,0,0,0,0,0,0,0,0,0.10997752670893414,0,0,0,0,0,121,0,0,0,0,0,1,2,10,20,0.5064469506442478,0.33910390843035904,0.07517929328259682,0,0,0,0,0,0,0,0,2,0.03438874826540411,0,1,1.1263067181835034,0,0,0,0,27.14188539056553,30.42500051337176,0.0,0.0,130.17849653500812,0.0,0.0,0.0,324.4735578689478,1.0,86.0,0.6,0.0,0.0,106.0,668.8893172619144
9.226698333333333,45.4750575,1,1,7,0,0,0,0,0,0,0,0,0,0,0.11356738762953714,0,0,0,0,0,163,0,0,0,0,0,0,2,12,21,0.04463953996602301,0.12289525082625244,0.07563721069766206,0,0,0,0,0,0,0,0,2,0.042556746138228047,0,1,0.9377838847293715,0,0,0,0,57.60625120799788,27.912573104614502,1.7443110374774153,0.0,272.88018383450435,385.03869541068775,1658.1787647566555,70.00877148328098,1195.5658062849946,1.0,86.0,0.6,0.0,0.0,106.0,666.9858480365267
9.227363888888888,45.4750575,1,2,7,0,0,0,0,0,0,0,0,0,0,0.11742367095095572,0,0,0,0,0,219,0,0,1,0,0,0,2,12,21,0.0,0.0,0.07412874526381233,0,0,0,0,0,0,0,0,0,0.05364394605641305,0,1,1.1619880719152573,0,0,0,0,10.82928181076292,28.11929579335392,1.7473958219276802,0.0,280.78714120421307,0.0,210.92705133124164,373.8541664499562,1638.1752676347191,1.0,86.0,0.6,0.0,0.0,106.0,667.3046877350619
9.228029444444445,45.4750575,1,3,7,0,0,0,0,0,0,0,0,0,0,0.12957210595987384,0,0,1,0,4,242,0,0,1,0,0,0,2,12,21,0.0,0.0,0.06855734847178126,0,0,0,0,0,0,0,0,0,0.06384593853329709,0,1,0.7502568265287421,0,0,0,4,17.691875894459574,29.42201075670458,1.764932100872817,0.0,452.9495078902296,0.0,35.857444949448954,353.3638247286616,1639.818358358044,1.0,86.0,0.6,0.0,0.0,106.0,667.917354040795
9.228695,45.4750575,1,4,7,0,0,0,0,0,0,0,0,0,0,0.14592334291952205,0,0,1,0,9,266,0,0,1,0,0,0,2,12,22,0.0,0.0,0.06172573559535994,0,0,0,0,0,0,0,0,0,0.07285026733631993,0,2,0.2567811991622523,0,0,0,4,3.453745994317386,25.195860602764167,1.710251427623449,0.0,310.2478205907334,0.0,0.0,41.44495193180863,1208.3654522585362,1.0,86.0,0.6,0.0,0.0,106.0,669.1359942323045
9.229360555555555,45.4750575,1,5,7,0,0,0,0,0,0,0,0,0,0,0.167351463372188,0,0,1,0,8,283,0,0,1,0,0,0,1,14,22,0.0,0.0,0.05218101823290641,0,0,0,0,0,0,0,0,1,0.07557713455931553,0,2,0.604226722340174,0,0,0,4,27.14188539056553,30.42500051337176,0.0,0.0,203.3228020515249,0.0,0.0,0.0,367.72612013307975,1.0,86.0,0.6,0.0,0.0,106.0,669.640624899929
9.23002611111111,45.4750575,1,6,7,0,0,0,0,0,0,0,0,0,0,0.18889407015977613,0,0,1,0,0,246,0,0,1,0,0,0,1,14,22,0.0,0.0,0.04237194334986578,0,0,0,0,0,0,0,0,6,0.07731334432465763,0,2,0.28106289706118903,0,0,0,4,196.28723741973474,50.0,2.0,0.0,203.3228020515249,503.9806382457051,840.6712026581038,0.0,177.73900492425332,1.0,86.0,0.6,0.0,0.0,106.0,669.5127296479227
9.230691666666667,45.4750575,1,7,7,0,0,0,0,0,0,0,0,0,0,0.21166873908839992,0,0,0,0,0,221,0,0,1,0,0,0,1,14,23,0.0,0.0,0.047036558544432776,0,0,0,0,0,0,0,0,11,0.08505864343340573,0,2,0.34399687024776127,0,0,0,4,27.14188539056553,30.42500051337176,0.0,0.0,0.0,0.0,0.0,0.0,334.22387089278624,1.0,86.0,0.6,0.0,0.0,106.0,668.4684470391018
9.231357222222222,45.4750575,1,8,7,0,0,0,0,0,0,0,0,0,0,0.265866524365596,0,0,0,0,0,211,0,0,1,0,0,0,1,13,23,0.0,0.0,0.08143210161464319,0,0,0,0,0,0,0,0,13,0.08699374284451665,0,4,0.9462888766855403,0,0,0,4,27.14188539056553,30.42500051337176,0.0,0.0,0.0,0.0,0.0,0.0,813.3957379619069,1.0,86.0,0.6,0.0,0.0,106.0,665.8405943978888
9.232022777777777,45.4750575,1,9,7,0,0,0,0,0,0,0,0,0,0,0.34790097680554755,0,0,0,0,0,196,0,0,1,0,0,0,0,10,23,0.0,0.0,0.11525115982202745,0,0,0,0,0,0,0,0,12,0.08540740053069723,0,9,1.329873712928771,0,0,0,4,37.33936226547675,33.53395126041761,1.821107051648541,0.0,0.0,0.0,127.06335308073032,171.65154504308367,945.6373838304147,1.0,86.0,0.6,0.0,0.0,106.0,662.9354537012825
9.232688333333332,45.4750575,1,10,7,0,0,0,1,0,0,0,0,0,0,0.4432988781225587,0,0,1,0,1,183,0,0,1,0,0,0,1,9,23,0.0,0.0,0.12117660371410954,0,0,0,0,0,0,0,0,9,0.08162331062218221,0,8,0.9094770463893123,0,0,0,0,28.84671321713403,30.018095442004523,1.7730754647723306,0.0,0.0,0.0,178.13459528189063,225.7193897579859,1360.3768137156237,1.0,86.0,0.6,0.0,0.0,106.0,660.9116322307116
9.233353888888889,45.4750575,1,11,7,0,0,0,1,0,0,0,0,0,0,0.5382014650515002,0,0,1,0,1,155,0,1,1,0,0,0,2,9,22,0.0,0.0,0.11519005829634141,0,0,1,0,0,0,0,0,6,0.08023000588899246,0,8,0.757391834246813,0,0,0,0,8.325148031133379,27.707032701665206,1.741503063478844,0.0,0.0,83.29894360704279,238.2693987731429,177.988002783526,1573.9845392986074,1.0,86.0,0.6,0.0,0.0,106.0,659.6485576135931
9.234019444444444,45.4750575,1,12,7,0,1,0,1,0,0,0,0,0,0,0.6202577249049155,0,0,1,0,0,138,0,1,1,0,0,0,3,7,22,0.0,0.1412995850149251,0.10926016087597627,0,0,0,0,0,0,0,1,3,0.07900482789417702,0,8,0.8905450750888694,0,4,0,0,22.895709403927803,28.61497047057451,1.7539067836761195,0.0,0.0,68.07371777943607,1061.57978566767,220.57994095228713,1447.8907786896482,1.0,86.0,0.6,0.0,0.0,106.0,657.3811397065867
9.234684999999999,45.4750575,1,13,7,1,1,0,0,0,0,0,0,0,1,0.6792021461918166,0,0,0,0,1,128,1,1,1,0,0,1,2,5,22,0.7188357209078627,0.48923345461578444,0.10204158135177324,0,0,0,0,0,0,0,1,1,0.07211363150648756,0,7,0.7675831263520501,0,0,0,0,22.97248989071824,30.42500051337176,0.0,0.0,0.0,42.92001043030188,1148.624494535912,0.0,958.2832264420972,1.0,86.0,0.6,0.0,0.0,106.0,659.8686627660259
9.235350555555554,45.4750575,1,14,7,0,1,0,0,0,0,0,0,0,1,0.6860857571725502,0,0,0,0,5,78,1,1,1,0,0,1,2,5,21,0.9997509081256258,0.863360218043105,0.10204158135177324,0,0,0,0,0,0,0,0,0,0.06093193629603664,0,3,0.4079219484810902,0,0,0,0,6.940065640245405,30.42500051337176,0.0,0.0,0.0,97.80181168864436,249.84236304883459,0.0,289.96636090657523,1.0,86.0,0.6,0.0,0.0,106.0,664.2094904568227
9.23601611111111,45.4750575,1,15,7,0,1,0,0,0,0,0,0,0,1,0.6658264908391556,0,0,0,0,7,51,1,1,0,0,0,1,2,5,18,1.0000000000000195,0.8348797205031426,0.10204158135177324,0,0,0,0,0,0,0,0,0,0.04848201698521471,0,2,0.673407136212754,0,0,0,0,6.694592106306281,30.42500051337176,0.0,0.0,0.0,63.96937397154427,321.3404211027015,0.0,383.1535433978486,1.0,86.0,0.6,0.0,0.0,106.0,664.4098779553832
9.236681666666666,45.4750575,1,16,7,0,0,0,0,0,0,0,0,0,1,0.6258433552030679,0,0,0,0,0,51,1,1,0,0,0,1,2,5,11,0.29351087316045454,0.39587602472034084,0.10204158135177324,0,0,0,0,0,0,0,0,0,0.03677765903230415,0,0,2.0,0,0,0,0,33.37598297564476,30.42500051337176,0.0,0.0,0.0,898.6957856291094,1802.3030806848171,0.0,121.05081414202556,1.0,86.0,0.6,0.0,0.0,106.0,667.0087878289497
9.23734722222222,45.4750575,1,17,7,0,0,0,0,0,0,0,0,0,1,0.5683596641395499,0,0,0,0,0,46,1,1,0,0,0,0,2,5,11,0.0,0.016881435943620522,0.10204158135177324,0,0,0,0,0,0,0,0,0,0.02544898192116935,0,0,2.0,0,0,0,0,27.14188539056553,30.42500051337176,0.0,0.0,0.0,0.0,0.0,0.0,0.0,1.0,86.0,0.6,0.0,0.0,106.0,666.8890044351701
9.226032777777778,45.47551583333333,1,0,8,0,0,0,0,0,0,0,0,0,0,0.035775892853272165,0,0,0,0,0,169,0,0,1,0,0,1,4,10,20,0.32624824994922536,0.20891873907920913,0.10409295434795965,0,0,0,0,0,0,0,1,0,0.02349803901839152,0,2,0.6820424409387695,0,0,0,0,27.14188539056553,30.42500051337176,0.0,0.0,0.0,0.0,0.0,0.0,622.3347677056173,1.0,86.0,0.6,0.0,0.0,106.0,667.4071455041897
9.226698333333333,45.47551583333333,1,1,8,0,0,0,0,0,0,0,0,0,0,0.03665350442264891,0,0,0,0,0,233,0,0,1,0,0,0,5,11,21,0.0558084309429693,0.10370561873763956,0.10425746213549118,0,0,0,0,0,0,0,1,0,0.029692727021575306,0,2,0.8767648924352903,0,0,0,0,38.21436098619801,28.565050570469396,1.7532248068993153,0.0,0.0,629.5447994316905,1510.0996604764046,247.76094488870402,1456.6117755122896,1.0,86.0,0.6,0.0,0.0,106.0,665.2389532855493
9.227363888888888,45.47551583333333,1,2,8,0,0,0,0,0,0,0,0,0,0,0.03791197233534672,0,0,0,0,1,283,0,0,1,0,0,0,5,12,21,0.058789827818014034,0.04108260942748142,0.09589973295002305,0,0,0,0,0,0,0,0,0,0.03868637607109981,0,2,0.6367670190831195,0,0,0,4,11.433238910804508,28.90001714739919,1.7578009263625105,0.0,0.0,0.0,168.13694826627184,312.05908598751745,1946.2894127882826,1.0,86.0,0.6,0.0,0.0,106.0,666.5373922449002
9.228029444444445,45.47551583333333,1,3,8,0,0,0,0,0,0,0,0,0,0,0.04890997493544729,0,0,1,0,4,311,0,0,1,0,0,0,5,12,23,0.0,0.04108260942748142,0.08642015246170433,0,0,0,0,0,0,0,0,0,0.044314966085135514,0,1,0.07480554458096293,0,0,0,4,51.90112273299792,31.059684809378897,1.7873050557374577,0.0,0.0,0.0,0.0,207.60449093199168,1956.147656971973,1.0,86.0,0.6,0.0,0.0,106.0,666.1599665753554
9.228695,45.47551583333333,1,4,8,0,0,0,0,0,0,0,0,0,0,0.06766227354863687,0,1,1,0,10,355,0,0,1,0,0,0,3,13,23,0.0,0.0,0.07952806728659734,0,0,0,0,0,0,0,0,0,0.048558613920803635,0,2,0.08143847885377242,0,0,0,4,27.14188539056553,30.42500051337176,0.0,0.0,0.0,0.0,0.0,0.0,1111.3923669851097,1.0,86.0,0.6,0.0,0.0,106.0,667.4188653040966
9.229360555555555,45.47551583333333,1,5,8,0,0,0,0,0,0,0,0,0,0,0.08668512069658234,0,1,1,0,8,357,0,0,1,0,0,0,2,14,24,0.0,0.0,0.07237060342659213,0,0,0,0,0,0,0,0,0,0.05042920045181701,0,1,0.0778387774575208,0,0,0,4,27.14188539056553,30.42500051337176,0.0,0.0,0.0,0.0,0.0,0.0,577.7818544712518,1.0,86.0,0.6,0.0,0.0,106.0,667.8751567466894
9.23002611111111,45.47551583333333,1,6,8,0,0,0,0,0,0,0,0,0,0,0.10782216097001088,0,0,1,0,0,335,0,0,1,0,0,0,1,14,24,0.0,0.0,0.055898730860873345,0,0,0,0,0,0,0,0,0,0.05336089419818901,0,2,0.3310512689422896,0,0,0,4,196.28723741973474,50.0,2.0,0.0,0.0,503.9806382457051,840.6712026581038,0.0,479.76616475199114,1.0,86.0,0.6,0.0,0.0,106.0,668.0885386739233
9.230691666666667,45.47551583333333,1,7,8,0,0,0,0,0,0,0,0,0,0,0.13125824445882148,0,0,1,0,2,307,0,0,1,0,0,0,1,16,24,0.0,0.0,0.048483031719233356,0,0,0,0,0,0,0,0,0,0.05787942740280481,0,3,0.45435698755405757,0,0,0,4,26.161839386225697,29.673363801552874,1.7683659406642565,0.0,0.0,0.0,25.397895469352616,131.5731408480016,728.8074648197901,1.0,86.0,0.6,0.0,0.0,106.0,666.5224343181092
9.231357222222222,45.47551583333333,1,8,8,0,0,0,0,0,0,0,0,0,0,0.19223009915219072,0,0,1,0,4,272,0,0,1,0,0,0,0,14,23,0.0,0.0,0.07465776546456876,0,0,0,0,0,0,0,0,0,0.061218833297817445,0,5,0.9473539105280647,0,0,0,4,35.367371293506906,29.853809236556913,1.770831081738137,0.0,0.0,0.0,0.0,141.46948517402762,1022.0419460119894,1.0,86.0,0.6,0.0,0.0,106.0,664.6414820887727
9.232022777777777,45.47551583333333,1,9,8,0,0,0,1,0,0,0,0,0,0,0.28471164661228854,0,0,1,0,0,249,0,0,1,0,0,0,1,12,23,0.0,0.0,0.10828516178175938,0,0,0,0,0,0,0,0,0,0.06008743651479251,0,8,1.2541168466701065,0,0,0,4,27.51871106325608,6.706790252083522,1.4324728524436243,0.0,0.0,0.0,0.0,275.1871106325608,1129.6895930240187,1.0,86.0,0.6,0.0,0.0,106.0,662.7852059880067
9.232688333333332,45.47551583333333,1,10,8,0,0,0,1,0,0,0,0,0,0,0.3828100721783098,0,0,1,0,0,227,0,0,1,0,0,0,1,9,23,0.0,0.0,0.11928232668008427,0,0,0,0,0,0,0,0,0,0.05892214617026965,0,10,1.2897207912005888,0,0,0,4,11.691422716555769,20.94562332414596,1.6380590546332074,0.0,0.0,9.607875367868917,529.6091543542747,242.02474493840617,1455.3146676714437,1.0,86.0,0.6,0.0,0.0,106.0,660.8229911127412
9.233353888888889,45.47551583333333,1,11,8,0,0,0,1,0,0,0,0,0,0,0.47770135206336856,0,1,1,0,0,184,0,1,1,0,0,0,2,8,23,0.0,0.010774959115746916,0.11625471455840287,0,0,1,0,0,0,0,0,0,0.05882426265387963,0,8,0.6330132431729564,4,4,0,0,7.234650874964278,35.35719331409517,1.1090435906143215,0.0,0.0,102.94126304398728,823.9216361405992,188.92948635439984,1912.039479678515,1.0,86.0,0.6,0.0,0.0,106.0,659.5868345367263
9.234019444444444,45.47551583333333,1,12,8,0,1,0,1,0,0,0,0,0,0,0.5639381793831074,0,0,1,0,0,153,0,1,1,0,0,0,3,7,22,0.0,0.047967635683281204,0.10824769046070216,1,0,0,1,0,0,0,0,1,0.05688616462565081,0,9,0.705364907650714,0,8,0,0,22.657779832699283,28.108678105568416,1.6259266617836028,0.0,0.0,186.6632150142741,1078.9976180087021,235.15361228785656,1526.339846624104,1.0,86.0,0.6,0.0,0.0,106.0,661.403991391707
9.234684999999999,45.47551583333333,1,13,8,0,1,0,0,0,0,0,0,0,1,0.6343369257252349,0,0,0,0,5,137,1,1,1,0,0,1,3,6,22,0.15808548127565353,0.23493257492934408,0.1020475283299781,0,0,0,0,0,0,0,0,1,0.05080197477384602,0,5,1.5300346843025412,0,0,0,0,50.620182423554624,27.75465957354405,1.0,0.0,0.0,0.0,697.5564551864661,112.36646359040785,1369.3413462985538,1.0,86.0,0.6,0.0,0.0,106.0,663.3339990569855
9.235350555555554,45.47551583333333,1,14,8,0,1,0,0,0,0,0,0,0,1,0.6529288886085671,0,0,0,0,0,111,1,1,1,0,1,1,2,6,22,0.45602405479430347,0.5883557157509701,0.10212988276955338,0,0,0,0,0,0,0,0,1,0.04055297336437443,0,3,0.6703736323427054,0,0,0,0,11.411080373069447,29.722589928106615,1.0,0.0,0.0,0.0,257.82957925242783,84.50283193965564,772.6145064758712,1.0,86.0,0.6,0.0,0.0,106.0,663.8901083332034
9.23601611111111,45.47551583333333,1,15,8,0,0,0,0,0,0,0,0,0,1,0.643499290014938,0,0,0,0,0,57,1,1,0,1,1,0,2,6,18,0.931637932289607,0.6113815706624016,0.10233016509852612,0,0,0,0,0,0,0,0,1,0.032076399783297856,0,2,1.0009216337900293,0,0,0,0,7.752046752678664,30.42500051337176,0.0,0.0,0.0,106.32918454945144,496.1309921714345,0.0,665.7293143890435,1.0,86.0,0.6,0.0,0.0,106.0,663.3468079151826
9.236681666666666,45.47551583333333,1,16,8,0,0,0,0,0,0,0,0,0,1,0.6139144417202748,0,0,0,0,0,52,1,1,0,0,1,0,2,6,15,0.25108043620785575,0.2912088188129929,0.10207711415303951,0,0,0,0,0,0,0,0,0,0.0224277249776668,0,1,0.0018432675800584448,0,0,0,0,88.44309312690217,30.42500051337176,0.0,0.0,0.0,1297.7889228075544,1415.0894900304347,0.0,177.59989731616744,1.0,86.0,0.6,0.0,0.0,106.0,665.8382073893147
9.23734722222222,45.47551583333333,1,17,8,0,0,0,0,0,0,0,0,0,1,0.5666033134291798,0,0,0,0,0,47,1,1,0,0,0,0,2,5,12,0.0,0.014073412680172759,0.09978810597192614,0,0,0,0,0,0,0,0,0,0.016045188707763443,0,0,1.1688346498108388,0,0,0,0,27.14188539056553,30.42500051337176,0.0,0.0,0.0,0.0,0.0,0.0,0.0,1.0,86.0,0.6,0.0,0.0,106.0,669.9331853387193
9.226032777777778,45.47597416666667,1,0,9,0,0,0,0,0,0,0,0,0,0,0.0,0,0,0,0,0,215,0,0,1,0,0,0,6,9,19,0.0,0.028668900788226228,0.11851437288269022,0,0,0,0,0,0,1,1,0,0.012952589962559836,0,1,0.3452401306048361,0,0,0,0,27.14188539056553,30.42500051337176,0.0,0.0,0.0,0.0,0.0,0.0,741.925401418881,1.0,86.0,0.6,0.0,0.0,106.0,668.2426362689162
9.226698333333333,45.47597416666667,1,1,9,0,0,0,0,0,0,0,0,0,0,0.0,0,0,0,0,0,279,0,0,1,0,0,0,6,10,22,0.0,0.038904837242330785,0.12311859561111495,0,0,0,0,0,0,0,1,0,0.015295098597429037,0,2,0.4264983067177449,0,0,0,2,91.00602359791151,29.431242597484292,1.7650582209372732,0.0,0.0,617.2691699862376,1160.360746590484,295.7356309761,1324.5459983112075,1.0,86.0,0.6,0.0,0.0,106.0,665.3499134288415
9.227363888888888,45.47597416666667,1,2,9,0,0,0,0,0,0,0,0,0,0,0.0,0,0,0,0,1,329,0,0,1,0,0,1,7,11,22,0.16430960219740132,0.08198827559201274,0.11964987592903864,0,0,0,0,0,0,0,1,0,0.01824082212573571,0,2,0.5648178842609375,0,0,0,4,24.489542855625405,29.060443759484436,1.7599925818664914,0.0,0.0,0.0,0.0,440.8117714012573,1759.9967864381963,1.0,86.0,0.6,0.0,0.0,106.0,664.6343480588237
9.228029444444445,45.47597416666667,1,3,9,0,0,0,0,0,0,0,0,0,0,0.001807460443315676,0,0,1,0,0,359,0,0,1,0,0,0,7,13,23,0.020288047931397643,0.06676115618250443,0.10813078965077114,0,0,0,0,0,0,0,0,0,0.02188834580325864,0,2,0.3496341672519412,0,0,0,4,41.61276399692739,30.30931182054685,1.7770538943519731,0.0,0.0,0.0,0.0,416.1276399692739,1639.4681485481558,1.0,86.0,0.6,0.0,0.0,106.0,665.0851887091619
9.228695,45.47597416666667,1,4,9,0,0,0,0,0,0,0,0,0,0,0.01229294269389859,0,1,1,0,0,384,0,0,1,0,0,0,5,13,24,0.0,0.0,0.09601226134299579,0,0,0,0,0,0,0,0,0,0.026467528274716056,0,0,0.2166172944105344,0,0,2,4,27.14188539056553,30.42500051337176,0.0,0.0,0.0,0.0,0.0,0.0,1006.0416498552759,1.0,86.0,0.6,0.0,0.0,106.0,666.6347698462498
9.229360555555555,45.47597416666667,1,5,9,0,0,0,0,0,0,0,0,0,0,0.029012155969543364,0,1,1,0,0,402,0,0,1,0,0,0,2,14,24,0.0,0.0,0.083899882251379,0,0,0,0,0,0,0,0,0,0.029054434027780646,0,1,0.45433199981200817,0,0,4,4,27.14188539056553,30.42500051337176,0.0,0.0,0.0,0.0,0.0,0.0,935.3510827487938,1.0,86.0,0.6,0.0,0.0,106.0,666.4343155148275
9.23002611111111,45.47597416666667,1,6,9,0,0,0,0,0,0,0,3,0,0,0.0493257281125373,0,0,1,0,0,408,0,0,1,0,0,0,0,14,25,0.0,0.0,0.06109005647855942,0,0,0,0,0,0,0,0,0,0.03045463301544667,0,1,0.387691901597864,0,0,4,4,76.77541064324836,33.50129935528091,1.8076165914963618,0.0,0.0,503.9806382457051,915.1799053200059,76.34914346293884,620.5183097059928,1.0,86.0,0.6,0.0,0.0,106.0,667.4176911725505
9.230691666666667,45.47597416666667,1,7,9,0,0,0,0,0,0,0,1,0,0,0.07105223920416366,0,1,1,0,14,401,0,0,1,0,0,0,0,16,25,0.0,0.0,0.04606283156658878,0,0,1,0,0,0,0,0,0,0.034969510179384225,0,2,1.215005048942963,0,0,4,4,15.039725365671941,28.064185959722856,1.747099192007688,0.0,0.0,49.00839695382868,49.00839695382868,372.1039132849856,806.3510698173357,1.0,86.0,0.6,0.0,0.0,106.0,665.5180589099855
9.231357222222222,45.47597416666667,1,8,9,0,0,0,0,0,0,0,0,0,0,0.1287976655611828,0,1,1,0,21,371,0,0,1,0,0,0,0,15,25,0.0,0.0,0.06100161271744141,0,0,1,0,0,1,0,0,0,0.04030231020359273,0,5,1.2454203059665487,0,0,2,4,13.265306193539615,28.78929902435425,1.7562883594597518,0.0,0.0,148.13954631802568,395.49393160243625,373.89382762286135,1108.4116927739583,1.0,86.0,0.6,0.0,0.0,106.0,663.3872092084251
9.232022777777777,45.47597416666667,1,9,9,0,0,0,1,0,0,0,0,0,0,0.22173006624510605,0,0,1,0,1,326,0,0,1,0,0,0,1,12,24,0.0,0.0,0.08695216462885852,0,0,1,0,0,0,0,0,0,0.04058838108427995,0,5,0.9706250301782119,0,0,0,4,9.902007887884825,0.0,1.3371640775395834,0.0,0.0,160.96681935511793,465.72184560190544,88.79059611964476,1215.4956292885875,1.0,86.0,0.6,0.0,0.0,106.0,663.8500727590623
9.232688333333332,45.47597416666667,1,10,9,0,0,0,1,0,0,0,0,0,0,0.3198157645809089,0,0,1,0,2,290,0,0,1,0,0,0,1,8,25,0.0,0.01411078066941915,0.10575995317368693,0,0,1,0,0,0,0,0,0,0.04125454280351919,0,6,1.2663241131331266,0,4,0,4,9.74366820821411,30.57998121230174,1.532077319022363,0.0,0.0,9.02928034529448,760.4946230535866,174.89752493496792,1310.3297619440716,1.0,86.0,0.6,0.0,0.0,106.0,661.1864531683459
9.233353888888889,45.47597416666667,1,11,9,0,0,0,1,0,0,0,0,0,0,0.41519354245982726,0,0,1,0,7,226,0,1,1,0,0,1,3,8,25,0.05644312267748753,0.01411078066941915,0.11137743962927477,0,0,1,1,0,1,0,0,1,0.0415346674010619,0,7,0.8599300039209566,0,20,0,2,8.81754184535656,33.46958338945112,1.2975871239313626,0.0,0.0,157.36406911869273,1003.7707124541089,318.8605643493753,1479.5932971548593,1.0,86.0,0.6,0.0,0.0,106.0,660.8949876447219
9.234019444444444,45.47597416666667,1,12,9,0,1,0,1,0,0,0,1,0,0,0.5107628617888631,0,0,1,0,1,171,0,1,1,0,0,0,4,8,25,0.0,0.01411078066941915,0.11069411842269591,0,0,1,1,0,0,0,0,1,0.038649463990796926,0,6,0.8089214770285836,0,16,0,0,16.114971962647488,31.843700335263136,1.2384302262417484,0.0,0.0,156.52762401260546,1476.9642073359114,279.56773659266497,1274.4746708456871,1.0,86.0,0.6,0.0,0.0,106.0,661.093181175695
9.234684999999999,45.47597416666667,1,13,9,0,1,0,0,0,0,0,0,0,1,0.592981093044515,0,0,1,0,5,160,0,1,1,0,0,0,4,7,24,0.0,0.007939727552833713,0.11155318361000345,0,0,0,0,0,0,0,0,1,0.03248007059814577,0,4,1.2840531065139145,0,8,0,0,25.109299517476696,30.735735302365583,1.5393832131115988,0.0,0.0,0.0,1102.074228634132,379.3744428969933,1226.1140752563836,1.0,86.0,0.6,0.0,0.0,106.0,663.6694839640519
9.235350555555554,45.47597416666667,1,14,9,0,0,0,0,0,0,0,0,0,1,0.6226300123911197,0,0,0,0,3,128,1,1,1,0,1,0,3,6,24,0.184234121443793,0.2069240303136054,0.10999344296545056,0,0,0,0,0,1,0,0,1,0.027246295084044837,0,2,0.5591141635138831,0,0,0,0,27.480999306047398,30.302267350486325,1.7769576568800218,0.0,0.0,9.622862958566074,463.0514911804132,581.2264824493878,787.3288231831158,1.0,86.0,0.6,0.0,0.0,106.0,661.720107958165
9.23601611111111,45.47597416666667,1,15,9,0,0,0,0,0,0,0,0,0,1,0.624663589595209,0,0,0,0,12,76,1,1,1,1,1,0,3,6,22,0.4119796260962167,0.2897268475764712,0.10900983271497423,0,0,0,0,0,0,0,0,1,0.02022025627275619,0,2,0.5591141635138831,0,0,0,0,11.51899971267749,30.42500051337176,0.0,0.0,0.0,0.0,230.3799942535498,0.0,665.7293143890435,1.0,86.0,0.6,0.0,0.0,106.0,662.7700459402723
9.236681666666666,45.47597416666667,1,16,9,0,0,0,0,0,0,0,0,0,1,0.6062296373522941,0,0,0,0,3,57,0,1,0,0,0,0,2,6,17,0.0009921843117932732,0.13826838112494866,0.10645074473398934,0,0,0,0,0,0,0,0,1,0.014345490626388936,0,1,0.061043535461232035,0,0,0,0,98.98038174075029,30.42500051337176,0.0,0.0,0.0,1297.7889228075544,1385.725344370504,0.0,581.2264824493878,1.0,86.0,0.6,0.0,0.0,106.0,667.5672110597691
9.23734722222222,45.47597416666667,1,17,9,0,0,0,0,0,0,0,0,0,1,0.5691327155087174,0,0,0,0,0,47,0,1,0,0,0,0,2,6,14,0.0,0.0,0.10201976327354934,0,0,0,0,0,0,0,0,0,0.011582940831621062,0,1,1.1688346498108388,0,0,0,0,27.14188539056553,30.42500051337176,0.0,0.0,0.0,0.0,0.0,0.0,0.0,1.0,86.0,0.6,0.0,0.0,106.0,668.6521533194339
9.226032777777778,45.4764325,1,0,10,0,0,0,0,0,0,0,0,0,0,0.0,0,0,1,0,3,282,0,0,1,0,0,0,6,9,21,0.0,0.01160592335633906,0.12020626126900362,0,0,0,0,0,0,0,1,0,0.0037476476433390407,0,1,0.3792070254655186,0,0,0,0,27.14188539056553,30.42500051337176,0.0,0.0,0.0,0.0,0.0,0.0,558.5620384610397,1.0,86.0,0.6,0.0,0.0,106.0,668.6272043878893
9.226698333333333,45.4764325,1,1,10,0,0,0,0,0,0,0,0,0,0,0.0,0,0,1,0,1,363,0,0,1,0,0,0,8,10,23,0.01352198075381375,0.037481593434218995,0.12065843453101167,0,0,0,0,0,0,1,1,0,0.0035080630334023396,0,1,0.30467268858607244,0,0,0,3,35.95393431887999,28.72816464991217,1.7554531770265704,0.0,0.0,617.2691699862376,1446.7175185835904,279.0713287226489,1040.1917051709547,1.0,86.0,0.6,0.0,0.0,106.0,665.7790013017351
9.227363888888888,45.4764325,1,2,10,0,0,0,0,0,0,0,0,0,0,0.0,0,0,1,0,2,428,0,0,1,0,0,1,8,11,23,0.15793138476873356,0.06902413955731392,0.12540955292503553,0,0,0,0,0,0,0,1,0,0.003310143553535777,0,1,0.3435524130259923,0,0,0,4,9.417044261676542,29.898163054273702,1.771437017919535,0.0,0.0,15.734314532396462,371.3890489243346,287.80404939302326,1599.0869002609584,1.0,86.0,0.6,0.0,0.0,106.0,663.7173632126078
9.228029444444445,45.4764325,1,3,10,0,0,0,0,0,0,0,0,0,0,0.0,0,0,1,0,2,484,0,0,1,0,0,1,7,12,26,0.08782948484615563,0.04886004796179295,0.12676398328861146,0,0,0,1,0,1,0,0,0,0.005052305157813386,0,1,0.8285793092404027,0,0,0,4,33.397254957022255,31.392156197438688,1.7918470873747665,0.0,0.0,0.0,108.13400724913404,225.8385423210885,1666.5730212297701,1.0,86.0,0.6,0.0,0.0,106.0,664.2168906796542
9.228695,45.4764325,1,4,10,0,0,0,0,0,0,0,0,0,0,0.0007902217271173197,0,0,1,0,6,520,0,0,1,0,0,0,6,12,26,0.0,0.005319127684588764,0.11301004799119245,0,0,0,0,0,0,0,0,0,0.007288976129245975,0,1,0.407599317197255,0,0,4,4,27.14188539056553,30.42500051337176,0.0,0.0,0.0,0.0,0.0,0.0,1151.6846396729838,1.0,86.0,0.6,0.0,0.0,106.0,666.120286471755
9.229360555555555,45.4764325,1,5,10,0,0,0,0,0,0,0,3,0,0,0.006624290357969824,0,0,1,0,5,544,0,0,1,0,0,0,2,13,26,0.0,0.0,0.09341051169094645,0,0,0,0,0,0,0,0,0,0.010601247632476704,0,0,0.6894249283854639,0,0,4,4,27.14188539056553,30.42500051337176,0.0,0.0,0.0,0.0,0.0,0.0,954.9232356872916,1.0,86.0,0.6,0.0,0.0,106.0,666.5210266588122
9.23002611111111,45.4764325,1,6,10,0,0,0,0,0,1,3,3,0,0,0.01603056442208426,0,0,1,0,0,536,0,0,1,0,0,0,0,13,26,0.0,0.0,0.06634419620167246,0,0,0,0,0,0,0,0,0,0.01424472832185244,0,1,0.6898555991816617,0,0,4,4,59.33668247430587,50.0,2.0,0.0,0.0,503.9806382457051,671.385909335618,0.0,808.5373841986216,1.0,86.0,0.6,0.0,0.0,106.0,666.973385792901
9.230691666666667,45.4764325,1,7,10,0,0,0,0,0,0,0,3,0,0,0.026830673621546883,0,1,1,0,13,523,0,0,1,0,0,0,0,15,26,0.0,0.0,0.04510052426189772,1,0,1,0,0,0,0,0,0,0.020340977076305184,0,3,2.0326431349889296,0,0,4,4,15.530652063287485,29.06105863323424,1.7600009819157136,0.0,0.0,0.0,225.7478092073714,146.98784031152826,839.2657670094538,1.0,86.0,0.6,0.0,0.0,106.0,664.2410556830309
9.231357222222222,45.4764325,1,8,10,0,0,0,0,0,0,0,0,0,0,0.0742209712370242,0,1,1,0,16,490,0,0,1,0,0,0,0,15,27,0.0,0.0,0.04547685304431191,1,0,1,0,0,0,0,0,0,0.024051350085220146,0,3,2.0364092512131395,0,0,4,4,12.417515728501101,28.872410039386477,1.7574237740344862,0.0,0.0,93.60732062734014,506.9490089558724,262.936966211196,991.7287419912467,1.0,86.0,0.6,0.0,0.0,106.0,663.4218891945302
9.232022777777777,45.4764325,1,9,10,0,0,0,0,0,0,0,0,0,0,0.15927078196349229,0,1,1,0,3,462,0,0,1,0,0,0,1,11,28,0.0,0.0,0.06632076929381214,0,0,1,0,0,1,0,0,0,0.02645043793553624,0,5,1.5472944909541841,0,0,0,4,10.782434429911474,28.655521009206936,1.7544607616603702,0.0,0.0,212.7178681931804,851.5387613961772,75.75059957620942,1248.3776048524105,1.0,86.0,0.6,0.0,0.0,106.0,662.8993573832721
9.232688333333332,45.4764325,1,10,10,0,0,0,1,0,0,0,0,0,0,0.25736090843092907,0,1,1,0,0,374,0,0,1,0,0,0,1,7,27,0.0,0.009947505700633314,0.08697840122412118,0,0,0,0,0,0,0,0,0,0.026837083300858208,0,5,1.2720396815094341,0,0,0,4,6.636493122998625,28.68161447694522,1.7548172355112057,0.0,0.0,23.00241709485448,480.28375335016574,77.18166898171869,982.9863995208366,1.0,86.0,0.6,0.0,0.0,106.0,662.881620802302
9.233353888888889,45.4764325,1,11,10,0,0,0,1,0,0,0,0,0,0,0.36038220323680165,0,1,1,0,0,293,0,0,1,0,0,0,2,8,26,0.023333851114774137,0.01411078066941915,0.10239105531953634,0,0,0,0,0,0,0,0,1,0.02478081638211626,0,5,0.6395693562892731,0,0,0,3,9.586081609356507,30.30186598840784,1.7769521737036529,0.0,0.0,99.71274827744352,185.38893657158704,83.02134849039516,930.7062882668171,1.0,86.0,0.6,0.0,0.0,106.0,661.7294278214362
9.234019444444444,45.4764325,1,12,10,0,1,0,1,0,0,3,3,0,0,0.4665258276230801,0,0,1,0,0,204,0,1,1,0,0,0,4,7,26,0.0,0.024797332067355474,0.11148955042622698,0,0,0,0,0,0,0,0,1,0.021336410398141183,0,3,0.13704843888761764,0,0,0,0,36.4514486070741,30.42500051337176,0.0,0.0,79.00171585476558,0.0,583.2231777131856,0.0,984.3904467297704,1.0,86.0,0.6,0.0,0.0,106.0,659.2969981321085
9.234684999999999,45.4764325,1,13,10,0,1,0,0,0,0,2,3,0,1,0.5605134496520955,0,0,0,0,3,175,0,1,1,0,0,0,4,7,26,0.0,0.04151002601661115,0.11298278755777537,0,0,0,0,0,0,0,0,1,0.018668252390733348,0,3,0.5069270231405281,0,0,0,0,43.72746015873083,30.42500051337176,0.0,0.0,79.00171585476558,0.0,524.72952190477,0.0,966.9031468565554,1.0,86.0,0.6,0.0,0.0,106.0,661.6738307418295
9.235350555555554,45.4764325,1,14,10,0,0,0,0,0,0,0,0,0,1,0.6013834304582848,0,0,0,0,0,147,0,1,1,0,0,0,3,7,24,0.0,0.06111100256403088,0.10754105511232512,0,0,0,0,0,0,0,0,1,0.0156180375056609,0,1,0.5824762867007424,0,0,0,0,17.28470485118834,35.817053441318485,1.8522974719652372,0.0,77.44988224002586,234.22683152257096,629.9765018474855,234.25874071193158,702.4500019295517,1.0,86.0,0.6,0.0,0.0,106.0,664.9340388700821
9.23601611111111,45.4764325,1,15,10,0,0,0,0,0,0,0,0,0,1,0.6142107250927061,0,0,0,0,0,92,0,1,1,0,0,0,3,6,23,0.0,0.07541601386311811,0.10501274407789389,0,0,0,0,0,0,0,0,1,0.013204515373184175,0,1,0.06475827038586435,0,0,0,0,10.534249606974933,30.42500051337176,0.0,0.0,6.190787148306641,45.21450536232572,632.054976418496,0.0,608.7141247862317,1.0,86.0,0.6,0.0,0.0,106.0,666.3125095082348
9.236681666666666,45.4764325,1,16,10,0,0,0,0,0,0,0,0,0,1,0.6062410148381084,0,0,0,0,0,62,0,1,0,0,0,0,2,5,18,0.0,0.00416869765321298,0.10402692230307287,0,0,0,0,0,0,0,0,1,0.01176218794327332,0,1,0.04223728226285491,0,0,0,0,47.52545005214094,30.42500051337176,0.0,0.0,0.0,1061.7495757162285,1615.865301772792,0.0,253.54493718952222,1.0,86.0,0.6,0.0,0.0,106.0,668.6906024170056
9.23734722222222,45.4764325,1,17,10,0,0,0,0,0,0,0,0,0,1,0.572500996103672,0,0,0,0,0,50,0,1,0,0,0,0,2,5,14,0.0,0.0,0.10141039938260751,0,0,0,0,0,0,0,0,0,0.00978489104637183,0,1,0.0037764873696010406,0,0,0,0,27.14188539056553,30.42500051337176,0.0,0.0,0.0,0.0,0.0,0.0,0.0,1.0,86.0,0.6,0.0,0.0,106.0,669.0628462259541
9.226032777777778,45.476890833333336,1,0,11,0,0,0,0,1,0,0,0,0,0,0.0,0,0,1,0,2,349,0,0,1,0,1,0,5,9,23,0.21664590184748433,0.2534965839911698,0.12020626126900362,0,0,0,1,0,0,0,1,0,0.005259621472980099,0,1,0.0571343814273353,0,8,0,4,10.7931085427697,30.42500051337176,0.0,0.0,0.0,156.3003660260364,755.517597993879,0.0,371.88876263035087,1.0,86.0,0.6,0.0,0.0,106.0,666.677838703513
9.226698333333333,45.476890833333336,1,1,11,0,0,0,0,1,0,0,0,0,0,0.0,0,0,1,0,4,419,0,0,1,0,1,0,7,9,25,0.26753837829392796,0.30852777310687396,0.12020626126900362,0,0,0,1,0,0,0,1,0,0.004343137017399104,0,1,0.5933000702247192,8,16,0,7,25.865662673928966,20.0,1.0,0.0,0.0,281.82847519846916,2804.136785572342,92.81743390770198,607.0282319365541,1.0,86.0,0.6,0.0,0.0,106.0,663.1082762678401
9.227363888888888,45.476890833333336,1,2,11,0,0,0,1,0,0,0,0,0,0,0.0,0,1,1,0,4,489,0,0,1,0,0,0,8,11,28,0.02310470675007386,0.18658312498116544,0.12476276415289213,0,0,0,1,0,0,0,1,0,0.0029957479436362646,0,1,0.8824317108285124,0,4,0,6,21.38090296335969,20.0,1.0,0.0,0.0,466.80031209627435,1403.8457735274765,92.81743390770198,1153.431235197667,1.0,86.0,0.6,0.0,0.0,106.0,668.0329017477758
9.228029444444445,45.476890833333336,1,3,11,0,0,0,1,0,0,0,0,0,0,0.0,0,1,1,0,1,564,0,0,1,0,0,0,8,11,28,0.0,0.03726375588454493,0.1288023538971867,0,0,0,1,0,0,0,0,0,0.0010968850784574037,0,1,1.1670800669182495,0,4,1,4,9.582597035204614,25.212653664478513,1.7106027653196745,0.0,0.0,506.81679601229945,1121.0307944430515,105.5416260631387,1199.4293192362227,1.0,86.0,0.6,0.0,0.0,106.0,665.6401751835824
9.228695,45.476890833333336,1,4,11,0,0,0,1,0,0,0,0,0,0,0.0,0,1,1,0,0,614,0,0,1,0,0,0,8,11,27,0.0,0.0,0.1179443081322983,0,0,0,1,0,0,0,0,0,0.0009016085772178723,0,1,1.1398994597039211,0,9,4,6,13.300810094545634,26.181094400996397,1.722438600059652,0.0,0.0,348.2173119368279,729.8360480026137,174.61903842648928,1167.6314313973623,1.0,86.0,0.6,0.0,0.0,106.0,665.4689523650719
9.229360555555555,45.476890833333336,1,5,11,0,0,0,0,0,0,0,5,0,0,0.0,0,0,1,0,0,627,0,0,1,0,0,0,3,12,26,0.0,0.0,0.09653764819335678,0,0,0,1,0,0,0,0,0,0.0034134092015843383,0,0,1.1788661700180756,0,10,4,6,12.284168188699773,26.28206876563982,1.723377504761952,0.0,0.0,202.04461871101444,544.5810085455291,266.1740919086559,808.2351725442758,1.0,86.0,0.6,0.0,0.0,106.0,664.1650456699226
9.23002611111111,45.476890833333336,1,6,11,0,0,0,0,0,0,4,6,0,0,0.0,0,0,1,0,2,630,0,0,1,0,0,0,1,13,27,0.0,0.0,0.0741458229175315,0,0,0,1,0,0,0,0,0,0.006427011107194038,0,0,1.173589216610565,12,22,4,7,27.013446587428586,41.21256326611,1.897569123444437,0.0,0.0,129.2433610866936,2284.7741845997384,44.43602759636725,690.5343710000758,1.0,86.0,0.6,0.0,0.0,106.0,664.2752568617393
9.230691666666667,45.476890833333336,1,7,11,0,0,0,0,0,0,0,6,0,0,0.0,0,0,1,0,6,610,0,0,1,0,0,0,1,13,29,0.0,0.0,0.048436508834787194,0,0,0,1,0,0,0,0,0,0.011943126609452787,0,2,1.894185973190197,0,0,4,7,44.03725766986149,25.230056551516917,1.7109668615365372,0.0,0.0,183.62105354001523,1292.4512123504467,28.666517745397996,659.7600225947166,1.0,86.0,0.6,0.0,0.0,106.0,668.1257229793782
9.231357222222222,45.476890833333336,1,8,11,0,0,0,0,0,0,0,0,0,0,0.037843871728478605,0,0,1,0,4,577,0,0,1,0,0,0,1,14,30,0.0,0.0,0.032952331543765485,0,0,0,0,0,0,0,0,0,0.014362152885459247,0,2,1.806741456608387,0,0,4,5,38.71348406997053,25.230056551516917,1.7109668615365372,0.0,0.0,368.96330026705004,1519.8728450534231,28.666517745397996,640.7522454858489,1.0,86.0,0.6,0.0,0.0,106.0,667.5342735851859
9.232022777777777,45.476890833333336,1,9,11,0,0,0,0,0,0,0,0,0,0,0.11582798442741565,0,0,1,0,4,541,0,0,1,0,0,0,2,11,30,0.0,0.0,0.046628257410726855,0,0,0,0,0,0,0,0,0,0.014690261297712686,0,2,1.37651125916182,0,0,1,4,27.030268431726743,27.77749757905579,1.7424657138419168,0.0,0.0,391.1036474181495,1903.6527878935128,96.58707605426626,575.059058110957,1.0,86.0,0.6,0.0,0.0,106.0,665.4597563943546
9.232688333333332,45.476890833333336,1,10,11,0,0,0,0,0,0,0,0,0,0,0.2133550476726407,0,0,1,0,0,446,0,0,1,0,0,0,2,7,30,0.0,0.0,0.06821192442309906,0,0,0,1,0,0,0,0,0,0.014293195493369161,0,3,0.38926198127624906,0,0,0,4,30.65431785916216,27.77749757905579,1.7424657138419168,0.0,0.0,217.58035125516497,1620.0547240588146,96.58707605426626,390.4627338668155,1.0,86.0,0.6,0.0,0.0,106.0,666.4814602813572
9.233353888888889,45.476890833333336,1,11,11,0,0,0,0,0,0,0,0,0,0,0.3227104552793056,0,1,1,0,0,392,0,0,1,0,0,0,2,6,30,0.0,0.0,0.08574851770350653,0,0,0,0,0,0,0,0,1,0.01374678334104756,0,3,0.15665637014725528,0,0,0,4,87.00645725764339,28.607638867369293,1.753806623557366,0.0,79.00171585476558,321.58716930757384,1456.429401519203,109.68682911837807,383.2853235717286,1.0,86.0,0.6,0.0,0.0,106.0,664.4733449449782
9.234019444444444,45.476890833333336,1,12,11,0,1,0,0,0,0,1,3,0,0,0.4385597104131954,0,0,1,0,0,307,0,0,1,0,0,0,2,6,29,0.0,0.06505719728106601,0.09575320783511852,0,0,0,0,0,0,0,0,1,0.01258584625940745,0,3,1.1093331619470908,0,4,0,0,43.12500028048587,30.42500051337176,0.0,0.0,79.00171585476558,321.58716930757384,1897.5000123413784,0.0,545.4451419872837,1.0,86.0,0.6,0.0,0.0,106.0,663.2959397074605
9.234684999999999,45.476890833333336,1,13,11,0,1,0,0,0,0,0,3,0,1,0.5440124329362881,0,0,0,0,1,211,0,1,1,0,0,1,3,6,28,0.25976407530543194,0.06505719728106601,0.1018005241463872,0,0,0,0,0,0,0,0,1,0.011076422127740319,0,1,2.077351106201866,0,4,0,0,20.5150858246148,30.42500051337176,0.0,0.0,85.19250300307222,59.05994504764775,984.7241195815104,0.0,571.9538307431732,1.0,86.0,0.6,0.0,0.0,106.0,665.0989508204384
9.235350555555554,45.476890833333336,1,14,11,0,0,0,0,0,0,0,0,0,1,0.5956752966815168,0,0,0,0,0,152,0,1,1,0,0,0,2,6,27,0.0,0.06306413035769591,0.10332164569702312,0,0,0,0,0,0,0,0,1,0.011373897101526885,0,1,1.386991347391544,0,0,0,0,16.316226459086195,31.80034178033449,1.7974234825112785,0.0,85.19250300307222,234.22683152257096,600.2187150054068,248.22506086707523,560.4161126135488,1.0,86.0,0.6,0.0,0.0,106.0,664.1723568044905
9.23601611111111,45.476890833333336,1,15,11,0,0,0,0,0,0,0,0,0,1,0.6157812549058687,0,0,0,0,0,103,0,1,1,0,0,0,2,5,26,0.0,0.0,0.09711352189329925,0,0,0,0,0,0,0,0,1,0.01135669160548335,0,1,0.07419305485603703,0,0,0,0,8.070736470512974,30.42500051337176,0.0,0.0,77.44988224002586,110.82147345581217,403.5368235256487,0.0,281.032579526366,1.0,86.0,0.6,0.0,0.0,106.0,667.2490359263002
9.236681666666666,45.476890833333336,1,16,11,0,0,0,0,0,0,0,0,0,1,0.6096246987152056,0,0,0,0,0,61,0,1,0,0,0,0,1,5,19,0.0,0.0,0.09312719650843328,0,0,0,0,0,0,0,0,1,0.010986546549193362,0,1,0.02247439658294785,0,0,0,0,104.57310760926048,30.42500051337176,0.0,0.0,0.0,1010.1321370919611,1254.8772913111256,0.0,261.7463830487754,1.0,86.0,0.6,0.0,0.0,106.0,668.3786600242266
9.23734722222222,45.476890833333336,1,17,11,0,0,0,0,0,0,0,0,0,1,0.5757501382125031,0,0,0,0,0,56,0,0,0,0,0,0,1,5,15,0.0,0.0,0.0854701957544896,0,0,0,0,0,0,0,0,0,0.00995294689747715,0,1,0.019983510925346615,0,0,0,0,27.14188539056553,30.42500051337176,0.0,0.0,0.0,0.0,0.0,0.0,0.0,1.0,86.0,0.6,0.0,0.0,106.0,669.0468888030107
9.226032777777778,45.47734916666667,1,0,12,0,0,0,0,1,0,0,0,0,0,0.0,0,0,0,0,9,396,0,0,1,1,1,0,4,10,24,0.8069349273819677,0.5590808489105515,0.12181991841471525,0,0,1,0,0,0,0,0,0,0.005370409816857529,0,1,0.3074643025152546,0,0,0,4,14.549538132426045,30.42500051337176,0.0,0.0,0.0,59.26593897737994,669.2787540915981,0.0,112.58540756343143,1.0,86.0,0.6,0.0,0.0,106.0,667.0826513513653
9.226698333333333,45.47734916666667,1,1,12,0,0,0,1,1,0,0,0,0,0,0.0,0,0,1,0,16,453,0,0,1,1,1,0,7,10,25,0.9682261969000531,0.6579743880680208,0.12419245107128464,0,0,1,0,0,0,0,0,0,0.00505673674764466,0,1,0.7384125780319469,0,0,0,8,20.71295936606522,20.0,1.0,0.0,0.0,66.41007690222172,479.27565261723424,79.97425026652655,287.625579236408,1.0,86.0,0.6,0.0,0.0,106.0,666.0110881006917
9.227363888888888,45.47734916666667,1,2,12,0,0,0,1,0,0,0,0,0,0,0.0,0,0,1,0,9,572,0,0,1,0,0,1,7,11,27,0.2539027843833447,0.31336328001315733,0.13069838786932075,0,0,1,0,0,0,0,0,0,0.0035903665606972853,0,1,1.013603738466359,0,0,0,9,19.88584797990938,20.0,1.0,0.0,0.0,123.84979991080928,496.7153411508455,79.97425026652655,465.07466592671574,1.0,86.0,0.6,0.0,0.0,106.0,666.3965100877111
9.228029444444445,45.47734916666667,1,3,12,0,0,0,1,0,0,0,0,0,0,0.0,0,1,1,0,9,643,0,0,1,0,0,0,7,11,28,0.030299583068688338,0.04351841406212882,0.12687707432886738,0,0,1,0,0,0,0,0,0,0.0025875036859789803,0,1,1.1280503308899041,0,0,0,10,4.954929347107418,25.23358110711081,1.7110406008738686,0.0,0.0,164.91052974399685,1062.7375685527554,166.08490952988433,828.8049067283282,1.0,86.0,0.6,0.0,0.0,106.0,665.447368020669
9.228695,45.47734916666667,1,4,12,0,0,0,1,0,0,0,0,0,0,0.0023236188496258236,0,0,1,0,4,665,0,0,1,0,0,0,6,12,28,0.0,0.005827856553011136,0.11379885855432756,0,0,0,0,0,0,0,0,0,0.0020357273903194696,0,0,1.5230853855031623,0,0,4,10,11.102992690634332,20.61929850676302,1.6491875944876246,0.0,0.0,36.496813876085525,320.21128670310486,101.70243554099979,1025.9839210147861,1.0,86.0,0.6,0.0,0.0,106.0,665.1131909769492
9.229360555555555,45.47734916666667,1,5,12,0,0,0,0,0,0,0,3,0,0,0.00937640519499406,0,0,1,0,6,675,0,0,1,0,0,0,3,13,30,0.0,0.0,0.0945087160182617,0,0,0,0,0,1,0,0,0,0.0,0,0,1.6196136521447848,0,0,4,8,14.033023611768055,23.033726096455997,1.6806677556760148,0.0,0.0,0.0,196.99273121745185,167.86588268851767,889.0204999147653,1.0,86.0,0.6,0.0,0.0,106.0,663.70040546224
9.23002611111111,45.47734916666667,1,6,12,0,0,0,0,0,0,3,3,1,0,0.01819059767281348,0,1,1,0,9,690,0,0,1,0,0,0,2,13,32,0.0,0.0,0.0761105296296364,0,0,0,1,0,0,0,0,0,0.0,0,0,1.3106679857153631,0,0,4,8,28.33068774472363,44.68170289276341,1.9388586730116244,0.0,0.0,0.0,490.9200366016691,39.83022856536988,619.7998007576966,1.0,86.0,0.6,0.0,0.0,106.0,668.1036957900106
9.230691666666667,45.47734916666667,1,7,12,0,0,0,0,0,0,0,3,1,0,0.024436678334501295,0,0,1,0,0,690,0,0,1,0,0,0,1,12,31,0.0,0.003239501295611816,0.05238866511518535,0,0,0,0,0,0,0,0,0,0.0030394824043174333,0,2,1.0460513777061518,0,0,4,8,318.0686699378309,30.42500051337176,0.0,0.0,0.0,0.0,636.1373398756618,0.0,167.81034074267095,1.0,86.0,0.6,0.0,0.0,106.0,667.5610445763265
9.231357222222222,45.47734916666667,1,8,12,0,0,0,0,0,0,0,0,1,0,0.06465106490697843,0,0,0,0,9,655,0,0,1,0,0,0,1,13,30,0.0,0.04323265736346115,0.024847171861174938,0,0,0,0,0,0,0,0,0,0.004822870467357615,0,2,1.0539094434308571,0,0,4,8,51.42218949611413,30.42500051337176,0.0,0.0,0.0,0.0,1439.8213058911956,0.0,125.25359379966426,1.0,86.0,0.6,0.0,0.0,106.0,669.9278125833848
9.232022777777777,45.47734916666667,1,9,12,0,0,0,0,0,0,0,0,1,0,0.1384743216274906,0,0,1,0,23,607,0,0,1,0,0,0,1,10,30,0.0,0.008285294371273576,0.031443105970575654,0,0,0,0,0,0,0,0,0,0.005300432460038291,0,2,0.45302203266297675,0,0,0,7,86.29510326130347,30.42500051337176,0.0,0.0,0.0,341.28907518590734,1553.3118587034623,0.0,147.29325380605735,1.0,86.0,0.6,0.0,0.0,106.0,668.1147098920414
9.232688333333332,45.47734916666667,1,10,12,0,0,0,0,0,0,0,0,1,0,0.22631910767282076,0,0,1,0,1,521,0,0,1,0,0,0,2,7,30,0.0,0.0,0.05076841414345129,0,0,0,0,0,0,0,0,0,0.008661987522970106,0,2,0.061745584570748156,0,0,0,4,214.66425715614776,30.42500051337176,0.0,0.0,0.0,341.28907518590734,1287.9855429368865,0.0,206.27390517264433,1.0,86.0,0.6,0.0,0.0,106.0,667.6263518915108
9.233353888888889,45.47734916666667,1,11,12,0,0,0,0,0,0,0,0,1,0,0.3260799380775664,0,0,1,0,0,442,0,0,1,0,0,0,2,6,30,0.0,0.0,0.06507601523445757,0,0,0,0,0,0,0,0,1,0.012915924284868348,0,2,0.21411266447996863,0,0,0,4,214.66425715614776,30.42500051337176,0.0,0.0,79.00171585476558,341.28907518590734,1287.9855429368865,0.0,288.5512367198207,1.0,86.0,0.6,0.0,0.0,106.0,666.4389769455192
9.234019444444444,45.47734916666667,1,12,12,0,1,0,0,0,0,0,4,0,0,0.4391442943298996,0,0,0,0,0,389,0,0,1,0,0,0,2,6,29,0.0,0.049513516367515144,0.07500655307621551,0,0,0,0,0,0,0,0,1,0.017340114197033234,0,1,1.3572796923804995,0,4,0,0,47.204638522574484,50.0,1.0,7.742620763046356,79.00171585476558,341.28907518590734,2116.466112752805,0.0,233.91362448837697,1.0,86.0,0.6,0.0,0.0,106.0,663.291196378321
9.234684999999999,45.47734916666667,1,13,12,0,1,0,0,0,0,0,4,0,1,0.5461456264466228,0,0,0,0,1,293,0,0,1,0,0,1,1,6,29,0.10550161867976797,0.06505719728106601,0.08099882128847262,0,0,1,0,0,0,0,0,1,0.01903710150106273,0,2,1.5503901338193031,0,8,0,0,18.90172445677024,31.816964167170216,1.6233077883711624,79.00171585476558,85.19250300307222,66.83639219893303,1082.0887518356117,124.22679536999887,385.97317841877424,1.0,86.0,0.6,0.0,0.0,106.0,662.4912604652343
9.235350555555554,45.47734916666667,1,14,12,0,0,0,0,0,0,0,0,0,1,0.5987358838771023,0,0,0,0,0,224,0,0,1,0,0,0,1,6,28,0.0,0.038469008616424716,0.08355001344969579,0,0,0,0,0,0,0,0,1,0.019385617653851654,0,1,1.3359082846923915,4,6,0,0,31.4434516888698,35.34202147482145,1.5842936908834226,77.44988224002586,85.19250300307222,227.7977334089325,761.3245438216417,261.7463830487754,385.97317841877424,1.0,86.0,0.6,0.0,0.0,106.0,664.7620214063398
9.23601611111111,45.47734916666667,1,15,12,0,0,0,0,0,0,0,0,0,1,0.6192789868918454,0,0,0,0,0,107,0,0,1,0,0,0,2,6,26,0.0,0.0,0.07637134722302784,0,0,0,0,0,0,0,0,1,0.019843167310198234,0,1,0.6080390400554904,0,0,0,0,27.14188539056553,30.42500051337176,0.0,0.0,77.44988224002586,0.0,0.0,0.0,340.0782205493417,1.0,86.0,0.6,0.0,0.0,106.0,665.7854431450885
9.236681666666666,45.47734916666667,1,16,12,0,0,0,0,0,0,0,0,0,1,0.6133141691148559,0,0,0,0,0,67,0,0,0,0,0,0,0,5,21,0.0,0.0,0.07222117165118538,0,0,0,0,0,0,0,0,1,0.0181427536907534,0,1,0.02489143110170568,4,4,0,0,93.59409901025313,30.42500051337176,0.0,0.0,77.44988224002586,1533.0640361414708,1871.8819802050627,0.0,261.7463830487754,1.0,86.0,0.6,0.0,0.0,106.0,667.4621542854212
9.23734722222222,45.47734916666667,1,17,12,0,0,0,0,0,0,0,0,0,1,0.5794154464715988,1,0,0,0,0,56,0,0,0,0,0,0,0,5,18,0.0,0.0,0.06454058256604635,0,0,0,0,0,0,0,0,0,0.014609780472995102,0,0,0.003273462189170111,0,0,0,0,27.14188539056553,30.42500051337176,0.0,0.0,0.0,0.0,0.0,0.0,0.0,1.0,86.0,0.6,0.0,0.0,106.0,670.1719939538079
9.226032777777778,45.477807500000004,1,0,13,0,0,0,0,0,0,0,0,0,0,0.0,0,0,0,0,3,421,0,0,1,1,1,0,2,10,23,0.8206090321505338,0.7949389113015493,0.12443581953645354,0,0,0,0,0,0,0,0,0,0.009132195248992015,0,2,1.1688346498108388,0,4,0,4,11.77910320264525,30.42500051337176,0.0,0.0,0.0,0.0,471.16412810580994,0.0,99.742223922256,1.0,86.0,0.6,0.0,0.0,106.0,668.4646956412406
9.226698333333333,45.477807500000004,1,1,13,0,0,0,0,0,0,0,0,0,0,0.0,0,0,1,0,3,501,0,0,1,1,1,0,5,11,26,0.9963213613886736,0.8121740731032718,0.12596108161906303,0,0,0,0,0,0,0,0,0,0.00879010930622362,0,2,1.006872062453529,0,0,0,6,16.445534037308512,20.0,1.0,0.0,0.0,67.14460298108924,450.5198935319594,92.18272969922151,322.30804413542904,1.0,86.0,0.6,0.0,0.0,106.0,668.7570072691686
9.227363888888888,45.477807500000004,1,2,13,0,0,0,1,0,0,0,0,0,0,0.0,0,1,1,0,12,612,0,0,1,0,1,0,5,11,27,0.23755782045810406,0.3921179813217985,0.13245686381639615,0,0,1,1,0,0,0,0,0,0.0070816702421163105,0,1,1.0057267187112742,0,0,0,11,7.107445134883156,20.0,1.0,0.0,0.0,189.22176810919635,895.3000949613859,99.742223922256,641.9807702068318,1.0,86.0,0.6,0.0,0.0,106.0,666.8725243574997
9.228029444444445,45.477807500000004,1,3,13,0,0,0,1,0,0,0,0,0,0,0.004926260071947062,0,1,1,0,26,692,0,0,1,0,0,1,4,12,28,0.11312201561417935,0.11313271965605286,0.13002053310894723,0,0,1,0,0,0,0,0,0,0.006372487420080242,0,0,1.0961151988284312,0,0,0,12,8.197190270819288,25.265554147042806,1.711709527980915,0.0,0.0,264.3989723575536,867.8071162860056,132.25009675394756,1076.5699008482434,1.0,86.0,0.6,0.0,0.0,106.0,663.3313550055848
9.228695,45.477807500000004,1,4,13,0,0,0,1,0,0,0,0,0,0,0.0179113377135572,0,0,1,0,18,714,0,0,1,0,0,0,4,12,31,0.04172875210324884,0.06951719019902768,0.11940420605835593,0,0,0,1,0,0,0,0,0,0.004342699940449518,0,0,1.291599087170036,0,0,2,12,5.7222808609298506,20.948569761869905,1.5218202767588602,0.0,0.0,67.59606061084749,606.1091075420121,154.95424696165784,1234.6631936925196,1.0,86.0,0.6,0.0,0.0,106.0,663.9965612882258
9.229360555555555,45.477807500000004,1,5,13,0,0,0,0,0,0,0,0,1,0,0.03462901485442732,0,0,1,0,16,731,0,0,1,0,0,0,3,12,32,0.0,0.0,0.09951541669541342,0,0,0,0,0,0,0,0,0,0.0037365008899954994,0,0,1.0326894202413077,0,0,4,10,11.84706081452717,21.457636924489535,1.542438786498849,0.0,0.0,0.0,53.464526638502534,242.71199372467672,966.0617499871591,1.0,86.0,0.6,0.0,0.0,106.0,662.8121244299812
9.23002611111111,45.477807500000004,1,6,13,0,0,0,0,0,0,0,1,1,0,0.04989638975708667,0,1,1,0,23,758,0,0,1,0,0,0,2,12,32,0.0,0.0,0.08149101347974755,0,0,0,1,0,0,0,0,0,0.002963082320565081,0,0,1.3196422158305818,0,4,4,8,61.21629751672839,40.39514058916815,1.5,0.0,0.0,0.0,509.81909202445524,49.014230683613135,830.1114568400177,1.0,86.0,0.6,0.0,0.0,106.0,661.7131296278637
9.230691666666667,45.477807500000004,1,7,13,0,0,0,0,0,0,0,0,1,0,0.06171172799882871,0,0,1,0,0,745,0,0,1,0,0,0,1,13,32,0.0,0.0880228698642408,0.056753162603729375,0,0,0,0,0,0,0,0,0,0.006928224501324576,0,0,1.2657644579029204,0,0,4,8,27.14188539056553,30.42500051337176,0.0,0.0,0.0,0.0,0.0,0.0,388.0876444316433,1.0,86.0,0.6,0.0,0.0,106.0,666.9576586449436
9.231357222222222,45.477807500000004,1,8,13,0,0,0,0,0,0,0,0,1,0,0.10738115156927683,0,0,0,0,8,700,0,0,1,1,1,0,1,12,32,0.31004753622101644,0.16293467120948038,0.024126236755028726,0,0,0,0,0,0,0,0,0,0.012268974759826424,0,1,0.8458881696640091,0,0,2,8,17.052575591886356,30.42500051337176,0.0,0.0,0.0,56.74061652399658,341.0515118377271,0.0,323.0092998550747,1.0,86.0,0.6,0.0,0.0,106.0,667.816128722477
9.232022777777777,45.477807500000004,1,9,13,0,0,0,0,0,0,0,0,1,0,0.18537603934415553,0,0,0,0,2,629,0,0,1,0,0,0,1,11,31,0.0132987609422855,0.11497276362564308,0.02328599290859339,0,0,0,0,0,0,0,0,0,0.016876207206053057,0,1,0.40470707924411364,0,0,0,8,18.501743772353564,30.42500051337176,0.0,0.0,0.0,0.0,185.01743772353564,0.0,319.8433641315617,1.0,86.0,0.6,0.0,0.0,106.0,667.81582488614
9.232688333333332,45.477807500000004,1,10,13,0,0,0,0,0,0,0,0,1,0,0.2732033430964658,0,0,0,0,0,561,0,0,1,0,0,0,1,9,30,0.0,0.0,0.03543440093349872,0,0,0,0,0,0,0,0,0,0.02132948954909953,0,2,0.001018805025287668,0,0,0,6,27.14188539056553,30.42500051337176,0.0,0.0,0.0,0.0,0.0,0.0,450.6844952860457,1.0,86.0,0.6,0.0,0.0,106.0,666.1759817755456
9.233353888888889,45.477807500000004,1,11,13,0,0,0,0,0,0,0,0,1,0,0.36324174779864066,0,0,0,0,0,480,0,0,1,0,0,0,2,8,30,0.0,0.0,0.046656233970211757,0,0,0,0,0,0,0,0,0,0.023803231734598782,0,1,0.0015117338236518424,0,0,0,4,27.14188539056553,30.42500051337176,0.0,0.0,79.00171585476558,0.0,0.0,0.0,450.3969374726777,1.0,86.0,0.6,0.0,0.0,106.0,666.0042671397871
9.234019444444444,45.477807500000004,1,12,13,0,1,0,0,0,0,4,4,1,0,0.4583235395485572,0,0,0,0,1,440,0,0,1,0,0,0,1,7,30,0.0,0.0,0.05667474252498455,0,0,0,0,0,0,0,0,1,0.027043572243175808,0,1,0.9127670332420884,0,0,0,2,40.066501664451714,27.866327564513785,1.7436792576799185,0.0,79.00171585476558,0.0,865.2289882927789,16.23404832515872,326.65157650550526,1.0,86.0,0.6,0.0,0.0,106.0,663.9188714616439
9.234684999999999,45.477807500000004,1,13,13,0,1,0,0,0,0,4,4,0,1,0.5489120547728563,0,0,0,0,0,342,0,0,1,0,0,0,2,7,29,0.0,0.0018763419899409794,0.06304430669007303,0,1,1,0,0,0,0,0,1,0.028929139488569688,0,1,1.8921486610612555,0,0,0,2,27.848272660393597,28.18035700060426,1.7479693460453951,0.0,92.79864634558511,167.15711739596486,934.0075657249575,124.22679536999887,527.6045503568471,1.0,86.0,0.6,0.0,0.0,106.0,663.7758151416365
9.235350555555554,45.477807500000004,1,14,13,0,0,0,0,0,0,0,1,0,1,0.6017775235226874,0,0,0,0,0,259,0,0,1,0,0,0,2,7,28,0.0,0.0,0.06559106978707015,0,0,1,0,0,0,0,0,1,0.028106496090930744,0,1,1.1874547193055938,4,4,0,1,28.240730538025932,30.42500051337176,0.0,0.0,152.8025953679204,364.2820617208482,790.7404550647261,0.0,385.97317841877424,1.0,86.0,0.6,0.0,0.0,106.0,666.5640660724981
9.23601611111111,45.477807500000004,1,15,13,0,0,0,0,0,0,0,0,0,1,0.6229177718483768,0,0,0,0,0,198,0,0,1,0,0,0,2,7,27,0.0,0.0,0.05807742156291148,0,0,0,0,0,0,0,0,1,0.02699368438522744,0,0,0.6876851277531011,0,0,0,0,27.14188539056553,30.42500051337176,0.0,0.0,329.1395978621065,0.0,0.0,0.0,340.0782205493417,1.0,86.0,0.6,0.0,0.0,106.0,666.81650199898
9.236681666666666,45.477807500000004,1,16,13,0,0,0,0,0,0,0,0,0,1,0.6173341173263394,0,0,0,0,0,105,0,0,0,0,0,0,1,5,20,0.0,0.0,0.051366415287276514,0,0,0,0,0,0,0,0,1,0.024862780582415273,0,0,0.008516196859717978,0,0,0,0,122.41127248285399,30.42500051337176,0.0,0.0,184.0796232572324,492.5234012643267,734.467634897124,0.0,0.0,1.0,86.0,0.6,0.0,0.0,106.0,668.6666930669014
9.23734722222222,45.477807500000004,1,17,13,0,0,0,0,0,0,0,0,0,1,0.5835066307961561,1,0,0,0,0,53,0,0,0,0,0,0,1,4,17,0.0,0.0,0.04310060374721679,0,0,0,0,0,0,0,0,0,0.023295981993755148,0,0,0.0023652105793192336,0,0,0,0,27.14188539056553,30.42500051337176,0.0,0.0,184.0796232572324,0.0,0.0,0.0,0.0,1.0,86.0,0.6,0.0,0.0,106.0,669.1908016235153
9.226032777777778,45.47826583333334,1,0,14,0,0,0,0,0,0,0,0,0,0,0.0,0,0,0,0,1,446,0,0,1,1,1,0,2,11,23,0.8098281472322251,0.843043677516872,0.12523210221620681,0,0,0,0,0,0,0,0,1,0.01492909073447304,0,1,1.1688346498108388,0,0,4,4,19.06446470706555,30.42500051337176,0.0,0.0,0.0,0.0,266.9025058989177,0.0,195.02286802450456,1.0,86.0,0.6,0.0,0.0,106.0,668.272990638995
9.226698333333333,45.47826583333334,1,1,14,0,0,0,0,0,0,0,0,0,0,0.0,0,0,1,0,3,525,0,0,1,1,1,0,3,12,26,1.0,0.8135908236692835,0.1244355448622367,0,0,1,0,0,0,0,0,0,0.015433027512038483,0,1,0.4416371145673046,0,0,4,6,16.697095270882475,35.603936039164864,1.0,0.0,0.0,0.0,359.3511272659707,7.984968693443657,369.4621573740068,1.0,86.0,0.6,0.0,0.0,106.0,667.9731624973869
9.227363888888888,45.47826583333334,1,2,14,0,0,0,1,0,0,0,0,0,0,0.0033293370838191586,0,1,1,0,10,623,0,0,1,0,1,0,3,13,27,0.256671694632625,0.37292450528409243,0.1283058371644468,0,0,1,1,0,0,0,0,0,0.015224797249006083,0,1,0.6867637167429148,0,0,2,12,7.054383233162328,36.32259501087156,1.0,0.0,0.0,214.98623256447752,574.8857630481727,95.28064410224856,570.2159444600801,1.0,86.0,0.6,0.0,0.0,106.0,666.3821426967619
9.228029444444445,45.47826583333334,1,3,14,0,0,0,1,0,0,0,0,0,0,0.0190570074525031,0,1,1,0,24,723,0,0,1,0,0,1,4,13,29,0.19600281815297504,0.0831420810967953,0.1255695301886138,0,0,0,0,0,1,0,0,0,0.017165086266653272,0,0,0.8743689000653555,0,0,0,12,7.653270471613013,27.161102278360573,1.735184540811449,0.0,0.0,64.89911802378603,548.148484969653,64.11315275938796,1121.0259621879763,1.0,86.0,0.6,0.0,0.0,106.0,662.1334334187964
9.228695,45.47826583333334,1,4,14,0,0,0,1,0,0,0,0,1,0,0.04245550153222959,0,1,1,0,21,766,0,0,1,0,0,0,4,12,32,0.09190421230897622,0.07054089105520607,0.12016539463035338,0,0,1,0,0,0,0,0,0,0.015670526388602155,0,1,0.9443677573196275,0,0,2,12,3.9444475435177324,26.534190340184544,1.1137802359964306,0.0,0.0,126.30984853623796,468.59952150207494,119.12316248206727,1302.5301619417678,1.0,86.0,0.6,0.0,0.0,106.0,662.6029618637908
9.229360555555555,45.47826583333334,1,5,14,0,0,0,1,0,0,0,0,1,0,0.06686515203021551,0,0,1,0,12,779,0,0,1,0,0,0,1,11,32,0.0,0.0,0.10641270513293147,0,0,0,0,0,0,0,0,0,0.01447162972853987,0,1,0.912275648363922,0,0,2,10,10.733117570069881,24.67536061598764,1.2843174823043852,0.0,0.0,0.0,43.6521544734497,235.4089023483673,1238.5524317339557,1.0,86.0,0.6,0.0,0.0,106.0,661.6623155012435
9.23002611111111,45.47826583333334,1,6,14,0,0,0,1,0,0,0,0,1,0,0.08916014370870569,0,1,1,0,20,801,0,0,1,0,0,0,2,13,32,0.0,0.0,0.08988341569816963,0,0,0,1,0,0,0,0,0,0.015156904132724747,0,1,1.212853172842265,0,8,5,8,22.200458131554473,37.54930235007477,1.75,0.0,0.0,0.0,559.3092679315226,85.21506449339306,925.6240171791901,1.0,86.0,0.6,0.0,0.0,106.0,658.6568744289551
9.230691666666667,45.47826583333334,1,7,14,0,0,0,1,0,0,0,0,1,0,0.10749609957875032,0,0,1,0,0,765,0,0,1,0,0,0,1,13,32,0.0,0.12238018887593685,0.06141190324800552,0,0,0,0,0,0,0,0,0,0.019266946300983245,0,1,2.0176041422629254,0,0,3,8,21.23540655647303,30.0,2.0,0.0,0.0,0.0,120.58400830985163,134.24087036782473,442.1614525825201,1.0,86.0,0.6,0.0,0.0,106.0,662.8269363796236
9.231357222222222,45.47826583333334,1,8,14,0,0,0,1,0,0,0,0,1,0,0.15973857552761733,0,0,0,0,5,715,0,0,1,1,1,0,1,12,32,0.49480031397866847,0.16582886057113433,0.030322107578890176,0,0,0,0,0,1,0,0,0,0.02893252985918652,0,1,1.4393327168548653,0,4,1,8,20.32149862305395,30.0,2.0,0.0,0.0,0.0,355.5533143077015,172.80564989170125,450.4899061427311,1.0,86.0,0.6,0.0,0.0,106.0,665.460260056147
9.232022777777777,45.47826583333334,1,9,14,0,0,0,0,1,0,0,0,1,0,0.2432904085708282,0,0,0,0,9,673,0,0,0,0,0,0,1,10,32,0.043369133251480424,0.15185164541304175,0.030108368909781642,0,0,0,0,0,1,0,0,0,0.03491491673504072,0,1,1.170589232703428,0,0,0,10,14.170355059738927,30.0,2.0,0.0,0.0,144.53763987493448,598.9178443836298,109.59990860331649,658.5178456026906,1.0,86.0,0.6,0.0,0.0,106.0,661.203313099873
9.232688333333332,45.47826583333334,1,10,14,0,0,0,0,1,0,0,0,1,0,0.33482109033838303,0,0,0,0,2,604,0,0,0,0,0,0,1,9,31,0.0,0.0,0.03310817772805883,0,0,0,0,0,0,0,0,0,0.041281942903693754,0,1,0.8261209175764312,0,4,0,11,18.262087527038037,30.0,2.0,0.0,0.0,269.52451888917506,790.498581689471,122.60579466243074,761.3615336867488,1.0,86.0,0.6,0.0,0.0,106.0,659.7324563857721
9.233353888888889,45.47826583333334,1,11,14,0,0,0,0,0,0,0,0,1,0,0.4203662564011856,0,0,0,0,0,517,0,0,0,0,0,0,1,9,31,0.0,0.0,0.035530710071082265,0,0,0,0,0,0,0,0,0,0.043416096086654546,0,1,0.6133907432785943,0,4,0,7,21.801992469791905,29.556240137826613,1.9485032607176156,0.0,0.0,162.51646336408672,398.018288383832,168.83351583075753,702.3197788893041,1.0,86.0,0.6,0.0,0.0,106.0,667.2106277642081
9.234019444444444,45.47826583333334,1,12,14,0,1,0,0,0,0,0,4,1,0,0.5029264240612881,0,0,0,0,6,454,0,0,1,0,0,0,2,8,30,0.0,0.0,0.04164383203063494,1,1,1,0,0,0,0,0,0,0.04256383172411202,0,2,0.47544785082564384,0,4,0,5,21.92240756836528,30.0,2.0,0.0,0.0,66.86909392264063,1188.1849167261728,127.1595373757442,696.0665469854767,1.0,86.0,0.6,0.0,0.0,106.0,665.1157176753534
9.234684999999999,45.47826583333334,1,13,14,0,1,0,0,0,0,0,4,1,1,0.5792881451660807,0,0,0,0,0,349,0,0,1,0,0,0,2,8,29,0.0,0.0,0.04565972837975125,0,0,0,0,0,0,0,0,2,0.040374337154174204,0,2,0.7823717427789328,0,0,0,5,47.39205275808303,30.42500051337176,0.0,0.0,67.61009236484819,0.0,853.0569496454946,0.0,299.3091245257403,1.0,86.0,0.6,0.0,0.0,106.0,667.4112399495746
9.235350555555554,45.47826583333334,1,14,14,0,0,0,0,0,0,0,0,0,1,0.6074209269920289,0,0,0,0,0,289,0,0,1,0,0,0,2,8,28,0.0,0.047178741371130435,0.04532883749715587,0,0,0,0,0,0,0,0,4,0.03909549342202578,0,2,0.7512658028164094,0,12,0,5,23.426776187912623,30.039812632206953,1.0,7.606143342512904,419.1813502487165,229.25407709020334,1116.8791136772932,0.0,193.1398067097278,1.0,86.0,0.6,0.0,0.0,106.0,667.5334395481921
9.23601611111111,45.47826583333334,1,15,14,0,0,0,0,0,0,0,0,0,1,0.6226532209267974,0,0,0,0,0,229,0,0,1,0,0,0,1,7,25,0.0,0.119235590543436,0.03891156521478688,0,0,0,0,0,0,0,0,5,0.0368120782167154,0,1,0.12689870422461413,0,0,0,2,76.34817125943559,30.42500051337176,0.0,0.0,251.6897156220806,0.0,305.39268503774235,0.0,0.0,1.0,86.0,0.6,0.0,0.0,106.0,667.5366106801537
9.236681666666666,45.47826583333334,1,16,14,0,0,0,0,0,0,0,0,0,1,0.6216582685210483,0,0,0,0,0,162,0,0,1,0,0,0,1,6,19,0.0,0.04374495231294882,0.0338444841917398,0,0,0,0,0,0,0,0,3,0.031620666880879174,0,1,0.02543022875549017,0,4,0,0,42.3012020147573,30.0,2.0,184.0796232572324,251.6897156220806,492.5234012643267,1169.558841215001,0.0,0.0,1.0,86.0,0.6,0.0,0.0,106.0,668.4407042942603
9.23734722222222,45.47826583333334,1,17,14,0,0,0,0,0,0,0,0,0,1,0.5877618278458618,1,0,0,0,0,113,0,0,0,0,0,0,1,5,17,0.0,0.0,0.028595153746156364,0,0,0,0,0,0,0,0,1,0.026148332184766167,0,1,0.0018432675800584448,0,0,0,0,27.14188539056553,30.42500051337176,0.0,0.0,184.0796232572324,0.0,0.0,0.0,0.0,1.0,86.0,0.6,0.0,0.0,106.0,669.1248498146169
9.226032777777778,45.478724166666666,1,0,15,0,0,1,0,1,0,1,2,0,0,0.01610278193082498,0,0,0,0,3,470,0,0,1,1,1,0,1,10,24,0.8144145621854308,0.6567479360882253,0.11798713498924729,0,0,1,0,0,0,0,0,3,0.02571252585160119,0,2,1.0,0,0,4,4,16.775986936274613,30.42500051337176,0.0,0.0,0.0,86.04856967037513,603.9355297058861,0.0,103.35481541911437,1.0,86.0,0.6,0.0,0.0,106.0,662.3609381231602
9.226698333333333,45.478724166666666,1,1,15,0,0,1,0,0,0,0,2,0,0,0.009274213132160253,0,0,1,0,6,543,0,0,1,1,1,0,2,11,25,0.9561336805473121,0.6933804882241345,0.1183225064638603,0,0,1,0,0,0,0,0,2,0.0279915070344036,0,2,0.6393464270827949,0,0,4,8,22.804012572357177,41.83197707708859,1.0,0.0,0.0,104.61463254740971,493.6571312282167,76.44318308071273,332.5622207815548,1.0,86.0,0.6,0.0,0.0,106.0,664.423031162569
9.227363888888888,45.478724166666666,1,2,15,0,0,0,1,0,0,0,0,0,0,0.02473663953067923,0,1,1,0,4,623,0,0,1,0,0,0,3,12,28,0.12784229615683146,0.30353353253966303,0.12502211574373698,0,0,0,0,0,0,0,0,2,0.03067721739849505,0,2,0.6508505360809166,0,0,4,10,17.627107514718436,41.83197707708859,1.0,0.0,0.0,134.4380042531552,364.2345047872482,76.44318308071273,449.08376552149235,1.0,86.0,0.6,0.0,0.0,106.0,665.2267683382044
9.228029444444445,45.478724166666666,1,3,15,0,0,0,1,0,0,0,0,0,0,0.05255439594370993,0,0,1,0,0,697,0,0,1,0,0,0,3,12,31,0.0,0.03386738240701823,0.12502211574373698,0,0,0,0,0,0,0,0,0,0.03284439821662362,0,2,0.602716836658111,0,0,2,12,7.849999090359736,28.357807448745792,1.7503935713425463,0.0,0.0,142.06665162048665,322.4429316731462,148.557013748438,878.6549285407,1.0,86.0,0.6,0.0,0.0,106.0,663.8055153403258
9.228695,45.478724166666666,1,4,15,0,0,0,1,0,0,0,0,1,0,0.08496082823942963,0,0,1,0,13,743,0,0,1,0,0,0,2,12,31,0.0,0.02631250471959073,0.11903265902590081,0,0,0,1,0,0,0,0,0,0.03375185466708348,0,1,0.7302137050039175,0,0,3,12,4.431013179948899,25.587849156319052,1.5379608695525646,0.0,0.0,13.940567844958316,220.91951213847494,217.75079267646603,971.83797264964,1.0,86.0,0.6,0.0,0.0,106.0,661.7220496455986
9.229360555555555,45.478724166666666,1,5,15,0,0,0,1,0,0,0,5,1,0,0.11495121963152682,0,0,1,0,14,778,0,0,1,0,0,0,1,13,31,0.0,0.0,0.10512462792468523,0,0,0,1,0,0,0,0,0,0.03786845611970101,0,1,0.7146549114134617,0,0,4,12,4.344266708884541,25.640327894747976,1.3939850691449345,0.0,0.0,0.7785217669180936,392.5252436260637,228.70489574442564,944.1974826525957,1.0,86.0,0.6,0.0,0.0,106.0,660.1058827358299
9.23002611111111,45.478724166666666,1,6,15,0,0,0,1,0,0,3,6,1,0,0.1405927832069501,0,1,1,0,17,808,0,0,1,0,0,0,2,11,32,0.0,0.0,0.09227234242005558,0,0,0,1,0,0,0,0,0,0.035936486023865,0,1,0.6983469187732605,0,12,4,10,13.633308408043886,38.831312176987694,1.7272727272727273,0.0,0.0,0.0,851.9130642662815,92.77023433712876,942.5033844702284,1.0,86.0,0.6,0.0,0.0,106.0,659.5925858266502
9.230691666666667,45.478724166666666,1,7,15,0,0,0,1,0,0,0,3,1,0,0.1620990075991047,0,0,1,0,19,792,0,0,1,0,0,0,1,10,32,0.0,0.024881115686356568,0.0675034937785538,0,0,0,0,0,0,0,0,0,0.03623468221008861,0,2,0.6074514872080132,0,0,4,8,20.237898038371604,30.0,2.0,0.0,0.0,0.0,270.5170903996074,134.24087036782473,483.1333403662006,1.0,86.0,0.6,0.0,0.0,106.0,661.3152937379812
9.231357222222222,45.478724166666666,1,8,15,0,0,0,1,0,0,0,0,1,0,0.21994877446020247,0,0,0,1,21,748,0,0,1,0,0,0,1,12,32,0.013655814459816385,0.08944349533947162,0.03796232517488404,0,0,0,0,0,0,0,0,0,0.04553659145326006,0,1,0.783485765554722,0,8,4,9,17.48711195265723,30.0,2.0,0.0,0.0,16.67999145900041,367.9962491226526,261.5397811730077,532.3290168965499,1.0,86.0,0.6,0.0,0.0,106.0,665.8407304590543
9.232022777777777,45.478724166666666,1,9,15,0,0,0,1,1,0,0,0,1,0,0.30697328626048875,0,0,0,1,7,698,0,0,1,0,0,0,1,8,32,0.0,0.04297220292224899,0.03506340316289399,0,0,0,0,0,0,0,0,0,0.056648757735383186,0,1,0.8775663857201119,0,4,0,12,23.031208524452627,30.0,2.0,0.0,0.0,0.0,401.92746440500105,196.88395723076718,796.2504285081216,1.0,86.0,0.6,0.0,0.0,106.0,660.713575220388
9.232688333333332,45.478724166666666,1,10,15,0,0,0,0,0,0,0,0,1,0,0.3959158770540741,0,0,0,1,1,621,0,0,0,0,0,0,1,8,32,0.0,0.0,0.03353528714336242,0,0,0,0,0,0,0,0,0,0.06460011796010688,0,2,0.8261209175764312,0,8,0,13,16.880081557900294,29.23602450545693,1.8597505835239534,0.0,0.0,0.0,446.92575837429706,295.7978301733157,851.6064445269485,1.0,86.0,0.6,0.0,0.0,106.0,664.2742745166001
9.233353888888889,45.478724166666666,1,11,15,0,0,0,0,0,0,0,0,1,0,0.4806089775526501,0,0,0,1,0,536,0,0,0,0,0,0,1,8,31,0.0,0.0,0.03263034764189121,0,0,0,0,0,0,0,0,0,0.0667658978171892,0,3,1.2548594669944624,0,4,0,12,14.348327109051343,29.315320827839077,1.8543432626994136,0.0,0.0,39.54392740671503,531.3468975490906,415.64269164829807,781.3972234274589,1.0,86.0,0.6,0.0,0.0,106.0,667.9496998380541
9.234019444444444,45.478724166666666,1,12,15,0,1,0,0,0,0,0,2,1,0,0.553610144245353,0,0,0,1,9,451,0,0,0,0,0,0,1,8,31,0.0,0.0,0.035115637431980117,0,0,1,0,0,0,0,0,1,0.06314577580562031,0,2,1.3217702184740374,0,4,0,9,19.243017740761292,30.0,2.0,0.0,0.0,0.0,1243.8659053967403,141.63137193807282,592.7198702859876,1.0,86.0,0.6,0.0,0.0,106.0,665.2835243860887
9.234684999999999,45.478724166666666,1,13,15,0,1,0,0,0,0,0,2,1,1,0.6193091460452481,0,0,0,0,0,358,0,0,1,0,0,0,1,7,28,0.0,0.007336149705150687,0.03587818356482935,0,0,0,0,0,0,0,0,4,0.057232413537589816,0,2,1.2971284106990708,0,8,0,9,23.52513214969842,30.0,2.0,0.0,235.10172699148404,0.0,1067.6842443237986,14.471834562328617,229.4424941950099,1.0,86.0,0.6,0.0,0.0,106.0,667.2657758074694
9.235350555555554,45.478724166666666,1,14,15,0,0,0,0,1,0,0,0,1,1,0.6339562312151339,0,0,1,0,0,304,0,0,1,0,1,0,1,7,27,0.1799399135317153,0.19291881390264484,0.03400139046354244,0,0,0,0,0,0,0,0,8,0.05359403727356927,0,3,0.9204519302102678,4,16,0,9,26.747527176416405,30.154682493770018,1.0,67.61009236484819,419.1813502487165,437.1570520764984,1938.4544458663825,0.0,68.91301133972891,1.0,86.0,0.6,0.0,0.0,106.0,662.8760773727511
9.23601611111111,45.478724166666666,1,15,15,0,0,0,0,0,0,0,0,0,1,0.6267551276838039,0,0,1,0,0,233,0,0,1,1,1,0,1,7,23,0.657998964094547,0.25052942950028334,0.024427273597123142,0,0,0,0,0,0,0,0,10,0.049669391556951846,0,3,0.6865252788665693,0,0,0,7,27.043420771479227,30.42500051337176,0.0,0.0,463.41661247996615,68.11946825528827,865.3894646873352,0.0,136.3050308610955,1.0,86.0,0.6,0.0,0.0,106.0,667.1044458979729
9.236681666666666,45.478724166666666,1,16,15,0,0,0,0,0,0,0,0,0,1,0.6095612846200158,0,0,0,0,0,183,0,0,1,0,1,0,1,4,19,0.1608411977632132,0.14806013528678957,0.02177493286408643,0,0,0,0,0,0,0,0,9,0.04605674158548117,0,2,0.13513897224502489,0,8,0,6,35.0399158188513,30.0,2.0,184.0796232572324,621.9841016590278,197.79924601192738,1918.3153258738453,0.0,154.0308715433036,1.0,86.0,0.6,0.0,0.0,106.0,667.9306804073508
9.23734722222222,45.478724166666666,1,17,15,0,0,0,0,0,0,0,0,0,1,0.5878662966612523,1,0,0,0,0,153,0,0,1,0,0,0,1,4,17,0.0,0.00422774196277523,0.01946249335133633,0,0,0,0,0,0,0,0,6,0.03864104550270255,0,2,0.05419474669083294,0,0,0,0,27.14188539056553,30.42500051337176,0.0,0.0,228.31488548848208,0.0,0.0,0.0,154.0308715433036,1.0,86.0,0.6,0.0,0.0,106.0,669.9638312488297
9.226032777777778,45.4791825,1,0,16,0,0,1,0,1,0,2,4,0,0,0.08193890078578882,0,0,0,0,4,482,0,0,1,1,1,0,1,9,23,0.369681863690008,0.3160224943960741,0.1166379775353075,0,0,1,0,0,1,0,0,6,0.03522341197363118,0,2,1.3955232103817232,0,20,4,6,9.673940646768282,48.53736272717676,1.0,0.0,0.0,94.34737921720114,853.1464838882898,0.0,133.683823636672,1.0,86.0,0.6,0.0,0.0,106.0,661.3940202566025
9.226698333333333,45.4791825,1,1,16,0,0,1,0,1,0,2,2,0,0,0.07964828513772082,0,0,1,0,16,572,0,0,1,1,1,0,2,10,26,0.4313915698369681,0.35907735354116377,0.11674565694380715,0,0,1,0,0,0,0,0,5,0.038891741393878215,0,2,1.3892072546334542,4,12,4,10,16.79625154116674,35.87550389734199,1.0,0.0,0.0,90.7949932563022,1375.491740391461,84.51735439757856,394.95646983577376,1.0,86.0,0.6,0.0,0.0,106.0,659.3101909543159
9.227363888888888,45.4791825,1,2,16,0,0,0,1,0,0,1,2,0,0,0.09519578403189433,0,0,1,0,29,635,0,0,1,0,0,0,3,11,26,0.04761759328562666,0.13809616237198286,0.12238796964966121,0,0,0,0,0,0,0,0,2,0.04523055132353768,0,2,2.02897087676148,4,12,4,10,29.796318339144868,28.054894295846275,1.6005500185528796,0.0,0.0,157.02345256382156,1072.4535542745346,165.167746011581,451.84802617937123,1.0,86.0,0.6,0.0,0.0,106.0,663.4018569280731
9.228029444444445,45.4791825,1,3,16,0,0,0,1,0,0,0,0,1,0,0.12898121938925014,0,0,1,0,27,694,0,0,1,0,0,0,3,11,31,0.0,0.0,0.12330931325338276,0,0,0,0,0,0,0,0,0,0.0543019260203196,0,3,2.3175334852784593,0,0,3,10,27.10766768151177,32.52575849139837,1.3906293009306914,0.0,0.0,262.1714297901688,818.1427210759682,91.66545740484058,856.4167312313989,1.0,86.0,0.6,0.0,0.0,106.0,660.1866280389017
9.228695,45.4791825,1,4,16,0,0,0,1,0,0,0,1,1,0,0.16990661958417622,0,0,1,0,26,749,0,0,1,0,0,0,3,12,31,0.0,0.0,0.11398908162044016,0,0,0,0,0,0,0,0,0,0.0595841956885123,0,1,1.2283592303971098,4,4,4,11,21.28608693742088,26.407421557319484,1.6180259068452971,0.0,0.0,192.40027282614656,740.2253676568951,118.72630985919471,805.3728405689698,1.0,86.0,0.6,0.0,0.0,106.0,659.9533146226561
9.229360555555555,45.4791825,1,5,16,0,0,0,1,0,0,2,6,1,0,0.19877718420476498,0,0,1,0,26,784,0,0,1,0,0,0,1,12,31,0.0,0.0,0.10462110469906867,0,0,0,0,0,0,0,0,0,0.06263055290323714,0,1,1.2513543825792235,0,4,4,12,21.649816413418787,26.860271515727526,1.5820215093589438,0.0,0.0,128.9430349604047,688.6100772924258,165.68890390419025,781.3477063450941,1.0,86.0,0.6,0.0,0.0,106.0,659.2871890594436
9.23002611111111,45.4791825,1,6,16,0,0,0,1,0,0,7,7,1,0,0.22198612371884308,0,1,1,0,18,809,0,0,1,0,0,0,1,11,31,0.0,0.0,0.08854109599594638,0,0,0,1,0,0,0,0,0,0.06217748271433,0,2,0.6299536672766838,8,28,4,10,17.40875440190902,36.65373207346264,1.6010297549206272,0.0,0.0,53.41556948433069,1738.8335223119536,89.98611846729364,660.8363879064162,1.0,86.0,0.6,0.0,0.0,106.0,661.2657667894722
9.230691666666667,45.4791825,1,7,16,0,0,0,1,0,0,1,9,1,0,0.2406284971269198,0,0,1,0,41,785,0,0,1,0,0,0,1,10,32,0.0,0.0,0.06235357971664914,0,0,0,0,0,0,0,0,0,0.06315451425181867,0,2,0.4542285804040654,0,0,4,8,70.62458550433153,34.17894143578194,1.0,0.0,0.0,231.22128469011002,398.6063609046355,0.0,456.9592316080587,1.0,86.0,0.6,0.0,0.0,106.0,662.9437486351462
9.231357222222222,45.4791825,1,8,16,0,0,0,1,0,0,2,3,1,0,0.2941881104406206,0,0,0,1,30,748,0,0,1,0,0,0,1,12,32,0.0,0.0,0.039062619995771874,0,0,0,0,0,0,0,0,0,0.06623280218619315,0,3,1.78245129666723,0,0,4,11,22.04204830676585,33.935029728327905,1.0,0.0,0.0,231.22128469011002,435.21772713033863,0.0,536.9869298246658,1.0,86.0,0.6,0.0,0.0,106.0,662.351336272897
9.232022777777777,45.4791825,1,9,16,0,0,0,1,0,0,0,1,1,0,0.3703899202426431,0,0,0,1,15,671,0,0,1,0,0,0,1,10,32,0.0,0.0,0.03554464268541736,0,0,0,0,0,0,0,0,0,0.08025710590235668,0,1,2.3345401823938725,0,0,0,13,20.478527088585114,33.878756015926285,1.0,0.0,0.0,0.0,397.35372980273803,0.0,932.8033315488005,1.0,86.0,0.6,0.0,0.0,106.0,662.3238837874662
9.232688333333332,45.4791825,1,10,16,0,0,0,0,0,0,0,0,1,0,0.4578157660485943,0,0,0,1,1,617,0,0,1,0,0,0,1,9,32,0.0,0.0,0.032697496914567005,0,0,0,0,0,0,0,0,2,0.09020699569434644,0,3,2.8535272492270938,0,0,0,13,17.821809898098845,28.531596959077852,1.4149582260607139,0.0,0.0,0.0,228.3072000298594,92.48537813591983,893.5094514528769,1.0,86.0,0.6,0.0,0.0,106.0,664.6097438142943
9.233353888888889,45.4791825,1,11,16,0,0,0,0,0,0,0,0,1,0,0.5420353730398798,0,0,0,1,2,539,0,0,0,0,0,0,0,8,30,0.0,0.0,0.03239764518475601,0,0,0,0,0,0,0,1,4,0.09015240776130917,0,3,1.3007100485097256,0,0,2,12,44.17697140179389,29.25667605863389,1.7626733939393744,0.0,0.0,0.0,299.0556061750827,54.36016503926848,720.0782509258811,1.0,86.0,0.6,0.0,0.0,106.0,665.7421429762034
9.234019444444444,45.4791825,1,12,16,0,1,0,0,0,0,2,2,1,0,0.6084761769449096,0,0,0,1,8,449,0,0,1,0,0,0,1,9,29,0.0,0.0,0.03505457343752269,0,0,0,0,0,0,0,1,6,0.08645552431914891,0,2,1.0404406955828958,0,8,2,9,27.43631540510906,30.42500051337176,0.0,0.0,0.0,0.0,823.0894621532718,0.0,721.1979776277747,1.0,86.0,0.6,0.0,0.0,106.0,666.5639727743257
9.234684999999999,45.4791825,1,13,16,0,1,0,0,0,0,2,2,1,1,0.6639469853088574,0,0,0,0,0,392,0,0,1,0,0,0,1,9,28,0.0,0.005496655897492721,0.03780436925339812,0,0,0,0,0,0,0,0,13,0.07920997850334285,1,2,1.9010864286520923,0,0,2,10,36.53942202846383,30.42500051337176,0.0,0.0,235.10172699148404,0.0,511.55190839849365,0.0,426.31191023147187,1.0,86.0,0.6,0.0,0.0,106.0,666.6163274542071
9.235350555555554,45.4791825,1,14,16,0,0,0,0,1,0,0,0,1,1,0.6679444467814482,0,0,1,0,0,340,0,0,1,0,1,0,1,8,24,0.13493723951863462,0.16159561671084563,0.038502631106482055,0,0,0,0,0,1,0,0,19,0.0698309824184297,0,4,0.38358122902741737,0,0,1,11,56.18111812775551,30.505193817888706,1.0,227.49558364897115,463.41661247996615,450.7793394968974,1008.4890151616501,0.0,219.24832882636866,1.0,86.0,0.6,0.0,0.0,106.0,660.9420452224692
9.23601611111111,45.4791825,1,15,16,0,0,0,0,1,0,0,0,0,1,0.6463093568520021,0,1,1,0,0,280,0,0,1,1,1,0,1,8,21,0.34529189995076803,0.25040205598038306,0.028683817102170342,0,0,0,0,0,0,0,0,21,0.06281005353547595,0,3,0.13304104640890002,0,0,0,11,17.38286633210741,30.42500051337176,0.0,0.0,789.4757362856637,0.0,451.95452463479273,0.0,136.3050308610955,1.0,86.0,0.6,0.0,0.0,106.0,662.179770132433
9.236681666666666,45.4791825,1,16,16,0,0,0,0,0,0,0,0,0,1,0.6115820645804763,0,0,1,0,0,215,0,0,1,0,0,0,1,7,18,0.03344419681347965,0.13168048677070193,0.023320659729149294,0,0,0,0,0,0,0,0,17,0.05600573201121832,0,3,0.1435908427539335,0,0,0,11,44.043934773006136,15.0,1.6265395479720088,228.31488548848208,781.8695929431508,197.79924601192738,604.3466486565575,136.3050308610955,154.0308715433036,1.0,86.0,0.6,0.0,0.0,106.0,667.2387758783111
9.23734722222222,45.4791825,1,17,16,0,0,0,0,0,0,0,0,0,1,0.5685838258170294,1,0,1,0,0,170,0,0,1,0,0,0,1,5,16,0.0,5.96783635922178e-05,0.02133058319866601,0,0,0,0,0,0,0,0,11,0.04992991039998991,0,2,0.08470060497440861,0,0,0,6,18.0660060430076,0.0,1.2534975383710703,0.0,554.3740092941796,0.0,6.543174336215229,137.98487400784558,154.0308715433036,1.0,86.0,0.6,0.0,0.0,106.0,669.237501656898
9.226032777777778,45.479640833333335,1,0,17,0,0,0,0,0,0,0,3,0,0,0.16280689664355075,0,0,1,0,0,475,0,0,1,0,0,0,2,9,23,0.0,0.05059945376026218,0.11581919616980274,0,0,0,0,0,0,0,0,10,0.04603176603212174,0,2,1.5787802149365777,0,8,4,6,24.210790623033176,50.0,1.0,0.0,21.683719721864048,0.0,665.3985088890109,0.0,240.19898906859933,1.0,86.0,0.6,0.0,0.0,106.0,664.8237266982501
9.226698333333333,45.479640833333335,1,1,17,0,0,0,0,0,0,1,2,0,0,0.1718718669130549,0,0,1,0,14,574,0,0,1,0,0,0,2,9,25,0.0,0.05889336614347699,0.11529529511368594,1,0,1,0,0,0,0,0,10,0.055882930817576774,0,2,1.7712973382309793,0,4,4,10,22.449434662400424,33.86760410962781,1.0,0.0,121.07358564401646,327.43501106058255,1039.0872405455984,0.0,445.98260890510323,1.0,86.0,0.6,0.0,0.0,106.0,663.0084702906497
9.227363888888888,45.479640833333335,1,2,17,0,0,0,0,0,0,0,2,0,0,0.19837950599932425,0,0,1,0,0,630,0,0,1,0,0,0,2,11,28,0.0,0.013993547642951592,0.11713890814693471,0,0,0,0,0,1,0,0,7,0.06771232621688818,0,2,2.270494466998822,0,4,4,10,29.472277209520247,25.25612425957283,2.084226876767786,0.0,0.0,45.63961970414865,774.9102788047013,184.39106758127403,453.3018808043695,1.0,86.0,0.6,0.0,0.0,106.0,662.3821536433536
9.228029444444445,45.479640833333335,1,3,17,0,0,0,1,0,0,0,0,1,0,0.22652108782650415,0,0,1,0,4,684,0,0,1,0,0,0,2,10,29,0.0,0.0005731759359712942,0.11891082508679723,0,0,0,0,0,0,0,0,1,0.07866554593697413,0,3,2.6291585382085985,0,0,3,10,128.19294580980153,34.629042324268596,1.0,0.0,0.0,0.0,455.1129673526741,0.0,500.6927414981177,1.0,86.0,0.6,0.0,0.0,106.0,662.1224597497685
9.228695,45.479640833333335,1,4,17,0,0,0,1,0,0,0,0,1,0,0.2594405145888313,0,1,1,0,12,718,0,0,1,0,0,0,2,11,30,0.0,0.0,0.10831007599503191,0,0,0,0,0,0,0,0,0,0.08724601739493879,0,1,2.1927864543565465,0,0,4,10,77.16509270235979,34.629042324268596,1.0,0.0,0.0,0.0,508.63407262490466,0.0,628.5761168432947,1.0,86.0,0.6,0.0,0.0,106.0,660.8450158029616
9.229360555555555,45.479640833333335,1,5,17,0,0,0,0,0,0,0,2,1,0,0.2949891877783755,0,0,1,0,13,768,0,0,1,0,0,0,2,11,30,0.0,0.0,0.09635482141715893,0,0,0,0,0,0,0,0,1,0.08962239104608459,0,1,1.028768687891883,0,0,4,8,78.28091675161973,34.629042324268596,1.0,0.0,133.8333756886825,0.0,518.6764890682442,0.0,329.13717910466136,1.0,86.0,0.6,0.0,0.0,106.0,662.5501982995869
9.23002611111111,45.479640833333335,1,6,17,0,0,1,1,0,0,1,5,1,0,0.319142979219748,0,0,1,0,18,792,0,0,1,0,0,0,1,11,30,0.0,0.0,0.07798464986299779,0,0,0,0,0,0,0,0,1,0.09224868300034024,0,3,0.9420133074072817,0,12,4,6,22.128689871230712,39.7821978249041,1.588235294117647,0.0,133.8333756886825,174.33223874544092,930.3800115099232,0.0,165.68890390419025,1.0,86.0,0.6,0.0,0.0,106.0,662.5974295017563
9.230691666666667,45.479640833333335,1,7,17,0,0,0,1,0,0,2,5,1,1,0.33574662468806366,0,0,0,0,14,788,0,0,1,0,0,0,2,11,30,0.0,0.0,0.05576494447996002,0,0,0,0,0,0,0,0,3,0.08774839553237336,0,3,1.2901562250852903,0,0,4,5,48.09995182858678,34.08662627912507,1.0,0.0,165.05643595761993,0.0,178.35934411452564,0.0,197.1813956733705,1.0,86.0,0.6,0.0,0.0,106.0,664.6854657330242
9.231357222222222,45.479640833333335,1,8,17,0,0,0,1,0,0,2,3,1,1,0.37882926980820464,0,0,1,0,8,752,0,0,1,0,0,0,2,10,30,0.0,0.0,0.03971603745712789,0,0,0,0,0,0,0,0,5,0.0925218577102316,0,2,1.5064589799809451,0,0,4,12,18.486452130524185,33.89507431231692,1.0,0.0,0.0,0.0,221.93997707255744,0.0,508.64031638416697,1.0,86.0,0.6,0.0,0.0,106.0,662.8337432496829
9.232022777777777,45.479640833333335,1,9,17,0,0,0,0,0,0,0,1,1,1,0.44410631432840986,0,0,1,1,20,650,0,0,1,0,0,0,2,9,30,0.0,0.0,0.03357043772514967,0,0,0,0,0,0,0,0,7,0.10535948885876222,0,2,1.687316784617099,0,12,0,13,18.099196919718572,23.744067098536284,1.3610851066057816,0.0,0.0,99.67915338906893,676.0708735258683,162.5982475725515,706.3023173580261,1.0,86.0,0.6,0.0,0.0,106.0,663.5083679355698
9.232688333333332,45.479640833333335,1,10,17,0,0,0,0,0,0,0,0,1,0,0.5216594194668055,0,0,0,1,19,582,0,0,1,0,0,0,1,9,31,0.0,0.0,0.033362912742637654,0,0,1,1,0,0,0,0,8,0.10704607215025341,0,3,2.0305669623037508,0,20,1,13,13.012084622401588,30.525010221342857,1.1961648245726386,0.0,0.0,42.49950631988438,908.708743655541,108.09211445017326,731.6652745388146,1.0,86.0,0.6,0.0,0.0,106.0,664.4884282346319
9.233353888888889,45.479640833333335,1,11,17,0,0,0,0,0,0,0,3,1,0,0.604192736970714,0,0,0,1,7,554,0,0,1,0,0,0,1,9,29,0.0,0.0,0.03785776211370801,0,0,0,1,0,0,0,1,8,0.11204412893219416,0,3,0.8299018743710762,0,8,5,12,15.940538055965416,32.17387236765533,1.0,0.0,0.0,0.0,467.0864013596877,41.10859599887067,601.6514181329194,1.0,86.0,0.6,0.0,0.0,106.0,665.4593279293581
9.234019444444444,45.479640833333335,1,12,17,0,1,0,0,0,0,0,9,1,0,0.6651401845305842,0,0,0,0,1,493,0,0,1,0,0,0,2,9,28,0.0,0.0,0.039159026878258334,0,0,0,0,0,0,0,1,14,0.1132948900871661,0,3,1.1414044984013065,0,4,6,10,26.85291113635794,27.877733513206643,1.7438350791481017,0.0,64.33930046953645,0.0,842.7463342747834,16.54682208867051,387.7075540189841,1.0,86.0,0.6,0.0,0.0,106.0,663.8118137944593
9.234684999999999,45.479640833333335,1,13,17,0,1,0,0,0,0,1,5,1,1,0.7108875870393289,0,0,0,0,2,412,0,0,1,0,0,0,2,8,28,0.0,0.0,0.0385553442165529,1,0,0,0,0,0,0,1,26,0.10594393403758433,1,2,0.9019610864390383,0,4,6,11,24.018837106664574,28.197742089724468,1.7482068510687965,0.0,279.9367547188388,0.0,424.5195341101855,151.93255644976426,327.38281722550585,1.0,86.0,0.6,0.0,0.0,106.0,663.3413660990725
9.235350555555554,45.479640833333335,1,14,17,0,0,0,0,0,0,0,0,1,1,0.7041032968687865,0,0,1,0,0,316,0,0,1,0,0,0,2,7,23,0.0,0.02606136509564549,0.03494700011524818,0,0,0,0,0,0,0,0,27,0.09520223363575389,0,3,0.2942397562833348,0,0,5,11,190.41725219942492,30.74083528044433,1.0,167.49163462663586,781.8695929431508,437.1570520764984,784.5946263704889,0.0,343.4288147609638,1.0,86.0,0.6,0.0,0.0,106.0,664.6023637782716
9.23601611111111,45.479640833333335,1,15,17,0,0,0,0,0,0,0,0,0,1,0.6693813244069317,0,0,1,0,0,262,0,0,1,0,0,0,1,6,21,0.0,0.038819500322563295,0.031429325750634396,0,0,0,0,0,0,0,0,27,0.08290423392006895,0,3,0.1957210150302636,0,0,0,13,27.14188539056553,30.42500051337176,0.0,0.0,781.8695929431508,0.0,0.0,0.0,285.06725272393385,1.0,86.0,0.6,0.0,0.0,106.0,665.409185934456
9.236681666666666,45.479640833333335,1,16,17,0,0,0,0,0,0,0,0,0,1,0.620163841573813,0,1,1,0,0,223,0,0,1,0,0,0,1,6,18,0.0,0.0,0.025935471555038635,0,0,0,0,0,0,0,0,27,0.07214154949601877,0,3,0.15270747157990228,4,4,0,14,36.13303773986254,18.0,1.7012316383776072,554.3740092941796,721.8656439208155,119.40520831662705,1332.7710732770272,136.3050308610955,154.0308715433036,1.0,86.0,0.6,0.0,0.0,106.0,666.6040894429452
9.23734722222222,45.479640833333335,1,17,17,0,0,0,0,0,0,0,0,0,1,0.5622776300909548,1,0,1,0,0,205,0,0,1,0,0,0,1,5,15,0.0,0.0,0.020289847581183434,0,0,0,0,0,0,0,0,20,0.06145120365071578,0,2,0.1419859152554279,0,0,0,12,11.008179445750713,0.0,1.2534975383710703,0.0,554.3740092941796,107.91417787242747,478.4731749541943,137.98487400784558,154.0308715433036,1.0,86.0,0.6,0.0,0.0,106.0,668.6644620644116
9.226032777777778,45.48009916666667,1,0,18,0,0,0,0,0,0,0,0,0,0,0.2508967080000303,0,1,1,0,6,445,0,0,1,0,0,0,3,8,21,0.0,0.0,0.11851834065140841,0,0,0,0,0,0,0,0,15,0.06135789614874882,0,2,2.4412887167166684,0,0,5,6,9.929528895786426,28.229047067202888,1.7240276711880307,0.0,121.07358564401646,0.0,821.5306227939507,72.1269778268276,155.6816346710208,1.0,86.0,0.6,0.0,0.0,106.0,666.3954361821478
9.226698333333333,45.48009916666667,1,1,18,0,0,0,0,0,0,0,0,0,0,0.2723896366795731,0,0,1,0,4,558,0,0,1,0,0,0,3,8,25,0.00653256413867127,0.09128592138757431,0.11955153349893187,0,0,0,1,0,0,0,0,13,0.074941333188304,0,2,2.595967357715994,0,0,5,8,6.639265442139308,27.732663258205626,1.6352562125712102,0.0,278.08084912345686,402.5256730566703,1065.1917971815376,76.76185886642337,351.5922801218286,1.0,86.0,0.6,0.0,0.0,106.0,666.3856049778567
9.227363888888888,45.48009916666667,1,2,18,0,0,0,0,0,0,0,0,0,0,0.30584942686672456,0,0,1,0,7,617,0,0,1,0,0,1,3,11,27,0.20793073400459286,0.2157647700467846,0.11740607246652816,0,0,0,0,0,0,0,0,13,0.09032620078097085,0,2,2.283994971011828,0,0,2,10,17.16004600893015,30.87333965856998,2.0572131225404724,0.0,215.7139477035394,0.0,183.74759993824128,125.13322822250139,351.7729580453591,1.0,86.0,0.6,0.0,0.0,106.0,663.64991306348
9.228029444444445,45.48009916666667,1,3,18,0,0,0,0,0,0,0,0,1,0,0.33343577402977237,0,0,1,0,4,674,0,0,1,0,0,0,2,13,27,0.06641812255873265,0.1273328877443118,0.10643037668799565,0,0,0,0,0,1,0,0,8,0.10324420670235955,0,1,3.0147200151896385,0,0,1,10,27.14188539056553,30.42500051337176,0.0,0.0,178.86530483775024,0.0,0.0,0.0,190.23849040595906,1.0,86.0,0.6,0.0,0.0,106.0,663.0311212405616
9.228695,45.48009916666667,1,4,18,0,0,0,0,0,0,0,0,1,0,0.36336932749569095,0,0,1,0,8,719,0,0,0,0,0,0,2,12,29,0.0,0.005839014224938018,0.09621117575639908,0,0,0,0,0,0,0,0,4,0.11254166841754296,0,1,2.0149504236371456,0,0,2,11,27.248210644278128,30.42500051337176,0.0,0.0,17.013390211195578,0.0,108.99284257711251,0.0,171.3261469681524,1.0,86.0,0.6,0.0,0.0,106.0,662.0229037250901
9.229360555555555,45.48009916666667,1,5,18,0,0,0,0,0,0,0,0,1,0,0.39299059013568044,0,0,0,0,7,743,0,0,1,0,0,0,2,11,29,0.0,0.0,0.08160105634318537,0,0,0,0,0,0,0,0,4,0.11894799984115485,0,1,1.37643283801206,0,0,4,10,24.558690647387895,30.42500051337176,0.0,0.0,133.8333756886825,0.0,147.35214388432738,0.0,14.81123541567407,1.0,86.0,0.6,0.0,0.0,106.0,664.106906856304
9.23002611111111,45.48009916666667,1,6,18,0,0,1,0,0,0,0,0,1,0,0.4188846024317402,0,0,0,0,14,765,0,0,1,0,0,0,1,11,29,0.0,0.0026919852124957025,0.06572685003238557,0,0,0,0,0,0,0,0,6,0.11860425059808502,0,3,1.1421507864684006,0,4,4,7,37.183079428711935,41.37330127725543,2.0,133.8333756886825,165.05643595761993,174.33223874544092,711.7713096078697,0.0,84.77032610494413,1.0,86.0,0.6,0.0,0.0,106.0,664.7049265334468
9.230691666666667,45.48009916666667,1,7,18,0,0,1,0,0,0,0,0,1,1,0.4370877212756331,0,0,1,0,4,801,0,0,1,0,0,0,1,10,29,0.0,0.0026919852124957025,0.04935426163903445,0,0,0,0,0,0,0,0,9,0.11685748453689442,0,3,1.0625643371186897,0,0,4,6,27.14188539056553,30.42500051337176,0.0,0.0,455.2151873745548,0.0,0.0,0.0,345.0321564830676,1.0,86.0,0.6,0.0,0.0,106.0,664.4593526899387
9.231357222222222,45.48009916666667,1,8,18,0,0,0,0,0,0,0,0,1,1,0.4711740955241702,0,0,1,0,0,752,0,0,1,0,0,0,2,10,29,0.0,0.0,0.04139110362231942,0,0,0,1,0,0,0,0,14,0.12100187801393149,0,2,2.203521950689746,0,0,2,14,36.74754717605005,14.171902236866622,1.565620051538756,0.0,455.2151873745548,0.0,0.0,73.4950943521001,456.4716228384009,1.0,86.0,0.6,0.0,0.0,106.0,664.8528098267766
9.232022777777777,45.48009916666667,1,9,18,0,0,0,0,0,0,0,0,1,1,0.5258057553613398,0,0,1,0,8,674,0,0,1,0,0,0,2,13,29,0.0,0.0,0.036430161300316066,0,0,0,1,0,0,0,0,20,0.1297926260294702,0,2,3.3532753741439016,0,0,0,13,15.402891927742838,12.615147348634638,1.544352567454944,0.0,289.6520887841432,0.0,0.0,369.6694062658281,545.6408823340645,1.0,86.0,0.6,0.0,0.0,106.0,664.285789706744
9.232688333333332,45.48009916666667,1,10,18,0,0,0,0,0,0,0,0,1,1,0.5922761070473591,0,0,1,0,7,633,0,0,1,0,0,0,1,11,28,0.0,0.0,0.03975165436328173,0,0,0,0,0,0,0,0,19,0.13133558944499768,0,2,2.1283427841152704,0,0,4,13,126.9273262620655,34.169935777274794,1.0,0.0,234.51066134302414,0.0,345.42690664329643,0.0,553.9760591691512,1.0,86.0,0.6,0.0,0.0,106.0,662.288614061632
9.233353888888889,45.48009916666667,1,11,18,0,0,0,0,0,0,3,5,1,1,0.6670609072287309,0,0,0,0,27,560,0,0,1,0,0,0,2,11,28,0.0,0.0,0.037702369307857204,0,0,0,0,0,0,0,1,16,0.13349262965498837,0,4,1.4124952211701471,0,0,9,11,75.4825116518187,34.10978688496061,1.0,0.0,347.7768944164732,345.42690664329643,477.07431895402874,0.0,487.2508981674281,1.0,86.0,0.6,0.0,0.0,106.0,662.2408248102315
9.234019444444444,45.48009916666667,1,12,18,0,1,0,0,0,1,8,10,1,0,0.7217059206849858,0,0,0,0,17,485,0,0,0,0,0,0,2,11,26,0.0,0.001276280292566872,0.03841729670452949,0,0,0,0,0,1,0,1,23,0.1298935043493452,0,3,1.102074990222162,0,8,9,11,20.330951833070703,35.48148115397194,1.25,15.145420593966689,378.5407504737912,99.92085469068056,967.1359215607274,0.0,368.4914132243765,1.0,86.0,0.6,0.0,0.0,106.0,660.9670788684977
9.234684999999999,45.48009916666667,1,13,18,0,1,0,0,0,0,3,11,1,1,0.7578042301806882,0,0,0,0,4,400,0,0,1,0,0,0,2,11,24,0.0,0.010711066180897141,0.036859151311115244,0,0,0,0,0,0,0,0,37,0.12528966571765052,0,2,1.4541044951953739,0,4,9,11,11.226178809137433,28.03582153366345,1.7459947861670566,0.0,580.3023025605571,0.0,357.2011892056352,271.464824106061,327.38281722550585,1.0,86.0,0.6,0.0,0.0,106.0,662.2217281965925
9.235350555555554,45.48009916666667,1,14,18,0,0,0,0,0,0,0,0,1,1,0.7380481866669796,0,0,0,0,0,334,0,0,1,0,0,0,2,9,22,0.0,0.0,0.031080941509466234,0,0,0,0,0,0,0,0,38,0.11585601544988469,0,3,0.2110004547277955,0,0,9,14,67.43583425840289,27.983641302843786,1.6741047375101739,167.49163462663586,730.1139318760714,437.1570520764984,784.5946263704889,59.45125287891886,327.38281722550585,1.0,86.0,0.6,0.0,0.0,106.0,664.8552465700209
9.23601611111111,45.48009916666667,1,15,18,0,0,0,0,0,0,0,0,0,1,0.6908832064910224,0,0,1,0,0,283,0,0,1,0,0,0,2,6,17,0.0,0.0,0.029939265306456006,0,0,0,0,0,0,0,0,31,0.10009922076446912,0,3,0.23556534775601354,0,0,4,14,27.14188539056553,30.42500051337176,0.0,0.0,785.1586352687692,0.0,0.0,0.0,437.54960918397836,1.0,86.0,0.6,0.0,0.0,106.0,665.6900991320618
9.236681666666666,45.48009916666667,1,16,18,0,0,0,0,0,0,0,0,0,1,0.6313425768046523,0,0,1,0,0,248,0,0,1,0,0,0,1,5,17,0.0,0.0,0.02662919898483084,0,0,0,0,0,0,0,0,29,0.08519171953446901,0,3,0.22902129672596536,0,0,1,14,55.954722344672895,30.0,2.0,326.0591238056975,721.8656439208155,284.8510013355194,793.0353230877604,0.0,154.0308715433036,1.0,86.0,0.6,0.0,0.0,106.0,666.4060379085893
9.23734722222222,45.48009916666667,1,17,18,0,0,0,0,0,0,0,0,0,1,0.5620026955221791,1,0,1,0,0,233,0,0,1,0,0,0,1,5,15,0.0,0.0,0.020624744368568173,0,0,0,0,0,0,0,0,25,0.07310488376479268,0,2,0.09080177663112374,0,0,1,14,21.985295551448957,30.42500051337176,0.0,0.0,554.3740092941796,0.0,131.91177330869374,0.0,154.0308715433036,1.0,86.0,0.6,0.0,0.0,106.0,667.7584627577126
9.226032777777778,45.4805575,1,0,19,0,0,0,0,0,0,0,3,0,0,0.34328230710800345,0,0,1,0,2,391,0,0,1,0,0,0,2,7,21,0.0,0.0,0.11367956696613178,0,0,0,0,0,0,0,0,20,0.07544843721489293,0,1,4.214262684945797,0,0,3,6,11.050691832148734,30.42500051337176,0.0,0.0,347.78569989214014,0.0,287.3179876358671,0.0,155.6816346710208,1.0,86.0,0.6,0.0,0.0,106.0,665.47940505235
9.226698333333333,45.4805575,1,1,19,0,0,0,0,0,0,0,0,0,0,0.37340912056327,0,0,1,0,0,483,0,0,1,0,0,0,2,9,21,0.08791163899368824,0.22373490252488124,0.11356999873966851,0,0,0,0,0,0,0,0,22,0.09075376589972052,0,1,3.412413160752354,4,4,3,7,10.11402159803198,30.42500051337176,1.535976483197089,121.07358564401646,373.85267889359915,140.49505989180102,680.7920735513667,47.71215503930311,280.8148628935223,1.0,86.0,0.6,0.0,0.0,106.0,664.5338263481024
9.227363888888888,45.4805575,1,2,19,0,0,0,0,0,0,0,0,0,0,0.41352616295223876,0,0,1,0,21,555,0,1,1,0,0,1,2,9,26,0.9260933677267086,0.3455407130257659,0.10546199721039806,0,0,0,0,0,0,0,0,24,0.10795690108785137,0,1,1.5941420447998291,0,0,2,10,24.087476371200726,30.42500051337176,0.0,0.0,476.13221223386455,53.17645197745178,144.52485822720436,0.0,265.9747141260603,1.0,86.0,0.6,0.0,0.0,106.0,663.6407703280873
9.228029444444445,45.4805575,1,3,19,0,0,0,0,0,0,0,0,1,0,0.4402672485508173,0,0,0,0,6,636,0,1,1,0,0,1,2,12,26,0.23475257760593501,0.2735366292994827,0.09188148007954577,0,0,0,0,0,0,0,0,16,0.1246811146024543,0,1,1.2108218428387871,0,0,1,12,27.14188539056553,30.42500051337176,0.0,0.0,389.8857546998063,0.0,0.0,0.0,125.13322822250139,1.0,86.0,0.6,0.0,0.0,106.0,664.1317611558272
9.228695,45.4805575,1,4,19,0,0,0,0,0,0,0,0,1,0,0.46602115277975503,0,0,0,0,3,680,0,1,0,0,0,0,2,12,27,0.0,0.009251912611831982,0.08418146900898273,0,0,0,0,0,0,0,0,14,0.13566144767692404,0,0,1.1359767297578562,0,0,0,12,27.14188539056553,30.42500051337176,0.0,0.0,406.8991449110018,0.0,0.0,0.0,0.0,1.0,86.0,0.6,0.0,0.0,106.0,665.3875774559272
9.229360555555555,45.4805575,1,5,19,0,0,0,0,0,0,0,0,1,0,0.4923202231216908,0,0,0,0,7,730,0,0,1,0,0,0,2,10,28,0.0,0.0,0.07127363195316577,0,0,0,0,0,0,0,0,10,0.14647095975237973,0,1,0.9437667510840401,0,0,1,10,27.14188539056553,30.42500051337176,0.0,0.0,376.94088220993575,0.0,0.0,0.0,0.0,1.0,86.0,0.6,0.0,0.0,106.0,665.3892758924001
9.23002611111111,45.4805575,1,6,19,0,0,0,0,0,0,0,0,1,0,0.5181458674396331,0,0,1,0,15,730,0,0,1,0,0,0,1,11,29,0.01076794084994674,0.0026919852124957025,0.05390662978024857,0,0,0,0,0,0,0,0,12,0.1478348296762737,0,1,0.8413740962421574,0,4,2,6,23.716910142335543,41.37330127725543,2.0,133.8333756886825,698.322693895808,43.83649936621607,707.7582750058654,0.0,73.4950943521001,1.0,86.0,0.6,0.0,0.0,106.0,663.6605853890763
9.230691666666667,45.4805575,1,7,19,0,0,0,0,0,0,0,0,1,1,0.531872090731223,0,0,1,0,12,749,0,0,1,0,0,0,2,12,29,0.01076794084994674,0.0026919852124957025,0.043796896400140825,0,0,0,0,0,0,0,0,14,0.14539440767862116,0,2,0.9969852197124252,0,8,2,8,26.069034818025173,34.11539081245962,1.4,159.37794581200237,529.1645698879577,482.76115168044805,1013.7286209991303,0.0,205.74589131368987,1.0,86.0,0.6,0.0,0.0,106.0,664.3187725809576
9.231357222222222,45.4805575,1,8,19,0,0,0,0,0,0,0,0,1,1,0.5510621838526368,0,0,1,0,1,685,0,0,1,0,0,0,2,10,29,0.0,0.0,0.03921811482655759,1,0,0,1,0,0,0,0,20,0.15081029968623594,0,2,1.1375933356880525,0,4,0,15,44.19476845923897,20.159679982827015,1.3335619690426816,180.73329579349084,455.2151873745548,307.0249800191964,894.5463806428387,162.17384042236165,443.1645006179282,1.0,86.0,0.6,0.0,0.0,106.0,665.0575158215839
9.232022777777777,45.4805575,1,9,19,0,0,0,0,0,0,0,0,1,1,0.5993508252254764,0,0,1,0,3,664,0,0,1,0,0,0,2,12,27,0.0,0.033272492125393266,0.03741786204721921,0,0,0,1,0,0,0,0,28,0.16010649469817703,0,2,1.5735421480451015,0,0,0,15,49.22150707953582,14.004411380357974,1.5107008568811116,125.59186835237179,534.5371230474079,0.0,554.2557616040795,255.36100455472933,456.4716228384009,1.0,86.0,0.6,0.0,0.0,106.0,665.3287590862834
9.232688333333332,45.4805575,1,10,19,0,0,0,0,0,0,0,0,1,1,0.6665314045692904,0,0,1,0,0,628,0,0,1,0,0,0,2,11,27,0.002382406210332513,0.09713466206109979,0.0413053804080979,0,0,0,0,0,0,0,0,27,0.1587236525217943,0,3,1.4993865969576512,0,4,7,13,64.79994215203652,30.520572725327966,1.0,234.51066134302414,234.51066134302414,0.0,931.8882973936333,0.0,490.10803376452685,1.0,86.0,0.6,0.0,0.0,106.0,663.0497867327648
9.233353888888889,45.4805575,1,11,19,0,0,0,0,0,0,0,5,1,1,0.7316344108674835,0,0,0,0,0,565,0,0,1,0,0,0,2,11,27,0.0,0.052002748599922204,0.04190864111222654,0,0,0,0,0,0,0,0,26,0.15741685945336226,0,4,1.9879192019260554,0,0,9,12,112.17340159776207,30.48402093019491,1.0,108.91879299065234,609.4844954422531,0.0,227.60141180263386,0.0,186.92518544868514,1.0,86.0,0.6,0.0,0.0,106.0,663.8908506331836
9.234019444444444,45.4805575,1,12,19,0,1,0,0,0,0,3,13,1,1,0.7759314685985089,0,0,0,0,4,513,0,0,0,0,0,0,2,11,26,0.0035209467836957394,0.04721955416090117,0.03784411965319786,1,0,0,0,0,0,0,0,31,0.15535911262209587,0,3,2.164054475694505,0,12,9,11,18.140343706871608,38.4711591836803,1.75,113.26623307344903,609.4844954422531,0.0,939.705725007317,0.0,327.38281722550585,1.0,86.0,0.6,0.0,0.0,106.0,663.3665801556514
9.234684999999999,45.4805575,1,13,19,0,1,0,0,0,1,5,10,1,0,0.8003612154022482,0,0,0,0,23,397,0,0,1,0,0,1,2,10,23,0.1789044259111356,0.07104769356034135,0.031068042620479883,0,0,0,0,0,0,0,0,44,0.15011795146368198,0,2,2.5081530707034103,0,16,9,14,6.516130348403626,34.363162347995654,1.648420910707074,113.26623307344903,877.4073094735596,45.3263676655105,624.7200146910195,97.06244397137525,327.38281722550585,1.0,86.0,0.6,0.0,0.0,106.0,661.0457357429113
9.235350555555554,45.4805575,1,14,19,0,0,0,0,0,0,0,8,1,1,0.7679298432754467,0,0,0,0,11,321,0,0,1,0,0,0,1,8,22,0.0,0.060243095532758584,0.029715637006152547,0,0,0,0,0,0,0,0,43,0.13470334742467083,0,3,0.32488815995915893,4,8,11,14,29.25730109815842,27.564829213523755,1.5033454159245065,215.83954916125418,1213.6676684863883,478.89377635224787,1048.614772024695,39.37117103077429,301.2445783228828,1.0,86.0,0.6,0.0,0.0,106.0,664.9307683817564
9.23601611111111,45.4805575,1,15,19,0,0,0,0,0,0,0,4,0,1,0.711512063957805,0,0,0,0,0,288,0,0,1,0,0,0,1,7,17,0.0,0.0,0.029399304713423283,0,0,0,0,0,0,0,0,39,0.12061447519085428,0,3,0.33521370256958793,0,0,8,14,27.14188539056553,30.42500051337176,0.0,0.0,906.9421347358592,0.0,0.0,0.0,156.51369685029408,1.0,86.0,0.6,0.0,0.0,106.0,666.2010308610543
9.236681666666666,45.4805575,1,16,19,0,0,0,0,0,0,0,2,0,1,0.6412949252875536,0,0,1,0,0,249,0,0,1,0,0,0,1,6,17,0.0,0.0,0.0286650045433382,0,0,0,0,0,0,0,0,36,0.10506573996448222,0,2,0.30356588841527193,0,0,2,14,155.1834315200649,30.0,2.0,326.0591238056975,693.9446948057952,284.8510013355194,605.0414653146919,0.0,0.0,1.0,86.0,0.6,0.0,0.0,106.0,666.6141444775403
9.23734722222222,45.4805575,1,17,19,0,0,0,0,0,0,0,0,0,1,0.5609926384092301,1,0,1,0,0,229,0,0,0,0,0,0,0,5,15,0.0,0.0,0.021551686643676238,0,0,0,0,0,0,0,0,30,0.0900273412072817,0,2,0.21363301656718264,0,0,3,14,27.14188539056553,30.42500051337176,0.0,0.0,410.7348029155379,0.0,0.0,0.0,0.0,1.0,86.0,0.6,0.0,0.0,106.0,668.8751372651727
9.226032777777778,45.48101583333334,1,0,20,0,0,0,0,0,1,5,5,0,0,0.43777853590484506,0,0,0,0,0,319,0,0,1,0,0,0,2,7,21,0.0,0.010684976288803874,0.08891973005018296,0,0,0,0,0,0,0,0,25,0.09213109832844352,0,1,3.120858616902004,0,4,2,6,11.89654758026377,36.734976946265434,1.0,22.848610810066234,474.3346627272999,0.0,287.18830862735666,0.0,155.6816346710208,1.0,86.0,0.6,0.0,0.0,106.0,667.1624712715741
9.226698333333333,45.48101583333334,1,1,20,0,0,1,0,0,0,1,4,0,1,0.4744101101064863,0,0,0,0,6,395,0,1,1,0,0,1,2,8,23,0.07912536993977988,0.1400022876627819,0.08529861377389092,0,0,0,0,0,0,0,0,28,0.10936752163357073,0,1,2.99604921937817,4,24,2,6,16.866814637368275,36.71893885039147,1.1533016080441485,319.3514255473023,609.4317296919982,213.84578249791588,1075.0729748319347,0.0,91.15071392491319,1.0,86.0,0.6,0.0,0.0,106.0,665.7611750345852
9.227363888888888,45.48101583333334,1,2,20,0,0,0,0,0,0,0,2,0,1,0.5157120244731254,0,0,0,0,10,474,0,1,1,0,0,1,2,9,24,0.4148250517809132,0.2710705606899215,0.0777809064054978,0,0,0,0,0,0,0,0,33,0.13077261293607714,0,0,0.17657430116280887,0,0,2,10,47.92631804264597,30.42141672900302,1.0,94.64036205952291,638.185065654654,310.60853289323336,432.54913640958273,0.0,106.65111397177274,1.0,86.0,0.6,0.0,0.0,106.0,666.8264602038032
9.228029444444445,45.48101583333334,1,3,20,0,0,0,0,0,0,0,0,1,1,0.5377884444065003,0,0,0,0,5,544,0,1,1,0,0,1,2,10,26,0.11168375084519445,0.16797054054452054,0.07236119838450587,0,0,0,0,0,0,0,0,26,0.1471465518103793,0,0,0.17518779595968756,8,8,2,12,33.25170303247226,30.207921378122883,1.0,229.7374290242212,464.95339011558303,592.7084393765034,867.5687710473633,0.0,62.763765470435615,1.0,86.0,0.6,0.0,0.0,106.0,666.4428084381808
9.228695,45.48101583333334,1,4,20,0,0,0,0,0,0,0,0,1,1,0.5640926708201047,0,0,0,0,3,606,0,1,0,0,0,0,2,11,26,0.0,0.00704782505479483,0.07250307413686315,0,0,0,0,0,0,0,0,27,0.1607071130649117,0,0,0.1377997604268264,0,8,0,10,36.41729129256927,30.210798967068634,1.0,233.0189544033636,448.42987541254456,291.52305626386146,968.7516582514221,0.0,0.0,1.0,86.0,0.6,0.0,0.0,106.0,666.8193169977557
9.229360555555555,45.48101583333334,1,5,20,0,0,0,0,0,0,0,0,1,1,0.5933157805321497,0,0,0,0,3,649,0,1,1,0,0,0,2,11,26,0.0,0.0,0.06167289007872463,0,0,0,0,0,0,0,0,20,0.1736778910070288,0,0,0.14845259719715642,0,8,0,9,33.69187230077101,30.210798967068634,1.0,233.0189544033636,394.4434329037036,255.37649010380238,676.6615977174537,0.0,0.0,1.0,86.0,0.6,0.0,0.0,106.0,667.2432197886712
9.23002611111111,45.48101583333334,1,6,20,0,0,0,0,0,0,0,0,1,1,0.6200061364397067,0,0,0,0,16,664,0,0,1,0,0,0,1,13,27,0.0,0.0026919852124957025,0.04654341386805851,0,0,0,0,0,0,0,0,25,0.17864983319861094,0,1,0.15190148674500764,4,8,0,8,41.06786760610913,40.55878047797742,1.75,73.9493825134029,698.322693895808,105.44149209167985,1096.4978615995947,0.0,0.0,1.0,86.0,0.6,0.0,0.0,106.0,665.5292980411783
9.230691666666667,45.48101583333334,1,7,20,0,0,0,0,0,0,0,0,1,1,0.6336151500298536,0,0,1,0,12,664,0,0,1,0,0,0,3,13,27,0.0,0.0026919852124957025,0.038817819836272124,0,0,0,0,0,0,0,0,26,0.17572464201453683,0,1,0.8996029605741342,0,0,0,8,105.78488392386075,30.35293947864056,1.0,158.0448750533439,529.1645698879577,0.0,370.8795445659598,0.0,73.4950943521001,1.0,86.0,0.6,0.0,0.0,106.0,665.671036777131
9.231357222222222,45.48101583333334,1,8,20,0,0,0,0,0,0,0,0,1,1,0.6393461446902086,0,0,1,0,1,636,0,0,1,0,0,0,3,11,27,0.0,0.0,0.038856077049988315,0,0,0,0,0,0,0,0,30,0.18100588137639925,0,2,0.6945831086028412,0,0,0,15,114.50824908877982,30.62314083530802,1.0,140.64851589238143,425.6183300567556,265.6624101390873,889.9257259066371,0.0,262.37347528830423,1.0,86.0,0.6,0.0,0.0,106.0,666.0091013353697
9.232022777777777,45.48101583333334,1,9,20,0,0,0,0,0,0,0,0,1,1,0.672463845708267,0,0,0,0,3,644,0,0,1,0,0,0,3,12,27,0.07782658574690163,0.16046842030065253,0.034326680557635846,0,0,0,0,0,0,0,0,37,0.18678004927775096,0,2,0.9336555533160286,0,0,0,15,124.27421664575161,30.557124520461024,1.0,125.59186835237179,468.7704617553197,0.0,247.23078158488306,0.0,360.94708687013025,1.0,86.0,0.6,0.0,0.0,106.0,666.6621283985146
9.232688333333332,45.48101583333334,1,10,20,0,0,0,0,0,0,0,0,1,1,0.7194445958264057,0,0,0,0,0,604,0,0,1,0,0,1,2,11,27,0.4660079293209393,0.23705828640297386,0.034942435556139136,0,0,0,0,0,0,0,0,45,0.1859173790547676,0,3,1.0084080857366733,0,4,7,13,64.79994215203652,30.520572725327966,1.0,234.51066134302414,507.29552211499873,0.0,931.8882973936333,0.0,220.3782809137494,1.0,86.0,0.6,0.0,0.0,106.0,666.5553653192965
9.233353888888889,45.48101583333334,1,11,20,0,0,0,0,0,0,0,0,1,1,0.7775928161668744,0,0,0,0,0,565,0,0,1,0,0,1,2,11,26,0.12976494757483165,0.15175046043370166,0.03778930723197647,0,0,0,0,0,0,0,0,40,0.18420708177506226,0,3,2.1497447603690865,0,0,9,11,53.834981806643356,30.48402093019491,1.0,108.91879299065234,780.2426745749485,19.402943234075053,483.2660068824246,0.0,0.0,1.0,86.0,0.6,0.0,0.0,106.0,665.7224284645083
9.234019444444444,45.48101583333334,1,12,20,0,1,0,0,0,0,0,5,1,1,0.8240983324684593,0,0,0,0,0,540,0,0,0,0,0,0,2,11,24,0.0,0.06371598917539786,0.03547192866689201,0,0,0,0,0,0,0,0,38,0.1804106598807643,0,2,3.067499376363429,0,16,9,11,21.556017055369985,37.10003397849704,1.7058823529411764,345.68352561318136,950.157898109987,109.30351662794192,1055.4575829858675,0.0,124.18048593459517,1.0,86.0,0.6,0.0,0.0,106.0,668.1219029295737
9.234684999999999,45.48101583333334,1,13,20,0,1,0,0,0,0,2,5,1,1,0.8353403104825199,0,0,0,0,6,430,0,0,1,0,0,1,4,10,22,0.22523994652255633,0.07104769356034135,0.032897788486588975,1,0,0,0,0,0,0,0,49,0.1721345234109933,0,2,3.2429504145264003,0,12,9,14,7.768204788752267,37.17441888399027,1.7142857142857142,255.94002078414502,1218.0807121412934,289.37957888400626,800.5358304861634,0.0,152.48235646004446,1.0,86.0,0.6,0.0,0.0,106.0,667.5541057166242
9.235350555555554,45.48101583333334,1,14,20,0,0,1,0,0,0,0,8,1,1,0.7930689389375472,0,0,1,0,14,351,0,0,1,0,0,1,3,9,20,0.05260219015371316,0.056100612685629485,0.030261215317027957,1,0,1,0,0,0,0,0,45,0.15546864711896455,0,2,1.377306089555528,4,16,11,14,21.52971603761616,29.16994405549313,1.2160049348755972,299.89284876420595,1331.5317879090765,102.08463998518731,1116.426167064215,0.0,124.18048593459517,1.0,86.0,0.6,0.0,0.0,106.0,664.5616309060983
9.23601611111111,45.48101583333334,1,15,20,0,0,1,0,0,1,5,6,0,1,0.7263390768250477,0,0,1,0,24,291,0,0,1,0,0,0,3,7,18,0.0,0.0033401521355262346,0.029399304713423283,0,0,0,0,0,0,0,0,41,0.14123701420286225,0,0,0.5778389252979157,0,4,6,14,16.975740487575358,32.974411814372786,1.0,36.22711836972865,1168.3013892950376,41.090010382064904,394.78871838834704,0.0,39.37117103077429,1.0,86.0,0.6,0.0,0.0,106.0,665.2981268679615
9.236681666666666,45.48101583333334,1,16,20,0,0,0,0,0,0,1,8,0,1,0.6461914761671808,0,0,0,0,1,255,0,0,1,0,0,0,3,7,16,0.0,0.0,0.0293956325070279,0,0,0,0,0,0,0,0,36,0.12399726341721548,0,1,1.2328166292015275,0,16,5,14,20.566120936992647,31.159167875472864,1.4770300850408633,410.7348029155379,1000.8097546684015,284.8510013355194,986.8957523539193,0.0,6.6340824575606,1.0,86.0,0.6,0.0,0.0,106.0,666.7618078437391
9.23734722222222,45.48101583333334,1,17,20,0,0,0,0,0,0,0,2,0,1,0.5560055946208015,1,0,0,0,1,221,0,0,1,0,0,0,2,5,15,0.0,0.0,0.022099666564886756,0,0,0,0,0,0,0,0,23,0.1068097254091638,0,1,3.258811684308822,0,0,5,14,27.14188539056553,30.42500051337176,0.0,0.0,700.9169059041956,0.0,0.0,0.0,6.6340824575606,1.0,86.0,0.6,0.0,0.0,106.0,668.4636273261415
9.226032777777778,45.48147416666667,1,0,21,0,0,0,0,0,0,2,5,0,1,0.5324432279724443,0,0,0,0,0,266,0,0,1,0,0,0,3,7,21,0.0,0.010684976288803874,0.058288555217251084,1,0,0,0,0,0,0,0,29,0.10610639095058176,0,0,2.285824522315049,0,4,2,6,44.130936967600746,50.0,1.0,0.0,522.6714551010898,0.0,825.6803277696181,0.0,0.0,1.0,86.0,0.6,0.0,0.0,106.0,669.1443821229727
9.226698333333333,45.48147416666667,1,1,21,0,0,1,0,0,1,2,4,0,1,0.5751500850740855,0,0,0,0,2,334,0,1,1,0,0,0,2,7,23,0.015927863665460937,0.01840108404502898,0.05689542561981668,0,0,0,0,0,0,0,0,36,0.12781591630387867,0,0,1.3593832579662932,12,28,2,7,22.999892056055312,39.42905045571658,1.0623925171350577,203.97959446898312,716.6085710794114,80.88600386776487,1843.5180651669432,0.0,0.0,1.0,86.0,0.6,0.0,0.0,106.0,667.6716549327128
9.227363888888888,45.48147416666667,1,2,21,0,0,0,0,0,0,0,2,0,1,0.609578023009195,0,0,0,0,0,389,0,1,1,0,0,0,2,8,24,0.0,0.06213154609484599,0.05563561072236077,0,0,0,0,0,0,0,0,42,0.15109549241712045,0,0,0.6044126240889145,0,0,2,8,66.13827350200859,50.0,1.0,0.0,775.739855656592,167.56991802458637,604.8181059074199,0.0,0.0,1.0,86.0,0.6,0.0,0.0,106.0,668.3186320238877
9.228029444444445,45.48147416666667,1,3,21,0,0,0,0,0,0,0,0,1,1,0.6265866825189611,0,0,0,0,3,474,1,1,1,0,0,0,2,10,25,0.0,0.020784126696917773,0.05516320422433758,0,0,0,0,0,0,0,0,39,0.16903945201856596,0,0,0.7071657500431707,0,16,2,7,14.657114768864158,40.94376695812705,1.0,79.62546014912684,691.2750775616826,259.58267382807367,672.5114855290511,0.0,0.0,1.0,86.0,0.6,0.0,0.0,106.0,668.2193939889967
9.228695,45.48147416666667,1,4,21,0,0,0,0,0,0,0,0,1,1,0.6532773200992698,0,0,0,0,4,523,0,1,1,0,0,0,1,10,26,0.0,0.0,0.055735582318216494,0,0,0,0,0,0,0,0,39,0.18601026876625792,0,0,0.15824007419261257,0,0,0,8,92.45301182609494,30.37812266249135,1.0,84.76608323086377,532.8895659959585,0.0,377.49897589961097,0.0,0.0,1.0,86.0,0.6,0.0,0.0,106.0,667.5846291268213
9.229360555555555,45.48147416666667,1,5,21,0,0,0,0,0,0,0,0,1,1,0.6859374712742226,0,0,0,0,0,568,0,1,1,0,0,0,3,9,25,0.0,0.0,0.04800494894867067,0,0,0,0,0,0,0,0,37,0.20074971840136666,0,0,0.17245796570284477,0,0,2,8,98.22960887083809,30.37812266249135,1.0,84.76608323086377,446.78895545340947,0.0,209.92274338165052,0.0,0.0,1.0,86.0,0.6,0.0,0.0,106.0,667.6604314363242
9.23002611111111,45.48147416666667,1,6,21,0,0,0,0,0,0,0,0,1,1,0.7192312999398291,0,0,0,0,7,600,0,1,1,0,0,0,3,12,25,0.0,0.0,0.04165526320812233,0,0,0,0,0,0,0,0,42,0.20752037494832404,0,1,0.23027739800156927,0,0,2,8,108.44124936779042,44.20562423302162,2.0,0.0,556.6910278422951,200.54126591033435,436.92593795370993,0.0,0.0,1.0,86.0,0.6,0.0,0.0,106.0,666.8936955593954
9.230691666666667,45.48147416666667,1,7,21,0,0,0,0,0,0,0,0,1,1,0.7353764878386222,0,0,0,0,5,587,0,0,1,0,0,0,4,11,25,0.0,0.0,0.03969674997635885,0,0,0,0,0,0,0,0,36,0.202464396150693,0,1,0.3870533306459009,0,0,2,7,27.14188539056553,30.42500051337176,0.0,0.0,649.6626609391202,0.0,0.0,0.0,0.0,1.0,86.0,0.6,0.0,0.0,106.0,667.352278149351
9.231357222222222,45.48147416666667,1,8,21,0,0,0,0,0,0,0,0,1,1,0.7320498871940458,0,0,0,0,3,596,0,0,1,0,0,0,3,12,26,0.0,0.00023398698466446465,0.03482980846978425,0,0,0,0,0,0,0,0,42,0.20851426792089,0,1,0.39903946781896704,0,0,0,14,151.27967473281322,30.62314083530802,1.0,140.64851589238143,569.4302312791976,0.0,615.7498577716847,0.0,0.0,1.0,86.0,0.6,0.0,0.0,106.0,667.4137296068268
9.232022777777777,45.48147416666667,1,9,21,0,0,0,0,0,0,0,0,1,1,0.7524381942740667,0,0,1,0,0,611,0,0,1,0,0,0,2,11,25,0.12245085662427087,0.1381182019973331,0.028234595559411792,0,0,0,0,0,0,0,0,48,0.21409776701843625,0,1,0.3978979309453417,0,0,0,13,111.00145437610817,30.62314083530802,1.0,140.64851589238143,853.2469940378934,0.0,636.3616647403757,0.0,0.0,1.0,86.0,0.6,0.0,0.0,106.0,665.573743536739
9.232688333333332,45.48147416666667,1,10,21,0,0,0,0,0,0,0,0,1,1,0.7840327312451357,0,0,1,0,0,583,0,0,1,0,0,1,2,11,26,0.4839307386901558,0.2332228907155337,0.025759040881328743,0,0,0,0,0,0,0,0,54,0.2167911243001328,0,2,0.4308352355997651,0,0,2,11,27.14188539056553,30.42500051337176,0.0,0.0,853.2469940378934,0.0,0.0,0.0,0.0,1.0,86.0,0.6,0.0,0.0,106.0,666.3132354396075
9.233353888888889,45.48147416666667,1,11,21,0,0,0,0,0,0,0,0,1,1,0.8144185255568346,0,0,0,0,0,565,0,0,1,0,0,0,2,10,24,0.07826125572458159,0.15219098729814357,0.02935537579318314,0,0,0,0,0,0,0,0,56,0.21468992249962543,0,2,1.2581584382692712,0,0,7,11,131.6911180428828,30.53784676671294,1.0,121.19510151949203,1038.1221662060573,0.0,537.2604886949221,0.0,10.85619340022819,1.0,86.0,0.6,0.0,0.0,106.0,666.4515838195687
9.234019444444444,45.48147416666667,1,12,21,0,1,0,0,0,0,0,0,1,1,0.8366946006911594,0,0,0,0,0,503,0,0,1,0,0,0,4,10,23,0.0,7.616278263599158e-05,0.034193732414268936,0,0,0,0,0,0,0,0,48,0.20878733229366653,0,1,2.594479485942689,0,8,7,12,43.34576833730948,36.83903351466826,1.6666666666666667,446.0252792838239,772.1248586877474,294.39592410539154,1071.0766125220082,0.0,0.0,1.0,86.0,0.6,0.0,0.0,106.0,664.6887637568381
9.234684999999999,45.48147416666667,1,13,21,0,1,0,0,0,0,0,0,1,1,0.844349671764704,0,0,0,0,0,427,0,0,1,0,0,0,4,10,20,0.0,0.017297877838980614,0.03401655121944005,0,0,0,0,0,0,0,0,45,0.19693510359275465,0,1,2.7441322346006807,0,0,7,14,45.68038420552785,38.07521239482226,1.8,148.71945034920148,1055.993178271871,0.0,353.7647759116049,0.0,10.300159698706118,1.0,86.0,0.6,0.0,0.0,106.0,665.528337811821
9.235350555555554,45.48147416666667,1,14,21,0,0,1,0,0,0,0,0,1,1,0.8080932005545736,0,0,1,0,0,374,0,0,1,0,0,0,3,9,20,0.0,0.05178586017622525,0.031974090231222455,0,0,0,0,0,0,0,0,48,0.1751318857062716,0,1,1.9708714257167599,0,0,9,14,131.60365473782124,30.53047995339292,1.0,119.51491819042134,1413.3689489448373,538.5033554986849,538.5033554986849,0.0,0.0,1.0,86.0,0.6,0.0,0.0,106.0,665.8209345100568
9.23601611111111,45.48147416666667,1,15,21,0,0,1,0,0,0,0,10,0,1,0.7337103727302062,0,1,1,0,7,328,0,0,1,0,0,0,3,8,18,0.0,0.0971214728557131,0.029506776260353362,0,0,0,0,0,0,0,0,43,0.15374093929969562,0,0,1.2568439072587425,0,0,6,14,55.67851891704211,34.06046422597295,1.0,0.0,1226.1466611221188,0.0,110.86204269482134,0.0,0.0,1.0,86.0,0.6,0.0,0.0,106.0,666.2099230177313
9.236681666666666,45.48147416666667,1,16,21,0,0,0,0,0,1,6,8,0,1,0.6443430899653545,0,0,1,0,10,282,0,0,1,0,0,0,3,7,16,0.0,0.02570162929602557,0.029399304713423283,0,0,0,0,0,0,0,0,33,0.133736928650104,0,0,1.7025740536397493,12,24,5,14,13.556391550799589,31.12655664179284,1.4915684189873415,354.1885981377633,855.7398809774359,130.00696492683286,1254.511862663331,0.0,6.6340824575606,1.0,86.0,0.6,0.0,0.0,106.0,666.278310479149
9.23734722222222,45.48147416666667,1,17,21,0,0,0,0,0,0,1,4,0,1,0.54516254269683,1,0,0,0,19,219,0,0,1,0,0,0,2,7,15,0.0,0.0,0.022007370977913457,0,0,0,0,0,0,0,0,23,0.12029776302074327,0,0,1.7752579238634298,0,4,5,13,23.7460990282922,32.82499000686932,1.0,0.0,700.9169059041956,151.149962256593,317.2871609638362,6.6340824575606,6.6340824575606,1.0,86.0,0.6,0.0,0.0,106.0,667.2282274201841
9.226032777777778,45.481932500000006,1,0,22,0,0,0,0,0,0,0,0,0,1,0.625288974995568,0,0,0,0,0,218,0,0,0,0,0,0,3,6,20,0.0,0.0,0.04050168520179009,0,0,0,0,0,0,0,0,31,0.11696474463886915,0,0,0.998787277860212,0,0,2,3,321.39801706339864,30.42500051337176,0.0,0.0,414.3086627032503,0.0,642.7960341267973,0.0,0.0,1.0,86.0,0.6,0.0,0.0,106.0,669.5760462932426
9.226698333333333,45.481932500000006,1,1,22,0,0,0,0,0,0,0,2,0,1,0.6733194697793067,0,0,0,0,0,291,0,1,0,0,0,0,4,7,22,0.0,0.0,0.04216473640592653,0,0,0,0,0,0,0,0,44,0.13995312932474402,0,0,1.9281912908870367,0,0,2,5,101.32647319910964,30.359553948918993,1.0,80.5310304840004,689.5489223732566,150.71381970533085,831.4072283079865,0.0,0.0,1.0,86.0,0.6,0.0,0.0,106.0,668.3787886722862
9.227363888888888,45.481932500000006,1,2,22,0,0,0,0,0,0,0,0,0,1,0.7008273092777135,0,0,0,0,0,339,0,1,1,0,0,0,3,8,22,0.0,0.0,0.042461799897130045,0,0,0,0,0,0,0,0,48,0.16579469286377252,0,0,1.8820035060666211,0,0,2,4,99.95575452306304,50.0,1.0,0.0,675.4525521418824,0.0,401.3425944813192,0.0,0.0,1.0,86.0,0.6,0.0,0.0,106.0,667.7997760424645
9.228029444444445,45.481932500000006,1,3,22,0,0,0,0,0,0,0,0,0,1,0.7073456743910326,0,0,1,0,8,375,1,1,1,0,0,0,3,9,23,0.0,0.0,0.04136747022984764,0,0,0,0,0,0,0,0,52,0.18525898105955366,0,0,0.963566529453094,12,28,1,4,19.118435119111407,40.02450789050272,1.0,87.34633409709765,858.7461495055186,473.1255864421134,1794.9507868450037,0.0,0.0,1.0,86.0,0.6,0.0,0.0,106.0,667.9227371662121
9.228695,45.481932500000006,1,4,22,0,0,0,0,0,0,0,3,1,1,0.7277845061003493,0,0,1,0,12,419,1,1,1,0,0,0,2,9,24,0.0,0.0,0.04468763136229996,0,0,0,0,0,0,0,0,53,0.20664657749411977,0,0,0.5369599539719895,4,16,2,4,17.483817186279673,44.04911921108976,1.0,107.60614029056245,841.2864517458725,181.54506913222568,1021.9175473376312,0.0,0.0,1.0,86.0,0.6,0.0,0.0,106.0,666.3712551308666
9.229360555555555,45.481932500000006,1,5,22,0,0,0,0,0,0,2,3,1,1,0.7586966603627466,0,0,0,0,2,461,0,1,1,0,0,0,1,10,24,0.0,0.0,0.045141819841041375,0,0,0,0,0,0,0,0,54,0.22093577919265311,0,0,0.5956132889217084,0,8,2,5,21.687146504281458,38.098238422179506,1.0,107.60614029056245,803.1791425379483,0.0,366.47491460844896,0.0,0.0,1.0,86.0,0.6,0.0,0.0,106.0,666.9009078072681
9.23002611111111,45.481932500000006,1,6,22,0,0,0,0,0,0,0,3,1,1,0.7968765484484176,0,0,0,0,0,485,0,1,1,0,0,0,2,10,25,0.0,0.005048561956709482,0.04220002469492516,0,0,0,0,0,0,0,0,48,0.2328055214551982,0,0,0.8083262679907316,0,4,2,4,44.01339661748723,40.63060421414968,1.7272727272727273,150.09494836896175,794.8231128175297,200.54126591033435,1097.184252166931,0.0,0.0,1.0,86.0,0.6,0.0,0.0,106.0,667.3053407886437
9.230691666666667,45.481932500000006,1,7,22,0,0,0,0,0,0,0,0,1,1,0.8278966138601597,0,0,0,0,2,501,0,1,1,0,0,0,3,10,24,0.0,0.011412036118559152,0.043260838664981364,0,0,0,0,0,0,0,0,49,0.23014696004396476,0,0,0.6753819636666832,0,0,2,3,136.9362475701925,30.606890438701548,1.0,136.94221246335752,643.3170256511918,0.0,547.7390253876049,0.0,0.0,1.0,86.0,0.6,0.0,0.0,106.0,667.7927242151711
9.231357222222222,45.481932500000006,1,8,22,0,0,0,0,0,0,0,0,1,1,0.8248521881578486,0,0,1,0,2,530,0,0,1,0,0,0,3,11,24,0.0576314253941332,0.020455866175047983,0.03385927657615505,0,0,0,0,0,0,0,0,52,0.23275591519655378,0,0,1.1875641692501884,0,0,2,7,136.9362475701925,30.606890438701548,1.0,136.94221246335752,767.4468467490711,0.0,547.7390253876049,0.0,0.0,1.0,86.0,0.6,0.0,0.0,106.0,666.9601620417046
9.232022777777777,45.481932500000006,1,9,22,0,0,0,0,0,0,0,0,1,1,0.8274055584211732,0,0,1,0,8,552,0,0,1,0,0,0,3,10,23,0.0,0.061724357389815014,0.025652328018300436,0,0,0,1,0,0,0,0,54,0.24128547988933635,0,0,1.2448557333471866,9,13,0,11,27.995445579670506,30.077053658590803,1.0,386.39705270084744,618.7363326948692,423.890013944188,1797.2477025134526,0.0,0.0,1.0,86.0,0.6,0.0,0.0,106.0,667.2493578983947
9.232688333333332,45.481932500000006,1,10,22,0,0,0,0,0,0,0,0,1,1,0.8389869377452422,0,0,1,0,5,549,0,0,1,0,0,0,4,9,22,0.0,0.09218862246603521,0.025254822447803624,0,0,0,1,0,0,0,0,60,0.24380832467373093,0,1,1.5033008503289114,5,9,0,11,23.97439304005919,30.061686963334157,1.0,188.92685457071167,809.0414225028484,566.3247214273466,985.8184043921885,0.0,15.375723430061129,1.0,86.0,0.6,0.0,0.0,106.0,667.0142534622516
9.233353888888889,45.481932500000006,1,11,22,0,1,0,0,0,0,0,0,1,1,0.8511700966930354,0,0,1,0,0,516,0,1,1,0,0,0,4,10,22,0.0,0.022373897652567913,0.02525880111739902,0,0,0,0,0,0,0,0,62,0.2415521022843512,0,1,1.0092712646625939,0,0,3,13,131.6911180428828,30.53784676671294,1.0,121.19510151949203,1073.524833122781,0.0,537.2604886949221,0.0,15.375723430061129,1.0,86.0,0.6,0.0,0.0,106.0,666.7319382754648
9.234019444444444,45.481932500000006,1,12,22,0,1,0,0,0,0,0,0,1,1,0.8604020180871804,0,0,0,0,0,465,0,1,1,0,0,0,6,10,21,0.0,0.0,0.02690025727566197,0,0,0,0,0,0,0,0,60,0.23245032758812514,0,1,2.117069738313083,0,4,4,13,41.05686450748998,40.15405324221584,2.0,204.96591169867207,1106.7255463484332,0.0,698.2851074661077,0.0,15.375723430061129,1.0,86.0,0.6,0.0,0.0,106.0,667.686325489804
9.234684999999999,45.481932500000006,1,13,22,0,1,0,0,0,0,0,0,1,1,0.8439735159594222,0,0,0,0,0,413,0,1,1,0,0,0,6,9,20,0.0,0.013410060692459865,0.028340501880040565,0,0,0,0,0,0,0,0,51,0.2174535094587684,0,1,2.0526550169105087,0,0,4,14,65.4599999308304,40.30188262463829,2.0,169.9152235350383,1168.1244715082382,0.0,353.7647759116049,0.0,0.0,1.0,86.0,0.6,0.0,0.0,106.0,667.9445334204986
9.235350555555554,45.481932500000006,1,14,22,0,0,0,0,0,0,0,0,0,1,0.7855764508342459,0,0,1,0,10,365,0,1,1,0,0,1,3,9,18,0.19037737570706814,0.1366580544739676,0.02885386019743464,0,0,0,0,0,0,0,0,48,0.19335289482267776,0,1,1.7917279802227544,0,0,4,14,35.63924792088083,30.39528376247444,1.0,177.36019001750248,1128.4845834864248,586.4188286128459,891.8172476089222,0.0,0.0,1.0,86.0,0.6,0.0,0.0,106.0,666.1534138695586
9.23601611111111,45.481932500000006,1,15,22,0,0,0,0,0,0,0,3,0,1,0.7085053619732924,0,0,1,0,27,324,0,1,1,0,1,1,3,9,16,0.5545316298782113,0.17415195013086918,0.027194704044842765,0,0,0,0,0,0,0,0,41,0.16783358141300808,0,0,0.9213733546881749,0,0,5,14,6.0246076194777025,30.42500051337176,0.0,0.0,695.8725546318497,121.60179882746726,277.1319504959743,0.0,40.03350306252847,1.0,86.0,0.6,0.0,0.0,106.0,665.846049861347
9.236681666666666,45.481932500000006,1,16,22,0,0,0,0,0,0,3,5,0,1,0.6261164306837781,0,0,1,0,0,283,0,0,1,0,0,0,2,7,15,0.09684986722076651,0.11392406935134834,0.02503388450292028,0,0,0,0,0,0,0,0,29,0.14636066829224478,0,0,0.7187546203997267,0,0,5,13,16.85990780334514,30.0,1.767865510194976,211.8795129500948,905.7218754178307,199.91744023902777,631.1158772171623,0.0,69.30805455915313,1.0,86.0,0.6,0.0,0.0,106.0,666.1838883011435
9.23734722222222,45.481932500000006,1,17,22,0,0,0,0,0,0,0,3,0,1,0.5237929499600602,1,0,0,0,6,242,0,0,1,0,0,0,2,7,13,0.0,7.186497195665649e-05,0.015087533860981502,0,0,0,0,0,0,0,0,19,0.12693017648762187,0,0,1.7640795177985038,0,8,5,11,9.270352947137203,33.895015675807855,1.0,0.0,439.47864946097695,0.0,204.3550092375442,0.0,69.30805455915313,1.0,86.0,0.6,0.0,0.0,106.0,669.2925259982053
9.226032777777778,45.48239083333334,1,0,23,0,0,0,0,0,0,0,0,0,1,0.7141371431815099,0,0,0,0,0,141,0,0,0,0,0,0,3,5,19,0.0,0.05822502556358235,0.03077285890215719,0,0,0,0,0,0,0,0,28,0.12711699299249424,0,0,0.591963446093109,0,0,2,3,321.39801706339864,30.42500051337176,0.0,0.0,556.9281002849385,0.0,642.7960341267973,0.0,0.0,1.0,86.0,0.6,0.0,0.0,106.0,670.3795027096893
9.226698333333333,45.48239083333334,1,1,23,0,0,0,0,0,0,0,0,0,1,0.7686236866604934,0,0,0,0,0,205,0,1,1,0,0,0,3,6,21,0.0,0.0,0.032247459822983236,0,0,0,0,0,0,0,0,42,0.15192681990720153,0,0,2.2125526694964375,4,4,2,5,71.31744271205913,30.28180849422142,1.0,251.19705416901462,659.7693941767968,522.2974977574373,1317.7866854962863,0.0,0.0,1.0,86.0,0.6,0.0,0.0,106.0,668.1160544452624
9.227363888888888,45.48239083333334,1,2,23,0,0,0,0,0,0,0,0,0,1,0.7865879674229822,0,0,0,0,0,264,0,1,1,0,0,0,3,7,21,0.0,0.0,0.034517462157607454,0,0,0,0,0,0,0,0,51,0.17881756172620555,0,0,3.123319214421601,0,0,1,5,100.6447106154385,30.44774648408371,1.0,100.64551158936021,857.6838656483887,402.57804148783225,402.57804148783225,0.0,0.0,1.0,86.0,0.6,0.0,0.0,106.0,669.1453972982251
9.228029444444445,45.48239083333334,1,3,23,0,0,0,0,0,0,0,0,0,1,0.7845981782703679,0,0,1,0,1,305,0,1,1,0,0,0,1,8,22,0.0,0.0,0.03583466866292834,0,0,0,0,0,0,0,0,62,0.2003167572666578,0,0,1.7515846649198359,4,4,0,5,48.50605107525109,30.19198165926226,1.0,211.56020046129922,964.6366896517225,845.4680101351685,1195.1152807209824,0.0,0.0,1.0,86.0,0.6,0.0,0.0,106.0,667.2784444945188
9.228695,45.48239083333334,1,4,23,0,0,0,0,0,0,0,3,1,1,0.7960893947457213,0,1,1,0,3,316,1,1,1,0,0,0,2,8,22,0.0,0.0,0.04209857331230368,0,0,0,0,0,0,0,0,67,0.2187012495913696,0,0,0.8420787081866488,0,12,2,4,31.087275866719477,38.74139739634791,1.0,265.4626208594836,948.1876147573208,0.0,1613.1357799872287,0.0,0.0,1.0,86.0,0.6,0.0,0.0,106.0,667.6340341044726
9.229360555555555,45.48239083333334,1,5,23,0,0,0,0,0,0,3,3,1,1,0.8177233854570461,0,0,1,0,9,321,1,1,1,0,0,0,1,10,22,0.0,0.00965932374818545,0.04516749018633539,0,0,0,0,0,0,0,0,62,0.2373026654086962,0,0,0.6990337956447876,0,8,2,5,29.22081288159086,43.14451996902928,1.0,259.27999455769134,720.8737303041268,253.6774599714359,1021.4743414576765,0.0,0.0,1.0,86.0,0.6,0.0,0.0,106.0,667.1700378675006
9.23002611111111,45.48239083333334,1,6,23,0,0,0,0,0,0,1,6,1,1,0.8428707692174321,0,0,0,0,7,332,0,1,1,0,0,1,2,10,23,0.06433546889416353,0.04006808919575079,0.04313620207071119,1,0,0,0,0,0,0,0,65,0.2500383967811303,0,0,0.6770400918406707,8,32,2,3,21.637570553136417,44.4127400643951,1.5333333333333334,265.27550141003803,948.4479497927883,275.8203821980934,1951.100806067317,0.0,0.0,1.0,86.0,0.6,0.0,0.0,106.0,668.0347682626319
9.230691666666667,45.48239083333334,1,7,23,0,0,0,0,0,0,0,3,1,1,0.8640616400883024,0,0,0,0,3,412,0,1,1,0,0,0,2,10,22,0.024004248663117688,0.07828880904197658,0.04078525814669587,0,0,0,0,0,0,0,0,60,0.256054910653474,0,0,0.6246537271995942,0,0,2,3,108.58371667876412,40.30344521935078,1.0,215.73033748155663,698.8646288179842,0.0,435.7719625910281,0.0,0.0,1.0,86.0,0.6,0.0,0.0,106.0,666.8021660698112
9.231357222222222,45.48239083333334,1,8,23,0,0,0,0,0,0,0,0,1,1,0.869412524402205,0,0,1,0,0,451,0,0,1,0,0,1,3,11,20,0.0803045602840963,0.06935359085531939,0.031442031126170306,0,0,0,0,0,0,0,0,60,0.25801543479500383,0,0,1.2527707322439936,0,0,2,4,136.90980820399577,30.606890438701548,1.0,136.94221246335752,1044.4683201173998,0.0,273.7872121486298,0.0,0.0,1.0,86.0,0.6,0.0,0.0,106.0,666.2207650128901
9.232022777777777,45.48239083333334,1,9,23,0,0,0,0,0,0,0,0,1,1,0.8814837633645136,0,0,1,0,0,491,0,0,1,0,0,0,5,10,21,0.009242212905706874,0.020455866175047983,0.02534282902759374,0,0,0,0,0,0,0,0,63,0.2642592407905674,0,0,0.9015051708964662,0,4,0,8,31.792606990588112,30.142327030506554,1.0,185.922469745725,1092.3962233321108,0.0,386.3444560848611,0.0,15.375723430061129,1.0,86.0,0.6,0.0,0.0,106.0,668.0324440091048
9.232688333333332,45.48239083333334,1,10,23,0,1,0,0,0,0,0,0,1,1,0.8780189253970538,0,0,1,0,0,469,0,0,1,0,0,0,5,9,21,0.0,0.0,0.025254822447803624,0,0,0,0,0,0,0,0,62,0.27213896045443414,0,1,1.4125820234113342,0,4,0,11,23.411429363041727,30.092178385064567,1.0,117.29666285730295,1019.3684132738243,129.5272056373663,538.2233593078653,0.0,15.375723430061129,1.0,86.0,0.6,0.0,0.0,106.0,665.4176885122081
9.233353888888889,45.48239083333334,1,11,23,0,1,0,0,0,0,0,0,1,1,0.8770224608011131,0,0,0,0,0,463,0,1,1,0,0,0,5,9,20,0.0,0.002195258242427423,0.025254822447803624,0,0,0,1,0,0,0,0,67,0.26405108410826744,0,1,1.630973837738204,4,8,0,12,34.70726996435786,28.60883615635348,1.2185620345159611,241.50450865672283,1045.5111756221322,296.72182304941117,680.2160569508784,15.375723430061129,15.375723430061129,1.0,86.0,0.6,0.0,0.0,106.0,667.6586391850817
9.234019444444444,45.48239083333334,1,12,23,0,1,0,0,0,0,0,0,1,1,0.879618253743754,0,0,0,0,0,439,0,1,1,0,0,0,5,9,19,0.0,0.0015865572928103532,0.025190586049933333,1,0,0,0,0,0,0,0,66,0.25028128827141133,0,1,2.110752129948726,0,12,0,12,22.45468572813345,34.687017939030575,1.4615384615384615,298.70695939378334,1079.6150283816671,0.0,891.3913841972894,0.0,15.375723430061129,1.0,86.0,0.6,0.0,0.0,106.0,667.3005048931409
9.234684999999999,45.48239083333334,1,13,23,0,1,0,0,0,0,0,0,1,1,0.8305931939380466,0,0,0,0,0,398,0,1,1,0,0,0,4,8,19,0.0,0.0019586612987056292,0.024776336649483578,0,0,0,0,0,0,0,0,59,0.23104253875545336,0,1,1.7596970133156273,0,0,0,14,42.309558236673176,38.122038836309386,1.8,202.11907032639414,1294.1274744169725,0.0,347.9051867503571,0.0,0.0,1.0,86.0,0.6,0.0,0.0,106.0,667.282836268568
9.235350555555554,45.48239083333334,1,14,23,0,0,0,0,0,0,0,0,0,1,0.7572165130024767,0,0,0,0,12,356,0,1,1,0,0,0,2,8,16,0.038595102377290566,0.11124578008284604,0.023163760185893435,0,0,0,0,0,0,0,0,55,0.20712642726303246,0,1,0.8387286208913409,0,0,0,14,38.623248682781146,30.39528376247444,1.0,177.36019001750248,1173.6182112142062,524.1000794177821,595.1047836381205,0.0,10.71198601462795,1.0,86.0,0.6,0.0,0.0,106.0,668.0600638592438
9.23601611111111,45.48239083333334,1,15,23,0,0,0,0,0,0,0,0,0,1,0.6696091958361733,0,0,0,0,30,315,0,1,1,0,0,0,2,8,15,0.15900379250447436,0.17414628011343117,0.02096773853267327,0,0,0,0,0,0,0,0,45,0.18172812328114907,0,0,1.3635194936372255,0,0,4,13,4.124606216757946,30.42500051337176,0.0,0.0,989.2650156362516,0.0,57.74448703461124,0.0,62.673972101592526,1.0,86.0,0.6,0.0,0.0,106.0,666.0382681389474
9.236681666666666,45.48239083333334,1,16,23,0,0,0,0,0,0,0,0,0,1,0.5732965083422638,0,0,0,0,5,277,0,1,1,0,0,0,2,6,12,0.017078845253546523,0.0882978847388346,0.01697269391384879,0,0,0,0,0,0,0,0,38,0.1581856720603303,0,0,1.2392478738690769,0,4,5,11,29.862938243632666,32.8085581739994,1.4397227819058465,282.9138087736015,853.5218956731705,199.91744023902777,543.0778972292175,40.03350306252847,62.673972101592526,1.0,86.0,0.6,0.0,0.0,106.0,667.0901285434884
9.23734722222222,45.48239083333334,1,17,23,0,0,0,0,0,0,1,4,0,1,0.4825569378694579,1,0,0,0,0,239,0,1,1,0,0,0,2,6,12,0.0,0.0,0.01000704201345089,0,0,0,0,0,0,0,0,23,0.1329967432206519,0,0,0.7277840589982733,0,0,4,7,17.320662028988192,36.88593788611778,1.0,0.0,418.639779948188,0.0,0.0,51.96198608696457,69.30805455915313,1.0,86.0,0.6,0.0,0.0,106.0,671.0093629239587
9.226032777777778,45.482849166666675,1,0,24,0,0,0,0,0,0,0,0,0,1,0.7959013639929219,0,0,0,0,0,106,0,0,1,0,0,0,2,5,17,0.1295371382919569,0.08673707825306079,0.030796750508692752,0,0,0,0,0,0,0,0,25,0.13365676807002108,0,0,1.3756468174507381,0,0,0,3,321.39801706339864,30.42500051337176,0.0,0.0,518.2484608560325,0.0,642.7960341267973,0.0,0.0,1.0,86.0,0.6,0.0,0.0,106.0,669.7212664211297
9.226698333333333,45.482849166666675,1,1,24,0,0,0,0,0,0,0,0,0,1,0.8481227113481176,0,0,0,0,0,141,0,0,1,0,0,0,2,5,19,0.0,0.08315577948603785,0.03234033145034841,0,0,0,0,0,0,0,0,36,0.15623904255906101,0,0,3.0380142850096594,4,4,0,5,75.41068603076964,30.366152627935783,1.0,328.144087419719,762.9145333482146,522.2235562223469,1330.8910052572132,0.0,0.0,1.0,86.0,0.6,0.0,0.0,106.0,668.317583764821
9.227363888888888,45.482849166666675,1,2,24,0,0,0,0,0,0,0,0,0,1,0.8666780430145462,0,0,0,0,0,189,0,1,1,0,0,0,2,7,19,2.0282190448522815e-07,0.14843229420766246,0.03475377216492672,0,0,0,0,0,0,0,0,53,0.17878694771425951,0,0,3.8883241017372003,0,0,0,5,100.61504470089665,30.447612213762078,1.0,100.6148879334891,813.3041067784364,402.4603355709942,402.4603355709942,0.0,0.0,1.0,86.0,0.6,0.0,0.0,106.0,667.366769815195
9.228029444444445,45.482849166666675,1,3,24,0,0,0,0,0,0,0,0,0,1,0.8569643537104259,0,0,1,0,2,214,0,1,1,0,0,0,1,7,19,0.0,0.04588067216617137,0.035597348400536424,0,0,0,0,0,0,0,0,64,0.20415472256655812,0,0,2.0281079667535162,4,4,0,6,79.06656617859136,30.384936909112042,1.0,345.28096042567125,775.2054072736082,839.9158119609287,1394.1834955033385,0.0,0.0,1.0,86.0,0.6,0.0,0.0,106.0,666.1727085573225
9.228695,45.482849166666675,1,4,24,0,0,0,0,0,0,0,0,0,1,0.8602872595728105,0,0,1,0,0,238,0,1,1,0,0,0,2,8,19,0.0,0.0,0.038623940976102306,0,0,0,0,0,0,0,0,70,0.22526177869643157,0,0,0.768740375429024,0,0,2,6,249.91574684643714,31.07073656506936,1.0,242.73375283801727,809.9755809103003,0.0,1006.8449813941687,0.0,0.0,1.0,86.0,0.6,0.0,0.0,106.0,666.6043356710256
9.229360555555555,45.482849166666675,1,5,24,0,0,0,0,0,0,0,2,0,1,0.8717883541494559,0,0,1,0,0,254,0,1,1,0,0,0,2,10,19,0.0,0.006545714197792029,0.04420564976907742,0,0,0,0,0,0,0,0,72,0.24391852708594977,0,0,0.47061902099419683,0,0,2,4,242.3869494715648,31.07073656506936,1.0,242.73375283801727,636.107647073263,0.0,484.4270955766771,0.0,0.0,1.0,86.0,0.6,0.0,0.0,106.0,666.7191253097319
9.23002611111111,45.482849166666675,1,6,24,0,0,0,0,0,0,2,3,1,1,0.882801387713166,0,0,0,0,3,273,0,1,1,0,0,0,2,10,19,0.04938252724070605,0.050431141957490086,0.04203858599107928,0,0,0,0,0,0,0,0,69,0.2552492447800224,0,0,0.6602579829332311,0,12,2,3,32.030822505981476,43.73496293861651,1.5714285714285714,71.20524157326452,949.5681717609011,451.7186763122287,1386.423189664701,0.0,0.0,1.0,86.0,0.6,0.0,0.0,106.0,667.4470317411074
9.230691666666667,45.482849166666675,1,7,24,0,0,1,0,0,1,3,3,1,1,0.8927116491928767,0,0,0,0,13,259,0,0,1,0,0,1,2,8,20,0.17676474084017016,0.08599098294009207,0.03261131602420949,0,0,0,0,0,0,0,0,69,0.26524042524163827,0,0,0.6124872656726333,0,12,2,3,29.627994981367564,42.73562987834032,1.0,366.94821330525656,690.2881772032098,236.1371735765541,1203.3355207072243,0.0,0.0,1.0,86.0,0.6,0.0,0.0,106.0,666.9317955038532
9.231357222222222,45.482849166666675,1,8,24,0,0,1,0,0,0,0,2,1,1,0.8901866409283247,0,0,0,0,12,304,0,0,1,0,0,1,2,11,20,0.16934879254049626,0.09340624963499825,0.02875249510627944,0,0,0,0,0,0,0,0,65,0.27184003872130214,0,0,0.48938466918861445,0,8,2,3,32.35103868558793,44.29446360351551,1.0,306.3623445068606,1018.1559157642498,215.5603664352291,1020.0302416022445,0.0,0.0,1.0,86.0,0.6,0.0,0.0,106.0,667.1440804127753
9.232022777777777,45.482849166666675,1,9,24,0,0,0,0,0,0,0,0,1,1,0.896145942915349,0,0,0,0,3,400,0,0,1,0,0,0,4,10,19,0.0180348720815165,0.06142157205700332,0.02606814129261653,0,0,0,0,0,0,0,0,75,0.277271418703989,0,0,0.9724238265685932,0,0,0,5,105.79715338708657,50.0,1.0,101.83109372603063,1090.3107078784362,0.0,215.5603664352291,0.0,15.375723430061129,1.0,86.0,0.6,0.0,0.0,106.0,668.0238234625181
9.232688333333332,45.482849166666675,1,10,24,0,1,0,0,0,0,0,0,1,1,0.8989684419521787,0,0,0,0,0,422,0,1,1,0,0,0,4,9,18,0.0,0.015312344405851825,0.025254822447803624,0,0,0,0,0,0,0,0,71,0.2795995202611496,0,0,1.3981748553630937,0,0,0,7,27.14188539056553,30.42500051337176,0.0,0.0,1439.8874044034924,0.0,0.0,0.0,15.375723430061129,1.0,86.0,0.6,0.0,0.0,106.0,669.5651715702774
9.233353888888889,45.482849166666675,1,11,24,1,1,0,0,0,0,0,0,1,1,0.8941134137002129,0,0,0,0,2,431,0,1,1,0,0,0,3,9,18,0.008781032969680278,0.002195258242427423,0.025241973798306085,0,0,0,0,0,0,0,0,71,0.2742515854925628,0,0,1.4170442010270354,0,0,0,9,83.11571649372524,30.53271769373284,1.0,120.02529002293646,1532.1827055441108,214.66893183242246,461.7847254331403,0.0,15.375723430061129,1.0,86.0,0.6,0.0,0.0,106.0,669.1416669008678
9.234019444444444,45.482849166666675,1,12,24,0,1,0,0,0,0,0,0,0,1,0.8777875492500653,0,0,0,0,0,390,1,1,1,0,0,0,3,8,18,0.0076933014121559826,0.002195258242427423,0.02514714303930399,0,0,0,0,0,0,0,0,68,0.25581618448291155,0,0,1.4787438897978067,0,12,0,9,20.85723912699552,34.72052388782856,1.4615384615384615,398.0511050839614,1102.0968532743966,0.0,874.2404816627654,0.0,15.375723430061129,1.0,86.0,0.6,0.0,0.0,106.0,671.1181501516398
9.234684999999999,45.482849166666675,1,13,24,0,1,0,0,0,0,0,0,0,1,0.8058407317995244,0,0,0,0,0,368,1,1,1,0,0,0,4,8,17,0.0,0.0,0.02476441516823193,0,0,0,0,0,0,0,0,61,0.23250323817209056,0,0,0.7790238909494466,0,8,0,12,24.148769076319397,36.84458199623672,1.6666666666666667,304.9429939566984,1184.374830126912,111.86086455435436,564.4126927908002,0.0,0.0,1.0,86.0,0.6,0.0,0.0,106.0,670.5189305076487
9.235350555555554,45.482849166666675,1,14,24,0,0,0,0,0,0,0,0,0,1,0.7277277247262587,0,0,0,0,7,335,1,1,1,0,0,0,4,8,15,0.0,0.0,0.023269345570711347,0,0,0,0,0,0,0,0,64,0.2080032065849983,0,0,0.981813319085784,8,8,0,12,31.05465997162091,30.14227659066242,1.0,216.82901969005567,1439.7650029113877,351.27496500060937,1118.5213590896435,0.0,7.780621533949821,1.0,86.0,0.6,0.0,0.0,106.0,670.4475088562169
9.23601611111111,45.482849166666675,1,15,24,0,0,0,0,0,0,0,0,0,1,0.6366403713022778,0,0,0,0,6,306,0,1,1,0,0,0,2,8,14,0.0,0.0,0.020679911042243156,0,0,0,0,0,0,0,0,55,0.1827173196797485,0,0,1.5292358284045755,0,4,0,10,21.87869091036659,30.07460831423351,1.0,77.71078075448536,1172.5283263196088,0.0,513.0138738254125,0.0,62.673972101592526,1.0,86.0,0.6,0.0,0.0,106.0,668.2134222180025
9.236681666666666,45.482849166666675,1,16,24,0,0,0,0,0,0,0,0,0,1,0.5396305293812573,0,0,0,0,10,265,0,1,1,0,0,0,2,7,13,0.0,0.0,0.012578313293868076,0,0,0,0,0,0,0,0,43,0.16096377008844925,0,0,1.0903299410416503,0,12,2,7,28.40547364172137,31.40843254499571,1.2198613909529232,342.59591439214523,993.2453815010424,103.88418109883366,583.1566863638526,40.03350306252847,62.673972101592526,1.0,86.0,0.6,0.0,0.0,106.0,668.0732333109702
9.23734722222222,45.482849166666675,1,17,24,0,0,0,0,0,0,5,7,0,1,0.4418270437880746,1,0,0,0,17,240,0,1,0,0,0,0,2,5,12,0.0,0.0,0.009895796077327839,0,0,0,1,0,1,0,0,32,0.13654146612289556,0,0,0.7794660426831719,0,0,3,5,13.75109542296913,36.383957437780936,1.0,0.0,759.2805899496476,0.0,142.37267603656557,22.640469039064058,62.673972101592526,1.0,86.0,0.6,0.0,0.0,106.0,669.5210108412075
9.226032777777778,45.4833075,1,0,25,0,0,0,0,0,0,0,0,0,1,0.8515535774791793,0,0,0,0,0,83,0,0,1,0,0,0,2,5,14,0.0,0.08111688628394889,0.02884811031079712,0,0,0,0,0,0,0,0,25,0.13325397825947305,0,0,1.3382287386803542,0,0,1,3,321.39801706339864,30.42500051337176,0.0,0.0,328.144087419719,0.0,642.7960341267973,0.0,0.0,1.0,86.0,0.6,0.0,0.0,106.0,669.8156875141344
9.226698333333333,45.4833075,1,1,25,0,0,0,0,0,0,0,0,0,1,0.9079193621312266,0,0,1,0,0,110,0,0,1,0,0,1,2,5,17,0.3049412990470647,0.24122421933337354,0.03220178487642849,0,0,0,0,0,0,0,0,39,0.15304086459345267,0,0,2.430457309060815,0,0,1,5,147.22889847909434,30.69758103355784,1.0,157.62643764481803,512.2850444701841,165.11528833943274,872.9758517088422,0.0,0.0,1.0,86.0,0.6,0.0,0.0,106.0,667.0581778264954
9.227363888888888,45.4833075,1,2,25,0,0,0,0,0,0,0,0,0,1,0.9316338492424873,0,0,1,0,0,145,0,0,1,0,0,1,2,6,18,0.7329413088611146,0.3002891979219269,0.03441988956752444,0,0,0,0,0,0,0,0,61,0.1782102269772604,0,0,3.378454841774342,0,0,1,6,8.435382630204886,30.42500051337176,0.0,0.0,572.8101599119011,68.06666151118418,354.2860704686052,0.0,0.0,1.0,86.0,0.6,0.0,0.0,106.0,667.5962648120562
9.228029444444445,45.4833075,1,3,25,0,0,0,0,0,0,0,0,0,1,0.9223952298959847,0,0,1,0,0,177,0,1,1,0,0,0,1,6,18,0.09400601302565126,0.1710777227115699,0.03548966899203679,0,0,0,0,0,0,0,0,79,0.2019101435133541,0,0,1.5484653652243925,0,0,0,6,123.91180872024991,30.780402087204386,1.0,176.51582001248497,588.0147132636885,872.4485707534386,938.690458469764,0.0,0.0,1.0,86.0,0.6,0.0,0.0,106.0,667.2511869779587
9.228695,45.4833075,1,4,25,0,0,0,0,0,0,0,0,0,1,0.9162832584169409,0,0,0,0,0,202,0,1,1,0,0,0,2,8,18,0.0,0.0,0.03502707021789896,0,0,0,0,0,0,0,0,80,0.22053175971099673,0,0,0.7669128121839989,0,0,2,5,249.91574684643714,31.07073656506936,1.0,242.73375283801727,604.5609549833625,0.0,1006.8449813941687,0.0,0.0,1.0,86.0,0.6,0.0,0.0,106.0,667.9010778991886
9.229360555555555,45.4833075,1,5,25,0,0,0,0,0,0,0,0,0,1,0.9124974995559696,0,0,0,0,0,225,0,1,1,0,0,0,2,10,19,0.0,0.0,0.03603804307323148,0,0,0,0,0,0,0,0,85,0.2388862827969511,0,0,0.47347565702774913,0,0,2,4,237.92475131150437,31.07073656506936,1.0,242.73375283801727,330.48523613095585,0.0,946.8900037195046,0.0,0.0,1.0,86.0,0.6,0.0,0.0,106.0,667.8289697865662
9.23002611111111,45.4833075,1,6,25,0,0,0,0,0,0,0,2,0,1,0.9124097619859467,0,0,0,0,0,218,0,1,0,0,0,0,1,10,18,0.0,0.0,0.03246329655781184,0,0,0,0,0,0,0,0,76,0.25707982943871105,0,0,0.48693221025137073,0,0,2,3,222.0450371409552,44.68860103339775,2.0,0.0,782.9269816722652,435.7762323535118,898.2391404963394,0.0,0.0,1.0,86.0,0.6,0.0,0.0,106.0,668.3276157423877
9.230691666666667,45.4833075,1,7,25,0,0,1,0,0,0,0,3,0,1,0.9106376760109217,0,0,0,0,0,225,0,0,0,0,0,0,2,8,18,0.0,0.05621130918738623,0.027854191554125052,0,0,0,0,0,0,0,0,75,0.2643507237319232,0,0,0.43837935659001753,0,0,2,3,96.64682333608282,30.25453924326076,1.0,113.15967764716422,696.4451468716288,0.0,466.72126236933263,0.0,0.0,1.0,86.0,0.6,0.0,0.0,106.0,668.0205592030505
9.231357222222222,45.4833075,1,8,25,0,0,0,0,0,0,0,0,0,1,0.9008399759918154,0,0,0,0,4,249,0,0,0,0,0,0,2,8,17,0.06241476420467045,0.07873320004471582,0.02635115279444118,0,0,0,0,0,0,0,0,66,0.2727809851490255,0,0,0.31887393750982546,0,0,1,3,68.67970036041207,40.246264113605676,1.0,204.64947214341865,929.5041302827585,0.0,894.2257336231746,0.0,0.0,1.0,86.0,0.6,0.0,0.0,106.0,668.7530265605548
9.232022777777777,45.4833075,1,9,25,0,0,0,0,0,0,0,0,0,1,0.8970982901391559,0,0,0,0,16,284,0,0,1,0,0,1,4,10,17,0.11771930933728274,0.0529000340573527,0.02392468677794885,0,0,0,0,0,0,0,0,76,0.28005932356671914,0,0,0.27084467991277533,4,12,0,3,38.25805910129009,39.73815460642802,1.124734773264289,491.0663813428735,1055.5840388829831,392.7256264744773,1536.6107510255015,0.0,0.0,1.0,86.0,0.6,0.0,0.0,106.0,668.884394843032
9.232688333333332,45.4833075,1,10,25,0,1,0,0,0,0,0,3,0,1,0.8971268395090302,0,0,0,0,10,320,0,1,1,0,0,0,3,8,18,0.0,0.021765168776996493,0.02514714303930399,0,0,0,0,0,0,0,0,86,0.2767407390415031,0,0,0.8139604895293167,0,0,0,4,41.92489511468473,39.32404875955602,1.274416501181436,178.9711291176975,1020.8254668481858,162.65468061811998,282.20271714383455,0.0,15.375723430061129,1.0,86.0,0.6,0.0,0.0,106.0,669.6705954244967
9.233353888888889,45.4833075,1,11,25,1,1,1,0,0,0,3,4,0,1,0.8940705289199066,0,0,0,0,4,348,0,1,1,0,0,0,3,8,18,0.0,0.002195258242427423,0.02514714303930399,0,0,0,0,0,0,0,0,88,0.26938677076401707,0,0,1.35188436174118,0,0,0,4,46.73799890312516,37.85959931664424,1.2286965775230694,261.4179974815235,1775.9212366954605,214.66893183242246,673.3419805809797,0.0,15.375723430061129,1.0,86.0,0.6,0.0,0.0,106.0,669.8302152821032
9.234019444444444,45.4833075,1,12,25,0,1,0,0,0,0,0,3,0,1,0.8786668771519209,0,0,0,0,1,345,0,1,1,0,0,0,3,8,16,0.0,0.002195258242427423,0.02514714303930399,0,0,0,0,0,0,0,1,82,0.24910655523572614,0,0,1.4166672003686431,0,0,0,4,98.95145950581332,40.359292849466826,2.0,196.10285677206275,1811.7581363188906,0.0,595.5088192744438,0.0,0.0,1.0,86.0,0.6,0.0,0.0,106.0,670.7091085230611
9.234684999999999,45.4833075,1,13,25,0,0,0,0,0,0,0,0,0,1,0.7922554387900369,0,0,1,0,0,329,0,1,1,0,0,0,3,8,16,0.0,0.0,0.024546075977565293,0,0,0,0,0,0,0,1,75,0.2264338394187182,0,0,0.9150977376353909,0,0,0,8,95.56161164381118,40.359292849466826,2.0,196.10285677206275,1595.8104248201194,0.0,186.14358980318192,0.0,0.0,1.0,86.0,0.6,0.0,0.0,106.0,670.4085715804829
9.235350555555554,45.4833075,1,14,25,0,0,0,0,0,0,0,0,0,1,0.7026612422411842,0,0,1,0,0,306,0,1,1,0,0,0,3,8,14,0.0,0.0,0.022921009121685144,0,0,0,0,0,0,0,1,69,0.1987505120385526,0,0,1.2481494951812067,0,0,0,7,141.0011958616781,30.627869978025622,1.0,141.7271134364947,1275.074156457068,0.0,563.2788658718957,0.0,0.0,1.0,86.0,0.6,0.0,0.0,106.0,669.0812803874701
9.23601611111111,45.4833075,1,15,25,0,0,0,0,0,0,0,0,0,1,0.6092588406473104,0,0,1,0,1,293,0,1,1,0,0,0,2,7,14,0.0,0.0,0.01663800161626334,1,0,0,0,0,0,0,0,54,0.17431235552885127,0,0,1.5600719590082535,5,17,0,5,16.142573070323465,30.070609349828757,1.0,277.97178155228835,1083.3468786652606,581.0146411571383,1029.5766371439122,0.0,52.47955099287725,1.0,86.0,0.6,0.0,0.0,106.0,668.0977640242352
9.236681666666666,45.4833075,1,16,25,0,0,0,0,0,0,0,1,0,1,0.5108898941913554,0,0,0,0,1,261,1,1,1,0,0,0,2,7,13,0.0,0.0,0.009955850919950241,0,0,0,0,0,0,0,0,43,0.15238920936650133,0,3,1.7282168969227172,12,28,0,5,12.353750223292936,30.02022201749196,1.0465357584112438,365.66426711078344,938.8724314256783,172.42592895332754,980.8945072281466,0.0,93.2334546446393,1.0,86.0,0.6,0.0,0.0,106.0,666.9207898843882
9.23734722222222,45.4833075,1,17,25,0,0,0,0,0,1,2,9,0,1,0.41234871350578545,1,0,0,0,8,228,0,1,1,0,0,0,0,5,11,0.0,0.0,0.008739713142697588,0,0,0,1,0,0,0,0,31,0.13137062450422432,0,3,1.2700645293961488,4,8,0,5,14.952787974531319,30.086184568741455,1.0,54.54721884735743,916.9134291248824,186.2581772626213,767.8561197518651,0.0,76.45871350024119,1.0,86.0,0.6,0.0,0.0,106.0,668.9529571363666
9.226032777777778,45.48376583333334,1,0,26,0,0,0,0,0,0,0,0,0,1,0.8478034075731502,0,0,1,0,0,52,0,0,1,0,0,0,2,5,12,0.0,0.01661886664751205,0.020170766141250608,1,0,0,0,0,0,0,0,28,0.12956616655929026,0,0,1.835872148794352,0,0,1,2,321.39801706339864,30.42500051337176,0.0,0.0,387.97851273952443,0.0,642.7960341267973,0.0,0.0,1.0,86.0,0.6,0.0,0.0,106.0,670.596020921106
9.226698333333333,45.48376583333334,1,1,26,0,0,0,0,0,0,0,0,0,1,0.9048763771017062,0,1,1,0,0,74,0,0,1,0,0,1,2,5,15,0.15993946184139096,0.2019129836747437,0.02408640219694871,0,0,0,0,0,0,0,0,41,0.1483422363040995,0,0,3.182689782181772,0,0,1,3,63.33609014269097,30.69758103355784,1.0,157.62643764481803,764.0227557602094,143.6974747423375,1045.7592750663105,0.0,12.766056144386978,1.0,86.0,0.6,0.0,0.0,106.0,667.9262677774018
9.227363888888888,45.48376583333334,1,2,26,0,0,0,0,0,0,0,0,0,1,0.9324794822682372,0,1,1,0,0,99,0,0,1,0,0,1,1,6,17,0.4068350675275452,0.2901528569372228,0.026541891794615895,0,0,0,0,0,0,0,0,65,0.17195718433560486,0,0,4.1662430763029,0,0,1,5,7.8708379145463585,30.42500051337176,0.0,0.0,752.1704480479153,0.0,157.41675829092716,0.0,12.766056144386978,1.0,86.0,0.6,0.0,0.0,106.0,667.3767657347606
9.228029444444445,45.48376583333334,1,3,26,0,0,0,0,0,0,0,0,0,1,0.9206930992591682,0,0,1,0,0,126,0,0,1,0,0,0,1,6,17,0.03956501302280763,0.1320676591863947,0.02779408522665428,0,0,0,0,0,0,0,0,77,0.1913940967448256,0,0,1.8548206987661642,0,0,1,4,156.75543226669393,30.780402087204386,1.0,176.51582001248497,969.6316298322972,525.8041340633753,920.7722058543725,0.0,8.951777953568882,1.0,86.0,0.6,0.0,0.0,106.0,666.9796625116331
9.228695,45.48376583333334,1,4,26,0,0,0,0,0,0,0,0,0,1,0.9124955910149936,0,0,1,0,0,151,0,0,1,0,0,0,1,6,17,0.0,0.0,0.02600603108749238,0,0,0,0,0,0,0,0,78,0.20462872413523034,0,0,0.5358422357643183,0,0,0,4,249.91574684643714,31.07073656506936,1.0,242.73375283801727,721.531157182165,522.4178858174915,1006.8449813941687,0.0,0.0,1.0,86.0,0.6,0.0,0.0,106.0,667.7311937568375
9.229360555555555,45.48376583333334,1,5,26,0,0,1,0,0,0,0,0,0,1,0.9061916357886708,0,0,0,0,1,175,0,0,1,0,0,0,1,8,17,0.0,0.0,0.023551648582877987,0,0,0,0,0,0,0,0,86,0.2293476955426217,0,0,0.5818557081601713,0,0,2,4,237.92475131150437,31.07073656506936,1.0,242.73375283801727,251.05132412252755,0.0,946.8900037195046,0.0,0.0,1.0,86.0,0.6,0.0,0.0,106.0,669.7455343405616
9.23002611111111,45.48376583333334,1,6,26,0,0,1,0,0,0,0,0,0,1,0.9008378203511386,0,0,0,0,0,191,0,0,0,0,0,0,1,7,17,0.0,0.0,0.022674318847422,1,0,0,0,0,0,0,0,84,0.24681926444087554,0,0,0.5963357738770976,0,0,2,3,222.0450371409552,44.68860103339775,2.0,0.0,509.8447626087464,435.7762323535118,898.2391404963394,0.0,0.0,1.0,86.0,0.6,0.0,0.0,106.0,670.6022699349159
9.230691666666667,45.48376583333334,1,7,26,0,0,0,0,0,0,0,0,0,1,0.8940102737042345,0,0,0,0,0,202,0,0,0,0,0,0,1,6,17,0.0,0.0,0.02552112453630236,0,0,0,0,0,0,0,0,76,0.2600755689847932,0,0,0.6890951615462858,0,0,1,3,115.5160708205362,30.492528227211345,1.0,110.85909173334836,536.7439682024876,0.0,466.72126236933263,0.0,0.0,1.0,86.0,0.6,0.0,0.0,106.0,669.4206920545246
9.231357222222222,45.48376583333334,1,8,26,0,0,0,0,0,0,0,0,0,1,0.8815195439788787,0,0,0,0,0,213,0,0,0,0,0,0,1,6,17,0.0,0.0,0.025860203391296323,0,0,0,0,0,0,0,0,73,0.263317729647183,0,0,0.8004850696279576,0,0,0,3,109.33455772373996,30.492528227211345,1.0,110.85909173334836,919.2624456162182,0.0,217.14458143787152,0.0,0.0,1.0,86.0,0.6,0.0,0.0,106.0,668.9356292649729
9.232022777777777,45.48376583333334,1,9,26,0,0,0,0,0,0,0,0,0,1,0.877001820380004,0,0,0,0,0,228,0,0,0,0,0,0,1,8,17,0.0,0.020953859066838096,0.019552126530296907,0,0,0,0,0,0,0,0,78,0.2666716649852172,0,0,0.3393818899112735,0,0,0,3,136.60266216285842,30.45925426896453,1.0,103.27014553505067,1154.8722312621026,579.7431652792415,579.7431652792415,0.0,0.0,1.0,86.0,0.6,0.0,0.0,106.0,670.1206154736421
9.232688333333332,45.48376583333334,1,10,26,0,1,0,0,0,0,0,3,0,1,0.8738082372681865,0,0,0,0,3,242,0,1,0,0,0,0,3,8,17,0.0,0.0028532902221373824,0.0221879096379647,0,0,0,0,0,0,0,0,82,0.2657698015177659,0,0,0.4656185028873464,0,4,0,3,52.86828268653456,34.575011195886766,1.2286965775230694,335.35563791366746,1233.4602021382473,0.0,933.4831465631619,0.0,0.0,1.0,86.0,0.6,0.0,0.0,106.0,669.8226054406186
9.233353888888889,45.48376583333334,1,11,26,1,1,1,0,0,0,4,6,0,1,0.8671726420071044,0,0,0,0,13,259,0,1,1,0,0,0,3,8,15,0.0,0.0,0.02437007052717583,0,0,0,0,0,0,0,0,95,0.25595004322115855,0,0,0.5249728832428249,0,12,0,0,35.18883271240825,37.08870927359285,1.1444456299054215,670.1913351775946,1498.8963863699769,74.09527787888364,1757.8381219785742,0.0,0.0,1.0,86.0,0.6,0.0,0.0,106.0,668.8545660270437
9.234019444444444,45.48376583333334,1,12,26,0,1,1,0,0,0,5,8,0,1,0.8379553310365283,0,0,0,0,9,296,1,1,1,0,0,0,2,8,15,0.0,0.0,0.025113338961195917,0,0,1,0,0,0,0,1,102,0.23285763944855495,0,0,0.7387049034469446,4,28,0,0,13.092493835083005,42.61756808656735,1.4695212838666107,505.5065771086938,1525.5513620156712,106.46900001879548,1314.3500659678439,0.0,0.0,1.0,86.0,0.6,0.0,0.0,106.0,669.7735866966854
9.234684999999999,45.48376583333334,1,13,26,0,0,0,0,0,0,1,6,0,1,0.7664515278609562,0,0,1,0,3,297,0,1,1,0,0,0,2,8,15,0.0,0.0,0.022990695195838184,0,0,0,0,0,0,1,1,95,0.20847157476660044,0,0,0.914360811878916,0,20,0,0,17.25893786910921,43.603940717669445,1.4285714285714286,499.356527050464,1169.877358709666,563.2788658718957,1330.0908870751123,0.0,0.0,1.0,86.0,0.6,0.0,0.0,106.0,666.7929779659555
9.235350555555554,45.48376583333334,1,14,26,0,0,0,0,0,0,0,4,0,1,0.6746032685050656,0,1,1,0,5,289,0,1,1,0,0,0,0,8,13,0.0,0.0,0.017585214985408718,0,0,0,0,0,0,0,1,80,0.18226725404301009,0,0,1.7873605524333085,0,0,0,3,141.0011958616781,30.627869978025622,1.0,141.7271134364947,1399.1572516947947,0.0,563.2788658718957,0.0,60.05100434929951,1.0,86.0,0.6,0.0,0.0,106.0,667.9952267371725
9.23601611111111,45.48376583333334,1,15,26,0,0,1,0,0,0,0,4,0,1,0.5754944876649862,0,0,1,0,0,267,0,1,1,0,0,0,0,7,12,0.0,0.0,0.010483715791680103,0,0,0,0,0,0,0,0,55,0.16078873077728778,0,3,1.8676581015787612,0,0,0,4,86.49234586200934,30.42500051337176,0.0,0.0,1004.3696669536164,0.0,172.9846917240187,0.0,346.863777448077,1.0,86.0,0.6,0.0,0.0,106.0,665.2090362828046
9.236681666666666,45.48376583333334,1,16,26,0,0,1,0,0,0,0,4,0,1,0.4792524901093797,1,0,1,0,2,241,0,1,1,0,0,0,0,5,11,0.0,0.0,0.007654361499398518,0,0,0,0,0,0,0,0,41,0.14160160032036748,0,3,2.0790411901350434,0,0,0,4,50.17494140654644,30.0,1.2559466712618412,165.55138682187192,805.534381405421,163.21333551957372,336.1980272435924,0.0,381.2846151884338,1.0,86.0,0.6,0.0,0.0,106.0,665.9666806415569
9.23734722222222,45.48376583333334,1,17,26,0,0,0,0,0,1,4,9,0,0,0.3815983294422935,1,0,0,0,6,221,0,1,1,0,0,0,0,4,10,0.0,0.0,0.007053888334919262,0,0,0,0,0,0,0,0,29,0.12421759626675426,0,3,2.290294852844147,0,0,0,4,25.119451230656054,30.42500051337176,0.0,0.0,430.1010609277672,346.0172122280647,552.6279270744332,0.0,287.7071741859181,1.0,86.0,0.6,0.0,0.0,106.0,669.1218879887499
9.226032777777778,45.48422416666667,1,0,27,0,0,1,0,0,0,0,0,0,1,0.7826356167302858,0,0,1,0,0,35,0,0,1,0,0,0,1,3,12,0.0,0.0,0.015796318247275613,0,0,0,0,0,0,0,0,26,0.12009695701915316,0,0,1.943106010945849,0,4,1,1,45.76190813683697,36.87724585965661,1.6666666666666667,174.82089409094675,416.9892859728235,0.0,694.6553605089555,0.0,12.766056144386978,1.0,86.0,0.6,0.0,0.0,106.0,670.7016060400324
9.226698333333333,45.48422416666667,1,1,27,0,0,0,0,0,0,0,0,0,1,0.8378706381006155,0,0,1,0,0,51,0,0,1,0,0,0,1,4,12,0.0,0.021949910801115365,0.01728174923786077,0,0,0,0,0,0,0,0,40,0.14141002334694297,0,0,2.582385805584839,0,16,1,2,29.190258450997078,29.387852235998555,1.5283381164651388,318.0757508981126,613.9521560853303,143.6974747423375,1229.0079470047326,0.0,12.766056144386978,1.0,86.0,0.6,0.0,0.0,106.0,669.5244444702691
9.227363888888888,45.48422416666667,1,2,27,0,0,0,0,0,0,0,0,0,1,0.8664772944007104,0,1,1,0,0,64,0,0,1,0,0,0,1,4,15,0.0,0.05202811898831471,0.019154226923134978,0,0,0,0,0,0,0,0,58,0.16100302718533321,0,0,2.8862784944943813,0,0,1,3,58.17776898917087,22.891400999070054,1.553923300105243,199.36901656035823,775.753005993559,0.0,198.923588410269,8.951777953568882,12.766056144386978,1.0,86.0,0.6,0.0,0.0,106.0,668.2704664043647
9.228029444444445,45.48422416666667,1,3,27,0,0,0,0,0,0,0,0,0,1,0.8568881418192665,0,0,1,0,0,81,0,0,1,0,0,0,1,5,16,0.0,0.007771938501257163,0.020834589922376953,0,0,0,0,0,0,0,0,68,0.17867164323847004,0,0,1.6882186020780439,0,4,1,4,57.06948283209679,30.278419351093657,1.0,186.07885778465987,946.5738290307507,525.8041340633753,1240.65821301776,0.0,12.766056144386978,1.0,86.0,0.6,0.0,0.0,106.0,668.1119831475438
9.228695,45.48422416666667,1,4,27,0,0,0,0,0,0,0,0,0,1,0.8485727188152125,0,0,0,0,0,116,0,0,1,0,0,0,1,4,16,0.0,0.0,0.021240641419479452,0,0,0,0,0,0,0,0,70,0.18876151447618314,0,0,0.8588438806066293,0,0,1,4,249.91574684643714,31.07073656506936,1.0,242.73375283801727,846.1183475451035,522.4178858174915,1006.8449813941687,0.0,0.0,1.0,86.0,0.6,0.0,0.0,106.0,669.6325236123682
9.229360555555555,45.48422416666667,1,5,27,0,0,1,0,0,0,0,0,0,1,0.8414866948783337,0,0,0,0,1,149,0,0,1,0,0,0,1,4,16,0.0,0.0,0.020760637995939645,0,0,0,0,0,0,0,0,77,0.20687115122076563,0,0,0.5773546652528435,0,0,1,4,237.92475131150437,31.07073656506936,1.0,242.73375283801727,656.9961973412534,0.0,946.8900037195046,0.0,0.0,1.0,86.0,0.6,0.0,0.0,106.0,669.6140366401785
9.23002611111111,45.48422416666667,1,6,27,0,0,1,0,0,0,0,0,0,1,0.8356559537014553,0,0,0,0,0,159,0,0,0,0,0,0,0,6,16,0.0,0.0,0.01800678794510443,0,0,0,0,0,0,0,0,79,0.2255496389900969,0,0,0.6402877282034013,0,0,1,4,222.0450371409552,44.68860103339775,2.0,0.0,1065.818025561065,435.7762323535118,898.2391404963394,0.0,0.0,1.0,86.0,0.6,0.0,0.0,106.0,670.1345248511929
9.230691666666667,45.48422416666667,1,7,27,0,0,0,0,0,0,0,0,0,1,0.8299890251215711,0,0,0,0,0,172,0,0,0,0,0,0,0,6,17,0.0,0.0,0.020404150640085193,0,0,0,0,0,0,0,0,74,0.23625824875630452,0,0,1.3827880841550133,0,8,1,3,32.92512614551554,30.240694491353604,1.0,267.1110097707292,880.7379801143079,0.0,1148.669414486439,0.0,0.0,1.0,86.0,0.6,0.0,0.0,106.0,669.387086660849
9.231357222222222,45.48422416666667,1,8,27,0,0,0,0,0,0,0,0,0,1,0.8187995195070809,0,0,0,0,0,177,0,0,0,0,0,0,1,6,17,0.0,0.0,0.019657285912341563,0,0,0,0,0,0,0,0,74,0.24051533085719962,0,0,1.5108024472878792,0,12,1,3,28.772338154950322,30.20604859138523,1.0,273.1221038125834,762.8328368125501,222.70639053991016,935.3160986953301,0.0,71.72598965989252,1.0,86.0,0.6,0.0,0.0,106.0,668.8212165761681
9.232022777777777,45.48422416666667,1,9,27,0,1,0,0,0,0,0,0,0,1,0.8119756898392225,0,0,0,0,1,175,0,0,0,0,0,0,1,6,16,0.0,0.0,0.012492320741462342,0,0,0,0,0,0,0,0,86,0.24488474152666548,0,0,0.8483683812089293,0,4,0,3,56.48114613573644,30.28425763360918,1.0,253.43140054980492,948.8968969664473,381.50977305408446,989.153814436397,0.0,75.61040034342031,1.0,86.0,0.6,0.0,0.0,106.0,669.9270356176746
9.232688333333332,45.48422416666667,1,10,27,1,1,0,0,0,0,0,0,0,1,0.8020141091130468,0,0,0,0,2,209,0,1,0,0,0,0,1,7,15,0.0,0.0,0.015524015609739962,0,0,0,0,0,0,0,0,89,0.23667067842103265,0,0,0.27844981124772433,0,0,0,1,180.47922005515528,30.80024401036391,1.0,181.04125958332034,998.5134517801669,361.0452717173562,721.354840692456,0.0,71.72598965989252,1.0,86.0,0.6,0.0,0.0,106.0,669.5063609154715
9.233353888888889,45.48422416666667,1,11,27,0,1,0,0,0,0,0,3,0,1,0.7876122007711327,0,0,0,0,4,241,0,1,1,0,0,0,2,7,15,0.0,0.0,0.018928965177043098,0,0,0,0,0,0,0,0,103,0.2239830694211441,0,0,0.24818568798416052,0,0,0,1,27.14188539056553,30.42500051337176,0.0,0.0,1385.727547544991,0.0,0.0,0.0,0.0,1.0,86.0,0.6,0.0,0.0,106.0,671.1782142232073
9.234019444444444,45.48422416666667,1,12,27,0,0,0,0,0,0,3,6,0,1,0.7545321452167472,0,0,0,0,3,235,0,1,1,0,0,0,0,7,15,0.0,0.0,0.01744938649734662,0,0,0,0,0,0,0,1,107,0.21098692278733916,0,0,0.3085963239316095,0,16,0,0,10.316434350613742,39.23737592801092,1.3076923076923077,138.02187886654474,1455.5943444161412,0.0,676.9764348319408,0.0,0.0,1.0,86.0,0.6,0.0,0.0,106.0,669.7212214877279
9.234684999999999,45.48422416666667,1,13,27,0,0,0,0,0,1,4,5,0,1,0.6898084364348586,0,0,1,0,15,232,0,1,1,0,0,0,0,7,13,0.0,0.0,0.013375030517486543,0,0,0,0,0,0,0,1,104,0.1914765825639404,0,0,1.1405025178519526,0,12,0,0,13.036445694014006,38.34877407829199,1.0,289.88454136815017,1095.0837675729263,368.31707822646683,1404.8533988536706,0.0,34.608621940228225,1.0,86.0,0.6,0.0,0.0,106.0,663.7451313191227
9.235350555555554,45.48422416666667,1,14,27,0,0,0,0,0,1,3,10,0,1,0.6141030448354564,0,0,1,0,17,247,0,1,1,0,0,0,0,5,12,0.0,0.0,0.009236030379373502,0,0,0,0,0,0,0,0,81,0.1702498444838079,0,3,2.085381483818984,0,0,0,0,20.39898340938552,39.100637990613656,1.0,185.73481079713846,1137.3195820834196,359.37306777876427,1140.1991108129203,0.0,227.3355156764089,1.0,86.0,0.6,0.0,0.0,106.0,667.0639686233069
9.23601611111111,45.48422416666667,1,15,27,0,0,1,0,0,1,4,14,0,1,0.5287290616163749,0,0,1,0,3,232,0,1,1,0,0,0,0,5,11,0.0,0.0,0.007963463428676508,0,0,0,0,0,0,0,0,62,0.1494026143086468,0,3,2.4030155606266956,4,8,0,0,10.36821626839966,37.685496827984295,1.0,77.18249462755348,695.7582923892076,87.15665895303627,702.5780618242741,28.960312483345852,638.6129849893232,1.0,86.0,0.6,0.0,0.0,106.0,659.4626859432885
9.236681666666666,45.48422416666667,1,16,27,0,0,1,0,0,0,1,19,0,1,0.43777901311345724,1,0,1,0,1,219,0,1,1,0,0,0,0,4,10,0.0,0.0,0.007053888334919262,0,0,0,0,0,0,0,0,42,0.12996108602250692,0,3,2.236914640734385,12,28,0,2,7.15973147127843,19.6064923794726,1.084602805824908,156.71910582819004,449.79059092696195,266.88587039039624,1053.7223485689128,250.14376574369672,529.5141282236706,1.0,86.0,0.6,0.0,0.0,106.0,663.5646418635863
9.23734722222222,45.48422416666667,1,17,27,0,0,0,0,0,1,4,11,0,0,0.3467866660170772,1,0,1,0,0,201,0,1,1,0,0,0,0,4,10,0.0,0.0,0.007053888334919262,0,0,0,0,0,0,0,0,24,0.11306297538390181,0,3,2.2462976758572233,0,8,0,2,8.618586526862702,13.180940559525745,1.4090113264804995,0.0,275.13696015970936,0.0,550.3091583852082,52.99189849518093,389.3636609071015,1.0,86.0,0.6,0.0,0.0,106.0,668.1953919923627
9.226032777777778,45.484682500000005,1,0,28,0,0,1,0,0,0,0,0,0,1,0.6993711896948831,0,0,1,0,0,5,0,0,1,0,0,0,1,2,11,0.0,0.0,0.015471625913605317,0,0,0,0,0,0,0,0,22,0.10558267944923613,0,0,1.431525825398309,0,0,1,1,27.14188539056553,30.42500051337176,0.0,0.0,416.9892859728235,0.0,0.0,0.0,12.766056144386978,1.0,86.0,0.6,0.0,0.0,106.0,670.9959748037799
9.226698333333333,45.484682500000005,1,1,28,0,0,0,0,0,0,0,0,0,1,0.7478810076139502,0,0,1,0,0,30,0,0,1,0,0,0,1,2,11,0.0,0.0,0.015471625913605317,0,0,0,0,0,0,0,0,33,0.12166821630648503,0,0,1.937594246862932,0,8,1,2,11.447096051113224,24.76209594338136,1.55100860963725,133.6781038555617,643.9304230764462,0.0,175.3934895244953,0.0,12.766056144386978,1.0,86.0,0.6,0.0,0.0,106.0,670.5980461425897
9.227363888888888,45.484682500000005,1,2,28,0,0,0,0,0,0,0,0,0,1,0.7834076433608406,0,0,1,0,0,48,0,0,1,0,0,0,1,3,14,0.0,0.0,0.01774299694367057,0,0,0,0,0,0,0,0,47,0.14228055363688416,0,0,2.1402217103716143,0,4,1,2,50.89893078906187,22.40950083255838,1.4616027500877025,199.36901656035823,775.753005993559,0.0,398.6520967639973,12.766056144386978,12.766056144386978,1.0,86.0,0.6,0.0,0.0,106.0,670.1569299081964
9.228029444444445,45.484682500000005,1,3,28,0,0,0,0,0,0,0,0,0,1,0.7786835282079428,0,0,1,0,0,68,0,0,1,0,0,0,1,3,14,0.0,0.0,0.01994928871346466,0,0,0,0,0,0,0,0,54,0.15869566312671954,0,0,1.2654354515333703,8,16,1,3,34.598405732295376,25.707177176397263,1.4594005043911267,457.6772550954464,946.5738290307507,316.2288621048632,1687.4239003068672,0.0,12.766056144386978,1.0,86.0,0.6,0.0,0.0,106.0,669.0498772832254
9.228695,45.484682500000005,1,4,28,0,0,0,0,0,0,0,0,0,1,0.7673933765218621,0,0,0,0,0,94,0,0,1,0,0,0,1,4,14,0.0,0.0,0.02080774003904686,0,0,0,0,0,0,0,0,65,0.16766976254629523,0,0,0.7745459237259548,0,4,1,4,86.0764683878222,26.035656013235013,1.4638457637730757,520.2636753667697,901.7512794659118,272.022997056633,1545.571565940963,0.0,0.0,1.0,86.0,0.6,0.0,0.0,106.0,669.7282018895646
9.229360555555555,45.484682500000005,1,5,28,0,0,0,0,0,0,0,0,0,1,0.7577492277014412,0,0,0,0,0,119,0,0,0,0,0,0,0,4,14,0.0,0.0,0.018252814176447432,0,0,0,0,0,0,0,0,69,0.18303978514416194,0,0,0.7778616486448182,0,4,1,4,63.90449485260235,23.48834931205555,1.689770055348942,144.6889467336546,901.459987668832,126.70836171114284,1389.0189297288018,0.0,0.0,1.0,86.0,0.6,0.0,0.0,106.0,670.1019227732304
9.23002611111111,45.484682500000005,1,6,28,0,0,0,0,0,0,0,0,0,1,0.7505116493504286,0,0,0,0,0,139,0,0,0,0,0,0,0,5,14,0.0,0.0,0.017868393752426697,1,0,0,0,0,0,0,0,64,0.1999340520537053,0,0,1.4677528580370105,4,16,1,4,36.90020456190034,32.88880233020079,1.8429608878100197,274.12229030161325,1065.818025561065,486.97169229958814,1829.8681578315227,0.0,0.0,1.0,86.0,0.6,0.0,0.0,106.0,669.8027846369604
9.230691666666667,45.484682500000005,1,7,28,0,0,0,0,0,0,0,0,0,1,0.7446925246825555,0,0,0,0,0,147,0,0,0,0,0,0,0,5,15,0.0,0.0,0.017868393752426697,0,0,0,0,0,0,0,0,62,0.2096065532300481,0,0,2.2903771961873987,0,4,1,3,31.625511788328165,31.170942412376434,1.484491886516585,310.3747563505185,955.8555370604879,280.43519608546785,606.7650855109982,0.0,0.0,1.0,86.0,0.6,0.0,0.0,106.0,668.8000894584474
9.231357222222222,45.484682500000005,1,8,28,0,0,0,0,0,0,0,0,0,1,0.7350065660625648,0,0,0,0,0,156,0,0,0,0,0,0,0,5,16,0.0,0.0,0.012058920419608463,0,0,0,0,0,0,0,0,63,0.213234325283339,0,0,1.843755181436776,0,0,1,3,77.94221124298184,30.394549472202286,1.0,88.51262201597817,1074.1052592294302,0.0,612.9672791708584,0.0,91.4685743500672,1.0,86.0,0.6,0.0,0.0,106.0,669.345247828443
9.232022777777777,45.484682500000005,1,9,28,0,1,0,0,0,0,0,0,0,1,0.7282990988605116,0,0,0,0,0,157,0,0,0,0,0,0,0,5,15,0.0,0.0,0.006035205301011924,0,0,0,0,0,0,0,0,76,0.21457032251186436,0,0,1.2054963890421917,0,0,0,1,101.20127749592548,27.127751381110542,1.477664234558986,88.51262201597817,843.5393638090852,0.0,548.1703307956077,71.72598965989252,91.4685743500672,1.0,86.0,0.6,0.0,0.0,106.0,670.4346506852786
9.232688333333332,45.484682500000005,1,10,28,1,1,0,0,0,0,0,0,0,1,0.7156297239660714,0,0,0,0,4,158,0,0,0,0,0,0,0,5,15,0.0,0.0,0.006133604328634824,0,0,0,0,0,0,0,0,81,0.20947752250229182,0,0,0.5081984867540208,0,0,0,1,180.47922005515528,30.80024401036391,1.0,181.04125958332034,608.8070851623295,721.354840692456,721.354840692456,0.0,91.4685743500672,1.0,86.0,0.6,0.0,0.0,106.0,671.4388772695542
9.233353888888889,45.484682500000005,1,11,28,0,1,0,0,0,0,0,0,0,1,0.6918073799264775,0,0,0,0,8,204,0,1,0,0,0,0,0,7,14,0.0,0.0,0.008087264500356661,0,0,0,0,0,0,0,0,87,0.19923839285578512,0,0,0.24069345742293802,0,0,0,1,27.14188539056553,30.42500051337176,0.0,0.0,435.6464971778785,0.0,0.0,0.0,71.72598965989252,1.0,86.0,0.6,0.0,0.0,106.0,669.9455228300782
9.234019444444444,45.484682500000005,1,12,28,0,0,0,0,0,0,0,0,0,1,0.6618970468572778,0,0,0,0,3,226,0,1,1,0,0,0,0,6,14,0.0,0.0,0.011209508915793049,0,0,0,0,0,0,0,0,90,0.1843220518710463,0,0,0.3052246983132405,0,0,0,0,27.14188539056553,30.42500051337176,0.0,0.0,957.3686434025024,0.0,0.0,0.0,0.0,1.0,86.0,0.6,0.0,0.0,106.0,670.046218424269
9.234684999999999,45.484682500000005,1,13,28,0,0,0,0,0,0,0,4,0,1,0.6043612437503905,0,0,0,0,0,215,0,1,1,0,0,0,0,5,12,0.0,0.0,0.009762369606355842,0,0,0,0,0,0,0,0,87,0.16909900736168607,0,0,1.0211255771830154,0,0,0,0,4.814160527975434,30.42500051337176,0.0,0.0,801.585704357149,0.0,19.256642111901737,0.0,55.57076224299522,1.0,86.0,0.6,0.0,0.0,106.0,670.0023868771972
9.235350555555554,45.484682500000005,1,14,28,0,0,0,0,0,0,2,12,0,1,0.5370888114814583,0,0,1,0,5,201,0,1,1,0,0,0,0,5,11,0.0,0.0,0.00860974240040101,0,0,0,0,0,0,0,0,69,0.15186984183680152,0,3,1.9974238172852046,0,8,0,0,10.704556861591353,39.00926866454421,1.0,106.90056571828627,560.2697133894189,0.0,760.0179045053383,10.855192426866456,501.5349298895166,1.0,86.0,0.6,0.0,0.0,106.0,666.3498764546914
9.23601611111111,45.484682500000005,1,15,28,0,0,0,0,0,1,7,22,0,0,0.4630008716409784,1,1,1,0,1,193,0,0,1,0,0,0,0,5,11,0.0,0.0,0.007426783885625692,0,0,0,0,0,0,0,0,55,0.13339501798204936,0,3,3.569153750935148,0,22,0,0,8.799589259055558,38.56584946993711,1.0,94.19145485241589,563.685752360931,356.0022892177857,1250.0643677379817,107.67640515376982,681.7788726726275,1.0,86.0,0.6,0.0,0.0,106.0,671.4095496315512
9.236681666666666,45.484682500000005,1,16,28,0,0,0,0,0,1,15,28,0,0,0.38430577212336836,1,0,1,0,2,192,0,0,1,0,0,0,0,4,10,0.0,0.0,0.007053888334919262,0,0,0,0,0,0,0,0,37,0.11336719446036403,0,3,2.1081985301911694,0,8,0,0,9.250805102642571,17.933104639235978,1.0,0.0,501.50418296986834,191.68513935137113,1120.3127002467497,258.0572600469936,681.7788726726275,1.0,86.0,0.6,0.0,0.0,106.0,663.9569591947436
9.23734722222222,45.484682500000005,1,17,28,0,0,0,0,0,1,5,26,0,0,0.3037131030106714,1,0,0,0,0,175,0,0,1,0,0,0,0,3,9,0.0,0.0,0.006996694460065336,0,0,0,0,0,0,0,0,22,0.09956613317623884,0,3,1.2812719626748121,0,0,0,0,8.494263095597168,30.42500051337176,0.0,0.0,165.77719250996734,0.0,407.724628588664,0.0,519.303919049991,1.0,86.0,0.6,0.0,0.0,106.0,668.2068288915096
9.226032777777778,45.48514083333334,1,0,29,0,0,0,0,0,0,0,0,0,1,0.6097275264845261,0,0,1,0,0,5,0,0,1,0,0,0,0,2,11,0.0,0.0,0.015471625913605317,0,0,0,0,0,0,0,0,18,0.0870405308624035,0,0,0.6433659663566329,0,0,1,1,27.14188539056553,30.42500051337176,0.0,0.0,318.0757508981126,0.0,0.0,0.0,0.0,1.0,86.0,0.6,0.0,0.0,106.0,672.810060398506
9.226698333333333,45.48514083333334,1,1,29,0,0,0,0,0,0,0,0,0,1,0.6500608688921405,0,0,1,0,0,5,0,0,1,0,0,0,0,2,11,0.0,0.0,0.015471625913605317,0,0,0,0,0,0,0,0,25,0.10575023203277029,0,0,0.4059045884656584,0,0,1,2,27.14188539056553,30.42500051337176,0.0,0.0,416.9892859728235,0.0,0.0,0.0,12.766056144386978,1.0,86.0,0.6,0.0,0.0,106.0,672.244229191916
9.227363888888888,45.48514083333334,1,2,29,0,0,0,0,0,0,0,0,0,1,0.683269803260691,0,0,0,0,0,6,0,0,1,0,0,0,0,2,11,0.0,0.0,0.015471625913605317,0,0,0,0,0,0,0,0,36,0.12423469712224139,0,0,0.8097224710075819,0,0,1,2,27.14188539056553,30.42500051337176,0.0,0.0,591.355358951008,0.0,0.0,0.0,12.766056144386978,1.0,86.0,0.6,0.0,0.0,106.0,672.5009016581133
9.228029444444445,45.48514083333334,1,3,29,0,0,0,0,0,0,0,0,0,1,0.6808647444352076,0,0,0,0,0,41,0,0,1,0,0,0,0,3,14,0.0,0.0,0.018219140422202813,0,0,0,0,0,0,0,0,45,0.13591573778932056,0,0,0.7046182622473135,0,0,0,2,27.14188539056553,30.42500051337176,0.0,0.0,946.5738290307507,0.0,0.0,0.0,12.766056144386978,1.0,86.0,0.6,0.0,0.0,106.0,672.5585329101061
9.228695,45.48514083333334,1,4,29,0,0,0,0,0,0,0,0,0,1,0.6799000763336894,0,0,0,0,0,73,0,0,1,0,0,0,0,3,14,0.0,0.0,0.017915273035609195,0,0,0,0,0,0,0,0,47,0.14940562506423,0,0,0.9967226006819309,0,0,1,2,27.14188539056553,30.42500051337176,0.0,0.0,901.7512794659118,0.0,0.0,0.0,0.0,1.0,86.0,0.6,0.0,0.0,106.0,670.6891578215225
9.229360555555555,45.48514083333334,1,5,29,0,0,0,0,0,0,0,0,0,1,0.6760497161825364,0,0,0,0,0,97,0,0,0,0,0,0,0,2,14,0.0,0.0,0.0169623487757293,0,0,0,0,0,0,0,0,50,0.1622641376366024,0,0,1.2007609699419675,0,0,1,2,136.0114985283165,30.42500051337176,0.0,0.0,886.2713636380965,0.0,272.022997056633,0.0,0.0,1.0,86.0,0.6,0.0,0.0,106.0,670.3451306757433
9.23002611111111,45.48514083333334,1,6,29,0,0,0,0,0,0,0,0,0,1,0.6591000480140605,0,0,0,0,0,111,0,0,0,0,0,0,0,3,13,0.0,0.0,0.01763743449339196,0,0,0,0,0,0,0,0,50,0.1699274972309054,0,0,1.9932800602846286,0,8,1,1,19.22017909388918,41.30128382488932,2.0,112.11388480421073,886.2713636380965,0.0,359.2331694634091,0.0,0.0,1.0,86.0,0.6,0.0,0.0,106.0,669.8131667236629
9.230691666666667,45.48514083333334,1,7,29,0,0,0,0,0,0,0,0,0,1,0.6504209821081434,0,0,0,0,0,121,0,0,0,0,0,0,0,5,13,0.0,0.0,0.015938634017815083,1,0,0,0,0,0,0,0,45,0.17642329099076576,0,0,2.0270904071037914,0,4,1,1,42.81756555391921,31.170942412376434,1.484491886516585,310.3747563505185,757.8013004065051,273.30771375088415,760.0643824974619,0.0,91.4685743500672,1.0,86.0,0.6,0.0,0.0,106.0,669.048961823655
9.231357222222222,45.48514083333334,1,8,29,0,1,0,0,0,0,0,0,0,1,0.6445178002344283,0,0,0,0,0,137,0,0,0,0,0,0,0,5,13,0.0,0.0,0.0078385433871329,1,0,0,0,0,0,0,0,46,0.17855196829159523,0,0,2.2549391828825764,4,4,1,1,54.90848761574947,31.35579526217519,1.5652405342693492,297.7480785284549,950.1961362633834,561.9773068413184,1020.0556242495322,0.0,91.4685743500672,1.0,86.0,0.6,0.0,0.0,106.0,670.138132841291
9.232022777777777,45.48514083333334,1,9,29,1,1,0,0,0,0,0,0,0,1,0.6394619006131189,0,0,0,0,0,143,0,0,0,0,0,0,0,4,13,0.0,0.0,0.005856825835571076,0,0,0,0,0,0,0,0,66,0.18074682585774776,0,0,1.2914740959732407,4,12,0,1,30.075939910406227,29.581129005418244,1.549093291155349,347.37509270792714,742.9249847286262,126.17864618002328,794.2698692686612,91.4685743500672,91.4685743500672,1.0,86.0,0.6,0.0,0.0,106.0,670.6784212485226
9.232688333333332,45.48514083333334,1,10,29,1,1,0,0,0,0,0,0,0,1,0.6205163808660971,0,0,0,0,4,148,0,0,0,0,0,0,0,4,14,0.0,0.0,0.005663515141223582,0,0,0,0,0,0,0,0,73,0.17785302111461815,0,0,0.642878034007526,0,4,0,1,56.06444740379438,30.170038005784175,1.3065335304577903,262.44105593762373,578.0062061947995,0.0,802.78344473447,0.0,91.4685743500672,1.0,86.0,0.6,0.0,0.0,106.0,671.1487978048117
9.233353888888889,45.48514083333334,1,11,29,0,1,0,0,0,0,0,0,0,1,0.5922336395593691,0,0,0,0,8,141,0,0,0,0,0,0,0,4,14,0.0,0.0,0.003972180752037907,0,0,0,0,0,0,0,0,76,0.17139599484780962,0,0,0.5569035258834124,0,0,0,1,27.14188539056553,30.42500051337176,0.0,0.0,262.44105593762373,0.0,0.0,0.0,71.72598965989252,1.0,86.0,0.6,0.0,0.0,106.0,671.9534313573893
9.234019444444444,45.48514083333334,1,12,29,0,0,0,0,0,0,0,0,0,1,0.5655382971010212,0,0,0,0,3,161,0,0,0,0,0,0,0,4,13,0.0,0.0,0.003026118700157633,0,0,0,0,0,0,0,0,77,0.15804773106330067,0,0,0.38310047252114354,0,0,0,0,27.14188539056553,30.42500051337176,0.0,0.0,34.327524367888,0.0,0.0,0.0,0.0,1.0,86.0,0.6,0.0,0.0,106.0,671.9526997841599
9.234684999999999,45.48514083333334,1,13,29,0,0,0,0,0,0,0,3,0,1,0.5151074987736008,0,0,0,0,0,190,0,0,1,0,0,0,0,5,11,0.0,0.0,0.0037008262831582104,0,0,0,0,0,0,0,0,68,0.1455889717883719,0,0,1.1124429883684932,0,0,0,0,27.14188539056553,30.42500051337176,0.0,0.0,294.0485376529159,0.0,0.0,0.0,86.40678554583619,1.0,86.0,0.6,0.0,0.0,106.0,671.636516327908
9.235350555555554,45.48514083333334,1,14,29,0,0,0,0,0,1,3,4,0,1,0.45598647919430035,0,0,1,0,0,191,0,0,1,0,0,0,0,5,11,0.0,0.0,0.00481872422757472,0,0,0,0,0,0,0,0,54,0.13126276445596677,0,0,2.0974846791990105,0,0,0,0,10.016008945544547,37.789438803228975,1.0,59.542297785653005,370.67438226555606,66.22625474940553,180.4856146404301,10.37231121253055,436.3771435345024,1.0,86.0,0.6,0.0,0.0,106.0,671.3564903602161
9.23601611111111,45.48514083333334,1,15,29,0,0,0,0,0,0,3,20,0,1,0.39080364683493046,1,1,1,0,0,182,0,0,1,0,0,0,0,4,11,0.0,0.0,0.004698400431647333,0,0,0,0,0,0,0,0,41,0.11367347121987856,0,3,2.8821189228268853,12,28,0,0,6.044859587354162,24.84635751255186,1.0592230704794023,122.38386814403297,367.32759564902744,37.16624103793515,935.8821889758046,332.05164797161973,595.2407502715421,1.0,86.0,0.6,0.0,0.0,106.0,671.6325407203512
9.236681666666666,45.48514083333334,1,16,29,0,0,0,0,0,1,7,27,0,0,0.32176025246208506,1,0,1,0,1,168,0,0,1,0,0,0,0,4,9,0.0,0.0,0.0037990541855713656,0,0,0,0,0,0,0,0,25,0.0988209678899955,0,3,1.196989908049262,0,8,0,0,8.530515470127426,18.09992051791898,1.0,0.0,234.40432781938622,14.440130668499679,844.5528973977993,127.92586619672727,660.5491540938335,1.0,86.0,0.6,0.0,0.0,106.0,670.6039989394708
9.23734722222222,45.48514083333334,1,17,29,0,0,0,0,0,1,14,18,0,0,0.25191154062097704,1,0,0,0,0,136,0,0,1,0,0,0,0,2,9,0.0,0.0,0.001440346720441874,0,0,0,0,0,0,0,0,11,0.08536083218761734,0,3,1.0138914886200734,0,0,0,0,10.331533708543128,30.42500051337176,0.0,0.0,27.311251981060416,234.73777922286595,495.9136180100702,0.0,559.5879513427683,1.0,86.0,0.6,0.0,0.0,106.0,669.2058522738585
