x,y,sub,grid_col,grid_row,close2water_25,close2water_100,close2smoking_shop_75,close2chimney_150,close2water_tap_75,close2public_transport_15,num_public_transport_50,num_public_transport_100,close2industry_400,close2residential_10,proportion_residential_400,close2railway_100,close2grass_15,close2grass_100,close2construction_50,num_trees_50,num_trees_500,close2woods_50,close2woods_200,close2grassland_200,close2park_5,close2park_25,close2garden_25,num_green_200,num_green_500,num_green_1000,proportion_green_50,proportion_green_100,proportion_green_500,close2smoking_amenity_30,close2cigarette_disposal_50,close2waste_disposal_25,close2parking_space_30,close2fuel_station_40,close2drinking_water_30,close2industrial_building_15,close2industrial_building_100,num_residential_buildings_200,proportion_residential_buildings_500,close2commercial_building_25,num_commercial_buildings_200,average_building_height_100,sum_streets_nearby_20,sum_streets_nearby_50,num_traffic_light_200,num_traffic_light_400,average_nearby_streets_len_50,average_nearby_maxspeed_50,average_nearby_num_lanes_50,sum_nearby_residential_street_len_50,sum_nearby_residential_street_len_150,sum_nearby_pedestrian_street_len_15,sum_nearby_pedestrian_street_len_50,sum_nearby_service_street_len_50,sum_nearby_service_street_len_150,velocita_vento_massimo,direzione_vento_massimo,velocita_vento_medio,radiazione_globale_medio,precipitazione_valore_cumulato,direzione_vento_medio,predicted_co2
9.225861891891892,45.47173270491803,1,0,0,0,0,0,0,0,0,0,0,0,1,0.7338379927409208,0,0,0,0,0,18,0,0,0,0,0,0,0,2,12,0.0,0.0,0.010537403198630897,0,0,0,0,0,0,0,0,38,0.05837122452598667,0,0,0.9699096881816224,0,0,0,0,28.56336444662606,30.370758534903082,0.0,0.0,15.553863795684792,0.0,0.0,0.0,0.0,1.0,86.0,0.6,0.0,0.0,106.0,684.5715072395526
9.226185675675676,45.47173270491803,1,1,0,0,0,0,0,0,0,0,0,0,1,0.7760069195503998,0,0,0,0,0,18,0,0,0,0,0,0,0,3,14,0.0,0.0,0.014705013298403853,0,0,0,0,0,0,0,0,41,0.06214152385781918,0,0,0.8683692050403764,0,0,0,0,28.56336444662606,30.370758534903082,0.0,0.0,15.553863795684792,0.0,0.0,0.0,0.0,1.0,86.0,0.6,0.0,0.0,106.0,685.9667099663005
9.226509459459459,45.47173270491803,1,2,0,0,0,0,0,0,0,0,0,0,1,0.8142806593093022,0,0,0,0,1,19,0,0,0,0,0,0,0,4,14,0.0,0.0,0.016955048642794467,0,0,0,0,0,0,0,0,43,0.06642379759973893,0,0,0.814739159154064,0,0,0,0,28.56336444662606,30.370758534903082,0.0,0.0,8.628911133133197,0.0,0.0,0.0,0.0,1.0,86.0,0.6,0.0,0.0,106.0,687.295564038404
9.226833243243243,45.47173270491803,1,3,0,0,0,0,0,0,0,0,0,0,1,0.8392016038109378,0,0,0,0,1,19,0,0,0,0,0,0,0,4,15,0.0,0.0,0.018514083773639504,0,0,0,0,0,0,0,0,46,0.07226824885704415,0,0,1.1471078083716448,0,0,0,0,28.56336444662606,30.370758534903082,0.0,0.0,0.0,0.0,0.0,0.0,0.0,1.0,86.0,0.6,0.0,0.0,106.0,689.1708406140286
9.227157027027028,45.47173270491803,1,4,0,0,0,0,0,0,0,0,0,0,1,0.8517175543981286,0,0,0,0,0,19,0,0,0,0,0,0,0,4,15,0.0,0.0,0.020275700294007545,0,0,0,0,0,0,0,0,48,0.0762003751535759,0,0,1.4571925554392657,0,0,0,0,28.56336444662606,30.370758534903082,0.0,0.0,0.0,0.0,0.0,0.0,0.0,1.0,86.0,0.6,0.0,0.0,106.0,689.8541739458906
9.22748081081081,45.47173270491803,1,5,0,0,0,0,0,0,0,0,0,0,1,0.8482780210130456,0,0,0,0,0,19,0,0,0,0,0,0,0,4,15,0.0,0.0,0.02141962922201946,0,0,0,0,0,0,0,0,56,0.08134309582991132,0,0,1.0455844847694606,0,0,0,0,28.56336444662606,30.370758534903082,0.0,0.0,0.0,0.0,0.0,0.0,0.0,1.0,86.0,0.6,0.0,0.0,106.0,693.9663601149803
9.227804594594595,45.47173270491803,1,6,0,0,0,0,0,0,0,0,0,0,1,0.8350168878366285,0,0,0,0,0,19,0,0,0,0,0,0,0,4,15,0.0,0.0,0.021394760725421468,0,0,0,0,0,0,0,0,55,0.08783866528895364,0,0,0.8930478050452861,0,0,0,0,28.56336444662606,30.370758534903082,0.0,0.0,0.0,0.0,0.0,0.0,0.0,1.0,86.0,0.6,0.0,0.0,106.0,697.2195768440797
9.228128378378377,45.47173270491803,1,7,0,0,0,0,0,0,0,0,0,0,1,0.8223832349708602,0,0,0,0,0,21,0,0,0,0,0,0,0,4,16,0.0,0.0,0.019921559541870273,0,0,0,0,0,0,0,0,51,0.09414665859150342,0,0,0.9835384527234962,0,0,0,0,28.56336444662606,30.370758534903082,0.0,0.0,0.0,0.0,0.0,0.0,0.0,1.0,86.0,0.6,0.0,0.0,106.0,699.1287280646687
9.228452162162162,45.47173270491803,1,8,0,0,0,0,0,0,0,0,0,0,1,0.8101799013744961,0,0,0,0,1,21,0,0,0,0,0,0,0,4,16,0.0,0.0,0.017986638727485006,0,0,0,0,0,0,0,0,41,0.10233563139712953,0,0,0.844629886912283,0,0,0,0,28.56336444662606,30.370758534903082,0.0,0.0,0.0,0.0,0.0,0.0,0.0,1.0,86.0,0.6,0.0,0.0,106.0,698.3240901617517
9.228775945945946,45.47173270491803,1,9,0,0,0,0,0,0,0,0,0,0,1,0.7982918197593859,0,0,0,0,1,21,0,0,0,0,0,0,1,4,17,0.0,0.0,0.01673318933295387,0,0,0,0,0,0,0,0,46,0.11004016198473532,0,0,0.5663574100536053,0,0,0,0,28.56336444662606,30.370758534903082,0.0,0.0,0.0,0.0,0.0,0.0,0.0,1.0,86.0,0.6,0.0,0.0,106.0,696.0243552604459
9.229099729729729,45.47173270491803,1,10,0,0,0,0,0,0,0,0,0,0,1,0.7867473438028494,0,0,0,0,0,21,0,0,0,0,0,0,1,3,17,0.0,0.0,0.016440019796489635,0,0,0,0,0,0,0,0,49,0.11799536872906778,0,0,1.1822959205996832,0,0,0,0,28.56336444662606,30.370758534903082,0.0,0.0,0.0,0.0,0.0,0.0,0.0,1.0,86.0,0.6,0.0,0.0,106.0,691.4083565396513
9.229423513513513,45.47173270491803,1,11,0,0,0,0,0,0,0,0,0,0,1,0.7767687283948351,0,0,0,0,1,21,0,0,0,0,0,0,1,3,18,0.0,0.0,0.016440019796489635,0,0,0,0,0,0,0,0,49,0.12446431779367677,0,0,1.690971608925763,0,0,0,0,28.56336444662606,30.370758534903082,0.0,0.0,0.0,0.0,0.0,0.0,0.0,1.0,86.0,0.6,0.0,0.0,106.0,685.6517101639213
9.229747297297298,45.47173270491803,1,12,0,0,0,0,0,0,0,0,0,0,1,0.7667302574832835,0,0,0,0,0,21,0,0,0,0,0,0,1,3,18,0.0,0.0,0.016440019796489635,0,0,0,0,0,0,0,0,45,0.13166017392549856,0,0,1.7461910872641686,0,0,0,0,46.14374217597035,44.0165482627854,2.0,0.0,0.0,0.0,10.956537665619226,0.0,0.0,1.0,86.0,0.6,0.0,0.0,106.0,680.8560543422042
9.23007108108108,45.47173270491803,1,13,0,0,0,0,0,0,0,0,0,0,1,0.7555314775564143,0,0,0,0,0,21,0,0,0,0,0,0,1,3,18,0.0,0.0,0.016440019796489635,0,0,0,0,0,0,0,0,49,0.1382415801836826,0,0,1.7451155955526472,0,4,0,0,32.41001020515562,44.0165482627854,2.0,0.0,0.0,10.956537665619226,455.9054948305095,0.0,0.0,1.0,86.0,0.6,0.0,0.0,106.0,677.2886713935338
9.230394864864865,45.47173270491803,1,14,0,0,0,0,0,0,0,0,0,0,1,0.7445144680569148,0,0,0,0,0,22,0,0,0,0,0,0,1,4,18,0.0,0.0,0.016865800508056986,0,0,0,0,0,0,0,0,48,0.14287796512876846,0,0,1.8559600161760454,4,4,0,0,32.41001020515562,44.0165482627854,2.0,0.0,0.0,168.11834547304758,455.9054948305095,0.0,0.0,1.0,86.0,0.6,0.0,0.0,106.0,673.6005274547911
9.230718648648649,45.47173270491803,1,15,0,0,0,0,0,0,0,0,0,0,1,0.7336801743048944,0,0,0,0,0,21,0,0,0,0,0,0,1,4,17,0.0,0.0,0.020345603285041557,0,0,0,0,0,0,0,0,47,0.1409849969482903,0,0,2.086637130246653,0,8,0,0,29.54608076605005,30.370758534903082,0.0,0.0,0.0,168.11834547304758,827.2902614494014,0.0,0.0,1.0,86.0,0.6,0.0,0.0,106.0,671.7721639469949
9.231042432432432,45.47173270491803,1,16,0,0,0,0,0,0,0,0,0,0,1,0.7212593813659677,0,0,0,0,0,10,0,0,0,0,0,0,1,5,17,0.0,0.0,0.023906075765783276,0,0,0,0,0,0,0,0,46,0.13985918335652137,0,0,1.0945889089452978,8,8,0,0,29.54608076605005,30.370758534903082,0.0,0.0,0.0,406.46914273802855,827.2902614494014,0.0,0.0,1.0,86.0,0.6,0.0,0.0,106.0,670.8221219739614
9.231366216216216,45.47173270491803,1,17,0,0,0,0,0,0,0,0,0,0,1,0.7104365304336026,0,0,0,0,0,10,0,0,0,0,0,0,1,5,17,0.0,0.0,0.025962821189983564,0,0,0,0,0,0,0,0,42,0.14308913733925085,0,0,0.9970909669816879,0,8,0,0,29.54608076605005,30.370758534903082,0.0,0.0,6.749991995100368,271.3718562101197,827.2902614494014,0.0,0.0,1.0,86.0,0.6,0.0,0.0,106.0,667.8712260192821
9.23169,45.47173270491803,1,18,0,0,0,0,0,0,0,0,0,0,1,0.6999744307617666,0,0,0,0,0,11,0,0,0,0,0,0,0,5,17,0.0,0.0,0.029089214144589176,0,0,0,0,0,0,0,0,44,0.14346432728814243,0,0,0.9528391279245163,0,0,0,0,90.47342233373563,30.370758534903082,0.0,0.0,6.749991995100368,271.3718562101197,452.36711166867815,0.0,0.0,1.0,86.0,0.6,0.0,0.0,106.0,666.8473924641517
9.232013783783783,45.47173270491803,1,19,0,0,0,0,0,0,0,0,0,0,1,0.6898831043052779,0,0,0,0,0,12,0,0,0,0,0,0,0,5,15,0.0,0.0,0.03358858606215982,0,0,0,0,0,0,0,0,46,0.14423574034971612,0,0,1.3458314863127765,0,12,0,0,23.938664630823126,30.0,1.0,6.749991995100368,6.749991995100368,271.3718562101197,807.164605452886,0.0,0.0,1.0,86.0,0.6,0.0,0.0,106.0,665.846714396694
9.232337567567567,45.47173270491803,1,20,0,0,0,1,0,0,0,0,0,0,1,0.680180353735094,0,0,0,0,0,11,0,0,0,0,0,0,0,5,15,0.0,0.0,0.039236938160706655,0,0,0,0,0,0,0,0,44,0.13968141988105823,0,0,1.8297360424801743,8,16,0,0,33.51072235623704,30.0,1.0,6.749991995100368,6.749991995100368,336.22343541026447,1702.2968481729888,0.0,0.0,1.0,86.0,0.6,0.0,0.0,106.0,663.5916720469525
9.23266135135135,45.47173270491803,1,21,0,0,0,0,0,0,0,0,0,0,1,0.6722842761244996,0,0,0,0,0,11,0,0,0,0,0,0,0,5,15,0.0,0.0,0.045134248277222955,0,0,0,0,0,0,0,0,43,0.13691199106999347,0,0,2.220666762621641,0,16,0,0,33.51072235623704,30.0,1.0,6.749991995100368,6.749991995100368,419.69759650701155,1702.2968481729888,0.0,0.0,1.0,86.0,0.6,0.0,0.0,106.0,662.9676157743186
9.232985135135134,45.47173270491803,1,22,0,0,0,0,0,0,0,0,0,0,1,0.668714754617711,0,0,0,0,0,11,0,0,0,0,0,0,0,5,13,0.0,0.0,0.05078948189640835,0,0,0,0,0,0,0,0,43,0.13312832593322246,0,1,2.7475278572210846,0,0,0,0,139.91784263858239,30.370758534903082,0.0,0.0,6.749991995100368,419.69759650701155,699.5892131929119,0.0,0.0,1.0,86.0,0.6,0.0,0.0,106.0,661.899049463156
9.233308918918919,45.47173270491803,1,23,0,0,0,0,0,0,0,0,0,0,1,0.6689567332141559,0,0,0,0,0,9,0,0,0,0,0,0,0,5,13,0.0,0.0,0.05557108751703042,0,0,0,0,0,0,0,0,40,0.13030752678820148,0,1,3.0651972317859872,0,0,0,0,139.91784263858239,30.370758534903082,0.0,0.0,100.8012406038948,419.69759650701155,699.5892131929119,0.0,0.0,1.0,86.0,0.6,0.0,0.0,106.0,662.5504076149759
9.233632702702701,45.47173270491803,1,24,0,0,1,0,0,0,0,0,0,0,1,0.6754594610788575,0,0,0,0,0,9,0,0,0,0,0,0,1,5,12,0.0,0.0,0.05941167911813145,0,0,0,0,0,0,0,0,37,0.12560509278107432,0,1,3.0204787119807457,0,0,0,0,139.91784263858239,30.370758534903082,0.0,0.0,100.8012406038948,279.77361144508336,699.5892131929119,0.0,0.0,1.0,86.0,0.6,0.0,0.0,106.0,661.9898182253787
9.233956486486486,45.47173270491803,1,25,0,0,1,0,0,0,0,0,0,0,1,0.6781445806205718,0,0,0,0,0,6,0,0,0,0,0,0,1,4,11,0.0,0.0,0.06166933233163734,0,0,0,0,0,0,0,0,34,0.11974855080940142,0,1,2.6040265584376745,0,8,0,0,34.3914377867404,30.0,1.0,7.416912937170034,285.28484740692386,279.77361144508336,921.1519073048208,0.0,0.0,1.0,86.0,0.6,0.0,0.0,106.0,662.5828923996796
9.23428027027027,45.47173270491803,1,26,0,1,1,0,0,0,0,0,3,0,1,0.6764534888037829,0,0,0,0,0,5,0,0,0,0,0,0,1,3,10,0.0,0.0,0.06101036493395905,0,0,0,0,0,0,0,0,31,0.11535800502773319,0,1,1.966517966374131,8,16,0,0,27.72355301045779,30.0,1.0,94.05124860879442,285.28484740692386,310.52431241595093,1319.849954924553,0.0,0.0,1.0,86.0,0.6,0.0,0.0,106.0,663.3798762656206
9.234604054054053,45.47173270491803,1,27,0,1,1,0,0,0,0,0,3,0,1,0.6590382539817561,0,0,0,0,0,6,0,0,0,0,0,0,1,3,9,0.0,0.0,0.0602832694302854,0,0,0,0,0,0,0,0,30,0.11039494503556946,0,1,3.3389470351568957,0,20,0,0,25.97835290028609,30.0,1.0,94.05124860879442,293.66947884927464,77.55781133779595,1516.6066312089433,0.0,0.0,1.0,86.0,0.6,0.0,0.0,106.0,664.4417128041578
9.234927837837837,45.47173270491803,1,28,0,0,1,0,0,0,0,3,3,0,1,0.635882994791717,0,0,0,0,0,6,0,0,0,0,0,0,1,2,8,0.0,0.0,0.06200273689214335,0,0,0,0,0,0,0,0,27,0.10276306451210722,0,1,3.3351321466708543,4,4,0,0,31.854501557597754,31.74833885250891,1.8417182215572117,180.70655595958723,294.8634353649068,92.03582701698677,583.8014814227588,0.0,0.0,1.0,86.0,0.6,0.0,0.0,106.0,665.0803229090351
9.235251621621622,45.47173270491803,1,29,0,0,1,0,0,0,1,3,3,0,1,0.6092039201783538,0,0,0,0,0,6,0,0,1,0,0,0,1,2,8,0.0,0.0,0.06305750854248211,0,0,0,0,0,0,0,0,25,0.09651213418515635,0,1,3.002398417783361,0,4,0,0,31.854501557597754,31.74833885250891,1.8417182215572117,180.70655595958723,294.8634353649068,30.91350784806,583.8014814227588,0.0,0.0,1.0,86.0,0.6,0.0,0.0,106.0,665.1379394039826
9.235575405405404,45.47173270491803,1,30,0,0,0,0,0,0,0,2,3,0,1,0.5798788969087072,0,0,0,0,0,6,0,0,1,0,0,0,1,2,8,0.0,0.0,0.06334647775099586,0,0,0,0,0,0,0,0,21,0.08824206729009011,0,1,4.424705135555308,0,0,0,0,15.45675392403,30.370758534903082,0.0,0.0,485.4687471840048,0.0,30.91350784806,0.0,0.0,1.0,86.0,0.6,0.0,0.0,106.0,665.2768361601017
9.235899189189189,45.47173270491803,1,31,0,0,0,0,0,0,0,0,4,0,1,0.5487837172480853,0,0,0,0,0,7,0,0,1,0,0,0,1,2,8,0.0,0.0,0.06286521229932504,0,0,0,0,0,0,0,0,19,0.08269813745928414,0,1,7.0299023723272995,0,0,0,0,28.56336444662606,30.370758534903082,0.0,0.0,434.979843293653,0.0,0.0,0.0,0.0,1.0,86.0,0.6,0.0,0.0,106.0,665.2423940638573
9.236222972972971,45.47173270491803,1,32,0,0,0,0,0,0,0,1,1,0,1,0.5159972115430365,0,0,0,0,0,6,0,0,1,0,0,0,0,2,8,0.0,0.0,0.06160848712224838,0,0,0,0,0,0,0,0,16,0.07789518672969116,0,1,6.731372784187029,0,0,0,0,36.60627201218603,30.370758534903082,0.0,0.0,442.6109593685302,0.0,73.21254402437206,0.0,0.0,1.0,86.0,0.6,0.0,0.0,106.0,665.1535644221062
9.236546756756756,45.47173270491803,1,33,0,0,0,0,0,0,0,1,1,0,1,0.48186792094289693,0,0,1,0,0,5,0,0,1,0,0,0,0,2,8,0.0,0.0,0.05956786725473199,0,0,0,0,0,0,0,0,13,0.07337297960862733,0,0,4.88995118616365,0,8,0,0,23.27734476438154,26.100633537101196,1.4134112393055716,254.27328733406574,289.4043324484154,73.21254402437206,676.820503241196,0.0,0.0,1.0,86.0,0.6,0.0,0.0,106.0,665.8900536763867
9.23687054054054,45.47173270491803,1,34,0,0,0,0,0,0,0,1,1,0,1,0.44671989146142493,0,0,1,0,0,4,0,0,1,0,0,0,0,2,8,0.0,0.0,0.05670277049406275,0,0,0,0,0,0,0,0,9,0.06808996337388054,0,0,4.359913219846488,0,8,0,0,23.27734476438154,26.100633537101196,1.4134112393055716,254.27328733406574,289.4043324484154,126.25420612756072,676.820503241196,0.0,0.0,1.0,86.0,0.6,0.0,0.0,106.0,666.0912901431916
9.237194324324323,45.47173270491803,1,35,0,0,0,0,0,0,0,0,1,0,1,0.4108561674011711,0,0,1,0,0,3,0,0,1,0,0,0,0,2,8,0.0,0.0,0.052946508165058984,0,0,0,0,0,0,0,0,8,0.060013304043221596,0,0,4.88995118616365,0,8,0,0,12.493218196343987,30.044735031324645,1.0,69.83054217093984,271.3459208866155,114.37831412511436,304.9660037193798,0.0,0.0,1.0,86.0,0.6,0.0,0.0,106.0,666.2628727388609
9.237518108108107,45.47173270491803,1,36,0,0,0,0,0,0,0,0,0,0,1,0.374582302547625,0,0,1,0,0,3,0,0,1,0,0,0,0,2,8,0.0,0.0,0.0482175596664941,0,0,0,0,0,0,0,0,5,0.05278264586401511,0,0,4.3028013556156,4,4,0,0,15.208023440467395,30.039695253711454,1.0,60.634978270992264,271.3459208866155,133.72339434696016,273.94153741929046,0.0,0.0,1.0,86.0,0.6,0.0,0.0,106.0,666.2937577474133
9.225861891891892,45.471958114754095,1,0,1,0,0,0,0,0,0,0,0,0,1,0.6957131270885164,0,0,0,0,0,18,0,0,0,0,0,0,0,3,13,0.0,0.0,0.01356748624879625,0,0,0,0,0,0,0,0,40,0.058585965415341924,0,0,0.8758783230368965,0,0,0,0,28.56336444662606,30.370758534903082,0.0,0.0,15.553863795684792,0.0,0.0,0.0,0.0,1.0,86.0,0.6,0.0,0.0,106.0,684.4932152804811
9.226185675675676,45.471958114754095,1,1,1,0,0,0,0,0,0,0,0,0,1,0.7353052088403667,0,0,0,0,0,19,0,0,0,0,0,0,0,3,14,0.0,0.0,0.017949930099622195,0,0,0,0,0,0,0,0,44,0.06235131735554722,0,0,0.7295635232718456,0,0,0,0,28.56336444662606,30.370758534903082,0.0,0.0,15.553863795684792,0.0,0.0,0.0,0.0,1.0,86.0,0.6,0.0,0.0,106.0,685.7885725700993
9.226509459459459,45.471958114754095,1,2,1,0,0,0,0,0,0,0,0,0,1,0.7688314152273047,0,0,0,0,0,19,0,0,0,0,0,0,0,4,14,0.0,0.0,0.020182337635923742,0,0,0,0,0,0,0,0,46,0.06802578207661746,0,0,0.7648534254031834,0,0,0,0,28.56336444662606,30.370758534903082,0.0,0.0,15.553863795684792,0.0,0.0,0.0,0.0,1.0,86.0,0.6,0.0,0.0,106.0,687.4991795407303
9.226833243243243,45.471958114754095,1,3,1,0,0,0,0,0,0,0,0,0,1,0.7912070243961706,0,0,0,0,0,19,0,0,0,0,0,0,0,4,15,0.0,0.0,0.02242098109345437,0,0,0,0,0,0,0,0,48,0.07344084579924805,0,0,1.0401230298101316,0,0,0,0,28.56336444662606,30.370758534903082,0.0,0.0,15.553863795684792,0.0,0.0,0.0,0.0,1.0,86.0,0.6,0.0,0.0,106.0,687.3135831214257
9.227157027027028,45.471958114754095,1,4,1,0,0,0,0,0,0,0,0,0,1,0.8066964721975093,0,0,0,0,0,19,0,0,0,0,0,0,0,4,15,0.0,0.0,0.02390551740268326,0,0,0,0,0,0,0,0,55,0.07842343423604306,0,0,1.5198241836578117,0,0,0,0,28.56336444662606,30.370758534903082,0.0,0.0,0.0,0.0,0.0,0.0,0.0,1.0,86.0,0.6,0.0,0.0,106.0,687.9825589221684
9.22748081081081,45.471958114754095,1,5,1,0,0,0,0,0,0,0,0,0,1,0.8082414877815292,0,0,0,0,0,19,0,0,0,0,0,0,0,4,15,0.0,0.0,0.023748050182629352,0,0,0,0,0,0,0,0,66,0.08401936102638785,0,0,1.2844006143198907,0,0,0,0,28.56336444662606,30.370758534903082,0.0,0.0,0.0,0.0,0.0,0.0,0.0,1.0,86.0,0.6,0.0,0.0,106.0,694.4546209026411
9.227804594594595,45.471958114754095,1,6,1,0,0,0,0,0,0,0,0,0,1,0.8001548278109669,0,0,0,0,1,21,0,0,0,0,0,0,0,4,16,0.0,0.0,0.022993246390535287,0,0,0,0,0,0,0,0,68,0.0911224060065539,0,0,1.1187783086282408,0,0,0,0,28.56336444662606,30.370758534903082,0.0,0.0,0.0,0.0,0.0,0.0,0.0,1.0,86.0,0.6,0.0,0.0,106.0,700.0527349906505
9.228128378378377,45.471958114754095,1,7,1,0,0,0,0,0,0,0,0,0,1,0.7926933662343852,0,0,0,0,1,21,0,0,0,0,0,0,0,4,17,0.0,0.0,0.02207136542836507,0,0,0,0,0,0,0,0,56,0.09704506737368518,0,0,1.29193386815062,0,0,0,0,28.56336444662606,30.370758534903082,0.0,0.0,0.0,0.0,0.0,0.0,0.0,1.0,86.0,0.6,0.0,0.0,106.0,703.5596849796016
9.228452162162162,45.471958114754095,1,8,1,0,0,0,0,0,0,0,0,0,1,0.7856610474323134,0,0,0,0,1,21,0,0,0,0,0,0,1,4,17,0.0,0.0,0.020891056223741503,0,0,0,0,0,0,0,0,46,0.10562762527608435,0,0,1.219638483988749,0,0,0,0,28.56336444662606,30.370758534903082,0.0,0.0,0.0,0.0,0.0,0.0,0.0,1.0,86.0,0.6,0.0,0.0,106.0,703.7850366108739
9.228775945945946,45.471958114754095,1,9,1,0,0,0,0,0,0,0,0,0,1,0.7789436305343759,0,0,0,0,1,21,0,0,0,0,0,0,1,4,17,0.0,0.0,0.018951176707891995,0,0,0,0,0,0,0,0,53,0.1141146815426834,0,0,0.9607508892287365,0,0,0,0,52.539908512580155,30.370758534903082,0.0,0.0,0.0,0.0,52.539908512580155,0.0,0.0,1.0,86.0,0.6,0.0,0.0,106.0,700.2800115155313
9.229099729729729,45.471958114754095,1,10,1,0,0,0,0,0,0,0,0,0,1,0.7724776275369837,0,0,0,0,1,21,0,0,0,0,0,0,1,4,18,0.0,0.0,0.017142553298547,0,0,0,0,0,0,0,0,57,0.1220521529280936,0,0,1.5120963515185615,0,0,0,0,52.539908512580155,30.370758534903082,0.0,0.0,0.0,0.0,52.539908512580155,0.0,0.0,1.0,86.0,0.6,0.0,0.0,106.0,693.5062973384574
9.229423513513513,45.471958114754095,1,11,1,0,0,0,0,0,0,0,0,0,1,0.7664974843637422,0,0,0,0,2,21,0,0,0,0,0,0,1,4,18,0.0,0.0,0.01644013167819802,0,0,0,0,0,0,0,0,59,0.12812094345710215,0,0,1.6583409438683294,0,0,0,0,52.539908512580155,30.370758534903082,0.0,0.0,0.0,0.0,52.539908512580155,0.0,0.0,1.0,86.0,0.6,0.0,0.0,106.0,686.1775264423695
9.229747297297298,45.471958114754095,1,12,1,0,0,0,0,0,0,0,0,0,1,0.7617079011917303,0,0,0,0,1,21,0,0,0,0,0,0,1,3,18,0.0,0.0022053050385517025,0.016440019796489635,0,0,0,0,0,0,0,0,55,0.13508535056102544,0,0,1.7236870812473224,0,0,0,0,46.14374217597035,44.0165482627854,2.0,0.0,0.0,0.0,10.956537665619226,0.0,0.0,1.0,86.0,0.6,0.0,0.0,106.0,680.3795347104976
9.23007108108108,45.471958114754095,1,13,1,0,0,0,0,0,0,0,0,0,1,0.7554213197193119,0,0,0,0,0,22,0,0,0,0,0,0,1,3,18,0.0,0.008427442001928777,0.016440019796489635,0,0,0,0,0,0,0,0,53,0.14088478583683087,0,0,1.9204398513336463,0,4,0,0,32.41001020515562,44.0165482627854,2.0,0.0,0.0,0.0,455.9054948305095,0.0,0.0,1.0,86.0,0.6,0.0,0.0,106.0,676.0829945778225
9.230394864864865,45.471958114754095,1,14,1,0,0,0,0,0,0,0,0,0,1,0.7483703433904062,0,0,0,0,0,22,0,0,0,0,0,0,1,4,18,0.0,0.0030835321163461393,0.017836098554597703,0,0,0,0,0,0,0,0,56,0.14427510884125705,0,0,1.810410166210854,0,4,0,0,32.41001020515562,44.0165482627854,2.0,0.0,0.0,0.0,455.9054948305095,0.0,0.0,1.0,86.0,0.6,0.0,0.0,106.0,672.7553600971842
9.230718648648649,45.471958114754095,1,15,1,0,0,0,0,0,0,0,0,0,1,0.741528394801998,0,0,0,0,0,22,0,0,0,0,0,0,1,4,18,0.0,0.0,0.02252116167459425,0,0,0,0,0,0,0,0,53,0.14217754024563933,0,0,2.119209269451643,0,4,0,0,28.01879447497306,30.370758534903082,0.0,0.0,0.0,0.0,532.3570950244881,0.0,0.0,1.0,86.0,0.6,0.0,0.0,106.0,670.115161030642
9.231042432432432,45.471958114754095,1,16,1,0,0,0,0,0,0,0,0,0,1,0.7332833372191316,0,0,0,0,0,15,0,0,0,0,0,0,1,5,18,0.0,0.0,0.025476791076931612,0,0,0,0,0,0,0,0,52,0.1404913387679184,0,0,1.2016479414799546,0,8,0,0,29.54608076605005,30.370758534903082,0.0,0.0,0.0,0.0,827.2902614494014,0.0,0.0,1.0,86.0,0.6,0.0,0.0,106.0,668.0536706891037
9.231366216216216,45.471958114754095,1,17,1,0,0,0,0,0,0,0,0,0,1,0.727082679899071,0,0,0,0,0,13,0,0,0,0,0,0,1,5,18,0.0,0.0,0.02859090301851779,0,0,0,0,0,0,0,0,49,0.14397963034720726,0,0,1.2764257507824706,0,4,0,0,32.06758140519824,30.370758534903082,0.0,0.0,6.749991995100368,0.0,705.4867909143612,0.0,0.0,1.0,86.0,0.6,0.0,0.0,106.0,666.0492677951801
9.23169,45.471958114754095,1,18,1,0,0,1,0,0,0,0,0,0,1,0.7219825755831307,0,0,0,0,0,14,0,0,0,0,0,0,1,5,17,0.0,0.0,0.03337433590436852,0,0,0,0,0,0,0,0,52,0.14459746717835859,0,0,0.9409036642741037,0,0,0,0,90.47342233373563,30.370758534903082,0.0,0.0,6.749991995100368,180.99525545855843,452.36711166867815,0.0,0.0,1.0,86.0,0.6,0.0,0.0,106.0,665.5068863945714
9.232013783783783,45.471958114754095,1,19,1,0,0,1,0,0,0,0,0,0,1,0.7173179941222259,0,0,0,0,0,15,0,0,0,0,0,0,0,5,17,0.0,0.0,0.03953783694140528,0,0,0,0,0,0,0,0,51,0.14634623971283553,0,0,1.673640333768028,0,8,0,0,28.203920407936614,30.0,1.0,6.749991995100368,6.749991995100368,180.99525545855843,782.9597794271248,0.0,0.0,1.0,86.0,0.6,0.0,0.0,106.0,662.8493277410631
9.232337567567567,45.471958114754095,1,20,1,0,0,1,0,0,0,0,0,0,1,0.7130296295655555,0,0,0,0,0,13,0,0,0,0,0,0,0,5,16,0.0,0.0,0.04685072348934043,0,0,0,0,0,0,0,0,54,0.14176510640714976,0,0,1.9787160249554496,4,16,0,0,33.51072235623704,30.0,1.0,6.749991995100368,6.749991995100368,261.51725578572274,1702.2968481729888,0.0,0.0,1.0,86.0,0.6,0.0,0.0,106.0,661.7750982532435
9.23266135135135,45.471958114754095,1,21,1,0,0,1,0,0,0,0,0,0,1,0.7092391929559941,0,0,0,0,0,13,0,0,0,0,0,0,0,5,15,0.0,0.0,0.05511649806595571,0,0,0,0,0,0,0,0,54,0.1386404557839352,0,0,2.1668612013959274,0,16,0,0,31.186750380124845,30.0,1.0,6.749991995100368,6.749991995100368,279.89161668590026,1521.400776631017,0.0,0.0,1.0,86.0,0.6,0.0,0.0,106.0,661.1363409035475
9.232985135135134,45.471958114754095,1,22,1,0,0,0,0,0,0,0,0,0,1,0.7085877013842469,0,0,0,0,0,13,0,0,0,0,0,0,0,5,15,0.0,0.0,0.06314500855902594,0,0,0,0,0,0,0,0,52,0.13508393374234326,0,1,2.821748540434928,0,0,0,0,139.91784263858239,30.370758534903082,0.0,0.0,6.749991995100368,279.89161668590026,699.5892131929119,0.0,0.0,1.0,86.0,0.6,0.0,0.0,106.0,660.9244984504523
9.233308918918919,45.471958114754095,1,23,1,0,0,0,0,0,0,0,0,0,1,0.7126499992099725,0,0,0,0,0,11,0,0,0,0,0,0,1,5,14,0.0,0.0,0.06815506200670231,0,0,0,0,0,0,0,0,49,0.1314404025698048,0,1,3.4521577854287897,0,0,0,0,139.91784263858239,30.370758534903082,0.0,0.0,100.8012406038948,279.89161668590026,699.5892131929119,0.0,0.0,1.0,86.0,0.6,0.0,0.0,106.0,661.4742751614815
9.233632702702701,45.471958114754095,1,24,1,0,1,0,0,0,0,0,0,0,1,0.7226544005320188,0,0,0,0,0,12,0,0,0,0,0,0,1,5,13,0.0,0.0,0.07124144163514362,0,0,0,0,0,0,0,0,44,0.128384072049077,0,1,3.3109824686900255,0,0,0,0,139.91784263858239,30.370758534903082,0.0,0.0,111.328283442437,279.89161668590026,699.5892131929119,0.0,0.0,1.0,86.0,0.6,0.0,0.0,106.0,661.301907388533
9.233956486486486,45.471958114754095,1,25,1,0,1,0,0,0,0,0,0,0,1,0.7283219866108124,0,0,0,0,0,13,0,0,0,0,0,0,1,4,12,0.0,0.0,0.0734338602273505,0,0,0,0,0,0,0,0,44,0.12153983197929168,0,1,2.7282366781431855,0,8,0,0,38.50367285731741,30.0,1.0,86.63433567162438,285.28484740692386,279.89161668590026,914.4611586186284,0.0,0.0,1.0,86.0,0.6,0.0,0.0,106.0,661.5204543987975
9.23428027027027,45.471958114754095,1,26,1,1,1,0,0,0,0,0,2,0,1,0.7278049796982929,0,0,0,0,0,13,0,0,0,0,0,0,1,4,11,0.0,0.0,0.07281420146335048,0,0,0,0,0,0,0,0,40,0.11762887927189065,0,1,1.9891084745267835,8,16,0,0,27.72355301045779,30.0,1.0,94.05124860879442,305.390478203449,464.85498122674403,1319.849954924553,0.0,0.0,1.0,86.0,0.6,0.0,0.0,106.0,662.51057356882
9.234604054054053,45.471958114754095,1,27,1,0,1,0,0,0,0,0,3,0,1,0.7100401009610683,0,0,0,0,0,16,0,0,0,0,0,0,1,3,11,0.0,0.0,0.07117924284576356,0,0,0,0,0,0,0,0,37,0.11303219841989201,0,1,2.8009502409480422,0,20,0,0,27.886859180237586,34.124423676365836,1.4,268.15235632626224,305.390478203449,77.60763742249783,1516.6066312089433,0.0,15.323476132574713,1.0,86.0,0.6,0.0,0.0,106.0,663.1557244501596
9.234927837837837,45.471958114754095,1,28,1,0,1,0,0,0,0,3,3,0,1,0.6851525370870992,0,0,0,0,0,15,0,0,0,0,0,0,1,2,9,0.0,0.0,0.07222915797310829,0,0,0,0,0,0,0,0,30,0.1059300200294225,0,1,2.626332526063882,4,4,0,0,31.854501557597754,31.74833885250891,1.8417182215572117,180.70655595958723,305.390478203449,251.56616100242726,583.8014814227588,0.0,195.02614827381308,1.0,86.0,0.6,0.0,0.0,106.0,663.904170761997
9.235251621621622,45.471958114754095,1,29,1,0,1,0,0,0,1,3,3,0,1,0.6562653553482525,0,0,0,0,0,15,0,0,1,0,0,0,1,2,8,0.0,0.0,0.07327356917505122,0,0,0,0,0,0,0,0,28,0.09895404321324915,0,1,2.4034037816489993,0,4,0,0,31.854501557597754,31.74833885250891,1.8417182215572117,180.70655595958723,305.390478203449,193.0857090011957,583.8014814227588,0.0,358.5074930295062,1.0,86.0,0.6,0.0,0.0,106.0,663.940465712948
9.235575405405404,45.471958114754095,1,30,1,0,0,0,0,0,0,1,3,0,1,0.624818780341803,0,0,0,0,0,14,0,0,1,0,0,0,1,2,8,0.0,0.0,0.07355388864151628,0,0,0,0,0,0,0,0,22,0.0914552583342646,0,1,2.5762409715161776,0,0,0,0,48.27142725029893,30.370758534903082,0.0,0.0,505.5743779805301,0.0,193.0857090011957,0.0,391.89376878980045,1.0,86.0,0.6,0.0,0.0,106.0,664.297944813209
9.235899189189189,45.471958114754095,1,31,1,0,0,0,0,0,0,0,4,0,1,0.5912005173914703,0,0,0,0,0,13,0,0,1,0,0,0,1,2,8,0.0,0.0,0.07306498951171551,0,0,0,0,0,0,0,0,20,0.08487878032383284,0,1,4.1447021982075825,0,0,0,0,28.56336444662606,30.370758534903082,0.0,0.0,481.7393540451923,0.0,0.0,0.0,410.01327647711327,1.0,86.0,0.6,0.0,0.0,106.0,664.9416464421599
9.236222972972971,45.471958114754095,1,32,1,0,0,0,0,0,0,0,1,0,1,0.5558592166328779,0,0,1,0,0,13,0,0,1,0,0,0,1,2,8,0.0,0.0,0.07180123345929998,0,0,0,0,0,0,0,0,16,0.0801885421250038,0,1,4.375684079705661,0,0,0,0,30.248634955020552,30.370758534903082,0.0,0.0,552.3513517726489,0.0,241.98907964016442,0.0,230.7547838820435,1.0,86.0,0.6,0.0,0.0,106.0,665.0017306704569
9.236546756756756,45.471958114754095,1,33,1,0,0,0,0,0,0,0,1,0,1,0.519176166136005,0,0,1,0,0,12,0,0,1,0,0,0,0,2,8,0.0,0.0,0.0697538679819374,0,0,0,0,0,0,0,0,13,0.0748400855472704,0,1,3.6132433338495393,4,8,0,0,23.27734476438154,26.100633537101196,1.4134112393055716,254.27328733406574,381.08631329073427,241.98907964016442,676.820503241196,0.0,33.3862757602942,1.0,86.0,0.6,0.0,0.0,106.0,665.1680903460236
9.23687054054054,45.471958114754095,1,34,1,0,0,0,0,0,0,0,1,0,1,0.4814749181078987,0,0,1,0,0,11,0,0,1,0,0,0,0,2,8,0.0,0.0,0.06688320250708739,0,0,0,1,0,0,0,0,10,0.06976249773396517,0,0,3.6132433338495393,8,8,0,0,23.27734476438154,26.100633537101196,1.4134112393055716,254.27328733406574,381.08631329073427,304.9965999251266,676.820503241196,0.0,16.40584702850829,1.0,86.0,0.6,0.0,0.0,106.0,666.7058902327822
9.237194324324323,45.471958114754095,1,35,1,0,0,0,0,0,0,0,1,0,1,0.44304723822155945,0,0,1,0,0,8,0,0,1,0,0,0,0,2,8,0.0,0.0,0.0631216632388518,0,0,0,0,0,0,0,0,9,0.061424498772715004,0,0,4.359913219846488,0,8,0,0,14.022356988042379,30.04854674658275,1.0,67.18721361660077,381.08631329073427,114.70993797815548,479.68470891705203,0.0,0.0,1.0,86.0,0.6,0.0,0.0,106.0,666.0414221413187
9.237518108108107,45.471958114754095,1,36,1,0,0,0,0,0,0,0,0,0,1,0.40420214846464825,0,0,1,0,0,6,0,0,1,0,0,0,0,2,8,0.0,0.0,0.05838738947607726,0,0,0,0,0,0,0,0,6,0.05438139778933928,0,0,3.7799023723272995,4,4,0,0,15.208023440467395,30.039695253711454,1.0,60.634978270992264,289.4043324484154,134.96971195135055,273.94153741929046,0.0,0.0,1.0,86.0,0.6,0.0,0.0,106.0,666.1761778460748
9.225861891891892,45.472183524590164,1,0,2,0,0,0,0,0,0,0,0,0,1,0.6557170640755255,0,0,0,0,0,18,0,0,0,0,0,0,0,3,14,0.0,0.0,0.019836132276647316,0,0,0,0,0,0,0,0,42,0.05857285298260772,0,0,0.8318345695286519,0,0,0,0,28.56336444662606,30.370758534903082,0.0,0.0,15.553863795684792,0.0,0.0,0.0,0.0,1.0,86.0,0.6,0.0,0.0,106.0,684.5409549142958
9.226185675675676,45.472183524590164,1,1,2,0,0,0,0,0,0,0,0,0,1,0.6927297788431102,0,0,0,0,0,19,0,0,1,0,0,0,0,4,14,0.0,0.0,0.02390962870084052,0,0,0,0,0,0,0,0,45,0.06241683987159701,0,0,0.7064332319344064,0,0,0,0,28.56336444662606,30.370758534903082,0.0,0.0,15.553863795684792,0.0,0.0,0.0,0.0,1.0,86.0,0.6,0.0,0.0,106.0,685.7517700710432
9.226509459459459,45.472183524590164,1,2,2,0,0,0,0,0,0,0,0,0,1,0.7209858556156482,0,0,0,0,0,19,0,0,1,0,0,0,0,4,15,0.0,0.0,0.026324820433909733,0,0,0,0,0,0,0,0,47,0.06904029636740851,0,0,0.7566522396156318,0,0,0,0,28.56336444662606,30.370758534903082,0.0,0.0,15.553863795684792,0.0,0.0,0.0,0.0,1.0,86.0,0.6,0.0,0.0,106.0,685.3806174740155
9.226833243243243,45.472183524590164,1,3,2,0,0,0,0,0,0,0,0,0,1,0.7399310865909818,0,0,0,0,0,20,0,0,1,0,0,0,0,4,15,0.0,0.0,0.027724744009647476,0,0,0,0,0,0,0,0,52,0.07509974867065236,0,0,1.1456741881240224,0,0,0,0,28.56336444662606,30.370758534903082,0.0,0.0,15.553863795684792,0.0,0.0,0.0,0.0,1.0,86.0,0.6,0.0,0.0,106.0,684.3555950880177
9.227157027027028,45.472183524590164,1,4,2,0,0,0,0,0,0,0,0,0,1,0.7588363121818239,0,0,0,0,0,24,0,0,1,0,0,0,0,4,16,0.0,0.0,0.027108803783811003,0,0,0,0,0,0,0,0,60,0.08074684131167481,0,0,1.590371954741344,0,0,0,0,28.56336444662606,30.370758534903082,0.0,0.0,8.628911133133197,0.0,0.0,0.0,0.0,1.0,86.0,0.6,0.0,0.0,106.0,678.8055035499488
9.22748081081081,45.472183524590164,1,5,2,0,0,0,0,0,0,0,0,0,1,0.7653681565149406,0,0,0,0,1,27,0,0,0,0,0,0,0,4,16,0.0,0.0,0.02577881542945737,0,0,0,0,0,0,0,0,69,0.08627800805816767,0,0,1.2809438563144564,0,0,0,0,28.56336444662606,30.370758534903082,0.0,0.0,0.0,0.0,0.0,0.0,0.0,1.0,86.0,0.6,0.0,0.0,106.0,695.3327952877805
9.227804594594595,45.472183524590164,1,6,2,0,0,0,0,0,0,0,0,0,1,0.7624573197702436,0,0,0,0,2,29,0,0,0,0,0,0,0,4,17,0.0,0.0,0.024609242111722517,0,0,0,0,0,0,0,0,70,0.0938141721727133,0,0,1.2083294294482259,0,0,0,0,28.56336444662606,30.370758534903082,0.0,0.0,0.0,0.0,0.0,0.0,0.0,1.0,86.0,0.6,0.0,0.0,106.0,703.9846799355466
9.228128378378377,45.472183524590164,1,7,2,0,0,0,0,0,0,0,0,0,1,0.760169309771884,0,0,0,0,2,33,0,0,0,0,0,0,0,4,17,0.0,0.0,0.02365696172722897,0,0,0,0,0,0,0,0,64,0.09835645436434072,0,0,1.3764945822455033,0,0,0,0,28.56336444662606,30.370758534903082,0.0,0.0,0.0,0.0,0.0,0.0,0.0,1.0,86.0,0.6,0.0,0.0,106.0,711.1852629582436
9.228452162162162,45.472183524590164,1,8,2,0,0,0,0,0,0,0,0,0,1,0.7583087424533694,0,0,0,0,1,35,0,0,0,0,0,0,1,4,18,0.0,0.0,0.022543486223787927,0,0,0,0,0,0,0,0,51,0.10786533378751134,0,0,1.1066409250573714,0,0,0,0,28.56336444662606,30.370758534903082,0.0,0.0,0.0,0.0,0.0,0.0,0.0,1.0,86.0,0.6,0.0,0.0,106.0,711.8287889650667
9.228775945945946,45.472183524590164,1,9,2,0,0,0,0,0,0,0,0,0,1,0.7565540651476212,0,0,0,0,1,36,0,0,0,0,0,0,1,4,18,0.0,0.0,0.021200663488494066,0,0,0,0,0,0,0,0,56,0.11634173791120812,0,0,1.2743160246266956,0,0,0,0,52.539908512580155,30.370758534903082,0.0,0.0,0.0,0.0,52.539908512580155,0.0,0.0,1.0,86.0,0.6,0.0,0.0,106.0,705.8787246657748
9.229099729729729,45.472183524590164,1,10,2,0,0,0,0,0,0,0,0,0,1,0.7539222626160614,0,0,0,0,2,38,0,0,0,0,0,0,1,4,18,0.0,0.0,0.019284793370389915,0,0,0,0,0,0,0,0,61,0.12479949532061765,0,0,1.541558431382347,0,0,0,0,52.539908512580155,30.370758534903082,0.0,0.0,0.0,52.539908512580155,52.539908512580155,0.0,0.0,1.0,86.0,0.6,0.0,0.0,106.0,696.7949229252378
9.229423513513513,45.472183524590164,1,11,2,0,0,0,0,0,0,0,0,0,1,0.7505225523417104,0,0,0,0,2,37,0,0,0,0,0,0,2,4,18,0.0,0.021408713763639294,0.01734116052804167,0,0,0,0,0,0,0,0,65,0.1310667233702401,0,0,1.673963443763281,0,0,0,0,52.539908512580155,30.370758534903082,0.0,0.0,0.0,0.0,52.539908512580155,0.0,0.0,1.0,86.0,0.6,0.0,0.0,106.0,686.62469390544
9.229747297297298,45.472183524590164,1,12,2,0,0,0,0,0,0,0,0,0,1,0.7475733606508634,0,0,0,0,2,35,0,0,0,0,0,0,2,4,18,0.0,0.05857924260962573,0.016441435687231155,0,0,0,0,0,0,0,0,65,0.13653588682419268,0,0,1.7747258718242351,0,4,0,0,19.56747493880505,43.88062196607981,2.0,0.0,0.0,0.0,103.86568873911929,0.0,0.0,1.0,86.0,0.6,0.0,0.0,106.0,678.9379524569845
9.23007108108108,45.472183524590164,1,13,2,0,0,0,0,0,0,0,0,0,1,0.7452237244677824,0,0,0,0,0,32,0,0,0,0,0,0,2,3,18,0.0,0.07421153118117652,0.016440019796489635,0,0,0,0,0,0,0,0,62,0.14257181693292023,0,0,1.882166752278644,0,4,0,0,16.041011892332932,36.511765549813,1.2666666666666666,0.0,0.0,0.0,289.0574518122937,0.0,0.0,1.0,86.0,0.6,0.0,0.0,106.0,675.3372733959372
9.230394864864865,45.472183524590164,1,14,2,0,0,0,0,0,0,0,1,0,1,0.7408541964884919,0,0,0,0,0,29,0,0,0,0,0,0,2,4,18,0.0,0.06190313583065937,0.01922234299692254,0,0,0,0,0,0,0,0,64,0.14552647726209128,0,0,2.4158065433747207,0,4,0,0,22.71163329075658,40.53384234802785,1.6666666666666667,0.0,0.0,0.0,220.53055263823373,0.0,0.0,1.0,86.0,0.6,0.0,0.0,106.0,671.7855789300489
9.230718648648649,45.472183524590164,1,15,2,0,0,0,0,0,0,0,0,0,1,0.7366973386509341,0,0,0,0,0,29,0,0,0,0,0,0,2,5,18,0.0,0.025328982687377752,0.024226901066151937,0,0,0,0,0,0,0,0,59,0.14259225293429392,0,0,2.215397369880789,0,0,0,0,28.56336444662606,30.370758534903082,0.0,0.0,0.0,0.0,0.0,0.0,0.0,1.0,86.0,0.6,0.0,0.0,106.0,668.1707297478367
9.231042432432432,45.472183524590164,1,16,2,0,0,0,0,0,0,0,0,0,1,0.7311193614211561,0,0,0,0,0,24,0,0,0,0,0,0,2,5,18,0.0,0.0,0.027493523237562822,0,0,0,0,0,0,0,0,58,0.1404475346866377,0,0,1.3540806719362088,0,0,0,0,28.56336444662606,30.370758534903082,0.0,0.0,0.0,0.0,0.0,0.0,0.0,1.0,86.0,0.6,0.0,0.0,106.0,665.1972035174581
9.231366216216216,45.472183524590164,1,17,2,0,0,0,0,0,0,0,0,0,1,0.7274253114139657,0,0,0,0,0,14,0,0,0,0,0,0,1,5,18,0.0,0.0,0.032264092794482044,0,0,0,0,0,0,0,0,56,0.1448809849235095,0,0,1.07137647890044,0,0,0,0,28.56336444662606,30.370758534903082,0.0,0.0,6.749991995100368,0.0,0.0,0.0,0.0,1.0,86.0,0.6,0.0,0.0,106.0,664.6361828603712
9.23169,45.472183524590164,1,18,2,0,0,1,0,0,0,0,0,0,1,0.7251873217591126,0,0,0,0,0,15,0,0,0,0,0,0,1,5,18,0.0,0.0,0.03870870367036995,0,0,0,0,0,0,0,0,57,0.14523484488069355,0,0,1.0882158262962827,0,0,0,0,28.56336444662606,30.370758534903082,0.0,0.0,6.749991995100368,0.0,0.0,0.0,0.0,1.0,86.0,0.6,0.0,0.0,106.0,664.3235109873328
9.232013783783783,45.472183524590164,1,19,2,0,0,1,0,0,0,0,0,0,1,0.7243217952872794,0,0,0,0,0,15,0,0,0,0,0,0,1,5,18,0.0,0.0,0.04653632642299601,0,0,0,0,0,0,0,0,61,0.1479761079921905,0,0,1.8156224317175342,0,0,0,0,81.05348804731581,30.370758534903082,0.0,0.0,6.749991995100368,0.0,243.16046414194744,0.0,0.0,1.0,86.0,0.6,0.0,0.0,106.0,662.5012575045889
9.232337567567567,45.472183524590164,1,20,2,0,0,1,0,0,0,0,0,0,1,0.72506928240723,0,0,0,0,0,13,0,0,0,0,0,0,0,5,17,0.0,0.0,0.055511671680254185,0,0,0,0,0,0,0,0,64,0.1428355428619279,0,0,2.108104014440615,0,0,0,0,47.06961398253507,30.370758534903082,0.0,0.0,6.749991995100368,243.16046414194744,423.6265258428156,0.0,0.0,1.0,86.0,0.6,0.0,0.0,106.0,660.6427854289586
9.23266135135135,45.472183524590164,1,21,2,0,0,1,0,0,0,0,0,0,1,0.7266097270357642,0,0,0,0,0,13,0,0,0,0,0,0,0,5,17,0.0,0.0,0.06532745715263476,0,0,0,0,0,0,0,0,62,0.13980882021633392,0,0,2.0175620097193367,0,0,0,0,97.88019298356296,30.370758534903082,0.0,0.0,6.749991995100368,0.0,685.1613508849407,0.0,0.0,1.0,86.0,0.6,0.0,0.0,106.0,659.8690682331703
9.232985135135134,45.472183524590164,1,22,2,0,0,0,0,0,0,0,0,0,1,0.7299756502846053,0,0,0,0,0,14,0,0,0,0,0,0,1,5,15,0.0,0.0,0.07387039419341733,0,0,0,0,0,0,0,0,60,0.13590970679749093,0,1,2.3063010749919606,0,0,0,0,139.94580834295013,30.370758534903082,0.0,0.0,6.749991995100368,0.0,279.89161668590026,0.0,0.0,1.0,86.0,0.6,0.0,0.0,106.0,659.9862323532901
9.233308918918919,45.472183524590164,1,23,2,0,0,0,0,0,0,0,0,0,1,0.7392309792982529,0,0,0,0,0,16,0,0,0,0,0,0,1,5,15,0.0,0.0,0.08035351709589024,0,0,0,0,0,0,0,0,57,0.13241752409731503,0,1,2.956730808339283,0,0,0,0,139.94580834295013,30.370758534903082,0.0,0.0,111.328283442437,0.0,279.89161668590026,0.0,0.0,1.0,86.0,0.6,0.0,0.0,106.0,660.2927304800796
9.233632702702701,45.472183524590164,1,24,2,0,1,0,0,0,0,0,0,0,1,0.75401376417584,0,0,0,0,0,19,0,0,0,0,0,0,1,5,14,0.0,0.0,0.08362206993524281,0,0,0,0,0,0,0,0,52,0.12898632748719724,0,1,2.942705241075868,0,0,0,0,139.94580834295013,30.370758534903082,0.0,0.0,111.328283442437,0.0,279.89161668590026,0.0,0.0,1.0,86.0,0.6,0.0,0.0,106.0,659.7466294643011
9.233956486486486,45.472183524590164,1,25,2,0,1,0,0,0,0,0,0,0,1,0.7648003012110242,0,0,0,0,0,19,0,0,0,0,0,0,1,5,13,0.0,0.0,0.08529925299796938,0,0,0,0,0,0,0,0,51,0.12243525600577272,0,1,2.6427406129025806,0,0,0,0,104.64476014086218,30.0,1.0,81.11892171398846,305.390478203449,0.0,442.1048789903224,0.0,0.0,1.0,86.0,0.6,0.0,0.0,106.0,660.0891463628121
9.23428027027027,45.472183524590164,1,26,2,1,1,0,0,0,0,0,0,0,1,0.7672358962927879,0,0,0,0,0,20,0,0,0,0,0,0,1,4,12,0.0,0.0028660974201750325,0.08499204381449342,0,0,0,0,0,0,0,0,43,0.1188520524140882,0,1,2.496071976168168,0,4,0,0,39.70452496535052,30.0,1.0,86.63433567162438,305.390478203449,162.21326230442216,628.047113704685,0.0,16.359266053169588,1.0,86.0,0.6,0.0,0.0,106.0,662.5580037119462
9.234604054054053,45.472183524590164,1,27,2,0,1,0,0,0,0,0,3,0,1,0.751922247848919,0,0,0,0,0,20,0,0,0,0,0,0,1,3,11,0.0,0.014098382079449287,0.08232006961930619,0,0,0,0,0,0,0,0,43,0.11482524196813744,0,1,2.3075952125763313,0,0,0,0,74.50585626403003,36.87403946060973,1.6666666666666667,255.22002943145628,305.390478203449,0.0,564.3443894728739,0.0,237.63362679387046,1.0,86.0,0.6,0.0,0.0,106.0,663.1735257455757
9.234927837837837,45.472183524590164,1,28,2,0,1,0,0,0,0,0,3,0,1,0.7272924211960458,0,0,0,0,0,19,0,0,0,0,0,0,1,2,10,0.0,0.01222355330215981,0.08244261582228156,0,0,0,0,0,0,0,0,36,0.10878847092720875,0,1,2.758202941282555,0,0,0,0,48.98662248941923,40.31105919091459,2.0,174.1011077174678,305.390478203449,162.26042586006645,413.738362155563,0.0,401.11497154956356,1.0,86.0,0.6,0.0,0.0,106.0,663.3064774230459
9.235251621621622,45.472183524590164,1,29,2,0,1,0,0,0,0,1,3,0,1,0.6989805755271087,0,0,0,0,0,19,0,0,1,0,0,0,1,2,9,0.0,0.0013549424569014373,0.08347715068359497,0,0,0,0,0,0,0,0,30,0.10085061425494604,0,1,3.2279783089428746,0,0,0,0,66.18090532234125,40.31105919091459,2.0,174.1011077174678,305.390478203449,162.17220115313572,355.34613486126216,0.0,452.6207549971707,1.0,86.0,0.6,0.0,0.0,106.0,664.4396943138764
9.235575405405404,45.472183524590164,1,30,2,0,0,0,0,0,0,0,3,0,1,0.6672552385012174,0,0,0,0,0,18,0,0,1,0,0,0,1,2,9,0.0,0.0,0.08374878651263175,0,0,0,0,0,0,0,0,24,0.0934477031122106,0,1,2.895011854371767,0,0,0,0,81.08610057656786,30.370758534903082,0.0,0.0,534.1598323808721,0.0,162.17220115313572,0.0,618.3687799055792,1.0,86.0,0.6,0.0,0.0,106.0,663.604554535808
9.235899189189189,45.472183524590164,1,31,2,0,0,0,0,0,0,0,1,0,1,0.6323629878335782,0,0,0,0,0,15,0,0,1,0,0,0,1,2,8,0.0,0.0,0.08325226894229772,0,0,0,0,0,0,0,0,20,0.08732984905094451,0,1,3.6415656095952844,0,0,0,0,28.56336444662606,30.370758534903082,0.0,0.0,564.8258664942969,0.0,0.0,0.0,602.0095138524097,1.0,86.0,0.6,0.0,0.0,106.0,664.5165751660471
9.236222972972971,45.472183524590164,1,32,2,0,0,0,0,0,0,0,1,0,1,0.5946578569199841,0,0,1,0,0,15,0,0,1,0,0,0,1,2,8,0.0,0.0,0.08198151227981344,0,0,0,0,0,0,0,0,17,0.08161432223695549,0,1,4.68767786383929,0,0,0,0,75.8257274163235,30.370758534903082,0.0,0.0,555.7600096112268,0.0,151.651454832647,0.0,602.0095138524097,1.0,86.0,0.6,0.0,0.0,106.0,664.1360977101153
9.236546756756756,45.472183524590164,1,33,2,0,0,0,0,0,0,0,1,0,1,0.555424299865791,0,0,1,0,0,14,0,0,1,0,0,0,1,2,8,0.0,0.0,0.07992742490899982,0,0,0,0,0,0,0,0,15,0.07621039299995915,0,1,3.3954730560287447,0,4,0,0,29.772383340755855,23.555175564853478,1.691168167385018,173.71204409532626,381.08631329073427,151.651454832647,540.8251560828144,0.0,312.756595695248,1.0,86.0,0.6,0.0,0.0,106.0,665.0656524174242
9.23687054054054,45.472183524590164,1,34,2,0,0,0,0,0,0,0,1,0,1,0.5151739726747924,0,0,1,0,0,14,0,0,1,0,0,0,0,2,8,0.0,0.0,0.07705118194232331,0,0,0,1,0,0,0,0,12,0.07087729781664051,0,0,3.3221071801378446,0,4,0,0,27.719143217716052,23.555175564853478,1.691168167385018,173.71204409532626,381.08631329073427,151.62921634267923,546.985679565291,0.0,67.07929345216068,1.0,86.0,0.6,0.0,0.0,106.0,666.634159231388
9.237194324324323,45.472183524590164,1,35,2,0,0,0,0,0,0,0,0,0,1,0.47419868485797556,0,0,1,0,0,13,0,0,1,0,0,0,0,2,8,0.0,0.0,0.07328439639112558,0,0,0,0,0,0,0,0,12,0.0625815261768631,0,0,3.6132433338495393,0,0,0,0,66.58478858020868,30.370758534903082,0.0,0.0,381.08631329073427,0.0,266.3391543208347,0.0,0.0,1.0,86.0,0.6,0.0,0.0,106.0,666.3458890026113
9.237518108108107,45.472183524590164,1,36,2,0,0,0,0,0,0,0,0,0,1,0.43278877307706454,0,0,1,0,0,12,0,0,1,0,0,0,0,2,8,0.0,0.0,0.06854483389406435,0,0,0,0,0,1,0,0,8,0.055017885396408284,0,0,3.7799023723272995,0,0,0,0,22.494951991891757,30.370758534903082,0.0,0.0,381.08631329073427,0.0,134.96971195135055,0.0,0.0,1.0,86.0,0.6,0.0,0.0,106.0,665.980091496674
9.225861891891892,45.47240893442623,1,0,3,0,0,0,0,0,0,0,0,0,1,0.6142355838139422,0,0,0,0,0,19,0,0,1,0,0,0,0,4,14,0.0,0.0,0.024165012419911425,0,0,0,0,0,0,0,0,41,0.058382161427838704,0,0,0.6540875845217307,0,16,0,0,15.20818329020442,30.02214849386257,1.0,15.553863795684792,15.553863795684792,0.0,699.2307508439229,0.0,0.0,1.0,86.0,0.6,0.0,0.0,106.0,683.4007962846719
9.226185675675676,45.47240893442623,1,1,3,0,0,0,0,0,0,0,0,0,1,0.6485576912035916,0,0,0,0,0,20,0,0,1,0,0,0,0,4,15,0.0,0.0,0.028651846163215488,0,0,0,0,0,0,0,0,46,0.06261314753291941,0,0,0.7100518439183731,0,8,0,0,8.909822244901472,30.02214849386257,1.0,15.553863795684792,15.553863795684792,0.0,340.839026000374,0.0,0.0,1.0,86.0,0.6,0.0,0.0,106.0,683.4741733961165
9.226509459459459,45.47240893442623,1,2,3,0,0,0,0,0,0,0,0,0,1,0.671742852151402,0,0,0,0,0,25,0,0,1,0,0,0,0,4,15,0.0,0.0,0.03176723185140737,0,0,0,0,0,0,0,0,48,0.06942098259670972,0,0,0.7468850588888208,0,16,0,0,12.947419679771818,30.370758534903082,0.0,0.0,15.553863795684792,0.0,725.0555020672218,0.0,0.0,1.0,86.0,0.6,0.0,0.0,106.0,684.9516011619353
9.226833243243243,45.47240893442623,1,3,3,0,0,0,0,0,0,0,0,0,1,0.6881947289468159,0,0,0,0,0,27,0,0,1,0,0,0,0,4,16,0.0,0.0,0.03252426101231236,0,0,0,0,0,0,0,0,53,0.07668540817130731,0,0,1.0582973061947751,0,12,0,0,10.50491321520828,30.370758534903082,0.0,0.0,15.553863795684792,0.0,546.2554871908305,0.0,0.0,1.0,86.0,0.6,0.0,0.0,106.0,686.0817813307992
9.227157027027028,45.47240893442623,1,4,3,0,0,0,0,0,0,0,0,0,1,0.7082348858690336,0,0,0,0,0,32,0,0,1,0,0,0,0,4,16,0.0,0.0,0.03185369470122858,0,0,0,0,0,0,0,0,60,0.08214029002458344,0,0,1.4654546139619131,0,4,0,0,20.334834037984123,30.370758534903082,0.0,0.0,15.553863795684792,0.0,671.0495232534761,0.0,0.0,1.0,86.0,0.6,0.0,0.0,106.0,688.3567690640011
9.22748081081081,45.47240893442623,1,5,3,0,0,0,0,0,0,0,0,0,1,0.7197126721307869,0,0,0,0,1,38,0,0,1,0,0,0,0,4,17,0.0,0.0,0.030388485634386113,0,0,0,0,0,0,0,0,73,0.08831151798347309,0,0,1.3669662164807659,0,12,0,0,28.00583090098574,30.370758534903082,0.0,0.0,0.0,0.0,1148.2390669404153,0.0,0.0,1.0,86.0,0.6,0.0,0.0,106.0,698.7614713735121
9.227804594594595,45.47240893442623,1,6,3,0,0,0,0,0,0,0,0,0,1,0.7219804734741875,0,0,0,0,2,44,0,0,1,0,0,0,0,4,17,0.0,0.0,0.028480597876177717,0,0,0,0,0,0,0,0,70,0.0955115531139388,0,0,1.378830556078043,0,0,0,0,48.637421614467556,30.370758534903082,0.0,0.0,0.0,0.0,729.5613242170133,0.0,0.0,1.0,86.0,0.6,0.0,0.0,106.0,713.4621207465912
9.228128378378377,45.47240893442623,1,7,3,0,0,0,0,0,0,0,0,0,1,0.7248696597104357,0,0,0,0,2,46,0,0,0,0,0,0,1,4,18,0.0,0.0,0.026278280771699393,0,0,0,0,0,0,0,0,61,0.09960296130913686,0,0,1.386058334120662,0,0,0,0,139.216214584502,30.370758534903082,0.0,0.0,0.0,0.0,696.0810729225101,0.0,0.0,1.0,86.0,0.6,0.0,0.0,106.0,723.6039105424546
9.228452162162162,45.47240893442623,1,8,3,0,0,0,0,0,0,0,0,0,1,0.7272767298466155,0,0,0,0,0,47,0,0,0,0,0,0,1,4,18,0.0,0.0,0.024279845855992833,1,0,0,0,0,0,0,0,52,0.10906253826601779,0,0,1.1844100004500684,0,0,0,0,139.216214584502,30.370758534903082,0.0,0.0,0.0,0.0,696.0810729225101,0.0,0.0,1.0,86.0,0.6,0.0,0.0,106.0,724.7361906545962
9.228775945945946,45.47240893442623,1,9,3,0,0,0,0,0,0,0,0,0,1,0.7283368933934925,0,0,0,0,0,47,0,0,0,0,0,0,2,4,18,0.0,0.0,0.022784795982748567,1,0,0,0,0,0,0,0,56,0.1172540563350587,0,0,1.2984841672725749,0,4,0,0,48.09780564815242,30.370758534903082,0.0,0.0,0.0,0.0,913.858307314896,0.0,0.0,1.0,86.0,0.6,0.0,0.0,106.0,713.2171345661659
9.229099729729729,45.47240893442623,1,10,3,0,0,0,0,0,0,0,0,0,1,0.7283555076144678,0,0,0,0,1,47,0,0,0,0,0,0,2,4,18,0.0,0.00990736261111427,0.021147414365693985,0,0,0,0,0,0,0,0,62,0.1257457032186754,0,0,1.5246168274169245,0,4,0,0,48.09780564815242,30.370758534903082,0.0,0.0,0.0,52.539908512580155,913.858307314896,0.0,0.0,1.0,86.0,0.6,0.0,0.0,106.0,701.9404233288355
9.229423513513513,45.47240893442623,1,11,3,0,0,0,0,0,0,0,0,0,1,0.7276077025786256,0,0,0,0,1,47,0,0,0,0,0,0,2,4,18,0.0,0.0749599896766683,0.019179606000395588,0,0,0,0,0,0,0,0,66,0.1329681436478449,0,0,1.5793769842264536,0,8,0,0,14.063291219261014,30.370758534903082,0.0,0.0,0.0,0.0,309.3924068237423,0.0,0.0,1.0,86.0,0.6,0.0,0.0,106.0,685.4811657548635
9.229747297297298,45.47240893442623,1,12,3,0,0,0,0,0,0,0,0,0,1,0.7265971795898915,0,0,0,0,1,47,0,0,0,0,0,0,2,4,18,0.08208360034261579,0.1286792762232217,0.01722709220550678,0,0,0,0,0,0,0,0,67,0.1381737955316872,0,0,1.9904539062996074,0,8,0,0,10.88405642414777,35.3828107915237,1.1538461538461537,0.0,0.0,65.28310178560264,392.8771573627181,0.0,0.0,1.0,86.0,0.6,0.0,0.0,106.0,674.6527572318114
9.23007108108108,45.47240893442623,1,13,3,0,0,0,0,0,0,0,2,0,1,0.7269137835384424,0,0,0,0,0,48,0,0,0,0,1,0,2,4,18,0.17168644043472214,0.14411905964957653,0.01649610247400111,0,0,0,0,0,0,0,0,68,0.14304284388802455,0,0,2.0079163009341405,4,4,0,0,10.579350748274091,35.086231802594284,1.125,0.0,0.0,103.86568873911929,445.7415737489638,0.0,0.0,1.0,86.0,0.6,0.0,0.0,106.0,674.5727397320502
9.230394864864865,45.47240893442623,1,14,3,0,0,0,0,0,0,0,3,0,1,0.7259792786865029,0,0,0,0,0,44,0,0,0,0,0,0,2,4,18,0.0949856465562874,0.13169197228218088,0.020690215245004254,0,0,0,0,0,0,0,0,70,0.14581997833831742,0,0,2.391907956317119,0,8,0,0,16.129188219228343,35.38217852860018,1.1538461538461537,0.0,0.0,65.83256099799549,867.3810971441619,0.0,0.0,1.0,86.0,0.6,0.0,0.0,106.0,670.5425585007674
9.230718648648649,45.47240893442623,1,15,3,0,0,0,0,0,0,0,3,0,1,0.724476828916875,0,0,0,0,0,39,0,0,0,0,0,0,2,5,18,0.0,0.08246260928229243,0.025994367852103635,0,0,0,0,0,0,0,0,68,0.14296109229103557,0,0,1.7419120375205674,0,4,0,0,25.392850871277346,33.83258436098543,1.0,0.0,0.0,0.0,516.4502888557471,0.0,0.0,1.0,86.0,0.6,0.0,0.0,106.0,664.5958411396961
9.231042432432432,45.47240893442623,1,16,3,0,0,0,0,0,0,0,1,0,1,0.7215325917764749,0,0,0,0,0,33,0,0,0,0,0,0,2,5,18,0.0,0.014873289559666582,0.030370129972707265,0,0,0,0,0,0,0,0,66,0.14039700717508188,0,0,1.193478688727565,0,0,0,0,132.27418489428103,30.370758534903082,0.0,0.0,0.0,0.0,396.82255468284313,0.0,0.0,1.0,86.0,0.6,0.0,0.0,106.0,661.1097834497444
9.231366216216216,45.47240893442623,1,17,3,0,0,0,0,0,0,0,0,0,1,0.7203809722188812,0,0,0,0,0,19,0,0,0,0,0,0,2,5,18,0.0,0.0,0.03680018336144979,0,0,0,0,0,0,0,0,61,0.14555981295593387,0,0,1.292136485992156,0,0,0,0,132.27418489428103,30.370758534903082,0.0,0.0,6.749991995100368,0.0,396.82255468284313,0.0,0.0,1.0,86.0,0.6,0.0,0.0,106.0,661.0600961846283
9.23169,45.47240893442623,1,18,3,0,0,1,0,0,0,0,0,0,1,0.7207279574174384,0,0,0,0,0,16,0,0,0,0,0,0,1,5,18,0.0,0.0,0.044908528818134306,0,0,0,0,0,0,0,0,60,0.14537857099987322,0,0,1.5393471995406387,0,0,0,0,132.27418489428103,30.370758534903082,0.0,0.0,6.749991995100368,0.0,396.82255468284313,0.0,0.0,1.0,86.0,0.6,0.0,0.0,106.0,663.397485772438
9.232013783783783,45.47240893442623,1,19,3,0,0,1,0,0,0,0,0,0,1,0.7225215125455227,0,0,0,0,0,15,0,0,0,0,0,0,1,5,18,0.0,0.0,0.05439835522129215,0,0,0,0,0,0,0,0,67,0.14858583177936416,0,0,1.7390581871207331,0,0,0,0,48.26386103304997,30.370758534903082,0.0,0.0,6.749991995100368,0.0,675.6940544626996,0.0,0.0,1.0,86.0,0.6,0.0,0.0,106.0,662.7897924356622
9.232337567567567,45.47240893442623,1,20,3,0,0,1,0,0,0,0,0,0,1,0.7262742125341877,0,0,0,0,0,13,0,0,0,0,0,0,0,5,18,0.0,0.0,0.06503426254706282,0,0,0,0,0,0,0,0,71,0.14344986990154698,0,0,2.126397520193465,0,12,0,0,36.28092434517423,30.370758534903082,0.0,0.0,6.749991995100368,243.16046414194744,1342.3942007714463,0.0,0.0,1.0,86.0,0.6,0.0,0.0,106.0,658.2935630647783
9.23266135135135,45.47240893442623,1,21,3,0,0,1,0,0,0,0,0,0,1,0.7337038852334483,0,0,0,0,0,14,0,0,0,0,0,0,0,5,18,0.0,0.0,0.07566422074340438,0,0,0,0,0,0,0,0,67,0.1405986181200678,0,1,2.230843690627314,0,8,0,0,37.21966635748678,30.370758534903082,0.0,0.0,6.749991995100368,0.0,893.2719925796827,0.0,0.0,1.0,86.0,0.6,0.0,0.0,106.0,656.4542662244801
9.232985135135134,45.47240893442623,1,22,3,0,0,0,0,0,0,0,0,0,1,0.7443302353193711,0,0,0,0,0,19,0,0,0,0,0,0,1,5,17,0.0,0.0,0.08417087041963897,0,0,0,0,0,0,0,0,66,0.13591670281293608,0,1,2.294525295197463,0,0,0,0,136.8018379541132,30.370758534903082,0.0,0.0,6.749991995100368,0.0,410.4055138623396,0.0,0.0,1.0,86.0,0.6,0.0,0.0,106.0,658.8586699397451
9.233308918918919,45.47240893442623,1,23,3,0,0,0,0,0,0,0,0,0,1,0.7581078066441309,0,0,0,0,0,25,0,0,0,0,0,0,1,5,15,0.0,0.0,0.09075525270703429,0,0,0,0,0,0,0,0,62,0.1331407190065911,0,1,2.2353744709390364,0,0,0,0,136.8018379541132,30.370758534903082,0.0,0.0,103.91137050526697,0.0,410.4055138623396,0.0,0.0,1.0,86.0,0.6,0.0,0.0,106.0,658.5839774969373
9.233632702702701,45.47240893442623,1,24,3,0,1,0,0,0,0,0,0,0,1,0.7779112776466989,0,0,0,0,0,28,0,0,0,0,0,0,1,5,15,0.0,0.0,0.09477497009144524,0,0,0,0,0,0,0,0,59,0.12875503036430838,0,1,2.5392340077611766,0,0,0,0,136.8018379541132,30.370758534903082,0.0,0.0,104.57829144733664,0.0,410.4055138623396,0.0,0.0,1.0,86.0,0.6,0.0,0.0,106.0,657.618923760107
9.233956486486486,45.47240893442623,1,25,3,0,1,0,0,0,0,0,0,0,1,0.7933502626508864,0,0,0,0,0,25,0,0,0,0,0,0,1,6,14,0.0,0.011022399935521997,0.09527700511922202,0,0,0,0,0,0,0,0,54,0.12304173525512199,0,1,2.2022506900175576,0,0,0,0,67.18704887912402,30.0,1.0,81.11892171398846,298.7850299613296,0.0,590.7515670772517,0.0,42.60747852005737,1.0,86.0,0.6,0.0,0.0,106.0,658.8512599063035
9.23428027027027,45.47240893442623,1,26,3,1,1,0,0,0,0,0,0,0,1,0.798976605756366,0,0,0,0,0,25,0,0,0,0,0,0,2,6,14,0.0,0.05125275617861918,0.0941625883913766,0,0,0,0,0,0,0,0,48,0.11899374059239334,0,1,2.277163084577159,0,8,0,0,28.503329805970157,30.0,1.0,91.64596455253067,305.390478203449,162.21326230442216,905.9705786564248,0.0,221.8659711151272,1.0,86.0,0.6,0.0,0.0,106.0,662.9338652092572
9.234604054054053,45.47240893442623,1,27,3,0,1,0,0,0,0,0,0,0,1,0.7866382776655406,0,0,0,0,0,24,0,0,0,0,0,0,2,4,13,0.0,0.07380821902151853,0.0898657154432231,0,0,0,0,0,0,0,0,46,0.11622653811362253,0,1,2.391423576956189,0,8,0,0,26.11661288687711,35.155529595457295,1.5,265.7470722699985,305.390478203449,0.0,674.4509916575774,0.0,410.7808240962729,1.0,86.0,0.6,0.0,0.0,106.0,664.3592146672954
9.234927837837837,45.47240893442623,1,28,3,0,1,0,0,0,0,0,3,0,1,0.76341274169169,0,0,0,0,0,24,0,0,0,0,0,0,2,3,12,0.0,0.07176887186754094,0.0889141289371549,0,0,0,0,0,0,0,0,39,0.11077265553736941,0,1,3.2094130166239636,0,8,0,0,27.72597968310123,40.07130100023118,2.0,194.20673851399292,305.390478203449,162.26042586006645,748.4765707114489,0.0,580.5160215055525,1.0,86.0,0.6,0.0,0.0,106.0,664.2136776864493
9.235251621621622,45.47240893442623,1,29,3,0,1,0,0,0,0,0,3,0,1,0.7353218144899514,0,0,0,0,0,22,0,0,1,0,0,0,2,3,11,0.0,0.04404230663404703,0.0900087558357531,0,0,0,0,0,0,0,0,32,0.10262149858335498,0,1,2.6176894959347132,0,8,0,0,28.322430811216826,40.07130100023118,2.0,194.20673851399292,305.390478203449,162.17220115313572,712.1110474449455,0.0,654.2828449191765,1.0,86.0,0.6,0.0,0.0,106.0,663.3967103401149
9.235575405405404,45.47240893442623,1,30,3,0,0,0,0,0,0,0,1,0,1,0.7036725701298109,0,0,0,0,0,22,0,0,1,0,0,0,2,3,10,0.0,0.006306202848289527,0.09072017075483074,0,0,0,0,0,0,0,0,28,0.09483426632111977,0,1,3.089441522162753,0,0,0,0,56.723251259906576,27.84931958233519,1.743446904473248,0.0,575.910587808088,0.0,438.0183544005094,15.767655678743271,644.616992372467,1.0,86.0,0.6,0.0,0.0,106.0,664.1865042924916
9.235899189189189,45.47240893442623,1,31,3,0,0,0,0,0,0,0,0,0,1,0.6688499047956216,0,0,0,0,0,21,0,0,1,0,0,0,2,3,10,0.0,0.0,0.09105247868210552,0,0,0,0,0,0,0,0,22,0.08892792584251977,0,1,3.7283691610597836,0,0,0,0,84.38504310321606,30.370758534903082,0.0,0.0,564.8258664942969,0.0,253.15512930964817,0.0,664.9780800974305,1.0,86.0,0.6,0.0,0.0,106.0,664.0287307554468
9.236222972972971,45.47240893442623,1,32,3,0,0,0,0,0,0,0,0,0,1,0.6310424554059121,0,0,1,0,0,17,0,0,1,0,0,0,2,3,10,0.0,0.0,0.09095196472151532,0,0,0,0,0,0,0,0,19,0.08331941894801198,0,1,3.7246362672753026,0,0,0,0,83.05108571660323,30.370758534903082,0.0,0.0,558.2204182521775,0.0,415.2554285830161,0.0,622.370601577373,1.0,86.0,0.6,0.0,0.0,106.0,664.0734893273763
9.236546756756756,45.47240893442623,1,33,3,0,0,0,0,0,0,0,0,0,1,0.5902949595570517,0,0,1,0,0,15,0,0,1,0,0,0,2,3,9,0.0,0.0,0.0898534289632119,0,0,0,0,0,0,0,0,15,0.07747851847129227,0,1,3.008038856944041,0,8,0,0,29.76876672886397,23.545905594477517,1.6909742247859039,169.68603273756085,376.8438510107975,151.651454832647,663.8394356706303,0.0,622.370601577373,1.0,86.0,0.6,0.0,0.0,106.0,664.0074838638154
9.23687054054054,45.47240893442623,1,34,3,0,0,0,0,0,0,0,0,0,1,0.547501308146359,0,1,1,0,0,14,0,0,1,0,0,0,1,3,9,0.0,0.0,0.08721509990006995,0,0,1,0,0,0,0,0,13,0.07101753222961989,0,0,3.5332078328776486,0,4,0,0,35.36296214741233,23.545905594477517,1.6909742247859039,169.68603273756085,381.08631329073427,151.62921634267923,608.2991345055106,0.0,422.7510212573398,1.0,86.0,0.6,0.0,0.0,106.0,665.3116505606386
9.237194324324323,45.47240893442623,1,35,3,0,0,0,0,0,0,0,0,0,1,0.5039847846091342,0,1,1,0,0,14,0,0,1,0,0,0,0,3,9,0.0,0.0,0.0834409026231209,0,0,0,0,0,0,0,0,13,0.0633743843962863,0,0,2.986528616165413,0,0,0,0,75.81460817133961,30.370758534903082,0.0,0.0,381.08631329073427,0.0,151.62921634267923,0.0,67.07929345216068,1.0,86.0,0.6,0.0,0.0,106.0,666.2144871013671
9.237518108108107,45.47240893442623,1,36,3,0,0,0,0,0,0,0,0,0,1,0.46024228642186454,0,1,1,0,0,14,0,0,1,0,0,0,0,3,9,0.0,0.0,0.07869333284816463,0,0,0,0,0,1,0,0,9,0.05534535704908582,0,0,3.2264714113212656,0,0,0,0,28.56336444662606,30.370758534903082,0.0,0.0,381.08631329073427,0.0,0.0,0.0,0.0,1.0,86.0,0.6,0.0,0.0,106.0,666.1104358998039
9.225861891891892,45.472634344262296,1,0,4,0,0,0,0,0,0,0,0,0,1,0.5715908234626502,0,0,0,0,0,24,0,0,1,0,0,0,0,4,15,0.0,0.0,0.026047311530896466,0,0,0,1,0,0,0,0,41,0.058121877146984705,0,0,0.7622889936172147,16,16,0,0,15.20818329020442,30.02214849386257,1.0,15.553863795684792,101.00312296363691,365.2092723363831,699.2307508439229,0.0,0.0,1.0,86.0,0.6,0.0,0.0,106.0,682.8944443402456
9.226185675675676,45.472634344262296,1,1,4,0,0,0,0,0,0,0,0,0,1,0.6029656676645998,0,0,0,0,0,27,0,0,1,0,0,0,0,4,16,0.0,0.0,0.030664915002564228,0,0,0,0,0,0,0,0,43,0.06277706475125558,0,0,0.7504914625678235,0,20,0,0,12.04550821233166,30.02214849386257,1.0,15.553863795684792,101.00312296363691,215.76018513831423,911.950268553853,0.0,0.0,1.0,86.0,0.6,0.0,0.0,106.0,682.5935092430445
9.226509459459459,45.472634344262296,1,2,4,0,0,0,0,0,0,0,0,0,1,0.6223160289966803,0,0,0,0,3,31,0,0,1,0,0,0,0,5,16,0.0,0.0,0.03264025328079296,0,0,1,0,0,0,0,0,49,0.06988457346384054,0,0,0.8117982223190198,8,16,0,0,13.421468308438579,30.370758534903082,0.0,0.0,101.00312296363691,403.26482951315444,912.6598449738234,0.0,0.0,1.0,86.0,0.6,0.0,0.0,106.0,684.0804237581751
9.226833243243243,45.472634344262296,1,3,4,0,0,0,0,0,0,0,0,0,1,0.6362952222189435,0,0,0,0,4,40,0,0,1,0,0,0,0,5,16,0.0,0.0,0.03282015967270503,0,0,1,0,0,0,0,0,54,0.07792842198573167,0,0,0.7793462037633765,4,16,0,0,13.421468308438579,30.370758534903082,0.0,0.0,87.27873861191242,295.5413794694034,912.6598449738234,0.0,0.0,1.0,86.0,0.6,0.0,0.0,106.0,686.409787226529
9.227157027027028,45.472634344262296,1,4,4,0,0,0,0,0,0,0,0,0,1,0.656267516197835,0,0,0,0,0,45,0,0,1,0,0,0,0,5,16,0.0,0.0,0.03297931085938401,0,0,0,0,0,0,0,0,62,0.08362476238219049,0,0,1.2464152073162456,0,16,0,0,22.15142029924387,30.370758534903082,0.0,0.0,15.553863795684792,217.67903133147928,1461.9937397500955,0.0,0.0,1.0,86.0,0.6,0.0,0.0,106.0,689.6581773234187
9.22748081081081,45.472634344262296,1,5,4,0,0,0,0,0,0,0,0,0,1,0.6711971828778405,0,0,0,0,0,49,0,0,1,0,0,0,0,5,17,0.0,0.0,0.033036221831174474,0,0,0,1,0,0,0,0,68,0.08931596255587282,0,0,1.2728224796709227,12,12,0,0,29.282829873008478,30.370758534903082,0.0,0.0,0.0,974.2088561723397,1376.2930040313984,0.0,0.0,1.0,86.0,0.6,0.0,0.0,106.0,732.1028109373788
9.227804594594595,45.472634344262296,1,6,4,0,0,0,0,0,0,0,0,0,1,0.6786468456197859,0,0,0,0,1,50,0,0,1,0,0,0,0,5,18,0.0,0.0,0.032332919238431075,0,0,0,1,0,0,0,0,66,0.09643939577332307,0,0,1.3590817042899683,0,12,0,0,28.63797199955808,30.370758534903082,0.0,0.0,0.0,696.0810729225101,1059.604963983649,0.0,25.53291069942053,1.0,86.0,0.6,0.0,0.0,106.0,743.2690026941838
9.228128378378377,45.472634344262296,1,7,4,0,0,0,0,0,0,0,0,0,1,0.685388530228916,0,0,0,0,1,50,0,0,1,0,0,0,1,5,18,0.0,0.0,0.030530947130783442,0,0,0,1,0,0,0,0,58,0.1009504433216924,0,0,1.4629823241028448,0,0,0,0,139.216214584502,30.370758534903082,0.0,0.0,0.0,696.0810729225101,696.0810729225101,0.0,25.53291069942053,1.0,86.0,0.6,0.0,0.0,106.0,745.5297183047896
9.228452162162162,45.472634344262296,1,8,4,0,0,0,0,0,0,0,0,0,1,0.6904282199685973,0,0,0,0,0,50,0,0,0,0,0,0,2,5,18,0.0,0.0,0.02815015969808174,1,0,0,1,0,0,0,0,51,0.10898007612685572,0,0,0.9995355483841508,0,0,0,0,139.216214584502,30.370758534903082,0.0,0.0,0.0,696.0810729225101,696.0810729225101,0.0,30.314935052914617,1.0,86.0,0.6,0.0,0.0,106.0,742.7668052082039
9.228775945945946,45.472634344262296,1,9,4,0,0,0,0,0,0,0,0,0,1,0.6941226039031205,0,0,0,0,0,49,0,0,0,0,0,0,2,4,18,0.0,0.0,0.025093598948355045,1,0,0,1,0,0,0,0,56,0.11749402647488964,0,0,1.0748439517631714,0,4,0,0,48.09780564815242,30.370758534903082,0.0,0.0,0.0,696.0810729225101,913.858307314896,0.0,25.53291069942053,1.0,86.0,0.6,0.0,0.0,106.0,715.6333343825295
9.229099729729729,45.472634344262296,1,10,4,0,0,0,0,0,0,0,0,0,1,0.6967792453265805,0,0,0,0,0,50,0,0,0,0,0,0,2,4,18,0.0,0.03261813363748023,0.022738354663803032,0,0,0,0,0,0,0,0,60,0.12568363755998238,0,0,1.5007303269980095,4,4,0,0,48.09780564815242,30.370758534903082,0.0,0.0,0.0,682.0652173654979,913.858307314896,0.0,25.53291069942053,1.0,86.0,0.6,0.0,0.0,106.0,714.389377846835
9.229423513513513,45.472634344262296,1,11,4,0,0,0,0,0,0,0,0,0,1,0.6986728511846826,0,0,0,0,0,51,0,0,0,0,0,0,3,4,18,0.01635745466106735,0.13314452832182522,0.02072222706448959,1,0,0,0,0,0,0,0,66,0.1337160056455367,0,0,1.7233405846295216,0,8,0,0,22.417476905157944,33.85201779024034,1.0,0.0,0.0,471.0939765739861,925.9438125237723,0.0,0.0,1.0,86.0,0.6,0.0,0.0,106.0,680.2991915311532
9.229747297297298,45.472634344262296,1,12,4,0,0,0,0,0,0,0,2,0,1,0.7000563194215081,0,0,0,0,0,54,0,0,0,0,1,0,3,4,18,0.271299633343792,0.1760599251683866,0.018747716769630617,1,0,0,0,0,0,0,0,72,0.13903373113170958,0,0,2.446480099684073,4,4,0,0,17.545404809504483,33.83833980718269,1.0,0.0,0.0,309.1046036071281,912.8947210438142,0.0,0.0,1.0,86.0,0.6,0.0,0.0,106.0,664.6173602829087
9.23007108108108,45.472634344262296,1,13,4,0,0,0,0,0,0,0,3,0,0,0.7025710759824887,0,0,0,0,0,54,0,0,0,1,1,0,3,5,18,0.45198329577379637,0.1760599251683866,0.01713545034041192,0,0,0,0,0,0,0,0,72,0.1427182509594971,0,0,2.8028081446163826,0,8,0,0,16.710632643902397,34.9873602037891,1.1142857142857143,0.0,0.0,0.0,1258.3409922875626,0.0,0.0,1.0,86.0,0.6,0.0,0.0,106.0,673.3671645189231
9.230394864864865,45.472634344262296,1,14,4,0,0,0,0,0,0,1,3,0,1,0.7050287090940476,0,0,0,0,0,54,0,0,0,1,1,0,3,5,18,0.30193055497126886,0.1760599251683866,0.02205838428774086,0,0,0,0,0,0,0,0,75,0.14478922433087366,0,0,2.6825975049214446,0,4,0,0,19.809362667892305,33.83763986689089,1.0,0.0,0.0,80.26569284015,1274.243907731418,0.0,0.0,1.0,86.0,0.6,0.0,0.0,106.0,665.8272499307758
9.230718648648649,45.472634344262296,1,15,4,0,0,0,0,0,0,1,3,0,1,0.706168102305798,0,0,0,0,0,54,0,0,0,0,0,0,3,5,18,0.033269459479679284,0.14371778416179448,0.02795398275730644,0,0,0,0,0,0,0,0,68,0.1429701471001527,0,0,1.8231581372134469,4,4,0,0,26.99577159521408,33.85439914837062,1.0,0.0,0.0,396.82255468284313,943.7917805948182,0.0,0.0,1.0,86.0,0.6,0.0,0.0,106.0,662.8040325610093
9.231042432432432,45.472634344262296,1,16,4,0,0,0,0,0,0,0,3,0,1,0.7058438622257701,0,0,0,0,0,46,0,0,0,0,0,0,2,5,18,0.0,0.041942243422492115,0.03395651824373147,0,0,0,0,0,0,0,0,65,0.140512221879469,0,0,1.9462803447109234,0,0,0,0,132.2155257705743,30.370758534903082,0.0,0.0,0.0,396.82255468284313,661.0776288528715,0.0,0.0,1.0,86.0,0.6,0.0,0.0,106.0,650.5652784328558
9.231366216216216,45.472634344262296,1,17,4,0,0,0,0,0,0,0,1,0,1,0.7073432206113647,0,0,0,0,0,29,0,0,0,0,0,0,2,5,18,0.0,0.0,0.042047978538393226,0,0,0,0,0,0,0,0,64,0.14572660547175922,0,0,2.046800758659486,0,0,0,0,132.2155257705743,30.370758534903082,0.0,0.0,0.0,396.82255468284313,661.0776288528715,0.0,0.0,1.0,86.0,0.6,0.0,0.0,106.0,655.8766173489867
9.23169,45.472634344262296,1,18,4,0,0,0,0,0,0,0,0,0,1,0.7101269935000413,0,0,0,0,0,23,0,0,0,0,0,0,2,5,18,0.0,0.0,0.05181863124210058,0,0,0,0,0,0,0,0,65,0.14530845715347213,0,0,2.0883470034845253,0,0,0,0,132.2155257705743,30.370758534903082,0.0,0.0,0.0,396.82255468284313,661.0776288528715,0.0,0.0,1.0,86.0,0.6,0.0,0.0,106.0,665.8595476901861
9.232013783783783,45.472634344262296,1,19,4,0,0,1,0,0,0,0,0,0,1,0.7150515091551789,0,0,0,0,0,21,0,0,0,0,0,0,1,5,18,0.0,0.0,0.06296879864829018,0,0,0,0,0,0,0,0,71,0.14816142368707547,0,0,2.3103283820234934,0,12,0,0,33.347536969149566,30.370758534903082,0.0,0.0,6.749991995100368,396.82255468284313,1233.8588678585338,0.0,0.0,1.0,86.0,0.6,0.0,0.0,106.0,665.4187112258251
9.232337567567567,45.472634344262296,1,20,4,0,0,1,0,0,0,0,0,0,1,0.7237630773453475,0,0,0,0,0,16,0,0,0,0,0,0,0,5,18,0.0,0.0,0.07522860610091728,0,0,0,0,0,0,0,0,74,0.14344889741118289,0,0,2.323503374747396,12,16,0,0,40.325767029061986,30.370758534903082,0.0,0.0,6.749991995100368,745.0814869283004,2258.2429536274713,0.0,0.0,1.0,86.0,0.6,0.0,0.0,106.0,655.5100809864985
9.23266135135135,45.472634344262296,1,21,4,0,0,0,0,0,0,0,0,0,1,0.7364012436838503,0,0,0,0,0,22,0,0,0,0,0,0,0,5,18,0.0,0.0,0.08539273152549398,0,0,0,0,0,0,0,0,71,0.14095531525470545,0,1,2.5880338988191376,4,16,0,0,40.325767029061986,30.370758534903082,0.0,0.0,6.749991995100368,410.4055138623396,2258.2429536274713,0.0,0.0,1.0,86.0,0.6,0.0,0.0,106.0,651.5304545527072
9.232985135135134,45.472634344262296,1,22,4,0,0,0,0,0,0,0,0,0,1,0.7526208430231642,0,0,0,0,0,28,0,0,0,0,0,0,1,5,19,0.0,0.0,0.09251414798251206,0,0,0,0,0,0,0,0,67,0.1359962810224826,0,1,2.73994267368258,0,0,0,0,136.76692240336698,30.370758534903082,0.0,0.0,6.749991995100368,410.4055138623396,683.8346120168349,0.0,0.0,1.0,86.0,0.6,0.0,0.0,106.0,659.5794088966195
9.233308918918919,45.472634344262296,1,23,4,0,0,0,0,0,0,0,0,0,1,0.7701013071668429,0,0,0,0,0,29,0,0,0,0,0,0,1,6,19,0.0,0.0,0.09775264696589514,1,0,0,0,0,0,0,0,64,0.13325484605866872,0,1,2.5702634050916955,0,0,0,0,136.76692240336698,30.370758534903082,0.0,0.0,91.64596455253067,410.4055138623396,683.8346120168349,0.0,0.0,1.0,86.0,0.6,0.0,0.0,106.0,658.2528749857561
9.233632702702701,45.472634344262296,1,24,4,0,1,0,0,0,0,0,0,0,1,0.7951251134713707,0,0,0,0,0,29,0,0,0,0,0,0,2,6,17,0.0,0.000188324574285116,0.1015758906910933,0,0,0,0,0,0,0,0,60,0.12817072236885713,0,1,2.2662093381853836,0,0,0,0,136.76692240336698,30.370758534903082,0.0,0.0,97.1613785101666,410.4055138623396,683.8346120168349,0.0,0.0,1.0,86.0,0.6,0.0,0.0,106.0,652.8257976127481
9.233956486486486,45.472634344262296,1,25,4,0,1,0,0,0,0,0,0,0,1,0.8149398444883633,0,0,0,0,0,27,0,0,0,0,0,0,2,6,16,0.0,0.04729440415997578,0.10268477049203091,0,0,0,0,0,0,0,0,55,0.12366939340197873,0,1,1.9472472828528977,0,8,0,0,33.281850564866104,30.0,1.0,91.64596455253067,303.720067678385,410.4055138623396,1073.218805217783,0.0,47.421546641119065,1.0,86.0,0.6,0.0,0.0,106.0,655.2373821008866
9.23428027027027,45.472634344262296,1,26,4,1,1,0,0,0,0,0,0,0,1,0.82388388060051,0,0,0,0,0,25,0,0,0,0,0,0,2,6,15,0.04511006207170102,0.1107059624417436,0.10102942263788024,0,0,0,0,0,0,0,0,51,0.1183713653279843,0,1,1.9119079563171193,8,16,0,0,24.329282399311403,30.0,1.0,91.64596455253067,322.1374555351642,640.8546721860346,1538.4159562013333,0.0,256.57507655068065,1.0,86.0,0.6,0.0,0.0,106.0,666.333157229682
9.234604054054053,45.472634344262296,1,27,4,0,1,0,0,0,0,0,0,0,1,0.814619985186343,0,0,0,0,0,24,0,0,0,0,1,0,2,5,14,0.18203310786116866,0.13274179058855645,0.09562942015051955,0,0,0,0,0,0,0,0,46,0.11722260759132863,0,1,2.1768343479751713,4,24,0,0,17.849879762074437,37.55347575017339,1.75,285.85270306652365,361.1151290796229,130.8348709130324,1891.832627906558,0.0,440.68330214341387,1.0,86.0,0.6,0.0,0.0,106.0,664.051307275283
9.234927837837837,45.472634344262296,1,28,4,0,1,0,0,0,0,0,3,0,1,0.7942266491406321,0,0,0,0,0,24,0,0,0,0,1,0,2,3,13,0.1614374130927636,0.1305826137701661,0.0939023153546249,0,0,0,0,0,0,0,0,41,0.11150184125050086,0,1,2.7333619860323797,8,20,0,0,14.635972412655935,37.203972285912435,1.8571428571428572,194.20673851399292,361.2087302741577,323.6514774014633,1158.3440879723692,8.59460789063986,686.5217212341798,1.0,86.0,0.6,0.0,0.0,106.0,661.7640549897304
9.235251621621622,45.472634344262296,1,29,4,0,1,0,0,0,0,0,3,0,1,0.7665701489682742,0,0,0,0,0,24,0,0,1,0,0,0,2,3,11,0.025958764346538453,0.10302997118727796,0.09488761628341251,0,0,0,0,0,0,0,0,35,0.10365165843069274,0,1,1.9903084050565503,4,20,0,0,19.570588126255572,33.62675317716593,1.814781528453424,194.20673851399292,292.458151308643,433.3432937436439,1085.7342704694656,187.85310048570972,722.90110135759,1.0,86.0,0.6,0.0,0.0,106.0,662.900271593413
9.235575405405404,45.472634344262296,1,30,4,0,0,0,0,0,0,0,1,0,1,0.7349811152794282,0,0,0,0,0,24,0,0,1,0,0,0,2,3,10,0.0,0.03531485525122978,0.09522555135028841,0,0,0,0,0,0,0,0,29,0.09562351357475983,0,1,2.6808235505796114,0,12,0,0,28.101469832800948,29.45327319171712,1.7653591901622587,0.0,553.8261648885227,246.04373767500616,653.1454209513279,358.5074930295062,774.8255082275139,1.0,86.0,0.6,0.0,0.0,106.0,663.0629393482486
9.235899189189189,45.472634344262296,1,31,4,0,0,0,0,0,0,0,0,0,1,0.7002153545826844,0,0,0,0,0,23,0,0,1,0,0,0,2,3,10,0.0,0.0,0.09525737215603605,0,0,0,0,0,0,0,0,25,0.0898602819278166,0,1,3.2890665911480994,0,8,0,0,29.296185108637633,28.47645554358731,1.7520144729293605,0.0,477.659175013438,253.15512930964817,501.64984383389714,230.7547838820435,749.6635983859082,1.0,86.0,0.6,0.0,0.0,106.0,663.9944736584877
9.236222972972971,45.472634344262296,1,32,4,0,0,0,0,0,0,0,0,0,1,0.6624620746216691,0,0,1,0,0,21,0,0,1,0,0,0,2,3,10,0.0,0.0,0.09510309358882292,0,0,0,0,0,0,0,0,18,0.08446147948407548,0,1,3.470600613077599,0,8,0,0,24.277857530326532,27.74388557642336,1.7420065261198068,0.0,558.2204182521775,263.6039737503691,822.4970876441481,51.505783447607115,698.2266901596903,1.0,86.0,0.6,0.0,0.0,106.0,663.6726631626386
9.236546756756756,45.472634344262296,1,33,4,0,0,0,0,0,0,0,0,0,1,0.6217772083179335,0,0,1,0,0,19,0,0,1,0,0,0,2,3,10,0.0,0.0,0.09476111119297637,0,0,0,0,0,0,0,0,14,0.07880765437475966,0,1,2.44343082233152,8,12,0,0,29.543174881950552,25.76642187830993,1.4606494831906025,261.3680135798797,368.82163690430934,460.6774664666135,1127.1612058717967,0.0,714.2175975296888,1.0,86.0,0.6,0.0,0.0,106.0,663.5334759802147
9.23687054054054,45.472634344262296,1,34,4,0,0,0,0,0,0,0,0,0,1,0.5780747957274137,0,1,1,0,0,17,0,0,1,0,0,0,1,3,9,0.0,0.0,0.0941612639554759,0,0,0,0,0,0,0,0,13,0.07108470134304319,0,0,3.5332078328776486,4,12,0,0,29.543174881950552,25.76642187830993,1.4606494831906025,261.3680135798797,377.7318666085531,203.16196920401688,1127.1612058717967,0.0,521.4678318973221,1.0,86.0,0.6,0.0,0.0,106.0,665.0101999169689
9.237194324324323,45.472634344262296,1,35,4,0,0,0,0,0,0,0,0,0,1,0.5321722984555219,0,1,1,0,0,14,0,0,1,0,0,0,1,3,9,0.0,0.0,0.09251517536733578,0,0,0,0,0,0,0,0,12,0.0628086336381777,0,0,2.986528616165413,0,0,0,0,31.54144954376258,30.370758534903082,0.0,0.0,381.08631329073427,0.0,378.497394525151,0.0,210.3584534289248,1.0,86.0,0.6,0.0,0.0,106.0,665.5376097065939
9.237518108108107,45.472634344262296,1,36,4,0,0,0,0,0,0,0,0,0,1,0.4860612199568525,0,0,1,0,0,14,0,0,1,0,0,0,1,3,9,0.0,0.0,0.08884172487743454,0,0,0,0,0,0,0,0,9,0.055013023166390645,0,0,3.2264714113212656,0,0,0,0,28.56336444662606,30.370758534903082,0.0,0.0,357.5254409503217,0.0,0.0,0.0,76.85085816811326,1.0,86.0,0.6,0.0,0.0,106.0,666.1216812704811
9.225861891891892,45.47285975409836,1,0,5,0,0,0,0,0,0,0,0,0,1,0.5280648092999259,0,0,0,0,0,30,0,0,1,0,0,0,0,5,16,0.0,0.0,0.028514717394277488,0,0,0,0,0,0,0,0,39,0.05796911139540129,0,0,0.6235026494683934,0,12,0,0,16.294924245485973,30.02214849386257,1.0,15.553863795684792,101.00312296363691,349.52358614348003,587.3583332872962,0.0,13.56903569602026,1.0,86.0,0.6,0.0,0.0,106.0,679.7249121918144
9.226185675675676,45.47285975409836,1,1,5,0,0,0,0,0,0,0,0,0,1,0.556483532897622,0,0,1,0,0,36,0,0,1,0,0,0,0,5,16,0.0,0.0,0.03315834181642926,0,0,0,0,0,0,0,0,43,0.06241559229684853,0,0,0.630789685130818,0,8,0,0,18.5578384228112,30.02214849386257,1.0,15.553863795684792,101.00312296363691,0.0,782.4331883851968,0.0,13.56903569602026,1.0,86.0,0.6,0.0,0.0,106.0,679.58551664613
9.226509459459459,45.47285975409836,1,2,5,0,0,0,0,0,0,0,0,0,1,0.5728934467612397,0,0,1,0,6,42,0,0,1,0,0,0,0,5,16,0.0,0.0,0.03399221931792682,0,0,0,0,0,0,0,0,48,0.07022368400914288,0,0,0.6914372817165525,0,16,0,0,13.766756993498475,30.370758534903082,0.0,0.0,101.00312296363691,189.77463486092284,908.6059615708994,0.0,13.56903569602026,1.0,86.0,0.6,0.0,0.0,106.0,680.1811280715879
9.226833243243243,45.47285975409836,1,3,5,0,0,0,0,0,0,0,0,0,1,0.5844174933389704,0,0,1,0,7,50,0,0,1,0,0,0,0,5,16,0.0,0.0,0.03420816275309154,0,0,0,0,0,0,0,0,50,0.0781578286874044,0,0,0.7460460576031955,0,16,0,0,14.322301638613096,30.370758534903082,0.0,0.0,101.00312296363691,95.27445572764552,887.9827015940119,0.0,0.0,1.0,86.0,0.6,0.0,0.0,106.0,682.1520229000926
9.227157027027028,45.47285975409836,1,4,5,0,0,0,0,0,0,0,2,0,1,0.6042658779801435,0,0,1,0,2,51,0,0,1,0,0,0,0,5,17,0.0,0.0,0.034257331102743094,0,0,0,0,0,0,0,0,58,0.08466665979265081,0,0,1.0591694722979452,0,4,0,0,29.74720304878332,30.370758534903082,0.0,0.0,87.27873861191242,0.0,1070.8993097561995,0.0,0.0,1.0,86.0,0.6,0.0,0.0,106.0,680.968667342855
9.22748081081081,45.47285975409836,1,5,5,0,0,0,0,0,0,0,3,0,1,0.6207679262623372,0,0,0,0,0,51,0,0,1,0,0,0,0,5,17,0.0,0.0,0.034257331102743094,0,0,0,1,0,0,0,0,58,0.08972856577397831,0,0,1.1385829019479587,0,12,0,0,29.94555583894493,30.370758534903082,0.0,0.0,0.0,208.80994137314002,1287.658901074632,0.0,25.53291069942053,1.0,86.0,0.6,0.0,0.0,106.0,681.7857350054966
9.227804594594595,45.47285975409836,1,6,5,0,0,0,0,0,0,0,4,0,1,0.631053513876956,0,0,0,0,0,51,0,0,1,0,0,0,0,5,18,0.0,0.0,0.034257331102743094,0,0,0,1,0,0,0,0,60,0.09664290564935371,0,0,1.2278169578068576,0,0,0,0,52.06156086753448,30.370758534903082,0.0,0.0,0.0,0.0,937.1080956156206,0.0,104.37671018050406,1.0,86.0,0.6,0.0,0.0,106.0,709.3659640001467
9.228128378378377,45.47285975409836,1,7,5,0,0,0,0,0,0,0,2,0,1,0.6404223401765919,0,0,0,0,0,51,0,0,1,0,0,0,1,5,18,0.0,0.0,0.034031994115137125,0,0,0,1,0,0,0,0,51,0.10166283733913845,0,0,1.2414129102213696,0,0,0,0,139.216214584502,30.370758534903082,0.0,0.0,0.0,0.0,696.0810729225101,0.0,207.83656336273017,1.0,86.0,0.6,0.0,0.0,106.0,720.620730134779
9.228452162162162,45.47285975409836,1,8,5,0,0,0,0,0,0,0,0,0,1,0.6480935929854691,0,0,0,0,0,51,0,0,0,0,0,0,2,5,18,0.0,0.0,0.03245852180686825,0,0,0,1,0,0,0,0,49,0.10895670221582204,0,0,1.0629009821870679,0,0,0,0,139.216214584502,30.370758534903082,0.0,0.0,0.0,0.0,696.0810729225101,0.0,207.83656336273017,1.0,86.0,0.6,0.0,0.0,106.0,721.380333625497
9.228775945945946,45.47285975409836,1,9,5,0,0,0,0,0,0,0,1,0,1,0.6544206557320369,0,0,0,0,0,53,0,0,0,0,0,0,3,5,18,0.0,0.0,0.030057649973832687,0,0,0,0,0,0,0,0,54,0.11650048292723189,0,0,1.447094681535023,0,0,0,0,94.01995902136473,30.370758534903082,0.0,0.0,0.0,0.0,752.1596721709178,0.0,189.3056158566021,1.0,86.0,0.6,0.0,0.0,106.0,709.0872079484329
9.229099729729729,45.47285975409836,1,10,5,0,0,0,0,0,0,0,3,0,1,0.6597114227372852,0,0,0,0,0,54,0,0,0,0,0,0,3,5,18,0.0,0.04516703153884135,0.026138290042110657,0,0,0,0,0,0,0,0,58,0.12476705956010865,0,0,1.4130450198066595,0,4,0,0,48.09780564815242,30.370758534903082,0.0,0.0,0.0,0.0,913.858307314896,0.0,64.94445877542886,1.0,86.0,0.6,0.0,0.0,106.0,699.9462457292129
9.229423513513513,45.47285975409836,1,11,5,0,0,0,0,0,0,0,3,0,1,0.6642422885750594,0,0,0,0,0,56,0,0,0,0,0,0,3,5,18,0.028043117781152923,0.16295971283800154,0.02240690629487334,1,0,0,0,0,0,0,0,64,0.1332525646034111,0,0,1.8971516099718326,0,8,0,0,27.346049642831847,33.928993388068086,1.0,0.0,0.0,0.0,851.2006395396861,0.0,25.53291069942053,1.0,86.0,0.6,0.0,0.0,106.0,684.6098184130228
9.229747297297298,45.47285975409836,1,12,5,0,0,0,0,0,0,0,5,0,1,0.6682656783270791,0,0,0,0,0,60,0,0,0,0,1,0,3,4,18,0.3823094059350532,0.21184650165474614,0.020023692479738262,1,0,0,0,0,0,0,0,71,0.13873650327412254,0,0,2.392088494155724,0,8,0,0,21.07177507947649,33.86529764459475,1.0,0.0,0.0,243.61889483640766,981.3728059338171,0.0,0.0,1.0,86.0,0.6,0.0,0.0,106.0,674.6989057650705
9.23007108108108,45.47285975409836,1,13,5,0,0,0,0,0,0,1,4,0,0,0.672946764741277,0,0,0,0,0,69,0,0,0,1,1,0,3,5,18,0.6942607643857243,0.22522193255898326,0.018605266788823106,0,0,0,0,0,0,0,0,74,0.14188646362435478,0,0,3.080720758676096,0,4,0,0,11.846401706441183,33.90901643522076,1.0,0.0,0.0,85.91414292892347,569.1450225600847,0.0,0.0,1.0,86.0,0.6,0.0,0.0,106.0,672.9550227915453
9.230394864864865,45.47285975409836,1,14,5,0,0,0,0,0,0,3,3,0,1,0.6785183523566053,0,0,0,0,0,73,0,0,0,1,1,0,3,6,18,0.4276464937621875,0.21438811362174673,0.023625277327671727,0,0,0,0,0,0,0,0,78,0.1426877579770787,0,0,2.8933849199223376,0,8,0,0,22.38218644494547,33.87165927348256,1.0,0.0,0.0,177.36677205772438,1206.3835723480433,0.0,0.0,1.0,86.0,0.6,0.0,0.0,106.0,668.4780465343495
9.230718648648649,45.47285975409836,1,15,5,0,0,0,0,0,0,3,3,0,1,0.6823312271080868,0,0,0,0,0,72,0,0,0,0,0,0,3,5,18,0.055975231434905785,0.17739200828989354,0.0304436209604544,0,0,0,0,0,0,0,0,71,0.142122195291216,0,0,2.5194148226298982,0,8,0,0,27.124607402269213,33.9009411697563,1.0,0.0,0.0,0.0,1141.4459342223902,0.0,0.0,1.0,86.0,0.6,0.0,0.0,106.0,663.9793302147202
9.231042432432432,45.47285975409836,1,16,5,0,0,0,0,0,0,0,4,0,1,0.6846211572421456,0,0,0,0,0,70,0,0,0,0,0,0,3,5,18,0.0,0.05625391941734264,0.03810883019103569,0,0,0,0,0,0,0,0,70,0.14081581424430867,0,0,2.5118261015889525,0,0,0,0,132.2155257705743,30.370758534903082,0.0,0.0,0.0,0.0,661.0776288528715,0.0,0.0,1.0,86.0,0.6,0.0,0.0,106.0,657.8825955368386
9.231366216216216,45.47285975409836,1,17,5,0,0,0,0,0,0,0,2,0,1,0.6887441676902374,0,0,0,0,0,56,0,0,0,0,0,0,3,5,18,0.0,0.0,0.04786259771169308,0,0,0,0,0,0,0,0,71,0.14510482854459456,0,0,2.997175400967767,0,0,0,0,132.2155257705743,30.370758534903082,0.0,0.0,0.0,0.0,661.0776288528715,0.0,0.0,1.0,86.0,0.6,0.0,0.0,106.0,660.2135797333721
9.23169,45.47285975409836,1,18,5,0,0,0,0,0,0,0,2,0,1,0.6945520397503783,0,0,0,0,0,48,0,0,0,0,0,0,2,5,18,0.0,0.0,0.05929408084378722,0,0,0,0,0,0,0,0,70,0.14475214097483677,0,0,2.778872887550943,0,0,0,0,132.2155257705743,30.370758534903082,0.0,0.0,0.0,0.0,661.0776288528715,0.0,0.0,1.0,86.0,0.6,0.0,0.0,106.0,664.178532362094
9.232013783783783,45.47285975409836,1,19,5,0,0,0,0,0,0,0,3,0,1,0.7042949272890132,0,0,0,0,0,40,0,0,0,0,0,0,1,5,19,0.0,0.0,0.07184665626603139,0,0,0,0,0,0,0,0,77,0.14655442447563086,0,0,2.615593520565821,0,8,0,0,36.494159394561954,30.370758534903082,0.0,0.0,0.0,0.0,948.8481442586108,0.0,0.0,1.0,86.0,0.6,0.0,0.0,106.0,663.6032510986488
9.232337567567567,45.47285975409836,1,20,5,0,0,0,0,0,0,0,2,0,1,0.7182144562710451,0,0,0,0,0,37,0,0,0,0,0,0,0,5,19,0.0,0.0,0.08403548995273025,0,0,0,0,0,0,0,0,76,0.14265692816200146,0,0,2.541418501486622,4,16,0,0,40.325767029061986,30.370758534903082,0.0,0.0,0.0,199.75535687119105,2258.2429536274713,0.0,0.0,1.0,86.0,0.6,0.0,0.0,106.0,658.0628257368443
9.23266135135135,45.47285975409836,1,21,5,0,0,0,0,0,0,0,2,0,1,0.7355710045208015,0,0,0,0,0,36,0,0,0,0,0,0,0,6,19,0.0,0.0,0.09256328864486656,0,0,0,0,0,0,0,0,74,0.1404433099216501,0,0,2.783221292919698,0,8,0,0,37.67973569439932,30.370758534903082,0.0,0.0,0.0,0.0,1582.5488991647715,0.0,0.0,1.0,86.0,0.6,0.0,0.0,106.0,656.5461969536352
9.232985135135134,45.47285975409836,1,22,5,0,0,0,0,0,0,0,0,0,1,0.754662920603702,0,0,0,0,0,36,0,0,0,0,0,0,1,6,19,0.0,0.0,0.09864401752238267,1,0,0,0,0,0,0,0,71,0.1361832119564186,0,1,2.880432199110749,0,0,0,0,136.76692240336698,30.370758534903082,0.0,0.0,0.0,0.0,683.8346120168349,0.0,0.0,1.0,86.0,0.6,0.0,0.0,106.0,659.9496647437617
9.233308918918919,45.47285975409836,1,23,5,0,0,0,0,0,0,0,1,0,1,0.775155723803312,0,0,0,0,0,35,0,0,0,0,0,0,2,6,19,0.0,0.0,0.10300687254516448,1,0,0,0,0,0,0,0,64,0.1328674381970781,0,1,2.4450556342557497,0,0,0,0,136.76692240336698,30.370758534903082,0.0,0.0,91.64596455253067,0.0,683.8346120168349,0.0,0.0,1.0,86.0,0.6,0.0,0.0,106.0,658.9628511751012
9.233632702702701,45.47285975409836,1,24,5,0,1,0,0,0,0,0,2,0,1,0.8054636799292008,0,0,0,0,0,34,0,0,0,0,0,0,2,6,19,0.0,0.002984617119097848,0.10658336837204935,0,0,0,0,0,0,0,0,61,0.1276013721237681,0,1,2.021075948576876,0,0,0,0,136.76692240336698,30.370758534903082,0.0,0.0,114.99839012636531,0.0,683.8346120168349,0.0,34.012870629417506,1.0,86.0,0.6,0.0,0.0,106.0,656.1691768547767
9.233956486486486,45.47285975409836,1,25,5,0,1,0,0,0,0,0,2,0,1,0.8298661077136118,0,0,0,0,0,31,0,0,0,0,0,0,2,6,17,0.0,0.09106796621270573,0.10912800481144684,0,0,0,0,0,0,0,0,55,0.12350898844425423,0,1,2.0523689248942167,0,4,0,0,38.59666874427551,30.370758534903082,0.0,0.0,361.2697843139315,0.0,887.7233811183368,0.0,82.1758091139077,1.0,86.0,0.6,0.0,0.0,106.0,658.5623101966946
9.23428027027027,45.47285975409836,1,26,5,1,1,0,0,0,0,0,2,0,1,0.8418684916060876,0,0,0,0,0,29,0,0,0,0,1,0,2,6,16,0.15455965290245918,0.1693976141955859,0.10778382169724895,0,0,0,0,1,0,0,0,48,0.11786093407981915,0,1,1.8403211167136226,4,16,0,0,19.9767433265946,30.0,1.0,91.64596455253067,392.4987993038337,230.33507251834746,1686.2841915143886,0.0,261.4343017089775,1.0,86.0,0.6,0.0,0.0,106.0,663.4646356821374
9.234604054054053,45.47285975409836,1,27,5,0,1,0,0,0,0,0,3,0,1,0.8360049484872802,0,0,0,0,0,27,0,0,0,1,1,0,2,5,15,0.4199256616250762,0.1909381192505754,0.10036778003977284,0,0,0,0,1,0,0,0,46,0.11708230655944589,0,1,2.091550414467992,0,24,0,0,12.93372274302495,24.0,1.0,91.64596455253067,406.5809878419134,65.34733592889268,1443.6607315764556,42.60747852005737,577.5627769106336,1.0,86.0,0.6,0.0,0.0,106.0,662.1361135283515
9.234927837837837,45.47285975409836,1,28,5,0,1,0,0,0,0,0,3,0,1,0.8184480729774198,0,0,0,0,0,26,0,1,0,1,1,0,2,3,13,0.39790159342376114,0.1887168047832426,0.09716202092504714,0,0,0,0,0,0,0,0,41,0.1117555104330358,0,1,2.1863627907920593,4,16,0,0,13.696228467561049,33.38086733348746,1.6666666666666667,194.20673851399292,431.33006677607045,64.64391417904565,1187.5935435922981,42.60747852005737,754.9588022443387,1.0,86.0,0.6,0.0,0.0,106.0,660.8368210966707
9.235251621621622,45.47285975409836,1,29,5,0,1,0,0,0,0,1,3,0,1,0.792820738806674,0,0,0,0,0,26,0,1,1,0,0,0,2,3,12,0.10622953428529035,0.16134597831165817,0.09757964079405139,0,0,0,0,0,0,0,0,37,0.1040282216997882,0,1,1.7519820338918317,0,20,0,0,19.037695496279785,31.96532752356527,1.719022047582973,194.20673851399292,443.14419872902704,118.86356136451494,889.2173743752988,382.4784403242516,851.1991545199372,1.0,86.0,0.6,0.0,0.0,106.0,662.0741663555311
9.235575405405404,45.47285975409836,1,30,5,0,0,0,0,0,0,0,3,0,1,0.7615657337161178,0,0,0,0,0,26,0,1,1,0,0,0,2,3,11,0.0,0.0712734496217761,0.09780660005758923,0,0,0,0,0,0,0,0,28,0.09631724127792303,0,1,1.9517090085251987,4,8,0,0,30.626423479717207,29.715019248969377,1.768935013272688,0.0,710.0408057897042,45.463882711905164,542.1700562390698,468.501918591598,945.7746808869188,1.0,86.0,0.6,0.0,0.0,106.0,663.0771198458233
9.235899189189189,45.47285975409836,1,31,5,0,0,0,0,0,0,0,1,0,1,0.7268599488423269,0,0,0,0,0,25,0,1,1,0,0,0,2,3,10,0.0,0.0,0.09783769633686894,0,0,0,0,0,0,0,0,21,0.09038458932184262,0,1,2.2610210671631097,0,8,0,0,29.819382744878613,28.81596899294521,1.7566527091315027,0.0,592.5647726006445,58.97099765223786,501.64984383389714,422.7510212573398,1167.1761304636987,1.0,86.0,0.6,0.0,0.0,106.0,662.5967154405791
9.236222972972971,45.47285975409836,1,32,5,0,0,0,0,0,0,0,0,0,1,0.6891904245245588,0,0,1,0,0,23,0,0,1,0,0,0,2,3,10,0.0,0.0,0.09768325019065358,0,0,0,0,0,0,0,0,16,0.08530211145745863,0,1,3.036061468752091,0,8,0,0,24.339471035162262,28.54286334714777,1.7529216978983901,0.0,581.2660791146473,81.11755020929208,657.0584074781003,243.50202082290335,1251.2323021137036,1.0,86.0,0.6,0.0,0.0,106.0,662.8807832442691
9.236546756756756,45.47285975409836,1,33,5,0,0,0,0,0,0,0,0,0,1,0.6485851921823463,0,0,1,0,0,21,0,0,1,0,0,0,2,3,10,0.0,0.0,0.09734178683185492,0,0,0,0,0,0,0,0,13,0.07805204900940159,0,1,1.7767641556648537,0,12,0,0,27.886710532226328,26.615318013736736,1.5739834422227865,261.3680135798797,366.2109754554358,269.06944579085325,1127.1612058717967,33.69301769186648,1139.9582213234032,1.0,86.0,0.6,0.0,0.0,106.0,662.7136377607789
9.23687054054054,45.47285975409836,1,34,5,0,0,0,0,0,0,0,0,0,1,0.6050183818985196,0,1,1,0,0,19,0,0,1,0,0,0,1,3,10,0.0,0.0,0.09680559539251643,0,0,0,0,0,0,0,0,12,0.07057304930251661,0,0,3.252785272513466,0,12,0,0,29.543174881950552,25.76642187830993,1.4606494831906025,261.3680135798797,350.382174544078,210.42971643725727,1127.1612058717967,0.0,814.8295398708568,1.0,86.0,0.6,0.0,0.0,106.0,664.4513346741917
9.237194324324323,45.47285975409836,1,35,5,0,0,0,0,0,0,0,0,0,1,0.558381296065446,0,1,1,0,0,17,0,0,1,0,0,0,1,3,10,0.0,0.0,0.09605629668782976,0,0,0,0,0,0,0,0,11,0.06156311295325601,0,0,3.2072540179615703,0,0,0,0,35.07161940620954,30.370758534903082,0.0,0.0,310.3948164073288,0.0,210.42971643725727,0.0,591.8704038033956,1.0,86.0,0.6,0.0,0.0,106.0,665.3603238322511
9.237518108108107,45.47285975409836,1,36,5,0,0,0,0,0,0,0,0,0,1,0.5097573723984995,0,1,1,0,0,16,0,0,1,0,0,0,1,3,9,0.0,0.0,0.09460762096214725,0,0,0,0,0,0,0,0,9,0.05430806421778035,0,0,4.559804744654599,0,0,0,0,28.56336444662606,30.370758534903082,0.0,0.0,269.00466263532974,0.0,0.0,0.0,175.99769540236124,1.0,86.0,0.6,0.0,0.0,106.0,665.4140034524889
9.225861891891892,45.47308516393443,1,0,6,0,0,0,0,0,0,0,0,0,1,0.48391403291717827,0,0,1,0,0,36,0,0,1,0,0,0,1,5,16,0.0,0.0,0.031325514186664474,0,0,0,0,0,0,0,0,33,0.05748962176487539,0,0,0.6235621604139719,0,4,0,0,22.59135528455289,30.370758534903082,0.0,0.0,101.00312296363691,349.52358614348003,451.8271056910578,0.0,107.42845086317676,1.0,86.0,0.6,0.0,0.0,106.0,677.7890684154224
9.226185675675676,45.47308516393443,1,1,6,0,0,0,0,0,0,0,0,0,1,0.5095792898310051,0,0,1,0,0,41,0,0,1,0,0,0,1,5,16,0.0,0.0,0.034257331102743094,0,0,0,0,0,0,0,0,34,0.061804156193301305,0,0,0.6824573389891004,0,8,0,0,18.50558890284051,30.370758534903082,0.0,0.0,101.00312296363691,0.0,777.2347339193014,0.0,107.42845086317676,1.0,86.0,0.6,0.0,0.0,106.0,677.506274294472
9.226509459459459,45.47308516393443,1,2,6,0,0,0,0,0,0,0,0,0,1,0.5236711450995409,0,0,1,0,6,51,0,0,1,0,0,0,1,5,16,0.0,0.0,0.034257331102743094,0,0,0,0,0,0,0,0,40,0.06986173035300394,0,0,0.43258999570334744,4,4,0,0,11.633555929930845,30.370758534903082,0.0,0.0,101.00312296363691,305.144993914377,558.4106846366806,0.0,107.42845086317676,1.0,86.0,0.6,0.0,0.0,106.0,676.4789274833108
9.226833243243243,45.47308516393443,1,3,6,0,0,0,0,0,0,0,2,0,1,0.5328757676549687,0,0,1,0,10,51,0,0,1,0,0,0,0,5,16,0.0,0.0,0.034257331102743094,0,0,1,0,0,0,0,0,41,0.07820174543848643,0,0,0.6704398826592887,0,4,0,0,11.800281702789997,30.370758534903082,0.0,0.0,101.00312296363691,125.37265565050447,566.4135217339199,0.0,107.42845086317676,1.0,86.0,0.6,0.0,0.0,106.0,677.1648052455072
9.227157027027028,45.47308516393443,1,4,6,0,0,0,0,0,0,0,5,0,1,0.5523224018571675,0,0,1,0,6,51,0,0,1,0,0,0,0,5,17,0.0,0.0,0.034257331102743094,0,0,0,0,0,0,0,0,45,0.08499121334357893,0,0,0.9813831393660997,0,4,0,0,20.80544428879612,30.370758534903082,0.0,0.0,71.72487481622761,0.0,582.5524400862914,0.0,81.37065361519925,1.0,86.0,0.6,0.0,0.0,106.0,676.0434673662044
9.22748081081081,45.47308516393443,1,5,6,0,0,0,0,0,0,2,6,0,1,0.5693208763213682,0,0,1,0,0,51,0,0,1,0,0,0,0,5,18,0.0,0.0,0.034257331102743094,0,0,0,0,0,0,0,0,48,0.08987784011016542,0,0,1.4566088932627324,0,4,0,0,23.219725386857448,30.370758534903082,0.0,0.0,71.72487481622761,208.80994137314002,626.9325854451511,0.0,207.83656336273017,1.0,86.0,0.6,0.0,0.0,106.0,673.214211679755
9.227804594594595,45.47308516393443,1,6,6,0,0,0,0,0,0,1,6,0,1,0.5796493943863177,0,0,0,0,0,51,0,0,1,0,0,0,0,5,18,0.0,0.0,0.034257331102743094,0,0,0,0,0,0,0,0,50,0.0965566490201692,0,0,1.1552067768803047,0,0,0,0,53.51469849026102,30.370758534903082,0.0,0.0,0.0,0.0,374.6028894318271,0.0,207.83656336273017,1.0,86.0,0.6,0.0,0.0,106.0,692.4317108320871
9.228128378378377,45.47308516393443,1,7,6,0,0,0,0,0,0,0,6,0,1,0.5900966483950003,0,0,0,0,0,52,0,0,1,0,0,0,2,5,18,0.0,0.0,0.034257331102743094,0,0,0,0,0,0,0,0,44,0.10161173685891842,0,0,1.104177507371095,0,0,0,0,65.11012858114488,30.370758534903082,0.0,0.0,0.0,0.0,130.22025716228976,0.0,207.83656336273017,1.0,86.0,0.6,0.0,0.0,106.0,702.4001526379336
9.228452162162162,45.47308516393443,1,8,6,0,0,0,0,0,0,0,5,0,1,0.600302280621875,0,0,0,0,0,53,0,0,1,0,0,0,3,5,18,0.0,0.0,0.03417266536472956,0,0,0,0,0,0,0,0,43,0.10926811411415129,0,0,1.2467911631347943,0,0,0,0,41.87095765838013,30.370758534903082,0.0,0.0,0.0,0.0,251.22574595028078,0.0,207.83656336273017,1.0,86.0,0.6,0.0,0.0,106.0,704.7067675808023
9.228775945945946,45.47308516393443,1,9,6,0,0,0,0,0,0,0,3,0,1,0.6092702211171916,0,0,0,0,0,57,0,0,0,0,0,0,3,5,18,0.0,0.0,0.032829967720324434,0,0,0,0,0,0,0,0,45,0.11517872818363865,0,0,1.3084518957108864,0,0,0,0,41.87095765838013,30.370758534903082,0.0,0.0,0.0,0.0,251.22574595028078,0.0,207.83656336273017,1.0,86.0,0.6,0.0,0.0,106.0,700.4402906576522
9.229099729729729,45.47308516393443,1,10,6,0,0,0,0,0,0,1,3,0,1,0.6172020449151299,0,0,0,0,0,66,0,0,0,0,0,0,3,5,18,0.0,0.03276977326247595,0.030716575431322706,0,0,0,0,0,0,0,0,50,0.12340521713602952,0,0,1.70218019101437,0,0,0,0,40.85651604808388,30.370758534903082,0.0,0.0,0.0,0.0,163.42606419233553,0.0,207.83656336273017,1.0,86.0,0.6,0.0,0.0,106.0,692.5624985004367
9.229423513513513,45.47308516393443,1,11,6,0,0,0,0,0,0,1,3,0,1,0.6243733871488238,0,0,0,0,0,76,0,0,0,0,0,0,3,5,18,0.014512742389737914,0.17580509691203325,0.026665140639104086,0,0,0,0,0,0,0,0,59,0.13135332306828626,0,0,1.7330457220051063,0,4,0,0,18.587076488377274,33.98105213461291,1.0,0.0,0.0,0.0,407.140729597285,0.0,64.94445877542886,1.0,86.0,0.6,0.0,0.0,106.0,684.0145620233161
9.229747297297298,45.47308516393443,1,12,6,0,0,0,0,0,0,1,6,0,1,0.6310398716172225,0,0,0,0,0,77,0,0,0,0,1,0,3,5,18,0.2738101815016621,0.2581931897513259,0.02191169393684664,0,0,0,0,0,0,0,0,65,0.1373227379135429,0,0,2.456954889148502,4,4,0,0,12.58812506302843,33.039235794834106,1.1392079013796361,0.0,0.0,227.425651954715,551.8401912073259,0.0,0.0,1.0,86.0,0.6,0.0,0.0,106.0,677.589775741651
9.23007108108108,45.47308516393443,1,13,6,0,0,0,0,0,0,1,6,0,0,0.6381016018839479,0,0,0,0,0,78,0,0,0,1,1,0,3,6,18,0.5093707060621203,0.2581931897513259,0.019856319109316862,0,0,0,0,0,0,0,0,66,0.14092230575354084,0,0,3.5989488454883687,0,8,0,0,12.263619801387893,33.872393152017004,1.0,0.0,0.0,82.72913334534131,596.9305753264547,0.0,0.0,1.0,86.0,0.6,0.0,0.0,106.0,673.9779294673963
9.230394864864865,45.47308516393443,1,14,6,0,0,0,0,0,0,3,5,0,1,0.6463942398807795,0,0,0,0,0,81,0,0,0,1,1,0,3,6,18,0.3139320894466933,0.2581931897513259,0.02581791559541337,0,0,0,0,0,0,0,0,68,0.14006349423360107,0,0,3.5752607133083885,4,4,0,0,15.367067600414494,33.10451517319817,1.1276339988595203,0.0,0.0,110.50167251208805,689.228771037419,0.0,0.0,1.0,86.0,0.6,0.0,0.0,106.0,669.444616096116
9.230718648648649,45.47308516393443,1,15,6,0,0,0,0,0,0,3,6,0,1,0.6530585085640189,0,0,0,0,0,82,0,0,0,0,0,0,3,5,18,0.03188477352931567,0.19145443245521854,0.033362378024244695,0,0,0,0,0,0,0,0,67,0.14076150734855855,0,0,3.8685477853701804,0,4,0,0,20.469161832703573,33.92375915681205,1.0,0.0,0.0,0.0,477.68370746527955,0.0,0.0,1.0,86.0,0.6,0.0,0.0,106.0,666.5505354858865
9.231042432432432,45.47308516393443,1,16,6,0,0,0,0,0,0,0,6,0,1,0.6579638002157352,0,0,0,0,0,85,0,0,0,0,0,0,3,5,18,0.0,0.045674965448774,0.04269026557759365,0,0,0,0,0,0,0,0,67,0.14087091285172318,0,0,3.7419105275403295,0,0,0,0,110.827107179974,30.370758534903082,0.0,0.0,0.0,0.0,221.654214359948,0.0,0.0,1.0,86.0,0.6,0.0,0.0,106.0,663.3077613391267
9.231366216216216,45.47308516393443,1,17,6,0,0,0,0,0,0,0,8,0,1,0.6647552150024475,0,0,0,0,0,72,0,0,0,0,0,0,3,5,19,0.0,0.0,0.05410547566021722,0,0,0,0,0,0,0,0,72,0.1443454756913855,0,0,3.8721393773521573,0,0,0,0,110.827107179974,30.370758534903082,0.0,0.0,0.0,0.0,221.654214359948,0.0,0.0,1.0,86.0,0.6,0.0,0.0,106.0,663.0154696912932
9.23169,45.47308516393443,1,18,6,0,0,0,0,0,0,0,6,0,1,0.6753274613120924,0,0,0,0,0,71,0,0,0,0,0,0,3,5,19,0.0,0.0,0.06669660276564722,0,0,0,0,0,0,0,0,71,0.1437809162508516,0,0,3.7695629710181513,0,0,0,0,110.827107179974,30.370758534903082,0.0,0.0,0.0,0.0,221.654214359948,0.0,0.0,1.0,86.0,0.6,0.0,0.0,106.0,664.3808938142995
9.232013783783783,45.47308516393443,1,19,6,0,0,0,0,0,0,1,4,0,1,0.690281490067981,0,0,0,0,0,73,0,0,0,0,0,0,2,6,19,0.0,0.0,0.0793860693213511,0,0,0,0,0,0,0,0,75,0.14497085152709652,0,0,3.729897404608093,0,0,0,0,50.845405445806534,30.370758534903082,0.0,0.0,0.0,0.0,457.6086490122588,0.0,0.0,1.0,86.0,0.6,0.0,0.0,106.0,663.0563103123282
9.232337567567567,45.47308516393443,1,20,6,0,0,0,0,0,0,0,6,0,1,0.7083744859953552,0,0,0,0,0,70,0,0,0,0,0,0,0,7,19,0.0,0.0,0.09124409798669895,0,0,0,0,0,0,0,0,79,0.14159874975415349,0,0,3.8701971879649064,0,4,0,0,16.27219137188937,30.370758534903082,0.0,0.0,0.0,199.75535687119105,423.07697566912367,0.0,0.0,1.0,86.0,0.6,0.0,0.0,106.0,660.4587419060822
9.23266135135135,45.47308516393443,1,21,6,0,0,0,0,0,0,0,6,0,1,0.7285206813352226,0,0,0,0,0,63,0,0,0,0,0,0,0,7,19,0.0,0.0,0.0988428405836937,0,0,0,0,0,0,0,0,73,0.13850465596802466,0,0,3.186163805720689,0,0,0,0,33.44099905856663,30.370758534903082,0.0,0.0,0.0,0.0,568.4969839956327,0.0,0.0,1.0,86.0,0.6,0.0,0.0,106.0,659.8214170412854
9.232985135135134,45.47308516393443,1,22,6,0,0,0,0,0,0,0,4,0,1,0.7503140005391159,0,0,0,0,0,51,0,0,0,0,0,0,2,7,19,0.0,0.0,0.1042412921770242,0,0,0,0,0,0,0,0,65,0.13497118528244645,0,1,2.724519476611534,0,0,0,0,93.76236291506763,30.370758534903082,0.0,0.0,0.0,0.0,187.52472583013525,0.0,0.0,1.0,86.0,0.6,0.0,0.0,106.0,659.3102974846156
9.233308918918919,45.47308516393443,1,23,6,0,0,0,0,0,0,0,4,0,1,0.7735066345186697,0,0,0,0,0,44,0,0,0,0,0,0,2,7,19,0.0,0.0,0.10858427856896005,0,0,0,0,0,0,0,0,60,0.131509982604623,0,1,2.460402837095948,0,0,0,0,93.76236291506763,30.370758534903082,0.0,0.0,103.00173479124254,0.0,187.52472583013525,0.0,0.0,1.0,86.0,0.6,0.0,0.0,106.0,659.3186126259975
9.233632702702701,45.47308516393443,1,24,6,0,1,0,0,0,0,0,3,0,1,0.8082246200295966,0,0,0,0,0,43,0,0,0,0,0,0,2,7,19,0.0,0.0029949753725437914,0.11209803154990346,0,0,0,0,0,0,0,0,54,0.1268809384349672,0,1,2.1674628013524173,0,0,0,0,93.76236291506763,30.370758534903082,0.0,0.0,152.77452760232717,0.0,187.52472583013525,0.0,73.58120122326785,1.0,86.0,0.6,0.0,0.0,106.0,659.1290301304457
9.233956486486486,45.47308516393443,1,25,6,0,1,0,0,0,0,1,3,0,1,0.8373382482682526,0,0,0,0,0,40,0,1,0,0,0,0,2,7,19,0.0,0.12387528524648828,0.11423742220485836,0,0,0,0,0,0,0,0,49,0.12257453303157181,0,1,2.3292568683062043,0,0,0,0,37.540992137517826,30.370758534903082,0.0,0.0,372.5684777999287,0.0,225.24595282510697,0.0,82.1758091139077,1.0,86.0,0.6,0.0,0.0,106.0,660.7005616741029
9.23428027027027,45.47308516393443,1,26,6,1,1,0,0,0,0,0,6,0,1,0.8523558655803554,0,0,0,0,0,42,0,1,0,0,1,0,2,7,17,0.19629936316269594,0.20282604229471768,0.11286707620307118,0,0,0,0,1,0,0,0,45,0.11765608272431882,0,1,2.430022984166931,0,0,0,0,12.96575865484336,30.370758534903082,0.0,0.0,406.5809878419134,204.6459438539061,479.73307022920426,0.0,421.72803059436535,1.0,86.0,0.6,0.0,0.0,106.0,659.1355718885264
9.234604054054053,45.47308516393443,1,27,6,0,1,0,0,0,0,1,5,0,1,0.849772405956246,0,0,0,0,0,42,0,1,0,1,1,0,2,7,16,0.5932299863307348,0.21546075781756915,0.10333038982032924,0,0,0,0,1,1,0,0,39,0.11613966827335975,0,1,2.843681788338396,0,0,0,0,10.832353934271447,20.0,1.0,0.0,431.33006677607045,135.06826760658458,526.6932118752676,47.421546641119065,883.4144836038904,1.0,86.0,0.6,0.0,0.0,106.0,659.0071778169288
9.234927837837837,45.47308516393443,1,28,6,0,1,0,0,0,0,3,3,0,1,0.8349313809996346,0,0,0,0,0,42,0,1,0,1,1,0,2,4,15,0.5500529176855263,0.224958589280535,0.09890328316896121,0,0,0,0,0,1,0,0,36,0.1120222963647776,0,1,2.0853524790766573,0,0,0,0,9.328353579386306,15.798573664894873,1.0,0.0,445.1861249645777,33.617061949697366,503.5562875896637,65.47328075290078,1179.490083555843,1.0,86.0,0.6,0.0,0.0,106.0,660.1740459363375
9.235251621621622,45.47308516393443,1,29,6,0,1,0,0,0,1,3,3,0,1,0.8120288872294908,0,0,0,0,0,41,0,1,1,0,0,0,2,3,13,0.12705523962668455,0.22432122953455097,0.09887486223375949,0,0,0,0,0,0,0,0,35,0.10416010310555666,0,1,1.5561974339096654,0,0,0,0,21.55799546327038,26.119683509518076,1.4306294157807402,0.0,479.7209928197704,111.53757288475877,313.0350380862659,376.8208167383862,1237.7095960249612,1.0,86.0,0.6,0.0,0.0,106.0,661.3797943978391
9.235575405405404,45.47308516393443,1,30,6,0,0,0,0,0,0,1,3,0,1,0.7828659954742663,0,0,0,0,0,40,0,1,1,0,0,0,2,3,11,0.0,0.12407222256318805,0.09887486223375949,0,0,0,0,0,0,0,0,26,0.09629177926376925,0,1,2.410028780223125,0,4,0,0,37.013189864230085,30.558289589998072,1.7804552845059753,0.0,672.4200934223672,0.0,215.9724532489018,450.2649643072397,1384.7300812187218,1.0,86.0,0.6,0.0,0.0,106.0,662.0953830498725
9.235899189189189,45.47308516393443,1,31,6,0,0,0,0,0,0,0,2,0,1,0.7487550064151426,0,0,0,0,0,39,0,1,1,0,0,0,2,3,10,0.0,0.026634295652407217,0.09887486223375949,0,0,0,0,0,0,0,0,20,0.0905424595430925,0,1,2.134918960446799,0,0,0,0,25.94670713226226,29.134458480441616,1.7610037281373812,0.0,616.2836073750618,0.0,58.97099765223786,408.06973072848285,1488.0033969102594,1.0,86.0,0.6,0.0,0.0,106.0,661.7562047182887
9.236222972972971,45.47308516393443,1,32,6,0,0,0,0,0,0,0,0,0,1,0.7111790645097888,0,0,1,0,0,37,0,1,1,0,0,0,2,3,10,0.0,0.02658023015006092,0.09887486223375949,0,0,0,0,0,0,0,0,12,0.08498120772483558,0,1,2.539066591148099,0,0,0,0,27.477471612693048,28.563468506400955,1.7532031936558625,0.0,413.4350259715866,0.0,247.13722750911643,247.45726151935847,1493.915306748363,1.0,86.0,0.6,0.0,0.0,106.0,661.6625897325783
9.236546756756756,45.47308516393443,1,33,6,0,0,0,0,0,0,0,0,0,1,0.67076205387305,0,0,1,0,0,36,0,1,1,0,0,0,2,3,10,0.0,0.014884581925772428,0.09887486223375949,0,0,0,0,0,0,0,0,11,0.07661406114273184,0,1,2.9962341400050647,0,4,0,0,31.202300834523992,29.248819992610937,1.504011942958081,91.68198084231882,367.12901909674935,166.01967729982434,450.36222403495674,82.00181181320443,1275.7420266188733,1.0,86.0,0.6,0.0,0.0,106.0,662.7780217377829
9.23687054054054,45.47308516393443,1,34,6,0,0,0,0,0,0,0,0,0,1,0.6274050034289621,0,1,1,0,0,33,0,0,1,0,0,0,1,3,10,0.0,0.001994124346371221,0.09887444709046998,0,0,0,0,0,0,0,0,11,0.06962823255283934,0,0,2.991381378085239,0,0,0,0,42.44516451667339,30.370758534903082,1.0,83.08651244910457,344.1265525358704,166.35264131700038,383.8102972343027,0.0,1016.0249309429319,1.0,86.0,0.6,0.0,0.0,106.0,663.9993672903314
9.237194324324323,45.47308516393443,1,35,6,0,0,0,0,0,0,0,0,0,1,0.5808214834533494,0,1,1,0,0,30,0,0,1,0,0,0,1,3,10,0.0,0.0,0.09856245215171668,0,0,0,0,0,0,0,0,10,0.06039058674466245,0,0,4.177031282659771,0,0,0,0,38.27664172260514,28.428633893306724,1.7513611612269906,0.0,328.29775162451267,0.0,166.35264131700038,63.30720901863047,750.449245124264,1.0,86.0,0.6,0.0,0.0,106.0,665.0122324960082
9.237518108108107,45.47308516393443,1,36,6,0,0,0,0,0,0,0,0,0,1,0.530697075813008,0,1,1,0,0,23,0,0,1,0,0,0,1,3,10,0.0,0.0,0.09766639900406757,0,0,0,0,0,0,0,0,8,0.052555924476260105,0,0,4.559804744654599,0,0,0,0,15.826802254657618,28.428633893306724,1.7513611612269906,0.0,310.3948164073288,0.0,0.0,63.30720901863047,312.95878135914046,1.0,86.0,0.6,0.0,0.0,106.0,665.036247350084
9.225861891891892,45.47331057377049,1,0,7,0,0,0,0,0,0,0,0,0,1,0.4393792147450425,0,0,1,0,0,40,0,0,1,0,0,0,1,5,16,0.0,0.0,0.03221332112804638,0,0,0,0,0,0,0,0,26,0.05657031906684082,0,0,1.1827216801032057,8,16,0,0,19.840884907570103,34.411469451044866,1.8947074384941829,85.4492591679521,198.5395375210538,451.8271056910578,1005.7994107484036,0.0,107.42845086317676,1.0,86.0,0.6,0.0,0.0,106.0,675.9847679032632
9.226185675675676,45.47331057377049,1,1,7,0,0,0,0,0,0,0,0,0,1,0.4626754541948248,0,0,1,0,0,50,0,0,1,0,0,0,1,6,16,0.0,0.0,0.034257331102743094,0,0,0,0,0,0,0,0,27,0.060671885758059395,0,0,0.8933426258120846,4,16,0,0,14.594289762899496,34.411469451044866,1.8947074384941829,85.4492591679521,198.5395375210538,127.55224735232122,1111.2825013898066,0.0,107.42845086317676,1.0,86.0,0.6,0.0,0.0,106.0,675.1187138647323
9.226509459459459,45.47331057377049,1,2,7,0,0,0,0,0,0,0,0,0,1,0.47501494703382247,0,1,1,0,7,51,0,0,1,0,0,0,1,6,16,0.0,0.0,0.03440125766876164,0,0,0,0,0,0,0,0,30,0.06911937170766673,0,0,0.8933426258120846,0,8,0,0,9.147657096840497,40.008003429035384,2.0,71.72487481622761,231.18161949864503,22.47078279068459,788.154892286779,0.0,107.42845086317676,1.0,86.0,0.6,0.0,0.0,106.0,673.2975053842082
9.226833243243243,45.47331057377049,1,3,7,0,0,0,0,0,0,0,4,0,1,0.4820850415202508,0,0,1,1,7,51,0,0,1,0,0,0,1,7,17,0.0,0.0,0.03471960366918611,0,0,1,0,0,0,0,0,33,0.07719424400341113,0,0,0.782761971216577,0,8,0,0,10.192308193733412,30.370758534903082,0.0,0.0,200.85825533868632,82.00875608936049,795.0000391112061,0.0,107.42845086317676,1.0,86.0,0.6,0.0,0.0,106.0,674.3202889727572
9.227157027027028,45.47331057377049,1,4,7,0,0,0,0,0,0,1,6,0,1,0.500436363485327,0,0,1,1,4,52,0,0,1,0,0,0,1,7,18,0.0,0.0,0.03501504958402238,0,0,0,0,0,0,0,0,37,0.0846392877427414,0,0,0.9718653852580466,0,16,0,0,13.431640953898704,30.370758534903082,0.0,0.0,184.66975913703982,185.19264495540958,1128.2578401274911,0.0,211.8051610436808,1.0,86.0,0.6,0.0,0.0,106.0,674.207539563585
9.22748081081081,45.47331057377049,1,5,7,0,0,0,0,0,1,6,6,0,1,0.5161687737741733,0,0,1,1,0,53,0,0,1,0,0,0,1,7,18,0.0,0.0,0.03514093307584177,0,0,0,0,0,0,0,0,37,0.08969406174215457,0,0,0.9498963786664643,4,12,0,0,20.7519561038453,30.370758534903082,0.0,0.0,214.42656211572384,301.5980985553276,1307.3732345422538,0.0,270.67626947180133,1.0,86.0,0.6,0.0,0.0,106.0,674.486156537771
9.227804594594595,45.47331057377049,1,6,7,0,0,0,0,0,1,6,6,0,1,0.5264934692531893,0,0,0,0,0,55,0,0,1,0,0,0,0,7,18,0.0,0.0,0.03511179789712365,0,0,0,0,0,0,0,0,38,0.09657464194157789,0,0,0.7565635805625864,0,8,0,0,20.126184800591023,30.370758534903082,0.0,0.0,121.89695770307036,165.79294805868716,764.7950224224589,0.0,207.83656336273017,1.0,86.0,0.6,0.0,0.0,106.0,685.4142028164705
9.228128378378377,45.47331057377049,1,7,7,0,0,0,0,0,0,4,6,0,1,0.5369432139814977,0,0,0,0,0,59,0,0,1,0,0,0,2,7,18,0.0,0.0,0.03489374864173971,1,0,0,0,0,0,0,0,36,0.10128357987672754,0,0,0.6766339277289003,0,0,0,0,24.9624287288367,25.281631388957262,1.7120458895826265,0.0,0.0,130.22025716228976,573.5653787926603,25.53291069942053,227.1420982593856,1.0,86.0,0.6,0.0,0.0,106.0,692.1835874157314
9.228452162162162,45.47331057377049,1,8,7,0,0,0,0,0,0,0,7,0,1,0.5474812061704649,0,0,0,0,0,66,0,0,1,0,0,0,3,7,18,0.0,0.0,0.03451876317167525,0,0,0,0,0,0,0,0,37,0.10892849701197542,0,0,0.7575768506372227,0,8,0,0,26.26434416030132,26.334953711310472,1.7249787602100142,0.0,0.0,251.22574595028078,775.5145543542134,64.94445877542886,227.1420982593856,1.0,86.0,0.6,0.0,0.0,106.0,695.0021925922997
9.228775945945946,45.47331057377049,1,9,7,0,0,0,0,0,0,1,4,0,1,0.558087567200229,0,0,0,0,0,81,0,0,0,0,0,0,3,6,18,0.0,0.0,0.034169947382147105,0,0,0,0,0,0,0,0,37,0.11377595869735112,0,0,1.1897710323066353,0,4,0,0,30.61915642407411,25.281631388957262,1.7120458895826265,0.0,0.0,105.50410964822207,770.5651563265063,25.53291069942053,227.1420982593856,1.0,86.0,0.6,0.0,0.0,106.0,692.9323538473352
9.229099729729729,45.47331057377049,1,10,7,0,0,0,0,0,1,3,4,0,1,0.5685950524158688,0,0,0,0,0,83,0,0,0,0,0,0,3,5,18,0.0,0.02556989043423853,0.03264035613246807,0,0,0,0,1,0,0,0,46,0.12164187237122112,0,0,1.2752765888821227,0,0,0,0,50.73799581386629,30.370758534903082,0.0,0.0,0.0,163.42606419233553,507.3799581386629,0.0,207.83656336273017,1.0,86.0,0.6,0.0,0.0,106.0,687.9127252331908
9.229423513513513,45.47331057377049,1,11,7,0,0,0,0,1,1,3,6,0,1,0.5784322984658066,0,0,0,0,0,86,0,0,0,0,0,0,3,5,18,0.001365531712448023,0.14784615873748003,0.030159402548916223,0,0,0,0,0,0,0,0,54,0.12905625918998317,0,0,1.389588471803451,0,4,0,0,21.824280810853512,31.577439901460654,1.3826572622173008,0.0,0.0,57.92195454411346,689.9351289787795,0.0,207.83656336273017,1.0,86.0,0.6,0.0,0.0,106.0,680.4705491564657
9.229747297297298,45.47331057377049,1,12,7,0,0,0,0,1,0,3,8,0,1,0.5877624242616081,0,0,0,0,1,89,0,0,0,0,1,0,3,5,18,0.24562681780491824,0.23134006093059875,0.02555397078906609,0,0,0,0,0,0,0,0,58,0.1361334673641206,0,1,2.076633638257371,0,8,0,0,14.630188533874612,32.84846985887618,1.1700698943188006,0.0,0.0,89.4862301568229,811.7732752236259,0.0,25.53291069942053,1.0,86.0,0.6,0.0,0.0,106.0,674.7812042710749
9.23007108108108,45.47331057377049,1,13,7,0,0,0,0,1,0,0,9,0,0,0.5973937750936676,0,0,0,0,1,95,0,0,0,1,1,0,3,6,18,0.46760998132328296,0.2588607994320847,0.02177478230587408,0,0,0,0,0,0,0,0,60,0.1383714063321912,0,2,3.529668926807455,0,0,0,0,9.035173295307967,32.11408342296007,1.2915501971620007,0.0,0.0,0.0,376.44152591829226,0.0,0.0,1.0,86.0,0.6,0.0,0.0,106.0,672.7573812887597
9.230394864864865,45.47331057377049,1,14,7,0,0,0,0,0,0,1,7,0,1,0.6083596396395282,0,0,0,0,1,97,0,0,0,0,1,0,3,7,18,0.2830917832641919,0.2359579377171735,0.028303709676261824,1,0,0,0,0,0,0,0,59,0.136932484899432,0,2,4.578922781215014,0,8,0,0,14.28254351930175,32.781132936022225,1.1800762378037417,0.0,0.0,0.0,785.6389140086397,0.0,0.0,1.0,86.0,0.6,0.0,0.0,106.0,670.5089208478813
9.230718648648649,45.47331057377049,1,15,7,0,0,0,0,0,0,2,6,0,1,0.6177858351125731,0,0,0,0,0,97,0,0,0,0,0,0,3,6,18,0.01122783545490838,0.1614470944077557,0.03658105563560642,1,0,1,0,0,0,0,0,56,0.13768292033766688,0,2,4.035563366138594,0,8,0,0,21.40715182384245,32.20518035361108,1.2782996402421463,0.0,0.0,221.654214359948,780.5209213623373,0.0,0.0,1.0,86.0,0.6,0.0,0.0,106.0,668.4917314889968
9.231042432432432,45.47331057377049,1,16,7,0,0,0,0,0,0,3,6,0,1,0.625321035176213,0,0,0,0,0,102,0,0,0,0,0,0,3,5,19,0.0,0.03659232815040171,0.047570633812101304,0,0,0,0,0,0,0,0,60,0.14033608787287824,0,2,3.4560225511800136,0,0,0,0,59.560309560715005,30.370758534903082,0.0,0.0,0.0,221.654214359948,714.72371472858,0.0,0.0,1.0,86.0,0.6,0.0,0.0,106.0,665.6345253832723
9.231366216216216,45.47331057377049,1,17,7,0,0,0,0,0,0,3,7,0,1,0.6359044316805753,0,0,0,0,0,98,0,0,0,0,0,0,3,6,19,0.0,0.0,0.06035400310990752,1,0,0,0,0,0,0,0,63,0.14312860515090478,0,2,4.064192022581435,0,0,0,0,64.64152580019488,30.370758534903082,0.0,0.0,0.0,221.654214359948,646.4152580019488,0.0,0.0,1.0,86.0,0.6,0.0,0.0,106.0,664.4377756653814
9.23169,45.47331057377049,1,18,7,0,0,0,0,0,0,3,6,0,1,0.651122939218557,0,0,0,0,0,95,0,0,0,0,0,0,3,6,19,0.0,0.0,0.07329418129637053,0,0,0,0,0,0,0,0,64,0.14186628734422077,0,1,4.072663474525968,0,0,0,0,57.903837841883615,30.370758534903082,0.0,0.0,0.0,221.654214359948,579.0383784188361,0.0,0.0,1.0,86.0,0.6,0.0,0.0,106.0,664.0538814430984
9.232013783783783,45.47331057377049,1,19,7,0,0,0,0,0,1,3,6,0,1,0.6694986352137973,0,0,0,0,0,93,0,0,0,0,0,0,2,7,19,0.0,0.0,0.08610870895524193,0,0,0,0,0,0,0,0,73,0.14310050167806662,0,1,4.007163995993094,0,8,0,0,18.27178671915413,30.370758534903082,0.0,0.0,0.0,251.75503679610847,931.8611226768605,0.0,0.0,1.0,86.0,0.6,0.0,0.0,106.0,662.1709159330528
9.232337567567567,45.47331057377049,1,20,7,0,0,0,0,0,0,4,6,0,1,0.6903247217225077,0,0,0,0,0,83,0,0,0,0,0,0,0,7,19,0.0,0.0,0.09695853749836057,0,0,0,0,0,0,0,0,72,0.139978495567941,0,1,3.5370053551267704,4,12,0,0,16.693892971517034,30.370758534903082,0.0,0.0,0.0,258.31151082358633,1602.6137252656354,0.0,0.0,1.0,86.0,0.6,0.0,0.0,106.0,661.548444794161
9.23266135135135,45.47331057377049,1,21,7,0,0,0,0,0,0,3,6,0,1,0.7131205251897601,0,0,0,0,0,78,0,0,0,0,0,0,0,7,19,0.0,0.0,0.10389855271380773,0,0,0,0,0,0,0,0,69,0.13714579800863536,0,2,3.214411470103481,0,8,0,0,18.6019194134413,30.370758534903082,0.0,0.0,0.0,187.52472583013525,1190.5228424602433,0.0,0.0,1.0,86.0,0.6,0.0,0.0,106.0,661.1199825261733
9.232985135135134,45.47331057377049,1,22,7,0,0,0,0,0,0,2,5,0,1,0.73755556109894,0,0,0,0,0,75,0,0,0,0,0,0,2,7,19,0.0,0.0,0.1092598939122377,0,0,0,0,0,0,0,0,62,0.1330814318716248,0,3,2.98968671178292,0,0,0,0,55.30104858431309,30.370758534903082,0.0,0.0,0.0,187.52472583013525,663.612583011757,0.0,0.0,1.0,86.0,0.6,0.0,0.0,106.0,660.6644598441696
9.233308918918919,45.47331057377049,1,23,7,0,0,0,0,0,0,0,6,0,1,0.7645831809387515,0,0,0,0,0,61,0,0,0,0,0,0,2,7,19,0.0,0.0,0.11334780097157506,0,0,0,0,0,0,0,0,56,0.12972086550161896,0,3,2.3610739878763316,0,0,0,0,102.95727389651961,30.370758534903082,0.0,0.0,51.69824647299066,187.52472583013525,617.7436433791177,0.0,0.0,1.0,86.0,0.6,0.0,0.0,106.0,659.9506485750328
9.233632702702701,45.47331057377049,1,24,7,0,1,1,0,0,0,3,3,0,1,0.8020087301428579,0,0,0,0,0,53,0,1,0,0,0,0,2,7,19,0.0,0.0028712782272548817,0.11540746803005716,0,0,0,0,0,0,0,0,51,0.1259002472244847,0,3,2.1674628013524173,0,0,0,0,64.39785959797867,30.370758534903082,0.0,0.0,167.06304579993852,187.52472583013525,772.7743151757439,0.0,65.81654306073811,1.0,86.0,0.6,0.0,0.0,106.0,660.1122937827205
9.233956486486486,45.47331057377049,1,25,7,0,1,1,0,0,1,3,3,0,1,0.8355714998976052,0,0,0,0,0,53,0,1,0,0,0,0,2,7,19,0.0,0.11488991226387764,0.11587931325702487,0,0,0,0,0,0,0,0,48,0.12111400825528346,0,3,2.164321290081357,0,0,0,0,43.0315449472124,30.370758534903082,0.0,0.0,198.29206078984075,88.7871455756976,946.6939888386728,0.0,259.13765821010526,1.0,86.0,0.6,0.0,0.0,106.0,660.5799637037279
9.23428027027027,45.47331057377049,1,26,7,1,1,1,0,0,0,2,6,0,1,0.8533199428123298,0,0,0,0,0,54,0,1,0,0,1,0,2,7,19,0.18191564898889084,0.23786934530872664,0.11435999838895021,0,0,0,0,0,0,0,0,40,0.11713304046104293,0,2,2.4831536164071335,4,16,0,0,13.291258374880961,30.040593071943373,1.0,23.35242557383463,406.5809878419134,275.64431817977254,946.9094357924755,0.0,563.3247382621665,1.0,86.0,0.6,0.0,0.0,106.0,658.6332887988493
9.234604054054053,45.47331057377049,1,27,7,0,1,0,0,0,0,1,6,0,1,0.8541633371825068,0,0,0,0,0,51,0,1,0,1,1,0,2,7,17,0.5028308040436118,0.3034559884892128,0.10398073087567261,0,0,0,0,0,1,0,0,38,0.11435704818472092,0,1,3.779302368919922,0,24,0,0,9.092225303895026,22.058060903575264,1.0,65.40623225191618,445.1861249645777,64.15134837521069,832.5531069002184,65.81654306073811,926.2780157833349,1.0,86.0,0.6,0.0,0.0,106.0,658.316075467021
9.234927837837837,45.47331057377049,1,28,7,0,1,0,0,0,0,3,3,0,1,0.8420320984753427,0,0,0,0,0,50,0,1,0,1,1,0,2,4,15,0.47725547714006245,0.354048150902412,0.09943929346053523,0,0,0,0,0,0,0,0,35,0.11200985485331887,0,1,3.466474099253678,0,8,0,0,10.300521496702522,20.938674654002533,1.0,75.59789562736424,479.7209928197704,87.09402007055843,499.7537574416267,73.58120122326785,1199.6414262486978,1.0,86.0,0.6,0.0,0.0,106.0,659.7692390659453
9.235251621621622,45.47331057377049,1,29,7,0,1,0,0,0,1,3,3,0,1,0.8217949979100023,0,0,0,0,0,48,0,1,1,0,0,0,2,4,15,0.11963524693643444,0.36642257374908105,0.09942510621126648,0,0,0,0,0,0,0,0,30,0.10344398216315313,0,1,2.3467310859102803,0,12,0,0,14.627480712110444,25.675037611007145,1.3501443089875165,59.59972172559327,485.4365135157323,68.09257890675192,435.043530288449,397.6330714246948,1412.893347084093,1.0,86.0,0.6,0.0,0.0,106.0,661.359025939513
9.235575405405404,45.47331057377049,1,30,7,0,0,0,0,0,0,1,3,0,1,0.7954061529560477,0,0,0,0,0,44,0,1,1,0,0,0,2,4,12,0.0,0.26953767928777195,0.09897408818962303,0,0,0,0,0,0,0,0,23,0.09606580733822039,0,1,2.7698638358670102,0,12,0,0,20.584392015381344,29.259148461596524,1.6079830697261863,58.761588976141724,489.70035271727727,0.0,213.3459501362792,489.5149654566888,1633.0909984603663,1.0,86.0,0.6,0.0,0.0,106.0,661.1763457098182
9.235899189189189,45.47331057377049,1,31,7,0,0,0,0,0,0,0,2,0,1,0.7638433688913396,0,0,0,0,0,42,0,1,1,0,0,0,2,3,11,0.0,0.18396332586883488,0.09887486223375949,0,0,0,0,0,0,0,0,15,0.08985427187505272,0,1,2.9054852463489804,0,12,0,0,18.364269270866565,28.797657925474116,1.645894660352703,42.652014151340936,636.9336532381066,0.0,186.04572955325636,432.415950046599,1622.3763683754364,1.0,86.0,0.6,0.0,0.0,106.0,661.4446532664883
9.236222972972971,45.47331057377049,1,32,7,0,0,0,0,0,0,0,0,0,1,0.7277213465537683,0,0,1,0,0,41,0,1,1,0,0,0,2,3,10,0.0,0.14940905395642518,0.09887486223375949,0,0,0,0,0,0,0,0,10,0.08344144556705621,0,1,3.6819854632905136,0,4,0,0,20.450367383406615,28.49799815655461,1.6513675486007968,48.390926043699984,412.646552284263,0.0,274.06936923757604,270.6003588375157,1601.9813556472643,1.0,86.0,0.6,0.0,0.0,106.0,662.0892430629607
9.236546756756756,45.47331057377049,1,33,7,0,0,0,0,0,0,0,0,0,1,0.6877008820271625,0,0,1,0,0,38,0,1,1,0,0,0,2,3,10,0.0,0.09691885443238334,0.09887486223375949,0,0,0,0,0,0,0,0,10,0.07524593967960894,0,0,3.6819854632905136,0,8,0,0,16.188351500061664,28.042148362841345,1.4246952490090947,132.11331527655375,387.05934060065437,166.01967729982434,559.6839497617015,117.62030996482818,1463.7989815192368,1.0,86.0,0.6,0.0,0.0,106.0,662.75501518423
9.23687054054054,45.47331057377049,1,34,7,0,0,0,0,0,0,0,0,0,1,0.6444142519248133,0,1,1,0,0,35,0,1,1,0,0,0,1,3,10,0.0,0.043460695494529286,0.09887486223375949,0,0,0,0,0,0,0,0,10,0.0674157958043791,0,0,3.489706231902873,0,8,0,0,18.313287972712356,27.188368638229626,1.4784136044351674,90.72316150455464,353.0468305586697,166.35264131700038,553.8984106464086,124.53652270295584,1085.272218785994,1.0,86.0,0.6,0.0,0.0,106.0,663.794986558052
9.237194324324323,45.47331057377049,1,35,7,0,0,0,0,0,0,0,0,0,1,0.5978896911301771,0,1,1,0,0,33,0,0,1,0,0,0,1,3,10,0.0,0.005526456764674389,0.09887486223375949,0,0,0,0,0,0,0,0,9,0.058051424035867834,0,0,3.9049023723272995,0,4,0,0,28.91135513082032,27.487187561535517,1.7396046648111956,0.0,328.29775162451267,0.0,247.1090052181317,157.6499666133528,858.4207941431102,1.0,86.0,0.6,0.0,0.0,106.0,664.8744924322607
9.237518108108107,45.47331057377049,1,36,7,0,0,0,0,0,0,0,0,0,1,0.5476432173007502,0,1,1,0,0,31,0,0,1,0,0,0,1,3,10,0.0,0.0,0.09887486223375949,0,0,0,0,0,0,0,0,7,0.050267086719919585,0,0,4.559804744654599,0,4,0,0,15.76072220692446,27.97495085075522,1.7451632061349607,0.0,310.3948164073288,0.0,80.75636390113131,76.85085816811326,403.3176298518784,1.0,86.0,0.6,0.0,0.0,106.0,664.9286381443028
9.225861891891892,45.47353598360656,1,0,8,0,0,0,0,0,0,0,0,0,0,0.3946924680493858,0,0,1,0,0,52,0,0,1,0,0,0,1,8,16,0.0,0.0,0.033130707295253276,0,0,0,0,0,0,0,0,17,0.055731514789964576,0,0,1.4010172233502944,8,16,0,0,19.421365832040394,30.778066542010343,1.8307951941137752,85.4492591679521,330.40211946773275,454.6176041937629,1007.9995575623302,13.56903569602026,107.42845086317676,1.0,86.0,0.6,0.0,0.0,106.0,672.7483520130279
9.226185675675676,45.47353598360656,1,1,8,0,0,0,0,0,0,0,0,0,0,0.4157895885842932,0,0,1,0,0,57,0,0,1,0,0,0,1,8,16,0.0,0.0,0.03584622576390095,0,0,0,0,0,0,0,0,19,0.05902585912240721,0,0,1.2608707093053522,4,16,0,0,13.6723419951292,28.62821879298222,1.7928603403850616,85.4492591679521,330.40211946773275,128.80562680785462,1031.749500323676,31.27796809922462,107.42845086317676,1.0,86.0,0.6,0.0,0.0,106.0,671.7896239268579
9.226509459459459,45.47353598360656,1,2,8,0,0,0,0,0,0,0,0,0,0,0.4270600160457063,0,1,1,1,1,57,0,0,1,0,0,0,1,8,16,0.0,0.0,0.03602123335386326,0,0,0,0,0,0,0,0,23,0.06806155154839959,0,1,1.0608707093053522,0,8,0,0,7.990953710822016,40.008003429035384,2.0,71.72487481622761,358.3294430024565,23.434290774416667,711.3885888443299,0.0,107.42845086317676,1.0,86.0,0.6,0.0,0.0,106.0,669.6269405978626
9.226833243243243,45.47353598360656,1,3,8,0,0,0,0,0,0,0,4,0,0,0.43241274950139486,0,0,1,1,4,58,0,0,1,0,0,0,1,8,18,0.0,0.0,0.03602123335386326,0,0,0,0,0,0,0,0,24,0.07528270135418574,0,1,1.043355265008332,0,8,0,0,8.603906716447343,30.370758534903082,0.0,0.0,480.2264007055268,30.471139263549677,696.9164440322347,0.0,142.88469829458208,1.0,86.0,0.6,0.0,0.0,106.0,671.8405358705363
9.227157027027028,45.47353598360656,1,4,8,0,0,0,0,0,0,2,6,0,0,0.44799795669751175,0,0,1,1,2,62,0,0,1,0,0,0,1,8,18,0.0,0.0,0.03602123335386326,0,0,0,0,0,0,0,0,28,0.08310280610324322,0,1,1.0651075503623524,4,16,0,0,13.909850157397829,30.370758534903082,0.0,0.0,480.2264007055268,257.5641114294606,1293.616064637998,0.0,373.0025662607352,1.0,86.0,0.6,0.0,0.0,106.0,672.4018041364636
9.22748081081081,45.47353598360656,1,5,8,0,0,0,0,0,1,6,6,0,0,0.46182785790810943,0,0,1,1,0,63,0,0,1,0,0,0,1,8,18,0.0,0.0,0.03602123335386326,0,0,1,0,0,0,0,0,28,0.0890918126903743,0,1,1.020277400447605,8,12,0,0,19.40435317407287,30.370758534903082,0.0,0.0,368.9656017963854,343.4998330984792,1338.900369011028,0.0,347.719356403285,1.0,86.0,0.6,0.0,0.0,106.0,674.7246112055858
9.227804594594595,45.47353598360656,1,6,8,0,0,0,0,0,1,6,6,0,0,0.4721425224418409,0,0,0,0,0,66,0,0,1,0,0,0,1,8,18,0.0,0.0,0.03602123335386326,0,0,1,0,0,0,0,0,29,0.09613767370768343,0,1,0.7873731952413573,0,8,0,0,16.217723739966665,27.950088791531815,1.7448235550743978,0.0,452.9495078902296,198.0172776794003,727.4843445323386,18.5309475061281,300.46010161765054,1.0,86.0,0.6,0.0,0.0,106.0,680.8865433332074
9.228128378378377,45.47353598360656,1,7,8,0,0,0,0,0,1,3,6,0,0,0.48258846012216866,0,0,0,0,0,74,0,0,1,0,0,0,2,8,18,0.0,0.0,0.03596013156482414,0,0,0,0,0,0,0,0,27,0.10025019113680707,0,1,0.5853439133267254,0,8,0,0,18.94447496154893,27.616142364633987,1.7412129061416608,0.0,452.9495078902296,221.63313708074116,815.165084560912,207.83656336273017,284.87965029421383,1.0,86.0,0.6,0.0,0.0,106.0,685.8548355057363
9.228452162162162,45.47353598360656,1,8,8,0,0,0,0,0,0,1,7,0,0,0.49312711400028997,0,0,0,0,0,83,0,0,1,0,0,0,3,7,18,0.0,0.0,0.03586252027762342,0,0,0,0,0,0,0,0,28,0.10771186207414678,0,0,0.5387664845795347,8,8,0,0,20.27444850172101,27.616142364633987,1.7412129061416608,0.0,353.7290079211419,387.2172590872682,886.9836557302046,207.83656336273017,244.0673981846628,1.0,86.0,0.6,0.0,0.0,106.0,688.9152224362546
9.228775945945946,45.47353598360656,1,9,8,0,0,0,0,0,0,0,4,0,0,0.503737974556493,0,0,0,0,0,89,0,0,0,0,0,0,3,7,18,0.0,0.0,0.035830129360617184,0,0,0,0,1,0,0,0,30,0.11263914251961657,0,0,1.2011257640706976,0,8,0,0,26.26434416030132,26.334953711310472,1.7249787602100142,0.0,322.1628838763622,299.61697672318,775.5145543542134,64.94445877542886,227.1420982593856,1.0,86.0,0.6,0.0,0.0,106.0,686.4686643390714
9.229099729729729,45.47353598360656,1,10,8,0,0,0,0,1,0,3,6,0,0,0.5144096497942543,0,0,0,0,0,100,0,0,0,0,0,0,3,7,18,0.0,0.020703307009532622,0.03509451695033122,0,0,0,0,1,0,0,0,38,0.11943207190064024,0,0,1.264588471803451,0,0,0,0,50.73799581386629,30.370758534903082,0.0,0.0,325.2197597545953,299.61697672318,507.3799581386629,0.0,227.1420982593856,1.0,86.0,0.6,0.0,0.0,106.0,679.9555551407127
9.229423513513513,45.47353598360656,1,11,8,0,0,0,0,1,1,4,6,0,0,0.525136308572408,0,0,0,0,0,107,0,0,0,0,0,0,3,6,18,0.006305244208601737,0.14075702795668082,0.03263534615281955,0,0,0,0,1,0,0,0,45,0.1262234711869324,0,2,1.2661322415400416,0,4,0,0,21.166858614462093,32.04120554731075,1.3061258097738409,0.0,203.3228020515249,343.9538939463274,713.486268364603,0.0,207.83656336273017,1.0,86.0,0.6,0.0,0.0,106.0,676.8406766859092
9.229747297297298,45.47353598360656,1,12,8,0,0,0,0,1,0,6,6,0,0,0.5359149897480293,0,0,0,0,1,108,0,0,0,0,1,0,3,6,18,0.2267012190368672,0.22197293826713113,0.028596834868840033,0,0,0,0,0,1,0,0,50,0.13236612078799023,0,2,2.630534436823055,4,8,0,0,13.847459448566806,32.849322719265494,1.1700698943188006,0.0,203.3228020515249,248.29609230626585,698.0911165159798,0.0,64.94445877542886,1.0,86.0,0.6,0.0,0.0,106.0,673.1862435321584
9.23007108108108,45.47353598360656,1,13,8,0,0,0,0,1,0,0,9,0,0,0.5473802994242462,0,0,0,0,1,112,0,0,0,1,1,0,3,7,18,0.3898352052074373,0.2495736534882484,0.023412263298602055,0,0,0,0,0,0,0,0,49,0.13417989196192515,0,2,4.104286048963248,0,4,0,0,10.73116477494142,32.59791374846368,1.2111225565655868,0.0,203.3228020515249,0.0,409.982611727047,0.0,0.0,1.0,86.0,0.6,0.0,0.0,106.0,671.9409241709842
9.230394864864865,45.47353598360656,1,14,8,0,0,0,0,0,0,0,10,0,1,0.5601655804853923,0,0,0,0,1,112,0,0,0,0,1,0,3,7,19,0.2594537380813903,0.22562765548580455,0.031439483717266556,0,0,0,0,0,0,0,0,52,0.13333069941113318,0,2,4.6142761748333925,4,8,0,0,15.441295820738429,32.79196851153756,1.1800762378037417,0.0,203.3228020515249,19.01297454288158,728.6151027087541,0.0,0.0,1.0,86.0,0.6,0.0,0.0,106.0,670.8069040754806
9.230718648648649,45.47353598360656,1,15,8,0,0,0,0,0,0,3,6,0,1,0.5712306212429686,0,0,0,0,0,115,0,0,0,0,0,0,3,8,19,0.019685694480661164,0.1502294033747378,0.04062881249164089,0,0,0,0,0,0,0,0,48,0.1342271331324276,0,2,4.30476713244684,0,4,0,0,22.930788147462742,32.038609444185056,1.306129604266361,0.0,0.0,155.22861568376524,836.0428090648807,0.0,0.0,1.0,86.0,0.6,0.0,0.0,106.0,668.9276742929504
9.231042432432432,45.47353598360656,1,16,8,0,0,0,0,0,1,3,4,0,1,0.580117450427483,0,0,0,0,0,115,0,0,0,0,0,0,3,6,19,0.0,0.028836856061637942,0.05287960277453063,0,0,0,0,0,0,0,0,55,0.1379544048563241,0,2,4.385067944373279,0,0,0,0,59.560309560715005,30.370758534903082,0.0,0.0,0.0,338.05003893278877,714.72371472858,0.0,0.0,1.0,86.0,0.6,0.0,0.0,106.0,667.0399049401881
9.231366216216216,45.47353598360656,1,17,8,0,0,0,0,0,0,3,6,0,1,0.5936547375644842,0,0,0,0,0,108,0,0,0,0,0,0,3,6,19,0.0,0.0,0.06547740033844297,0,0,0,0,0,0,0,0,54,0.14139982829183798,0,2,4.426505932174111,0,0,0,0,59.560309560715005,30.370758534903082,0.0,0.0,0.0,300.3024127546345,714.72371472858,0.0,0.0,1.0,86.0,0.6,0.0,0.0,106.0,665.5739219816572
9.23169,45.47353598360656,1,18,8,0,0,0,0,0,0,3,6,0,1,0.6117299510638483,0,0,0,0,0,107,0,0,0,0,0,0,3,7,19,0.0,0.0,0.07814957916151738,0,0,0,0,0,0,0,0,57,0.14005245862675278,0,2,4.37622560136816,0,0,0,0,57.903837841883615,30.370758534903082,0.0,0.0,0.0,300.3024127546345,579.0383784188361,0.0,27.777657508934254,1.0,86.0,0.6,0.0,0.0,106.0,665.0461333310976
9.232013783783783,45.47353598360656,1,19,8,0,0,0,0,0,1,3,7,0,1,0.6329628337425027,0,0,0,0,0,110,0,0,0,0,0,0,3,7,19,0.0,0.0,0.09143828272986736,0,0,0,0,0,0,0,0,62,0.14060435455661924,0,2,4.7800964083399995,0,8,0,0,16.656451964242308,30.370758534903082,0.0,0.0,0.0,327.2833416227278,1115.9822816042347,0.0,42.256788176010296,1.0,86.0,0.6,0.0,0.0,106.0,663.7614838103409
9.232337567567567,45.47353598360656,1,20,8,0,0,0,0,0,0,6,6,0,1,0.6566325623393903,0,0,0,0,0,107,0,0,0,0,0,0,0,7,19,0.0,0.0,0.10203771168122742,0,0,0,0,0,0,0,0,68,0.13725027732358322,0,4,3.5068986470030157,8,16,0,0,17.70230673888368,30.370758534903082,0.0,0.0,0.0,79.68454421855105,2000.360661493856,0.0,42.256788176010296,1.0,86.0,0.6,0.0,0.0,106.0,662.5719441311026
9.23266135135135,45.47353598360656,1,21,8,0,0,0,0,0,1,3,6,0,1,0.682263742812417,0,0,0,0,0,96,0,0,0,0,0,0,0,7,19,0.0,0.0,0.10892971212353082,0,0,0,0,0,0,0,0,61,0.1346626437077567,0,4,3.3108872208618596,4,12,0,0,17.140237797310338,30.370758534903082,0.0,0.0,0.0,282.4074552882647,1456.9202127713788,0.0,138.35204260198915,1.0,86.0,0.6,0.0,0.0,106.0,661.616014367037
9.232985135135134,45.47353598360656,1,22,8,0,0,0,0,0,0,3,5,0,1,0.7095276379085191,0,0,0,0,0,88,0,0,0,0,0,0,2,7,19,0.0,0.0,0.11392437761500221,1,0,0,0,0,0,0,0,55,0.13074769626473595,0,3,2.7960362322539964,0,4,0,0,26.500688046682928,30.370758534903082,0.0,0.0,0.0,430.2189175489824,742.0192653071219,0.0,141.487504798772,1.0,86.0,0.6,0.0,0.0,106.0,661.372627631578
9.233308918918919,45.47353598360656,1,23,8,0,0,0,0,0,0,0,6,0,1,0.7416397056773261,0,0,0,0,0,84,0,1,0,0,0,0,2,7,19,0.0,0.0,0.11578092383200186,0,0,0,0,0,0,0,0,47,0.12723833113864844,0,4,2.2598200464448106,0,0,0,0,102.95727389651961,30.370758534903082,0.0,0.0,51.69824647299066,430.2189175489824,617.7436433791177,0.0,263.48581152502953,1.0,86.0,0.6,0.0,0.0,106.0,659.8471687212937
9.233632702702701,45.47353598360656,1,24,8,0,1,1,0,0,0,3,4,0,1,0.7810527724236832,0,0,0,0,0,77,0,1,0,0,0,0,2,7,19,0.0,0.000682736825986619,0.11587931325702487,0,0,0,0,0,0,0,0,44,0.12476753098566794,0,4,1.9259173256992874,0,0,0,0,64.39785959797867,30.370758534903082,0.0,0.0,75.41708124740785,430.2189175489824,772.7743151757439,0.0,563.9446284326299,1.0,86.0,0.6,0.0,0.0,106.0,659.4316747319964
9.233956486486486,45.47353598360656,1,25,8,0,1,1,0,0,1,3,6,0,1,0.8176704539968621,0,0,0,0,0,63,0,1,0,0,0,0,2,7,19,0.0,0.10486645700401862,0.11587931325702487,0,0,0,0,0,0,0,0,41,0.11954320651425648,0,4,2.207934657012583,0,4,0,0,25.073416971202963,30.02810109087674,1.0,4.935037717055394,117.1731390758523,496.46244376991103,1098.295309015875,0.0,583.8899061504483,1.0,86.0,0.6,0.0,0.0,106.0,659.9094989736884
9.23428027027027,45.47353598360656,1,26,8,1,1,1,0,0,0,3,7,0,1,0.8381731000330874,0,0,0,0,0,57,0,1,0,0,0,0,2,7,19,0.11864633340494969,0.2547249191952922,0.1144200629748264,0,0,0,0,0,0,0,0,35,0.11678543101125378,0,4,2.323944904964435,8,20,0,0,17.058307596729435,30.033265271184895,1.0,61.12856304979647,221.29452735071973,412.0564673785505,1678.818811816606,0.0,760.9060991413305,1.0,86.0,0.6,0.0,0.0,106.0,658.2951177410785
9.234604054054053,45.47353598360656,1,27,8,0,1,1,0,0,0,0,9,0,1,0.8425451183652222,0,0,0,0,0,53,0,1,0,1,1,1,2,7,18,0.4475958178273556,0.3718391375193432,0.10400371318608077,0,0,0,0,0,0,0,0,29,0.11418113777953504,0,3,3.6187600361129753,8,24,0,0,14.19233925540025,23.61513145869077,1.0,80.445720158998,271.0850172471099,55.98427902647847,1531.1113709946424,34.75426247278863,980.5591037951817,1.0,86.0,0.6,0.0,0.0,106.0,658.7695816278805
9.234927837837837,45.47353598360656,1,28,8,0,1,0,0,0,0,1,4,0,1,0.8333527311644117,0,0,0,0,0,50,0,1,0,1,1,1,2,4,17,0.5398323514303994,0.4617611952884402,0.09943929346053523,0,0,0,0,0,0,0,0,26,0.11212430373885994,0,1,2.60422573073697,4,16,0,0,7.724993470928533,22.900802559165502,1.0,91.70020952476304,398.602071105782,42.4404851070485,483.6577055015671,65.81654306073811,1271.4525955621702,1.0,86.0,0.6,0.0,0.0,106.0,659.6667971536097
9.235251621621622,45.47353598360656,1,29,8,0,1,0,0,0,0,1,3,0,1,0.8161299399124099,0,0,0,0,0,50,0,1,1,0,0,1,2,4,15,0.3495923802484684,0.5052553677846148,0.09943929346053523,0,0,0,0,0,0,0,0,22,0.10307978705376226,0,1,3.064841141844845,8,20,0,0,15.619129844744025,27.086298507365985,1.4637745266687443,93.77911723655613,397.3150009666499,70.36411231865034,578.8800017692469,545.633008884231,1533.9441612261185,1.0,86.0,0.6,0.0,0.0,106.0,661.4348042547025
9.235575405405404,45.47353598360656,1,30,8,0,0,0,0,0,0,0,3,0,1,0.7926820022688582,0,0,0,0,0,49,0,1,1,0,0,1,2,4,12,0.2995276992175664,0.44738745035234145,0.09943929346053523,0,0,0,0,0,0,0,0,15,0.09588835839839172,0,1,2.423896169812128,4,20,0,0,18.291232469127575,29.05923408884607,1.605257737289949,78.88770173905607,307.21461355745873,77.99603761550463,337.5418875099136,589.588196553047,1633.0909984603663,1.0,86.0,0.6,0.0,0.0,106.0,661.1357442901034
9.235899189189189,45.47353598360656,1,31,8,0,0,0,0,0,0,0,1,0,1,0.7639886756640182,0,0,0,0,0,46,0,1,1,0,0,1,2,4,11,0.3036245127782436,0.3741627928061253,0.09931261844810399,0,0,0,0,0,0,0,0,11,0.08799164318295376,0,1,2.762931318838688,8,16,0,0,18.544238270306998,28.71258204964754,1.6391748046405188,85.48336848859776,277.2350492034104,59.32738661237734,394.09483599728424,558.8991386513101,1658.4806839290745,1.0,86.0,0.6,0.0,0.0,106.0,661.9908198502457
9.236222972972971,45.47353598360656,1,32,8,0,0,0,0,0,0,0,0,0,1,0.7306683106899818,0,0,1,0,0,43,0,1,1,0,0,1,2,4,10,0.29524434462799604,0.2980715081610664,0.09887644989065245,0,0,0,0,0,0,0,0,7,0.08077934795187644,0,0,3.371168803541202,8,20,0,0,18.924053738609594,28.73709070890448,1.6149405138832116,76.63299688094767,261.0189311085021,80.28856362260227,896.9633112436866,578.1760984413523,1581.8694864565664,1.0,86.0,0.6,0.0,0.0,106.0,661.9164596042999
9.236546756756756,45.47353598360656,1,33,8,0,0,0,0,0,0,0,0,0,1,0.693125846733074,0,0,1,0,0,43,0,1,1,0,0,1,2,3,10,0.1623017513662216,0.20448748488519877,0.09887486223375949,0,0,0,0,0,0,0,0,7,0.07289546461044327,0,0,3.3842229126391183,12,20,0,0,18.569247441219616,28.077620039567496,1.5044123197901522,136.16019230523034,387.05934060065437,285.4042047675903,1063.8801066749547,341.20723864104303,1508.2990940544612,1.0,86.0,0.6,0.0,0.0,106.0,662.433787847345
9.23687054054054,45.47353598360656,1,34,8,0,0,0,0,0,0,0,0,0,1,0.6515902839666969,0,0,1,0,0,37,0,1,1,0,0,0,1,3,10,0.021709425848153104,0.11017972690322607,0.09887486223375949,0,0,0,0,0,0,0,0,6,0.0646048991221876,0,0,3.7862336381555757,8,20,0,0,17.914527019910967,27.959771071914673,1.5184201431497932,132.11331527655375,365.3901940694104,284.5099898572402,916.4319568775392,312.95878135914046,1085.272218785994,1.0,86.0,0.6,0.0,0.0,106.0,663.4671572843627
9.237194324324323,45.47353598360656,1,35,8,0,0,0,0,0,0,0,0,0,1,0.6061155115397387,0,1,1,0,0,35,0,0,1,0,0,0,1,3,10,0.0,0.03167652535922633,0.09887486223375949,0,0,0,0,0,0,0,0,6,0.05470978460552332,0,0,4.319888425516914,4,8,0,0,16.210705809203397,27.106641261925542,1.7347405254995267,0.0,192.49893136010957,80.75636390113131,320.01581289011267,166.30536138598927,823.3208577240113,1.0,86.0,0.6,0.0,0.0,106.0,664.5856773230071
9.237518108108107,45.47353598360656,1,36,8,0,0,0,0,0,0,0,0,0,1,0.5564993596431523,0,0,1,0,0,33,0,0,1,0,0,0,1,3,10,0.0,0.0,0.09887486223375949,0,0,0,0,0,0,0,0,5,0.04766977319844636,0,0,4.047843795723679,0,4,0,0,19.86719420954034,27.487187561535517,1.7396046648111956,0.0,140.70878366976797,0.0,80.75636390113131,157.6499666133528,456.89118372762255,1.0,86.0,0.6,0.0,0.0,106.0,665.5318939356898
9.225861891891892,45.47376139344262,1,0,9,0,0,0,0,0,0,0,0,0,0,0.3500831724829082,0,0,1,0,0,55,0,0,1,0,0,0,1,8,16,0.0,0.01809136236729918,0.033214570876276106,0,0,0,0,0,0,0,0,13,0.05412194422909538,0,0,1.7701561741818916,0,4,0,0,18.722100248175956,20.188258020983838,1.6432989688985322,0.0,314.8482556720479,349.0454663250417,454.6176041937629,88.32330300333976,107.42845086317676,1.0,86.0,0.6,0.0,0.0,106.0,671.7451504459183
9.226185675675676,45.47376139344262,1,1,9,0,0,0,0,0,0,0,0,0,0,0.36892169321358886,0,0,1,0,0,57,0,0,1,0,0,0,1,8,16,0.0,0.017465267557427853,0.03602123335386326,0,0,0,0,0,0,0,0,15,0.057917486475215066,0,1,1.5488306627717643,0,12,0,0,13.823366681917268,20.035968395967455,1.6412184762014164,0.0,314.8482556720479,0.0,708.1501833699422,107.42845086317676,107.42845086317676,1.0,86.0,0.6,0.0,0.0,106.0,669.6720785972259
9.226509459459459,45.47376139344262,1,2,9,0,0,0,0,0,0,0,0,0,0,0.3797955284373849,0,0,1,1,0,61,0,0,1,0,0,0,1,8,16,0.0,0.007827486908731947,0.03602123335386326,0,0,0,0,0,0,0,0,15,0.06575677593667131,0,1,1.9003349180657647,8,8,0,0,10.783906102784158,20.035968395967455,1.6412184762014164,0.0,480.2264007055268,165.11666124311841,550.3898214066568,107.42845086317676,124.35375078845398,1.0,86.0,0.6,0.0,0.0,106.0,665.6548463581223
9.226833243243243,45.47376139344262,1,3,9,0,0,0,0,0,0,0,2,0,0,0.3832859616501588,0,0,1,1,0,63,0,0,1,0,0,0,1,8,18,0.0,6.858928578930686e-05,0.03602123335386326,0,0,0,0,0,0,0,0,15,0.07323127327088898,0,1,1.4238306627717643,0,8,0,0,10.89077070009789,20.14689496819263,1.6427338908162055,0.0,480.2264007055268,158.25916773838927,557.9342237965085,62.839706109071145,215.2163262462268,1.0,86.0,0.6,0.0,0.0,106.0,668.5830755030156
9.227157027027028,45.47376139344262,1,4,9,0,0,0,0,0,0,0,6,0,0,0.39502584399075014,0,0,1,1,0,66,0,0,1,0,0,0,1,8,18,0.0,0.0,0.03602123335386326,0,0,0,0,0,0,0,0,19,0.08096866915129922,0,1,1.6269318278208804,0,4,0,0,17.425843223083994,30.370758534903082,0.0,0.0,480.2264007055268,138.19572171363737,697.0337289233597,0.0,464.2440767002048,1.0,86.0,0.6,0.0,0.0,106.0,671.968923972487
9.22748081081081,45.47376139344262,1,5,9,0,0,0,0,0,0,1,6,0,0,0.4068121084281302,0,0,1,1,0,69,0,0,1,0,0,0,1,8,18,0.0,0.0,0.03602123335386326,0,0,0,0,0,0,0,0,21,0.08741995415885732,0,1,1.7955414152892581,0,8,0,0,16.51452822323502,30.370758534903082,0.0,0.0,654.8528792414653,139.75734685470366,594.5230160364606,0.0,496.9159975427747,1.0,86.0,0.6,0.0,0.0,106.0,674.4953533652051
9.227804594594595,45.47376139344262,1,6,9,0,0,0,0,0,0,3,6,0,0,0.41711112065547135,0,0,0,0,0,78,0,0,1,0,0,0,1,8,18,0.0,0.0,0.03602123335386326,0,0,1,0,0,1,0,0,21,0.09474100120539286,0,1,1.587362126590605,0,0,0,0,20.3299130656472,27.99330879038452,1.745414001678838,0.0,469.13800409187604,0.0,509.4754013673993,39.432251405075206,452.32725278866906,1.0,86.0,0.6,0.0,0.0,106.0,677.4276677093142
9.228128378378377,45.47376139344262,1,7,9,0,0,0,0,0,0,1,6,0,0,0.427547542614442,0,0,0,0,0,85,0,0,1,0,0,0,2,8,18,0.0,0.0,0.03602123335386326,0,0,1,0,0,0,0,0,23,0.09888319460764564,0,1,0.8955506164611248,0,4,0,0,13.677490847657207,27.616142364633987,1.7412129061416608,0.0,452.9495078902296,22.681118289171508,284.5531071529293,207.83656336273017,415.00015355847574,1.0,86.0,0.6,0.0,0.0,106.0,681.443598256985
9.228452162162162,45.47376139344262,1,8,9,0,0,0,0,0,0,0,3,0,0,0.438081137697793,0,0,0,0,0,97,0,0,1,0,0,0,3,8,18,0.0,0.0,0.03602123335386326,0,0,0,0,0,0,0,0,23,0.10599620593520194,0,1,0.8030592688168,0,8,0,0,16.801068185937265,27.616142364633987,1.7412129061416608,0.0,452.9495078902296,17.330827113678303,565.012573190384,207.83656336273017,332.96607848952686,1.0,86.0,0.6,0.0,0.0,106.0,683.7324915988952
9.228775945945946,45.47376139344262,1,9,9,0,0,0,0,0,0,0,5,0,0,0.44869076711420247,0,0,0,0,0,105,0,0,0,0,0,0,3,8,18,0.0,0.0,0.03602123335386326,0,0,0,0,0,0,0,0,25,0.11111095475082962,0,0,1.5794384538578334,0,4,0,0,19.791397828151798,27.560484626817686,1.7406111313195378,0.0,368.7009470850038,0.0,364.8535233316482,189.3056158566021,292.15382637997584,1.0,86.0,0.6,0.0,0.0,106.0,682.7952160172194
9.229099729729729,45.47376139344262,1,10,9,0,0,0,0,1,0,0,6,0,0,0.45936457997887364,0,0,0,0,0,112,0,0,0,0,0,0,3,8,18,0.0,0.024655278127044867,0.03590274264124775,0,0,0,0,0,0,0,0,31,0.11671913437326484,0,1,1.5520403869243922,0,0,0,0,74.904244180795,30.370758534903082,0.0,0.0,325.2197597545953,0.0,299.61697672318,0.0,227.1420982593856,1.0,86.0,0.6,0.0,0.0,106.0,677.0513126108125
9.229423513513513,45.47376139344262,1,11,9,0,0,0,0,1,0,4,6,0,0,0.4700954371961531,0,0,0,0,0,116,0,0,0,0,0,0,3,7,18,0.0,0.1604995781141226,0.034880940517588076,0,0,0,0,0,0,0,0,36,0.12285234340063973,0,2,1.650087581584225,0,4,0,0,19.74403891284395,32.57294895723335,1.21856731179463,0.0,325.2197597545953,0.0,540.9977678073783,0.0,227.1420982593856,1.0,86.0,0.6,0.0,0.0,106.0,674.3977199498349
9.229747297297298,45.47376139344262,1,12,9,0,0,0,0,1,1,3,6,0,0,0.4808811128434944,0,0,0,0,0,120,0,0,0,0,1,0,3,7,18,0.23824557035654123,0.22709648190864323,0.032117217268140326,0,0,0,0,0,1,0,0,38,0.12730695751896642,0,2,3.4081230381925316,4,8,0,0,12.772566132153448,32.643123945694654,1.2040838731825605,0.0,203.3228020515249,87.2539339461186,685.179939866159,0.0,168.40431195765498,1.0,86.0,0.6,0.0,0.0,106.0,671.911749946961
9.23007108108108,45.47376139344262,1,13,9,0,0,0,0,1,0,3,6,0,0,0.49261365517148237,0,0,0,0,1,120,0,0,0,1,1,0,3,8,19,0.44937194209234227,0.23713312772524844,0.02591951075050378,0,0,0,0,0,0,0,0,38,0.12893742828462038,0,2,4.908461120193838,0,8,0,0,9.617277452643954,33.87631163060763,1.0,0.0,203.3228020515249,55.69947403800557,446.4418003352032,0.0,0.0,1.0,86.0,0.6,0.0,0.0,106.0,670.1506661296644
9.230394864864865,45.47376139344262,1,14,9,0,0,0,0,0,0,0,6,0,1,0.5052957121025144,0,0,0,0,0,123,0,0,0,0,1,0,3,8,19,0.26383654810957863,0.22779548071338854,0.033332465034221305,0,0,0,0,0,0,0,0,41,0.1280577738380579,0,2,4.572932008470993,4,4,0,0,12.280988879351899,32.46242337728103,1.2354843109741238,0.0,203.3228020515249,195.22561772957977,531.251204961872,0.0,0.0,1.0,86.0,0.6,0.0,0.0,106.0,670.0067473475272
9.230718648648649,45.47376139344262,1,15,9,0,0,0,0,0,0,1,3,0,1,0.5162206135959035,0,0,0,0,0,125,0,0,0,0,0,0,3,8,19,0.00331108841760821,0.16861279478360316,0.04626102626799605,0,0,0,0,0,0,0,0,44,0.13044762796784332,0,2,4.908451732148191,0,4,0,0,15.159381929454277,32.36650373246374,1.2549480093915613,0.0,203.3228020515249,0.0,463.30238984370305,0.0,0.0,1.0,86.0,0.6,0.0,0.0,106.0,668.5847395852135
9.231042432432432,45.47376139344262,1,16,9,0,0,0,0,0,0,3,3,0,1,0.5259210295462824,0,0,0,0,0,121,0,0,0,0,0,0,3,7,19,0.0,0.03257167082906789,0.05677572433916843,0,0,0,0,0,0,0,0,47,0.13353042385795902,0,2,4.628516029474122,0,0,0,0,49.3069500368632,30.370758534903082,0.0,0.0,0.0,0.0,493.069500368632,0.0,0.0,1.0,86.0,0.6,0.0,0.0,106.0,667.6556697004042
9.231366216216216,45.47376139344262,1,17,9,0,0,0,0,0,0,2,6,0,1,0.5420335895109574,0,0,0,0,0,119,0,0,0,0,0,0,3,6,19,0.0,0.0,0.06915331701937938,0,0,0,0,0,0,0,0,47,0.13705594513816632,0,2,4.762193455940256,0,0,0,0,56.306814114144466,30.370758534903082,0.0,0.0,0.0,0.0,337.8408846848668,0.0,27.777657508934254,1.0,86.0,0.6,0.0,0.0,106.0,666.4160014995786
9.23169,45.47376139344262,1,18,9,0,0,0,0,0,0,0,6,0,1,0.5626957314927742,0,0,0,0,0,119,0,0,0,0,0,0,3,7,19,0.0,0.0,0.08226946229238798,0,0,0,0,0,0,0,0,51,0.13696953599635833,0,2,4.718182742476394,0,0,0,0,75.07560318865862,30.370758534903082,0.0,0.0,0.0,0.0,300.3024127546345,0.0,130.2898643406869,1.0,86.0,0.6,0.0,0.0,106.0,665.4544794811568
9.232013783783783,45.47376139344262,1,19,9,0,0,0,0,0,0,1,7,0,1,0.586527086337096,0,0,0,0,0,122,0,0,0,0,0,0,2,7,19,0.0,0.0,0.09629298784684295,0,0,0,0,0,0,0,0,55,0.13753269536516383,0,5,4.178356149928337,0,8,0,0,18.41832834757694,30.370758534903082,0.0,0.0,0.0,0.0,626.223163817616,0.0,130.2898643406869,1.0,86.0,0.6,0.0,0.0,106.0,664.1201668939551
9.232337567567567,45.47376139344262,1,20,9,0,0,0,0,0,0,1,6,0,1,0.6128054572593641,0,0,0,0,0,117,0,0,0,0,0,0,0,7,19,0.0,0.0,0.10709720687535995,0,0,0,0,0,0,0,0,56,0.13426439355446046,0,4,4.336642323370648,0,8,0,0,11.743888031861763,30.370758534903082,0.0,0.0,0.0,195.72689338555077,739.8649460072911,0.0,226.38511876666576,1.0,86.0,0.6,0.0,0.0,106.0,662.5933744681887
9.23266135135135,45.47376139344262,1,21,9,0,0,0,0,0,0,3,6,0,1,0.6410480693089848,0,0,0,0,0,110,0,0,0,0,0,0,0,7,19,0.0,0.0,0.11360176630024889,0,0,0,0,0,0,0,0,51,0.13155001987226125,0,4,3.344917247416927,0,8,0,0,18.84680999251841,30.370758534903082,0.0,0.0,0.0,0.0,942.3404996259204,0.0,376.18325884315556,1.0,86.0,0.6,0.0,0.0,106.0,662.1252252458123
9.232985135135134,45.47376139344262,1,22,9,0,0,0,0,0,0,2,3,0,1,0.6711115564957556,0,0,0,0,0,107,0,1,0,0,0,0,2,7,19,0.0,0.0,0.11585750453007976,1,0,0,0,0,0,0,0,45,0.12797537714991858,0,4,3.1275336921956622,0,0,0,0,58.251718378154266,30.370758534903082,0.0,0.0,0.0,0.0,466.0137470252341,0.0,396.8670565329454,1.0,86.0,0.6,0.0,0.0,106.0,662.2356015106366
9.233308918918919,45.47376139344262,1,23,9,0,0,0,0,0,0,0,6,0,1,0.7085408977154087,0,0,0,0,0,100,0,1,0,0,0,0,2,7,19,0.0,0.0,0.11587931325702487,0,0,0,0,0,0,0,0,41,0.1259457695794293,0,3,2.4132835098009346,0,0,0,0,107.5547293872456,30.370758534903082,0.0,0.0,51.69824647299066,0.0,430.2189175489824,0.0,383.6880343576941,1.0,86.0,0.6,0.0,0.0,106.0,660.1158759905079
9.233632702702701,45.47376139344262,1,24,9,0,1,1,0,0,0,0,7,0,1,0.7498010023593918,0,0,0,0,0,89,0,1,0,0,0,0,2,8,19,0.0,0.0,0.11594702300495818,0,0,0,0,0,0,0,0,38,0.12394317352824756,0,3,2.5076153678416797,0,0,0,0,107.5547293872456,30.370758534903082,0.0,0.0,75.41708124740785,0.0,430.2189175489824,0.0,554.5573989906162,1.0,86.0,0.6,0.0,0.0,106.0,659.5264845336014
9.233956486486486,45.47376139344262,1,25,9,0,1,1,0,0,0,1,6,0,1,0.78768729362275,0,0,0,0,0,82,0,1,0,0,0,0,2,8,19,0.0,0.10349571182711885,0.11622081131855709,0,0,0,0,0,0,0,0,33,0.12012684706083973,0,4,1.893326541604019,0,0,0,0,33.609602260051886,30.370758534903082,0.0,0.0,106.64609623731008,0.0,672.1920452010377,0.0,663.6258945232576,1.0,86.0,0.6,0.0,0.0,106.0,659.7247820624801
9.23428027027027,45.47376139344262,1,26,9,1,1,1,0,0,0,3,6,0,1,0.810690476728009,0,0,0,0,0,66,0,1,0,0,0,0,2,8,19,0.12724363113997686,0.27732289018720646,0.11412511371553712,0,0,0,0,0,0,0,0,28,0.11734989464948907,0,4,1.7103334131059533,0,16,0,0,15.195839506077679,30.031649104259923,1.0,51.69824647299066,129.64856279818906,147.91335207302373,1194.360593025379,0.0,843.9294147704799,1.0,86.0,0.6,0.0,0.0,106.0,656.5117820161897
9.234604054054053,45.47376139344262,1,27,9,0,1,1,0,0,0,1,8,0,1,0.8183770039839484,0,0,0,0,0,56,0,1,0,0,0,1,2,8,19,0.47735536280024027,0.4351124171546718,0.10412279154237075,0,0,0,1,0,0,0,0,22,0.11581213028541483,0,4,2.978097184904485,0,12,0,0,13.31255571265286,27.486309516383308,1.4511561713998127,75.41708124740785,159.33342189805407,329.44129446674765,1062.1741125606738,193.66437745720452,1159.3331848690923,1.0,86.0,0.6,0.0,0.0,106.0,658.4363000073859
9.234927837837837,45.47376139344262,1,28,9,0,1,0,0,0,0,0,6,0,1,0.8119400473781372,0,0,0,0,1,51,0,1,0,0,0,1,2,5,18,0.749546397996281,0.5659396246008938,0.10000161560753773,0,0,0,1,0,0,0,0,21,0.11261229988728683,0,3,2.9461195516103245,0,4,0,0,13.802645868017034,27.38676329659477,1.5264379668519583,79.79206284422189,193.86828975324678,0.0,610.3071390890709,262.2833629598827,1274.4859306050237,1.0,86.0,0.6,0.0,0.0,106.0,660.5931923967728
9.235251621621622,45.47376139344262,1,29,9,0,1,0,0,0,0,0,3,0,1,0.7974735804381873,0,0,0,0,1,50,1,1,1,0,0,1,2,5,15,0.7427830611408587,0.6504711006535016,0.09984551099556592,0,0,0,1,0,0,0,0,16,0.10354683615352234,0,1,1.3418988379892824,0,12,0,0,13.63286724405232,28.41621701273442,1.6359889727693075,68.51999974839256,199.5838104492086,0.0,388.9989451818958,469.5160276652696,1429.9913822642875,1.0,86.0,0.6,0.0,0.0,106.0,662.9155885399304
9.235575405405404,45.47376139344262,1,30,9,0,0,0,0,0,0,0,1,0,1,0.7767390705941087,0,0,0,0,0,50,1,1,1,0,0,1,2,5,14,0.7451690409090219,0.6406376108145708,0.09958053702059913,0,0,0,1,0,0,0,0,12,0.09623043614282466,0,1,2.6203773913283954,0,12,0,0,16.30501130555134,28.531128469384598,1.6634950552093828,72.617647164649,295.4936142032843,0.0,271.35157039967237,666.9414833798616,1562.831237190402,1.0,86.0,0.6,0.0,0.0,106.0,662.6667716264742
9.235899189189189,45.47376139344262,1,31,9,0,0,0,0,0,0,0,0,0,1,0.7507225471179685,0,0,0,0,0,49,0,1,1,0,0,1,2,4,12,0.7491546340098163,0.5707199414309192,0.09943929346053523,0,0,0,0,0,0,0,0,9,0.08833605122207779,0,0,2.4178302174123463,0,16,0,0,16.639349329591955,28.512041618540355,1.6596482357471791,85.48336848859776,268.6395808101962,0.0,394.09483599728424,618.618851267187,1560.7592654379976,1.0,86.0,0.6,0.0,0.0,106.0,662.8908245499701
9.236222972972971,45.47376139344262,1,32,9,0,0,0,0,0,0,0,0,0,1,0.7200546078738567,0,0,1,0,0,47,0,1,1,0,0,1,2,4,10,0.6887553856104228,0.4530832388114292,0.09943907727641164,0,0,0,0,0,0,0,0,7,0.07973168694348892,0,0,3.034264173929877,0,16,0,0,18.764999022969253,28.652737812413207,1.6254810872286396,73.45969965446793,234.3650511534879,60.60095664661215,676.2971957798928,451.2030420356715,1535.689264991735,1.0,86.0,0.6,0.0,0.0,106.0,663.4013206201286
9.236546756756756,45.47376139344262,1,33,9,0,0,0,0,0,0,0,0,0,1,0.6851437565229852,0,0,1,0,0,44,0,1,1,0,0,1,2,4,10,0.39008790290620643,0.3182544971266765,0.09891752274278501,0,0,0,0,0,0,0,0,6,0.06981546302687015,0,0,3.371168803541202,4,16,0,0,18.72496400563227,28.176392982201104,1.5452253679322658,132.11331527655375,208.77783946987932,273.6999334021924,1014.8180419644902,463.41554724333116,1474.9128182941672,1.0,86.0,0.6,0.0,0.0,106.0,663.0793580213591
9.23687054054054,45.47376139344262,1,34,9,0,0,0,0,0,0,0,0,0,1,0.6462185924630114,0,0,1,0,0,42,0,1,1,0,0,0,1,3,10,0.0858748585638899,0.1829321179574967,0.09887486223375949,0,0,0,0,0,0,0,0,6,0.061309991239395956,0,0,4.30310457096245,0,16,0,0,18.891958755075294,27.955100370732964,1.4486530468466652,132.11331527655375,187.10869293863533,0.0,916.4319568775392,236.1079231910272,1033.766435338387,1.0,86.0,0.6,0.0,0.0,106.0,663.4670565051949
9.237194324324323,45.47376139344262,1,35,9,0,0,0,0,0,0,0,0,0,1,0.6033499806596855,0,0,1,0,0,38,0,1,1,0,0,0,1,3,10,0.0,0.06369800880792756,0.09887486223375949,0,0,0,0,0,0,0,0,5,0.05184400773790834,0,0,3.5202886661228585,0,4,0,0,16.172044558861106,27.308932701988542,1.7374456997034256,0.0,165.84505140509532,0.0,126.49243179713281,132.2602811446449,732.0631873499965,1.0,86.0,0.6,0.0,0.0,106.0,664.5450051516232
9.237518108108107,45.47376139344262,1,36,9,0,0,0,0,0,0,0,0,0,1,0.5563293972587148,0,0,1,0,0,35,0,1,1,0,0,0,1,3,10,0.0,0.0,0.09887486223375949,0,0,0,0,0,0,0,0,4,0.04525037636291778,0,0,5.0299023723272995,0,4,0,0,21.30166450457762,27.308932701988542,1.7374456997034256,0.0,132.11331527655375,0.0,80.75636390113131,132.2602811446449,456.89118372762255,1.0,86.0,0.6,0.0,0.0,106.0,665.3319308905701
9.225861891891892,45.47398680327869,1,0,10,0,0,0,0,0,0,0,0,0,0,0.30578346204530293,0,0,0,0,0,59,0,0,1,0,0,0,1,9,16,0.0,0.12502693085727787,0.03401562631406059,0,0,0,0,0,0,0,0,9,0.0525532161924505,0,1,2.0008490029711807,0,4,0,0,25.145347441571346,24.179248239623725,1.7146391751188257,97.53641455741689,314.8482556720479,349.0454663250417,467.9193159200983,88.32330300333976,107.42845086317676,1.0,86.0,0.6,0.0,0.0,106.0,670.805748150165
9.226185675675676,45.47398680327869,1,1,10,0,0,0,0,0,0,0,0,0,0,0.3221010969619237,0,0,1,0,0,67,0,0,1,0,0,0,1,9,17,0.0,0.12375161103439995,0.038640318695036854,0,0,0,0,0,0,0,0,10,0.056153490671918965,0,1,2.334040835809317,0,8,0,0,18.611218515095718,22.908431355712565,1.6924729796012141,97.53641455741689,358.3294430024565,0.0,651.1511862738095,107.42845086317676,107.42845086317676,1.0,86.0,0.6,0.0,0.0,106.0,668.6142701977346
9.226509459459459,45.47398680327869,1,2,10,0,0,0,0,0,0,0,0,0,0,0.3327851105171711,0,0,1,1,0,69,0,0,1,0,0,0,1,9,19,0.0,0.08001948167721518,0.03923784357138846,0,0,0,0,0,0,0,0,10,0.0629164776863703,0,1,2.334040835809317,4,20,0,0,13.924640737295945,28.043624759482963,1.7847310857208498,229.39899650409583,480.2264007055268,111.26480119526514,749.294530141811,107.42845086317676,165.166002898005,1.0,86.0,0.6,0.0,0.0,106.0,665.5572693330189
9.226833243243243,45.47398680327869,1,3,10,0,0,0,0,0,0,0,0,0,0,0.33527246020195284,0,0,1,1,0,72,0,0,1,0,0,0,1,9,19,0.0,0.031760687985637276,0.03892891373795139,0,0,0,0,0,0,0,0,12,0.0705507917182015,0,1,1.6008490029711808,0,16,0,0,13.159564486844937,30.086318834903267,1.8213669454081025,131.86258194667894,480.2264007055268,88.29039631731618,673.8289680760158,62.839706109071145,322.73986710058136,1.0,86.0,0.6,0.0,0.0,106.0,667.2995997964072
9.227157027027028,45.47398680327869,1,4,10,0,0,0,0,0,0,0,2,0,0,0.34338804761746555,0,0,1,1,0,74,0,0,1,0,0,0,1,10,19,0.0,0.001559161855994407,0.03820376995313582,0,0,0,0,0,0,0,0,14,0.07800999525018429,0,1,1.6861642175986364,0,4,0,0,29.564512676274326,40.08580341052659,2.0,142.70168729949623,654.8528792414653,138.19572171363737,714.6691803124592,0.0,630.5660143300627,1.0,86.0,0.6,0.0,0.0,106.0,670.6601738645726
9.22748081081081,45.47398680327869,1,5,10,0,0,0,0,0,0,0,5,0,0,0.3516141390381104,0,0,0,1,0,83,0,0,1,0,0,0,1,10,19,0.0,0.0,0.03732497486811836,0,0,0,0,0,0,0,0,14,0.084650596569299,0,1,2.2787156995409665,0,4,0,0,29.28718480396731,36.40255342436704,1.9278041477935437,264.59864500256657,583.1280044252377,136.06515806554205,626.3787839951428,16.925299925277226,746.9873008354865,1.0,86.0,0.6,0.0,0.0,106.0,673.1515014149776
9.227804594594595,45.47398680327869,1,6,10,0,0,0,0,0,0,0,5,0,0,0.3618922557028012,0,0,0,0,0,93,0,0,1,0,0,0,1,10,19,0.0,0.0,0.03660577571585727,0,0,0,0,0,1,0,0,12,0.09227039278702466,0,1,2.2814286315158574,0,0,0,0,36.746922674159904,35.1544375407423,1.9037388637247246,165.3781450334789,583.1280044252377,0.0,368.9003951536425,16.925299925277226,804.0742425223517,1.0,86.0,0.6,0.0,0.0,106.0,674.691885551429
9.228128378378377,45.47398680327869,1,7,10,0,0,0,0,0,0,0,3,0,0,0.37231383289368397,0,0,0,0,0,103,0,0,1,0,0,0,2,10,19,0.0,0.0,0.036109068256020546,0,0,0,0,0,0,0,0,16,0.09738329708908339,0,1,2.2814286315158574,0,4,0,0,22.222769365849857,29.274536385849224,1.7763694147936768,121.89695770307036,452.9495078902296,0.0,382.5884837884687,162.19763948395675,773.508433274482,1.0,86.0,0.6,0.0,0.0,106.0,676.7870704593729
9.228452162162162,45.47398680327869,1,8,10,0,0,0,0,0,0,0,1,0,0,0.38283702984639423,0,0,0,0,0,112,0,0,1,0,0,0,2,9,19,0.0,0.0,0.03602123335386326,0,0,0,0,0,0,0,0,19,0.10402784659954999,0,1,1.70857150868781,0,4,0,0,27.77626488124077,30.422356681324043,1.7986032938557557,310.2478205907334,467.92144705409146,0.0,381.7654924025001,196.827163206471,628.4411054726747,1.0,86.0,0.6,0.0,0.0,106.0,677.9564486572823
9.228775945945946,45.47398680327869,1,9,10,0,0,0,0,0,0,0,1,0,0,0.393440080128431,0,0,0,0,0,115,0,0,1,0,0,0,3,9,19,0.0,0.0,0.03602123335386326,0,0,0,0,0,0,0,0,21,0.10932210627594349,0,2,1.8367571854558946,0,0,0,0,59.27903882461369,32.08591778512774,1.8309206564325826,188.35086288766303,368.7009470850038,0.0,188.37569148090998,97.50575622833655,480.8391420071781,1.0,86.0,0.6,0.0,0.0,106.0,678.7500838141268
9.229099729729729,45.47398680327869,1,10,10,0,0,0,0,0,0,0,5,0,0,0.404110697732725,0,0,0,0,0,119,0,0,1,0,0,0,3,8,18,0.0,0.035543896095680365,0.03602123335386326,0,0,0,0,0,0,0,0,25,0.11428271035127929,0,2,1.8367571854558946,0,0,0,0,94.18163859214324,40.342298426651105,2.0,188.35086288766303,325.2197597545953,0.0,188.37569148090998,0.0,347.4204929419072,1.0,86.0,0.6,0.0,0.0,106.0,677.6945034668031
9.229423513513513,45.47398680327869,1,11,10,0,0,0,0,1,0,3,5,0,0,0.41484079257948214,0,0,0,0,0,123,0,0,1,0,0,0,3,8,18,0.012508072667634583,0.16110477729103345,0.035874412006660986,0,0,0,0,0,0,0,0,30,0.11844121620635288,0,2,1.5459464818198685,0,4,0,0,24.789058007803433,36.49630896273048,1.4,188.35086288766303,325.2197597545953,0.0,449.69336945961766,0.0,309.6568962005208,1.0,86.0,0.6,0.0,0.0,106.0,672.8448365559029
9.229747297297298,45.47398680327869,1,12,10,0,0,0,0,1,0,3,4,0,0,0.42562774474736936,0,0,0,0,0,121,0,0,1,0,1,0,3,7,19,0.33150091210223537,0.20403816912613584,0.033981017816855495,0,0,0,0,0,0,0,0,31,0.12214039746270638,0,2,2.993926048016307,0,8,0,0,16.312828472190215,37.60949385434348,1.6,203.3228020515249,203.3228020515249,139.21403415016852,625.6976542172727,0.0,95.0367820789903,1.0,86.0,0.6,0.0,0.0,106.0,671.4517548074671
9.23007108108108,45.47398680327869,1,13,10,0,0,0,0,1,0,2,3,0,0,0.4378260561640141,0,0,0,0,0,126,0,0,0,1,1,0,3,9,19,0.5398671716378208,0.21829701963924306,0.029323384703252423,0,0,1,0,0,0,0,0,31,0.1235417503729903,0,2,2.7475265374328517,0,8,0,0,10.713546778295756,33.91318849418806,1.0,0.0,203.3228020515249,87.01639659444001,569.2790433943394,0.0,0.0,1.0,86.0,0.6,0.0,0.0,106.0,669.8224546945863
9.230394864864865,45.47398680327869,1,14,10,0,0,0,0,0,0,0,4,0,1,0.4501658750506063,0,0,0,0,0,127,0,0,0,0,1,0,3,9,19,0.34812823651530334,0.20680998036408094,0.03605900478201489,0,0,0,0,0,0,0,0,32,0.12312901755528144,0,2,3.767731756513025,0,8,0,0,18.435309283545354,33.909436185579324,1.0,0.0,203.3228020515249,135.2849099581009,853.2893837256084,0.0,0.0,1.0,86.0,0.6,0.0,0.0,106.0,670.2432501503376
9.230718648648649,45.47398680327869,1,15,10,0,0,0,0,0,0,0,3,0,1,0.46095940208489505,0,0,0,0,0,128,0,0,0,0,0,0,3,9,19,0.019419630092974333,0.1669499624371865,0.049144492856845426,0,0,0,0,0,0,0,0,36,0.12435383016529196,0,2,3.6993659536349632,0,4,0,0,27.342427920072634,33.99547245444544,1.0,0.0,203.3228020515249,0.0,764.9141877829242,0.0,0.0,1.0,86.0,0.6,0.0,0.0,106.0,669.1665348273577
9.231042432432432,45.47398680327869,1,16,10,0,0,0,0,0,0,0,3,0,1,0.47213629692349446,0,0,0,0,0,125,0,0,0,0,0,0,3,7,19,0.0,0.03949382720268941,0.060506341408007425,0,0,0,0,0,0,0,0,36,0.12740548439810942,0,2,3.621399918866096,0,0,0,0,130.8488965296756,30.370758534903082,0.0,0.0,0.0,0.0,392.54668958902687,0.0,10.330262533146506,1.0,86.0,0.6,0.0,0.0,106.0,667.9615970435029
9.231366216216216,45.47398680327869,1,17,10,0,0,0,0,0,0,0,3,0,1,0.4908669418649137,0,0,0,0,0,125,0,0,0,0,0,0,3,7,19,0.0,0.0,0.07201401852021139,0,0,0,0,0,0,0,0,38,0.13092559892966316,0,2,3.838791223213922,0,0,0,0,130.8488965296756,30.370758534903082,0.0,0.0,0.0,0.0,392.54668958902687,0.0,130.2898643406869,1.0,86.0,0.6,0.0,0.0,106.0,666.4227177184855
9.23169,45.47398680327869,1,18,10,0,0,0,0,0,0,0,4,0,1,0.5141060644355355,0,0,0,0,0,128,0,0,0,0,0,0,2,7,19,0.0,0.0,0.08546958651920401,0,0,0,0,0,0,0,0,42,0.1322491594690485,0,4,3.838791223213923,0,0,0,0,130.8488965296756,30.370758534903082,0.0,0.0,0.0,0.0,392.54668958902687,0.0,130.2898643406869,1.0,86.0,0.6,0.0,0.0,106.0,664.4809338664868
9.232013783783783,45.47398680327869,1,19,10,0,0,0,0,0,0,0,4,0,1,0.5405250520956693,0,0,0,0,0,128,0,0,0,0,0,0,1,7,19,0.0,0.0,0.10108655204396441,0,0,0,0,0,0,0,0,41,0.13221611122459653,0,5,3.3704842557900734,0,0,0,0,44.690032365180805,30.370758534903082,0.0,0.0,0.0,0.0,625.6604531125313,0.0,398.03666380974937,1.0,86.0,0.6,0.0,0.0,106.0,663.5215588718713
9.232337567567567,45.47398680327869,1,20,10,0,0,0,0,0,0,0,6,0,1,0.5694007600126366,0,0,0,0,0,122,0,0,0,0,0,0,0,7,19,0.0,0.0,0.11196405802785755,0,0,0,0,0,0,0,0,46,0.13057110058429774,0,4,3.0293257283828563,0,4,0,0,28.380131985265415,35.99045666702064,1.0,0.0,0.0,195.72689338555077,980.0715799882894,13.233039496000162,459.39897269524624,1.0,86.0,0.6,0.0,0.0,106.0,662.6175913700868
9.23266135135135,45.47398680327869,1,21,10,0,0,0,0,0,0,0,3,0,1,0.6002530609995697,0,0,0,0,0,122,0,0,0,0,0,0,0,8,19,0.0,0.0,0.11578051240692648,0,0,0,0,0,0,0,0,44,0.12916441441577547,0,4,2.943742518107477,0,4,0,0,37.348346799498785,30.370758534903082,0.0,0.0,0.0,0.0,709.6185891904769,0.0,734.7667002823421,1.0,86.0,0.6,0.0,0.0,106.0,661.486112320995
9.232985135135134,45.47398680327869,1,22,10,0,0,0,0,0,0,0,3,0,1,0.6350883605978374,0,0,0,0,0,116,0,1,1,0,0,0,2,8,19,0.0,0.0,0.11649689493490847,0,0,0,0,0,0,0,0,39,0.1260903046313345,0,5,2.893983866968861,0,0,0,0,110.74170569272239,30.370758534903082,0.0,0.0,0.0,0.0,332.22511707816716,0.0,720.1194299852486,1.0,86.0,0.6,0.0,0.0,106.0,661.015278825095
9.233308918918919,45.47398680327869,1,23,10,0,0,0,0,0,0,0,2,0,1,0.6764481260192725,0,0,0,0,0,107,0,1,1,0,0,0,2,8,19,0.0,0.0,0.11706180424414185,0,0,0,0,0,0,0,0,37,0.12472250099757431,0,4,2.6103163040226867,0,0,0,0,140.79266651546547,30.370758534903082,0.0,0.0,26.854033393088198,0.0,281.58533303093094,0.0,727.6934552555978,1.0,86.0,0.6,0.0,0.0,106.0,660.3252261612803
9.233632702702701,45.47398680327869,1,24,10,0,1,0,0,0,0,0,6,0,1,0.7191190915978649,0,0,0,0,0,100,0,1,1,0,0,0,2,8,19,0.0,0.0,0.1174922776005727,0,0,0,0,0,0,0,1,33,0.12192895947696827,0,4,2.1827425309781647,0,0,0,0,140.79266651546547,30.370758534903082,0.0,0.0,75.41708124740785,0.0,281.58533303093094,0.0,890.9251922429077,1.0,86.0,0.6,0.0,0.0,106.0,659.2385500728114
9.233956486486486,45.47398680327869,1,25,10,0,1,1,0,0,0,3,6,0,1,0.7571365429974882,0,0,0,0,0,91,0,1,0,0,0,0,2,8,19,0.0,0.11284653300225983,0.11754883499492645,0,0,0,0,0,0,0,1,29,0.11839421478941256,0,4,1.6915105939259216,0,0,0,0,45.160704979059666,30.370758534903082,0.0,0.0,106.64609623731008,0.0,541.928459748716,0.0,866.8279397469006,1.0,86.0,0.6,0.0,0.0,106.0,659.1701346580348
9.23428027027027,45.47398680327869,1,26,10,1,1,1,0,0,1,3,6,0,1,0.7826218888760578,0,0,0,0,0,84,0,1,0,0,0,0,2,8,19,0.157348049499839,0.2938363086882907,0.11416548372859278,0,0,0,0,0,0,0,1,24,0.11763105536221859,0,4,2.3614949367758573,0,0,0,0,25.47168718889347,27.720819051601794,1.655771264005695,6.088803264227316,120.72828477538974,190.17447804043323,919.0924467074002,17.271176017430882,1036.6152078741889,1.0,86.0,0.6,0.0,0.0,106.0,656.0153793501886
9.234604054054053,45.47398680327869,1,27,10,0,1,0,0,0,0,3,3,0,1,0.7935907647723891,0,0,0,0,0,65,1,1,0,0,0,1,2,8,19,0.5954126664685923,0.4909350849995737,0.10503115533561505,0,0,0,1,0,0,0,1,19,0.11499894131497433,0,4,3.2485323101915187,0,0,0,0,20.482030086204652,27.899340857283946,1.7441302661744806,0.0,145.4773637095468,310.7749411817752,589.7844211845327,188.53272209124424,1100.914953816633,1.0,86.0,0.6,0.0,0.0,106.0,660.913941833712
9.234927837837837,45.47398680327869,1,28,10,0,1,0,0,0,0,0,3,0,1,0.789970921491654,0,0,0,0,1,55,1,1,0,0,0,1,2,5,19,0.9730036303216035,0.6625267750182151,0.10158357224025195,0,0,0,1,0,0,0,0,17,0.1093478902577351,0,3,2.8549577626787026,0,0,0,0,21.398299068486576,28.020620592375206,1.7457871197069412,0.0,193.86828975324678,0.0,310.7749411817752,245.5808345988758,1271.811807168126,1.0,86.0,0.6,0.0,0.0,106.0,661.8091656024092
9.235251621621622,45.47398680327869,1,29,10,0,1,0,0,0,0,0,1,0,1,0.7782486106656664,0,0,0,0,1,51,1,1,0,0,0,1,2,5,18,1.0,0.7935501694663861,0.10142415696849422,0,0,0,1,0,0,0,0,11,0.10122826837689197,0,1,1.5030252776830142,0,0,0,0,8.800295004669696,27.916161361829154,1.744360058170254,0.0,193.86828975324678,0.0,0.0,281.60944014943027,1418.7413415914732,1.0,86.0,0.6,0.0,0.0,106.0,661.7181165796221
9.235575405405404,45.47398680327869,1,30,10,0,0,0,0,0,0,0,0,0,1,0.7602111952915986,0,0,0,0,1,50,1,1,1,0,0,1,2,5,14,1.0,0.8351945496707018,0.10115185529022129,0,0,0,1,0,0,0,0,9,0.09389961465746385,0,0,2.273286096825692,0,0,0,0,10.148617348745505,28.014500143863067,1.7457035056824717,0.0,295.4936142032843,0.0,0.0,324.75575515985616,1431.979845000126,1.0,86.0,0.6,0.0,0.0,106.0,663.1914161743367
9.235899189189189,45.47398680327869,1,31,10,0,0,0,0,0,0,0,0,0,1,0.7368675498503896,0,0,0,0,0,50,1,1,1,0,0,1,2,5,13,1.0,0.7582222793997727,0.10075232004494517,0,0,0,0,0,0,0,0,6,0.08504736066444012,0,0,2.149837090133987,0,0,0,0,9.87469270596593,27.94569456066041,1.7447635236360355,0.0,243.79536773029372,0.0,134.56354978187343,220.92538763290003,1473.330791292344,1.0,86.0,0.6,0.0,0.0,106.0,662.9584011133717
9.236222972972971,45.47398680327869,1,32,10,0,0,0,0,0,0,0,0,0,1,0.7088488308748578,0,0,0,0,0,49,0,1,1,0,0,1,2,5,11,0.9246677633678333,0.5990298486798404,0.1002214385316087,0,0,0,0,0,0,0,0,5,0.07655079263595914,0,0,2.646813078848914,0,0,0,0,27.77930834189649,29.24942111796422,1.7625742811398015,0.0,220.07653295587653,0.0,454.25070914405296,379.1285411128418,1487.708952999103,1.0,86.0,0.6,0.0,0.0,106.0,663.4758691075594
9.236546756756756,45.47398680327869,1,33,10,0,0,0,0,0,0,0,0,0,1,0.6765650141591607,0,0,1,0,0,46,0,1,1,0,0,1,2,5,10,0.5134457308473723,0.4227938350517153,0.09959639118455527,0,0,0,0,0,0,0,0,5,0.0687285122611963,0,0,3.000909646040551,0,0,0,0,39.593565008385774,29.69011071792712,1.7685947273410378,0.0,208.77783946987932,273.6999334021924,368.51382362366473,264.98321651050765,1441.2198006023004,1.0,86.0,0.6,0.0,0.0,106.0,663.9638577223798
9.23687054054054,45.47398680327869,1,34,10,0,0,0,0,0,0,0,0,0,1,0.6402600974261525,0,0,1,0,0,42,0,1,1,0,0,0,1,4,10,0.09394826600489438,0.2462818030107593,0.0989099518969956,0,0,0,0,0,0,0,0,5,0.05968976906682069,0,0,5.000353751237992,0,0,0,0,98.6876868860545,31.688689899623768,1.7958981591518384,0.0,174.76532942789464,0.0,273.6999334021924,121.05081414202556,854.8228180496113,1.0,86.0,0.6,0.0,0.0,106.0,663.9206419862567
9.237194324324323,45.47398680327869,1,35,10,0,0,0,0,0,0,0,0,0,1,0.6000010981139196,0,0,1,0,0,40,0,1,1,0,0,0,1,3,10,0.0,0.08614342003065982,0.09887486223375949,0,0,0,0,0,0,0,0,5,0.04989764649836056,0,0,5.000530626856988,0,0,0,0,28.56336444662606,30.370758534903082,0.0,0.0,150.01625049373757,0.0,0.0,0.0,614.7466439629814,1.0,86.0,0.6,0.0,0.0,106.0,664.8277918882321
9.237518108108107,45.47398680327869,1,36,10,0,0,0,0,0,0,0,0,0,1,0.5554544556352955,0,0,1,0,0,38,0,1,1,0,0,0,1,3,10,0.0,0.0,0.09887486223375949,0,0,0,0,0,0,0,0,4,0.04235737805247319,0,0,6.666666666666667,0,0,0,0,28.56336444662606,30.370758534903082,0.0,0.0,132.11331527655375,0.0,0.0,0.0,456.89118372762255,1.0,86.0,0.6,0.0,0.0,106.0,665.0902468728315
9.225861891891892,45.474212213114754,1,0,11,0,0,0,0,0,0,0,0,0,0,0.2620341192953022,0,0,0,0,0,74,0,0,1,0,0,1,1,9,17,0.2506695150340812,0.17851139356084542,0.038523722061869645,0,0,0,0,0,0,0,0,7,0.05023721315714274,0,1,1.6677279203806423,4,4,0,0,31.414207248750845,40.14320911418324,2.0,97.53641455741689,314.8482556720479,467.9193159200983,467.9193159200983,0.0,107.42845086317676,1.0,86.0,0.6,0.0,0.0,106.0,669.6938653363264
9.226185675675676,45.474212213114754,1,1,11,0,0,0,0,0,0,0,0,0,0,0.27575839673963404,0,0,0,0,0,79,0,0,1,0,0,1,1,10,17,0.2503100945601156,0.1640411774425599,0.043674395184120966,0,0,0,0,0,0,0,0,7,0.053839789046370594,0,1,2.0009096460405504,0,12,0,0,23.470678842543446,34.985494000808494,1.909732449579281,130.17849653500812,358.3294430024565,84.82284721272661,1264.7514573627177,13.310776654880986,107.42845086317676,1.0,86.0,0.6,0.0,0.0,106.0,668.2635678323909
9.226509459459459,45.474212213114754,1,2,11,0,0,0,0,0,0,0,0,0,0,0.28579615636017164,0,0,0,1,0,82,0,0,1,0,0,1,1,10,19,0.12054650953301126,0.12067116273779416,0.04572738278794911,0,0,0,0,0,0,0,0,8,0.05997949669384839,0,1,2.0009096460405504,8,16,0,0,25.437674782326525,40.055109304756236,2.0,229.39899650409583,480.2264007055268,232.67198886753738,1652.9889373880674,0.0,300.7617309009073,1.0,86.0,0.6,0.0,0.0,106.0,667.6425107323082
9.226833243243243,45.474212213114754,1,3,11,0,0,0,0,0,0,0,0,0,0,0.28808867991839976,0,0,0,1,0,86,0,0,1,0,0,0,1,10,19,0.00603837029509854,0.06953241140465231,0.04539250630965599,0,0,0,0,0,0,0,0,8,0.06692412157107588,0,1,1.3531846355032948,4,16,0,0,25.437674782326525,40.055109304756236,2.0,229.39899650409583,466.50201635380233,123.86210033043567,1652.9889373880674,0.0,417.33242915381123,1.0,86.0,0.6,0.0,0.0,106.0,668.1747666475492
9.227157027027028,45.474212213114754,1,4,11,0,0,0,0,0,0,0,0,0,0,0.2924647458042737,0,0,0,1,0,90,0,0,1,0,0,0,1,11,19,0.0,0.02047531695470255,0.04458892580972482,0,0,0,0,0,0,0,0,8,0.07448271024355396,0,1,1.6861642175986364,0,8,0,0,24.01390233140249,40.04549325419692,2.0,158.89018350114273,583.1280044252377,87.36487015639524,825.6798120863594,0.0,687.188806652842,1.0,86.0,0.6,0.0,0.0,106.0,670.1874835510539
9.22748081081081,45.474212213114754,1,5,11,0,0,0,0,0,0,0,0,0,0,0.29808973428119057,0,0,0,1,0,102,0,0,1,0,0,0,1,11,19,0.0,0.0,0.04333702989237878,0,0,0,0,0,0,0,0,9,0.08146551629899311,0,1,2.2787156995409665,4,8,0,0,37.78117990256567,32.68770973087693,1.8557200820686492,264.59864500256657,583.1280044252377,318.789605328402,1000.005099552404,57.737552034828234,800.9560166444885,1.0,86.0,0.6,0.0,0.0,106.0,671.8860463427818
9.227804594594595,45.474212213114754,1,6,11,0,0,0,0,0,0,0,0,0,0,0.30697349415149827,0,0,0,0,0,115,0,0,1,0,0,0,1,11,19,0.0,0.0,0.04149691180274777,0,0,0,0,0,0,0,0,10,0.08876717466591962,0,1,1.8481154648454592,0,4,0,0,38.20047447559334,31.195871462004067,1.826864098482379,165.3781450334789,583.1280044252377,153.48902752110726,693.6956903459329,57.737552034828234,798.2599396685259,1.0,86.0,0.6,0.0,0.0,106.0,673.2846402933994
9.228128378378377,45.474212213114754,1,7,11,0,0,0,0,0,0,0,0,0,0,0.31737512147373,0,0,0,0,0,126,0,0,1,0,0,0,2,10,19,0.0,0.0,0.039435159331516534,0,0,0,0,0,0,0,0,12,0.09507661090159114,0,1,1.8489761004892267,0,4,0,0,67.2952070670243,32.33919031687825,1.8407940021829816,310.2478205907334,452.9495078902296,153.48902752110726,652.1331755060095,114.34231697564573,782.6794883450891,1.0,86.0,0.6,0.0,0.0,106.0,674.6278645422971
9.228452162162162,45.474212213114754,1,8,11,0,0,0,0,0,0,0,0,0,0,0.3278828059843527,0,0,0,0,0,128,0,0,1,0,0,0,2,10,19,0.0,0.0,0.037727699016319144,0,0,0,0,0,0,0,0,13,0.10138239569600146,0,1,1.5504919839436961,4,4,0,0,67.2952070670243,32.33919031687825,1.8407940021829816,310.2478205907334,467.92144705409146,341.86471900201724,652.1331755060095,114.34231697564573,782.6794883450891,1.0,86.0,0.6,0.0,0.0,106.0,675.2591509185814
9.228775945945946,45.474212213114754,1,9,11,0,0,0,0,0,0,0,0,0,0,0.3384741552388334,0,0,0,0,0,131,0,0,1,0,0,0,2,10,19,0.0,0.0,0.036545687818619305,0,0,0,0,0,0,0,0,15,0.10575506837750466,0,2,1.8367571854558946,0,4,0,0,67.2952070670243,32.33919031687825,1.8407940021829816,310.2478205907334,368.7009470850038,188.37569148090998,652.1331755060095,114.34231697564573,628.4411054726747,1.0,86.0,0.6,0.0,0.0,106.0,675.2719973268365
9.229099729729729,45.474212213114754,1,10,11,0,0,0,0,0,0,0,3,0,0,0.34913644935847554,0,0,0,0,0,132,0,0,1,0,0,0,3,10,19,0.0,0.03194877962911891,0.036026618674446925,0,0,0,0,0,0,0,0,19,0.11095058015525872,0,2,1.8367571854558946,0,0,0,0,114.49916847876086,40.342298426651105,2.0,188.35086288766303,325.2197597545953,188.37569148090998,498.64414798490225,0.0,413.0775349202461,1.0,86.0,0.6,0.0,0.0,106.0,675.5616732834055
9.229423513513513,45.474212213114754,1,11,11,0,0,0,0,0,0,0,3,0,0,0.359861274259313,0,0,0,0,0,128,0,0,1,0,0,0,3,9,20,0.010290348141206912,0.13498421386685253,0.03602123335386326,0,0,0,1,0,0,0,0,21,0.11363197738112467,0,2,1.5459464818198685,0,4,0,0,29.3504171298383,36.72747489568301,1.4615384615384615,203.3228020515249,325.2197597545953,188.37569148090998,757.7523904230975,0.0,303.3566347363586,1.0,86.0,0.6,0.0,0.0,106.0,675.3502895519044
9.229747297297298,45.474212213114754,1,12,11,0,0,0,0,0,0,0,3,0,0,0.37072052073465844,0,0,0,0,0,131,0,0,1,0,1,0,3,10,20,0.2992314222105563,0.1536459869440052,0.034946005558241594,0,0,0,0,0,0,0,0,22,0.11684822285026034,0,2,2.510090590242402,4,4,0,0,20.316714291689486,35.81217945533124,1.3157894736842106,203.3228020515249,325.2197597545953,363.3771869057394,868.1923201813684,0.0,196.85711491678097,1.0,86.0,0.6,0.0,0.0,106.0,672.1326079463179
9.23007108108108,45.474212213114754,1,13,11,0,0,0,0,0,0,0,3,0,0,0.3834714028182926,0,0,0,0,1,133,0,0,1,1,1,0,3,10,21,0.4710186781830972,0.15894694502485676,0.032014234507941754,0,0,0,0,0,0,0,0,25,0.11741256429746848,0,2,2.746188803962199,0,0,0,0,11.16393052622124,34.519894385005344,1.1111111111111112,14.971939163861895,203.3228020515249,40.93122901124511,699.8592091146857,0.0,0.0,1.0,86.0,0.6,0.0,0.0,106.0,671.1599403248273
9.230394864864865,45.474212213114754,1,14,11,0,0,0,0,0,0,0,3,0,1,0.39514205221671045,0,0,0,0,2,135,0,0,1,0,1,0,3,10,21,0.3097069314092093,0.1544351686252362,0.03780526532267164,0,0,0,0,0,0,0,0,24,0.11810939759528784,0,2,2.895323359016454,4,4,0,0,22.018878684066873,33.84939657187869,1.0,0.0,203.3228020515249,432.2058226638776,1144.6795335944262,0.0,0.0,1.0,86.0,0.6,0.0,0.0,106.0,670.0530076736179
9.230718648648649,45.474212213114754,1,15,11,0,0,0,0,0,0,0,0,0,1,0.40593665496664577,0,0,0,0,1,148,0,0,0,0,0,0,3,10,19,0.013897082406837813,0.13838395537593437,0.05087155524878007,0,0,0,0,0,0,0,0,25,0.11887693106154441,0,2,3.297844837940093,0,4,0,0,29.704655255715736,33.86284747507181,1.0,0.0,203.3228020515249,392.54668958902687,913.6407603564955,0.0,0.0,1.0,86.0,0.6,0.0,0.0,106.0,669.490773093791
9.231042432432432,45.474212213114754,1,16,11,0,0,0,0,0,0,0,1,0,1,0.4190316048863269,0,0,0,0,0,152,0,0,0,0,0,0,3,8,19,0.0,0.034993035053602295,0.06257203696440827,0,0,0,0,0,0,0,0,26,0.1195423104632671,0,2,3.469036004340412,0,0,0,0,130.2957358935343,30.370758534903082,0.0,0.0,14.971939163861895,392.54668958902687,651.4786794676716,0.0,27.529269064716882,1.0,86.0,0.6,0.0,0.0,106.0,668.0655908269218
9.231366216216216,45.474212213114754,1,17,11,0,0,0,0,0,0,0,0,0,1,0.44040119106244224,0,0,0,0,0,150,0,0,0,0,0,0,2,8,19,0.0,0.0,0.07477290278701453,0,0,0,0,0,0,0,0,29,0.1222937787579387,0,2,3.6910236949103616,0,0,0,0,130.2957358935343,30.370758534903082,0.0,0.0,0.0,392.54668958902687,651.4786794676716,0.0,301.9414093837705,1.0,86.0,0.6,0.0,0.0,106.0,665.3993994915996
9.23169,45.474212213114754,1,18,11,0,0,0,0,0,0,0,0,0,1,0.466206467205382,0,0,0,0,0,155,0,0,0,0,0,0,2,7,19,0.0,0.0,0.08842815998420975,0,0,0,0,0,0,0,0,31,0.1237521753987425,0,5,3.5337214075112624,0,0,0,0,130.2957358935343,30.370758534903082,0.0,0.0,0.0,392.54668958902687,651.4786794676716,0.0,312.62402433696593,1.0,86.0,0.6,0.0,0.0,106.0,664.4641217855082
9.232013783783783,45.474212213114754,1,19,11,0,0,0,0,0,0,0,0,0,1,0.4952112155514691,0,0,0,0,0,153,0,0,0,0,0,0,1,8,19,0.0,0.0,0.10565611848255747,0,0,0,0,0,0,0,0,34,0.12438725178376492,0,6,3.4126886116492345,0,12,0,0,24.411045561425656,36.01788749469591,1.0,0.0,0.0,392.54668958902687,1095.130438316646,27.777657508934254,459.39897269524624,1.0,86.0,0.6,0.0,0.0,106.0,662.8625353006935
9.232337567567567,45.474212213114754,1,20,11,0,0,0,0,0,0,0,0,0,1,0.5266764615600124,0,0,0,0,1,156,0,0,1,0,0,0,0,8,19,0.0,0.0,0.11547772066030827,0,0,0,0,0,0,0,0,36,0.12476685903680547,0,7,2.8539626508438403,4,16,0,0,25.178698755045886,34.81229230511109,1.1547461081822423,0.0,0.0,266.3263732555848,1758.1125422877549,130.2898643406869,734.7667002823421,1.0,86.0,0.6,0.0,0.0,106.0,661.7394363229446
9.23266135135135,45.474212213114754,1,21,11,0,0,0,0,0,0,0,1,0,1,0.5612806481442995,0,0,0,0,1,149,0,0,1,0,0,0,0,8,19,0.0,0.0,0.11736419147063186,0,0,0,0,0,0,0,0,34,0.12386667688395683,0,7,2.2436225752691503,0,12,0,0,18.780839099778404,35.96330010025118,1.0,0.0,0.0,332.22511707816716,1001.4866329937619,31.459517494050488,820.5118812240839,1.0,86.0,0.6,0.0,0.0,106.0,661.3275547135282
9.232985135135134,45.474212213114754,1,22,11,0,0,0,0,0,0,0,1,0,1,0.6010538997384648,0,0,0,0,0,140,0,1,1,0,0,0,1,8,19,0.0,0.0,0.1180810592929919,0,0,0,0,0,0,0,0,32,0.12261323099637936,0,7,2.4204113673598058,0,0,0,0,25.34454772785943,26.81119373012179,1.731382482836432,0.0,0.0,332.22511707816716,714.9302728655231,96.09525442597887,934.039653797738,1.0,86.0,0.6,0.0,0.0,106.0,660.4931128402491
9.233308918918919,45.474212213114754,1,23,11,0,0,0,0,0,0,0,0,0,1,0.6453935706927292,0,0,0,0,0,125,0,1,1,0,0,0,2,8,19,0.0,0.0,0.11847151842595996,0,0,0,0,0,0,0,1,29,0.12094152520648128,0,5,1.8817138849851502,0,0,0,0,24.392923448356704,27.172747847936265,1.7357913403534702,0.0,6.088803264227316,319.1791262785838,754.2164668801563,245.89339450246868,1014.9911182316117,1.0,86.0,0.6,0.0,0.0,106.0,659.7380410095351
9.233632702702701,45.474212213114754,1,24,11,0,1,0,0,0,0,0,3,0,1,0.6884370942641557,0,0,0,0,0,110,0,1,1,0,0,0,2,8,19,0.0,0.0,0.11848160114826287,0,0,0,0,0,0,0,1,24,0.1171866523037215,0,5,1.865692022488027,0,0,0,0,26.37743174050502,26.848399498865327,1.7313584280667045,0.0,51.69824647299066,348.3044359006343,643.3485744743257,174.35180948132998,999.1738890696192,1.0,86.0,0.6,0.0,0.0,106.0,659.0884656826933
9.233956486486486,45.474212213114754,1,25,11,0,1,0,0,0,0,2,3,0,1,0.726467837915351,0,0,0,0,0,97,0,1,1,0,0,0,2,8,19,0.0,0.1206607776268471,0.11694252825060358,0,0,0,0,0,0,0,1,24,0.1147870357238076,0,5,1.6315620529669168,0,4,0,0,25.361794358825254,26.875482592619953,1.7317284216152853,0.0,75.41708124740785,281.58533303093094,1189.2437081883643,180.29318718819928,964.6504568545284,1.0,86.0,0.6,0.0,0.0,106.0,659.4233494730688
9.23428027027027,45.474212213114754,1,26,11,1,1,0,0,0,1,3,3,0,1,0.7542351680029321,0,0,0,0,0,92,1,1,1,0,0,0,2,8,19,0.16012092514141982,0.32140846135377155,0.11265575855871718,0,0,0,0,0,0,0,1,20,0.1134576680543815,0,5,2.2749025998350727,4,4,0,0,35.29994992725294,27.0238612513318,1.7337546543900664,0.0,106.64609623731008,417.40439771315545,1623.362424074219,106.33512236117495,915.3198298560649,1.0,86.0,0.6,0.0,0.0,106.0,662.2024380266814
9.234604054054053,45.474212213114754,1,27,11,0,1,0,0,0,0,3,3,0,1,0.7684857864175689,0,0,0,0,0,80,1,1,0,0,0,1,3,7,19,0.5987408301904026,0.5397021458803429,0.10483857429447217,0,0,0,1,0,0,0,1,14,0.11004711132324387,0,5,1.7661471664044215,0,4,0,0,32.37022987106688,27.59118862434846,1.739920468756218,0.0,129.64856279818906,310.7749411817752,1428.2062286357082,60.824345433368336,1084.8586728224243,1.0,86.0,0.6,0.0,0.0,106.0,663.1872837926849
9.234927837837837,45.474212213114754,1,28,11,0,1,0,0,0,0,0,3,0,1,0.7676939123973286,0,0,0,0,1,60,1,1,0,0,0,1,3,5,19,0.9746388305365122,0.7543479399029498,0.10204158135177324,0,0,0,1,0,0,0,1,9,0.10351065826454124,0,5,0.9177166482435426,0,0,0,0,24.217155190097635,27.844727495186785,1.7433841700369672,0.0,159.33342189805407,0.0,310.7749411817752,125.13385223998225,1187.245023799348,1.0,86.0,0.6,0.0,0.0,106.0,661.9924541976816
9.235251621621622,45.474212213114754,1,29,11,0,1,0,0,0,0,0,1,0,1,0.7587066876750636,0,0,0,0,1,54,1,1,0,0,0,1,3,5,18,1.0,0.9322095516819933,0.10204158135177324,0,0,0,0,0,0,0,0,8,0.09540885372243295,0,2,0.004007289667532582,0,0,0,0,17.25621081740568,28.532886632058048,1.752785401792315,0.0,193.86828975324678,0.0,0.0,103.53726490443408,1375.9708508606484,1.0,86.0,0.6,0.0,0.0,106.0,662.1711187864826
9.235575405405404,45.474212213114754,1,30,11,0,1,0,0,0,0,0,0,0,1,0.7433600518348621,0,0,0,0,0,51,1,1,1,0,0,1,3,5,15,1.0,0.9850426392306559,0.10204158135177324,0,0,0,0,0,0,0,0,7,0.08773772911307375,0,0,0.004007289667532582,0,0,0,0,8.530675163193607,28.007177291781353,1.7456034651165013,0.0,176.25422905956873,0.0,53.07001518038219,100.48213775710276,1298.0897997027357,1.0,86.0,0.6,0.0,0.0,106.0,662.8969099932742
9.235899189189189,45.474212213114754,1,31,11,0,1,0,0,0,0,0,0,0,1,0.7226782578689107,0,0,0,0,0,51,0,1,1,0,0,1,3,5,14,1.0,0.9037258827317024,0.10204158135177324,0,0,0,0,0,0,0,0,6,0.07880373150416056,0,0,0.004007289667532582,0,0,0,0,14.981647760110224,28.8767526071724,1.7574830996816821,0.0,234.3650511534879,48.76200081351699,241.71243165405028,87.88381906837462,1446.9624103846277,1.0,86.0,0.6,0.0,0.0,106.0,662.8263654694258
9.236222972972971,45.474212213114754,1,32,11,0,0,0,0,0,0,0,0,0,1,0.6973068088281464,0,0,0,0,0,51,0,1,1,0,0,1,3,5,12,0.9200342638928894,0.7145203433479536,0.10180424812062476,0,0,0,0,0,0,0,0,5,0.07233463090488047,0,0,0.40245191883819376,0,0,0,0,20.894891798324487,29.712014701916388,1.76889396689017,0.0,208.77783946987932,71.59525246852422,651.9894196608689,267.38581946540864,1410.85809483099,1.0,86.0,0.6,0.0,0.0,106.0,663.8552177797734
9.236546756756756,45.474212213114754,1,33,11,0,0,0,0,0,0,0,0,0,1,0.6676601753274443,0,0,0,0,0,49,0,1,1,0,0,1,2,5,10,0.5065878864240863,0.4965140554322225,0.10112933529918448,0,0,0,0,0,0,0,0,5,0.06498660605229682,0,0,0.5015918805709637,0,0,0,0,29.178227164647627,30.10751474419689,1.7742970595144048,0.0,187.10869293863533,343.31323130192044,467.2018976787649,233.07555427277816,1161.4952258091025,1.0,86.0,0.6,0.0,0.0,106.0,665.7681200242629
9.23687054054054,45.474212213114754,1,34,11,0,0,0,0,0,0,0,0,0,1,0.6339767648360292,0,0,0,0,0,45,0,1,1,0,0,0,2,5,10,0.08908527163431987,0.27845578766954837,0.1002853647662091,0,0,0,0,0,0,0,0,5,0.0572960334954657,0,0,1.0010612537139758,0,0,0,0,47.40436465792054,31.688689899623768,1.7958981591518384,0.0,165.84505140509532,0.0,352.99283243717986,121.05081414202556,642.2492513344209,1.0,86.0,0.6,0.0,0.0,106.0,665.6906804872779
9.237194324324323,45.474212213114754,1,35,11,0,0,0,0,0,0,0,0,0,1,0.5963040697237729,0,0,0,0,0,40,0,1,1,0,0,0,2,4,10,0.0,0.08678114022007292,0.09895336528987082,0,0,0,0,0,0,0,0,4,0.04941792963783518,0,0,1.0010612537139758,0,0,0,0,28.56336444662606,30.370758534903082,0.0,0.0,132.11331527655375,0.0,0.0,0.0,585.7769752872346,1.0,86.0,0.6,0.0,0.0,106.0,666.6071962233436
9.237518108108107,45.474212213114754,1,36,11,0,0,0,0,0,0,0,0,0,1,0.5542485560422856,0,0,0,0,0,38,0,1,1,0,0,0,1,3,10,0.0,0.0,0.09887486223375949,0,0,0,0,0,0,0,0,4,0.04062972646814748,0,0,2.0,0,0,0,0,28.56336444662606,30.370758534903082,0.0,0.0,132.11331527655375,0.0,0.0,0.0,424.9835214898931,1.0,86.0,0.6,0.0,0.0,106.0,665.9604354233626
9.225861891891892,45.47443762295082,1,0,12,0,0,0,0,0,0,0,0,0,0,0.21909179190807263,0,0,0,0,0,88,0,0,1,0,0,1,1,11,17,0.5320065343985502,0.21821514236516856,0.04327031343314841,0,0,0,0,0,0,0,0,4,0.047316209767528414,0,1,2.8004245014855904,0,4,0,0,31.414207248750845,40.14320911418324,2.0,97.53641455741689,229.39899650409583,0.0,467.9193159200983,0.0,107.42845086317676,1.0,86.0,0.6,0.0,0.0,106.0,669.5657271101028
9.226185675675676,45.47443762295082,1,1,12,0,0,0,0,0,0,0,0,0,0,0.2302211010325234,0,0,0,0,0,94,0,0,1,0,0,1,1,11,18,0.44796278832979697,0.20368090208946732,0.048829072613777905,0,0,0,0,0,0,0,0,4,0.050898307217393496,0,1,2.429177859265129,0,8,0,0,37.38285696286344,40.05433160112303,2.0,113.99000033336165,272.88018383450435,0.0,1044.8785655154054,0.0,208.42505396397604,1.0,86.0,0.6,0.0,0.0,106.0,667.7781012864139
9.226509459459459,45.47443762295082,1,2,12,0,0,0,0,0,0,0,0,0,0,0.23882866622133805,0,0,0,0,0,97,0,0,1,0,0,1,1,11,19,0.2431842173140087,0.154882618699463,0.052687241479123625,0,0,0,0,0,0,0,0,5,0.056001137142808605,0,1,1.874158259002824,4,16,0,0,25.581617105287368,40.055109304756236,2.0,229.39899650409583,394.77714153757466,755.0080170018506,1561.3142008660197,0.0,568.0601044753898,1.0,86.0,0.6,0.0,0.0,106.0,665.3706594734072
9.226833243243243,45.47443762295082,1,3,12,0,0,0,0,0,0,0,0,0,0,0.24096526016835035,0,0,0,1,0,103,0,0,1,0,0,0,1,11,19,0.04787335830927365,0.08090304344331006,0.053123870110832146,0,0,0,0,0,0,0,0,5,0.06294905399308194,0,1,1.655337478956906,0,12,0,0,24.343414169391494,40.055109304756236,2.0,229.39899650409583,394.77714153757466,197.69019833127126,1523.3268236920917,0.0,805.0377778576222,1.0,86.0,0.6,0.0,0.0,106.0,666.1212242484133
9.227157027027028,45.47443762295082,1,4,12,0,0,0,0,0,0,0,0,0,0,0.24280351999905486,0,0,0,1,0,112,0,0,1,0,0,0,1,11,19,0.0,0.032005215787374974,0.05230338029437933,0,0,0,0,0,0,0,0,4,0.07013305015318042,0,1,1.655337478956906,0,4,0,0,26.0934558106725,40.08580341052659,2.0,142.70168729949623,583.1280044252377,0.0,770.569266074041,0.0,1043.5182042590914,1.0,86.0,0.6,0.0,0.0,106.0,668.4887449521416
9.22748081081081,45.47443762295082,1,5,12,0,0,0,0,0,0,0,0,0,0,0.2471379029677796,0,0,0,0,0,129,0,0,1,0,0,0,2,11,19,0.0,0.0,0.05098893678277165,0,0,0,0,0,0,0,0,5,0.07663206545754375,0,1,1.7656776143728568,0,8,0,0,30.43396556741975,28.967347023877153,1.7835205497585118,264.59864500256657,583.1280044252377,0.0,1000.005099552404,165.79263711375825,1245.7980415230857,1.0,86.0,0.6,0.0,0.0,106.0,669.5497557066942
9.227804594594595,45.47443762295082,1,6,12,0,0,0,0,0,0,0,0,0,0,0.2540140345207194,0,0,0,0,0,144,0,0,1,0,0,0,1,11,19,0.0,0.0,0.04915548829023107,0,0,0,0,0,0,0,0,5,0.08487026090283586,0,1,1.3550654038104895,0,4,0,0,23.549042998101868,26.979738621357193,1.7449503169108125,165.3781450334789,583.1280044252377,0.0,612.2899846072298,211.3916762795698,1128.7380858552872,1.0,86.0,0.6,0.0,0.0,106.0,671.4008609119846
9.228128378378377,45.47443762295082,1,7,12,0,0,0,0,0,0,0,0,0,0,0.26322908675393725,0,0,0,0,0,152,0,0,1,0,0,0,2,11,20,0.0,0.0,0.04676738125752948,0,0,0,0,0,0,0,0,6,0.09030176607567987,0,1,1.201396544092107,0,0,0,0,27.179163306034706,27.94219089644309,1.7630517489004567,310.2478205907334,452.9495078902296,0.0,483.7584546437639,75.72695055861338,1138.7379449950297,1.0,86.0,0.6,0.0,0.0,106.0,673.3056421992682
9.228452162162162,45.47443762295082,1,8,12,0,0,0,0,0,0,0,0,0,0,0.27371611217446407,0,0,0,0,0,152,0,0,1,0,0,0,1,11,20,0.0,0.0,0.04385820994648666,0,0,0,0,0,0,0,0,8,0.09651807572688191,0,1,1.346952347103658,0,4,0,0,30.773624013659582,28.17778268920563,1.7647599619112873,310.2478205907334,467.92144705409146,0.0,682.0325687941136,177.11732313421683,1036.8802361320838,1.0,86.0,0.6,0.0,0.0,106.0,673.2774017961169
9.228775945945946,45.47443762295082,1,9,12,0,0,0,0,0,0,0,0,0,0,0.2842906754475353,0,0,0,0,0,151,0,0,1,0,0,0,2,11,20,0.0,0.0,0.04067562430301124,0,0,0,0,0,0,0,0,9,0.1011702918345255,0,2,1.346952347103658,0,0,0,1,34.45803652251068,28.220645693917458,1.7684117385263711,310.2478205907334,368.7009470850038,0.0,508.54257065434194,77.11855834020236,990.283979277081,1.0,86.0,0.6,0.0,0.0,106.0,673.5274916830664
9.229099729729729,45.47443762295082,1,10,12,0,0,0,0,0,0,0,0,0,0,0.2949396156833014,0,0,0,0,0,150,0,0,1,0,0,0,2,11,21,0.0,0.012755047646897071,0.03795221341727426,0,0,0,0,0,0,0,0,12,0.10576805270141246,0,2,1.1788486171441945,0,0,0,1,114.49916847876086,40.342298426651105,2.0,188.35086288766303,325.2197597545953,0.0,498.64414798490225,0.0,409.29359191521155,1.0,86.0,0.6,0.0,0.0,106.0,673.9502840132957
9.229423513513513,45.47443762295082,1,11,12,0,0,0,0,0,0,0,1,0,0,0.3056541798656187,0,0,0,0,0,151,0,0,1,0,0,0,2,10,21,0.0,0.08594741077210548,0.03635514680738734,0,0,0,0,0,0,0,0,15,0.10818499013658507,0,2,1.3302318515386935,0,4,0,2,31.446089984278096,36.520783662060744,1.4285714285714286,203.3228020515249,325.2197597545953,310.26845650399224,669.3938807945575,0.0,274.46394617673377,1.0,86.0,0.6,0.0,0.0,106.0,673.0813078418362
9.229747297297298,45.47443762295082,1,12,12,0,0,0,0,0,0,0,3,0,0,0.3172899152599957,0,0,0,0,0,151,0,0,1,0,1,0,2,10,21,0.12526798989294438,0.13077116482854173,0.036028101033901784,0,0,0,0,0,0,0,0,17,0.10975236385377915,0,2,0.9798661372699542,0,8,0,3,25.985360194125757,36.83952570979276,1.2941176470588236,203.3228020515249,203.3228020515249,66.75912372486074,1414.3545579539918,0.0,97.17646415164974,1.0,86.0,0.6,0.0,0.0,106.0,671.7817129711215
9.23007108108108,45.47443762295082,1,13,12,0,0,0,0,0,0,0,0,0,0,0.32986597553537333,0,0,0,0,2,161,0,0,1,0,1,0,2,11,21,0.22860117625809376,0.1433260810770993,0.03364503015733088,0,0,0,0,0,0,0,0,18,0.11161649986423416,0,2,2.2672946846636113,4,4,0,3,20.783915970282028,36.06790494650481,1.2,14.971939163861895,203.3228020515249,49.16739571430013,1316.0712171670255,0.0,23.183523310508733,1.0,86.0,0.6,0.0,0.0,106.0,670.0915723761846
9.230394864864865,45.47443762295082,1,14,12,0,0,0,0,0,0,0,0,0,0,0.3408533792332526,0,0,0,0,2,164,0,0,1,0,1,0,2,12,21,0.1297851149128138,0.1321662182966412,0.038215222793213766,0,0,0,0,0,0,0,0,18,0.11132481818087045,0,2,2.287237865540139,0,8,0,3,23.770480327489977,36.146779408737295,1.1428571428571428,0.0,203.3228020515249,62.49062358787354,1409.024681559473,0.0,0.0,1.0,86.0,0.6,0.0,0.0,106.0,668.800336090039
9.230718648648649,45.47443762295082,1,15,12,0,0,0,0,0,0,0,0,0,0,0.3516507982383341,0,0,0,0,2,166,0,0,1,0,0,0,2,10,21,0.0,0.08820252667433831,0.05081938687258887,0,0,0,0,0,0,0,0,19,0.11210550566041577,0,2,2.5157886930821243,0,4,0,2,32.206055148623435,33.85711507256764,1.0,0.0,203.3228020515249,258.93198987864474,855.617773840128,0.0,0.0,1.0,86.0,0.6,0.0,0.0,106.0,668.2608698190409
9.231042432432432,45.47443762295082,1,16,12,0,0,0,0,0,0,0,0,0,0,0.3668722016613509,0,0,0,0,0,166,0,0,0,0,0,0,2,9,21,0.0,0.014208026814538054,0.06389237072332885,0,0,0,0,0,0,0,0,24,0.11221052906519546,0,2,3.1480392774622685,0,0,0,1,130.2957358935343,30.370758534903082,0.0,0.0,3.056875878233098,258.93198987864474,651.4786794676716,0.0,109.16060937978293,1.0,86.0,0.6,0.0,0.0,106.0,667.3318723553673
9.231366216216216,45.47443762295082,1,17,12,0,0,0,0,0,0,0,0,0,0,0.39088445780321907,0,0,0,0,0,161,0,0,0,0,0,0,2,9,21,0.0,0.0,0.07666594068712733,0,0,0,0,0,0,0,0,25,0.11312019269838643,0,3,2.9988269403435037,0,0,0,0,130.2957358935343,30.370758534903082,0.0,0.0,0.0,258.93198987864474,651.4786794676716,0.0,301.9414093837705,1.0,86.0,0.6,0.0,0.0,106.0,665.5219286461006
9.23169,45.47443762295082,1,18,12,0,0,0,0,0,0,0,0,0,0,0.4192746511061703,0,0,0,0,0,163,0,0,0,0,0,0,1,9,20,0.0,0.0,0.09127222246677817,0,0,0,0,0,0,0,0,26,0.11493361138840516,0,7,3.209756861800308,0,0,0,0,130.2957358935343,30.370758534903082,0.0,0.0,0.0,258.93198987864474,651.4786794676716,0.0,356.0092540986728,1.0,86.0,0.6,0.0,0.0,106.0,664.7945131561407
9.232013783783783,45.47443762295082,1,19,12,0,0,0,0,0,0,0,0,0,1,0.45084897929724754,0,0,0,0,0,166,0,0,1,0,0,0,1,8,20,0.0,0.0,0.11008491118007911,0,0,0,0,0,0,0,0,28,0.11497156326671308,0,7,3.0612704086715055,0,8,0,0,23.909644669096167,34.81229230511109,1.1547461081822423,0.0,0.0,258.93198987864474,1017.3730797759293,130.2898643406869,584.9685602058523,1.0,86.0,0.6,0.0,0.0,106.0,663.3906863741361
9.232337567567567,45.47443762295082,1,20,12,0,0,0,0,0,0,0,0,0,1,0.48590453390979665,0,0,0,0,1,164,0,0,1,0,0,0,0,8,20,0.0,0.0,0.11796678986859147,0,0,0,0,0,0,0,0,28,0.11559158323040851,0,8,2.566866982178008,4,16,0,0,24.669478107831342,34.81229230511109,1.1547461081822423,0.0,0.0,23.19229829312238,1818.5989061779892,130.2898643406869,791.1993008702862,1.0,86.0,0.6,0.0,0.0,106.0,662.1567256254141
9.23266135135135,45.47443762295082,1,21,12,0,0,0,0,0,0,0,0,0,1,0.5254976321966465,0,0,0,0,2,158,0,0,1,0,0,0,0,8,21,0.0,0.0,0.11848160114826287,0,0,1,0,0,0,0,0,23,0.11442660224774105,0,7,1.8655923888711239,0,12,0,0,14.274483467445632,34.81229230511109,1.1547461081822423,0.0,0.0,150.42902787499918,1125.8646807945286,130.2898643406869,906.1632058954689,1.0,86.0,0.6,0.0,0.0,106.0,661.5601739372154
9.232985135135134,45.47443762295082,1,22,12,0,0,0,0,0,0,0,0,0,1,0.5691423783430396,0,0,0,0,2,152,0,1,1,0,0,0,1,8,20,0.0,0.0,0.11848160114826287,0,0,1,1,0,0,0,0,21,0.11273306791211637,0,7,1.3730679819529485,0,0,0,0,16.38300402197131,26.99347703581569,1.7333432686384418,0.0,0.0,269.925421734106,912.3565307656476,103.38971859657349,1014.9911182316117,1.0,86.0,0.6,0.0,0.0,106.0,661.8896716101876
9.233308918918919,45.47443762295082,1,23,12,0,0,0,0,0,0,0,0,0,1,0.6148443342189724,0,0,0,0,1,142,0,1,1,0,0,0,1,8,20,0.0,0.0,0.11848160114826287,0,0,0,1,0,0,0,1,18,0.11057276277296334,0,7,0.9473961820083384,0,0,0,0,19.58108845560032,27.172747847936265,1.7357913403534702,0.0,0.0,75.18594080559697,909.3908243779501,245.89339450246868,1034.2784045843969,1.0,86.0,0.6,0.0,0.0,106.0,661.2108255997002
9.233632702702701,45.47443762295082,1,24,12,0,1,0,0,0,0,0,2,0,1,0.6578426919553465,0,0,0,0,1,134,0,1,1,0,0,0,2,8,20,0.0,0.0,0.11799235909320045,0,0,0,0,0,0,0,1,16,0.10807990474875018,0,7,1.0949940127056512,0,0,0,0,27.257025360969408,27.227094066494665,1.7363557657643032,0.0,6.088803264227316,133.26389496938936,643.3485744743257,256.1332624376647,917.3253809009644,1.0,86.0,0.6,0.0,0.0,106.0,659.8431619932393
9.233956486486486,45.47443762295082,1,25,12,0,1,0,0,0,0,0,3,0,1,0.6958302175102097,0,0,0,0,0,119,0,1,1,0,0,0,2,8,20,0.0,0.12195286677535014,0.11490742075612564,0,0,0,0,0,0,0,1,15,0.10657037358090149,0,5,1.1546568010114546,0,4,0,0,27.607223082423424,27.227094066494665,1.7363557657643032,0.0,19.692430371233975,196.30837250100507,1289.871230178047,256.1332624376647,988.6011191065265,1.0,86.0,0.6,0.0,0.0,106.0,659.2940307677422
9.23428027027027,45.47443762295082,1,26,12,1,1,0,0,0,0,1,3,0,1,0.72577571359474,0,0,0,0,0,99,0,1,1,0,0,0,3,8,20,0.16290696637977403,0.32398485359539314,0.11067696790577225,0,0,0,0,0,0,1,1,12,0.10435091847997979,0,5,1.1554310060682271,0,4,0,0,33.19351031507962,27.432021298918926,1.7390137639218852,0.0,61.12856304979647,586.9422006755408,1603.826180100421,155.4298665987986,977.9185041533312,1.0,86.0,0.6,0.0,0.0,106.0,658.7072531841612
9.234604054054053,45.47443762295082,1,27,12,0,1,0,0,0,0,0,3,0,1,0.7433156132612962,0,0,0,0,0,91,1,1,1,0,0,1,3,7,20,0.6020663622769141,0.5511975096789421,0.1040659906248774,0,0,0,0,0,0,0,1,7,0.10100026727965551,0,5,1.5461152795922581,0,4,0,0,46.44889574833463,30.370758534903082,0.0,0.0,106.64609623731008,310.7749411817752,1300.5690809533696,0.0,850.0410862702311,1.0,86.0,0.6,0.0,0.0,106.0,661.946076897975
9.234927837837837,45.47443762295082,1,28,12,0,1,0,0,0,0,0,3,0,1,0.7453414621419481,0,0,0,0,0,75,1,1,0,0,0,1,3,5,20,0.9762435150298602,0.7714908642718352,0.10204158135177324,0,0,0,0,0,0,0,1,7,0.09627119021551331,0,5,0.03243122927398551,0,0,0,0,48.1580739922724,30.370758534903082,0.0,0.0,115.79324705833432,0.0,481.580739922724,0.0,867.1351310581204,1.0,86.0,0.6,0.0,0.0,106.0,662.1777007535488
9.235251621621622,45.47443762295082,1,29,12,0,1,0,0,0,0,0,0,0,1,0.7390886031791261,0,0,0,0,0,55,1,1,0,0,0,1,3,5,20,1.0,0.9486970518241329,0.10204158135177324,0,0,0,0,0,0,0,0,5,0.08890319402857762,0,3,0.004007289667532582,0,0,0,0,21.350724842618597,30.370758534903082,0.0,0.0,93.77911723655613,0.0,170.80579874094877,0.0,1057.8031812263678,1.0,86.0,0.6,0.0,0.0,106.0,662.7440292099617
9.235575405405404,45.47443762295082,1,30,12,0,1,0,0,0,0,0,0,0,1,0.7264350952651907,0,0,0,0,1,52,1,1,0,0,0,1,3,5,17,1.0,1.0,0.10204158135177324,0,0,0,0,0,0,0,0,5,0.08100816903876,0,1,0.004007289667532582,0,0,0,0,21.361815098857125,30.370758534903082,0.0,0.0,118.45120850583893,0.0,299.06541138399973,0.0,1103.2680858103176,1.0,86.0,0.6,0.0,0.0,106.0,663.3321756449984
9.235899189189189,45.47443762295082,1,31,12,0,1,0,0,0,0,0,0,0,1,0.7084212909372135,0,0,0,0,2,51,0,1,1,0,0,1,3,5,16,1.0,0.9154248061931456,0.10204158135177324,0,0,0,0,0,0,0,0,5,0.07397917571554921,0,1,0.004007289667532582,0,0,0,0,13.366330523630916,30.370758534903082,0.0,0.0,107.1525150198417,95.6543708834462,427.7225767561893,0.0,1059.45389150916,1.0,86.0,0.6,0.0,0.0,106.0,663.2944007550424
9.236222972972971,45.47443762295082,1,32,12,0,1,0,0,0,0,0,0,0,1,0.685697120246833,0,0,0,0,2,51,0,1,1,0,0,1,2,5,14,0.9153316271134194,0.7244212005022495,0.10204158135177324,0,0,0,0,0,0,0,0,5,0.0672027490162537,0,0,0.33635861101634706,0,0,0,0,20.2280123494122,31.688689899623768,1.7958981591518384,0.0,91.6788169787901,137.18511526056855,809.4377539309355,121.05081414202556,812.8307916370783,1.0,86.0,0.6,0.0,0.0,106.0,664.5216713162638
9.236546756756756,45.47443762295082,1,33,12,0,0,0,0,0,0,0,0,0,1,0.6586817113339607,0,0,0,0,0,50,0,1,1,0,0,1,2,5,10,0.49974432686235987,0.4998790425093524,0.10204158135177324,0,0,0,0,0,0,0,0,5,0.060047246928781745,0,0,0.5025342716907543,0,0,0,0,23.039341794704637,31.688689899623768,1.7958981591518384,0.0,150.01625049373757,331.9563438301493,570.1294396991135,121.05081414202556,599.4378586863781,1.0,86.0,0.6,0.0,0.0,106.0,666.45417690719
9.23687054054054,45.47443762295082,1,34,12,0,0,0,0,0,0,0,0,0,1,0.6276087543991193,0,0,0,0,0,50,0,1,1,0,0,0,2,5,10,0.08430864435947213,0.27535167412098205,0.10184444417528157,0,0,0,0,0,0,0,0,4,0.05303090493840122,0,0,1.0010612537139758,0,0,0,0,41.49454297876866,30.370758534903082,0.0,0.0,132.11331527655375,0.0,331.9563438301493,0.0,508.40058603858756,1.0,86.0,0.6,0.0,0.0,106.0,665.906350071147
9.237194324324323,45.47443762295082,1,35,12,0,0,0,0,0,0,0,0,0,1,0.5923754491885136,0,0,0,0,0,42,0,1,1,0,0,0,2,5,10,0.0,0.08440183476020306,0.10065328075395925,0,0,0,0,0,0,0,0,4,0.04480216589165273,0,0,1.0010612537139758,0,0,0,0,28.56336444662606,30.370758534903082,0.0,0.0,10.75506274758696,0.0,0.0,0.0,465.8117634515451,1.0,86.0,0.6,0.0,0.0,106.0,666.068281072907
9.237518108108107,45.47443762295082,1,36,12,0,0,0,0,0,0,0,0,0,1,0.5529129639606591,0,0,0,0,0,39,0,1,1,0,0,0,2,4,10,0.0,0.0,0.09918567878857172,0,0,0,0,0,0,0,0,4,0.038812433002263794,0,0,2.0,0,0,0,0,28.56336444662606,30.370758534903082,0.0,0.0,0.0,0.0,0.0,0.0,365.33583541742314,1.0,86.0,0.6,0.0,0.0,106.0,665.9799564219993
9.225861891891892,45.474663032786886,1,0,13,0,0,0,0,0,0,0,0,0,0,0.17723887050458537,0,0,0,0,0,95,0,0,1,0,0,1,1,10,17,0.582594180842701,0.28929195640289407,0.0508223865539848,0,0,0,0,0,0,0,0,2,0.042541304501914505,0,1,2.500530626856988,0,0,0,0,28.56336444662606,30.370758534903082,0.0,0.0,229.39899650409583,0.0,0.0,0.0,177.43722234645776,1.0,86.0,0.6,0.0,0.0,106.0,669.1077427555382
9.226185675675676,45.474663032786886,1,1,13,0,0,0,0,0,0,0,0,0,0,0.18577140373494247,0,0,0,0,0,98,0,0,1,0,0,1,1,11,18,0.408693673023452,0.28208910717495145,0.05465928764951058,0,0,0,0,0,0,0,0,2,0.0461492421402386,0,1,2.6004245014855902,0,0,0,0,182.6100184209157,30.370758534903082,0.0,0.0,272.88018383450435,0.0,730.4400736836628,0.0,327.8362702321865,1.0,86.0,0.6,0.0,0.0,106.0,666.9244321956485
9.226509459459459,45.474663032786886,1,2,13,0,0,0,0,0,0,0,0,0,0,0.19198286761478411,0,0,0,0,0,105,0,0,1,0,0,1,2,11,19,0.16761681504774983,0.20527819541894526,0.05773082803016021,0,0,0,0,0,0,0,0,2,0.05192289506645215,0,1,1.3737833052758743,0,0,0,0,79.39151794442681,30.370758534903082,0.0,0.0,394.77714153757466,730.4400736836628,952.6982153331218,0.0,796.4592765554457,1.0,86.0,0.6,0.0,0.0,106.0,662.8550485792923
9.226833243243243,45.474663032786886,1,3,13,0,0,0,0,0,0,0,0,0,0,0.19390006218481928,0,0,0,0,0,116,0,0,1,0,0,0,2,11,19,0.014617646778691347,0.07784472700799244,0.059686115279690116,0,0,0,0,0,0,0,0,2,0.058220320603569464,0,1,1.1522818739051808,0,0,0,0,42.061136953903805,30.370758534903082,0.0,0.0,394.77714153757466,197.69019833127126,1093.589560801499,0.0,1038.8624362999558,1.0,86.0,0.6,0.0,0.0,106.0,664.6696167581391
9.227157027027028,45.474663032786886,1,4,13,0,0,0,0,0,0,0,0,0,0,0.1946237796681077,0,0,0,0,0,134,0,0,1,0,0,0,2,11,20,0.0,0.025043529023567036,0.059159759009189176,0,0,0,0,0,0,0,0,2,0.0644780428040053,0,1,1.2489702841529329,0,0,0,0,17.209444450603147,28.404355093960937,1.7510294783252287,0.0,394.77714153757466,82.0661962984999,416.4577240981637,30.98783161751827,1225.4157045899717,1.0,86.0,0.6,0.0,0.0,106.0,667.8879860808647
9.22748081081081,45.474663032786886,1,5,13,0,0,0,0,0,0,0,0,0,0,0.1987235071180746,0,0,0,0,0,166,0,0,1,0,0,0,2,11,20,0.0,0.0,0.057807599887485475,0,0,0,0,0,0,0,0,0,0.07064715765091431,0,1,1.2613294860164808,0,0,0,0,8.088741164146464,25.65726653981838,1.716255284694467,0.0,583.1280044252377,0.0,154.4148876980435,282.3771351658656,1263.6770273559025,1.0,86.0,0.6,0.0,0.0,106.0,669.3562388765852
9.227804594594595,45.474663032786886,1,6,13,0,0,0,0,0,0,0,0,0,0,0.2045979157224306,0,0,0,0,0,176,0,0,1,0,0,0,2,11,20,0.0,0.0,0.055877411018825936,0,0,0,0,0,0,0,0,0,0.07747156107100622,0,1,1.2613294860164808,0,0,0,0,6.656474275588752,25.670490002012954,1.7164248830730513,0.0,485.59158986782074,0.0,20.000970618664372,406.0133830190158,1218.9648737855919,1.0,86.0,0.6,0.0,0.0,106.0,670.8581863879099
9.228128378378377,45.474663032786886,1,7,13,0,0,0,0,0,0,0,0,0,0,0.2120732077594816,0,0,0,0,0,182,0,0,1,0,0,0,2,11,20,0.0,0.0,0.053336724993216414,0,0,0,0,0,0,0,0,0,0.0836192258573628,0,1,0.8855574448778353,0,0,0,1,5.000793594877331,25.466199285039572,1.7137506824525592,0.0,452.9495078902296,20.000970618664372,29.89939328810413,300.1529839737998,1250.72299666216,1.0,86.0,0.6,0.0,0.0,106.0,672.0210547359787
9.228452162162162,45.474663032786886,1,8,13,0,0,0,0,0,0,0,0,0,0,0.2209704579060304,0,0,1,0,0,187,0,0,1,0,0,0,2,11,20,0.0,0.0,0.050249423708023815,0,0,0,0,0,0,0,0,0,0.08961001882114777,0,1,1.0618337181352206,0,0,0,2,3.829025695067631,25.199470350590843,1.710326949318477,0.0,464.8645711758584,9.898422669439753,29.89939328810413,169.20994285541275,1108.4230099421147,1.0,86.0,0.6,0.0,0.0,106.0,671.9152485588689
9.228775945945946,45.474663032786886,1,9,13,0,0,0,0,0,0,0,0,0,0,0.2314307396385229,0,0,1,0,0,187,0,0,1,0,0,0,1,11,21,0.0,0.0,0.046629034079789106,0,0,0,0,0,0,0,0,0,0.09394883625550216,0,2,0.7758269910219368,0,0,0,3,4.068025542248793,25.200977113051696,1.710358473197848,0.0,368.7009470850038,0.0,9.898422669439753,120.27839468252164,924.0804548483438,1.0,86.0,0.6,0.0,0.0,106.0,672.0065461407528
9.229099729729729,45.474663032786886,1,10,13,0,0,0,0,0,0,0,0,0,0,0.24206071264803472,0,0,1,0,0,185,0,0,1,0,0,0,2,11,21,0.0,0.0,0.04290177028796271,0,0,0,0,0,0,0,0,3,0.09708887477740626,0,2,0.8195629329021232,0,0,0,4,3.8937724144031236,25.199913280728893,1.7103362161250273,0.0,325.2197597545953,0.0,0.0,70.08790345925622,643.133149472583,1.0,86.0,0.6,0.0,0.0,106.0,672.1552992844862
9.229423513513513,45.474663032786886,1,11,13,0,0,0,0,0,0,0,0,0,0,0.2527910582686879,0,0,1,0,0,195,0,0,1,0,0,0,2,12,21,0.0,0.03239438198623441,0.04008063045571136,0,0,0,0,0,0,0,0,7,0.0992828088736647,0,2,1.1796671858542855,0,0,0,4,28.56336444662606,30.370758534903082,0.0,0.0,325.2197597545953,0.0,0.0,0.0,285.4372349772069,1.0,86.0,0.6,0.0,0.0,106.0,671.8749638862372
9.229747297297298,45.474663032786886,1,12,13,0,0,0,0,0,0,0,0,0,0,0.26546649408984746,0,0,1,0,0,197,0,0,1,0,0,0,2,12,21,0.0,0.07104563023431584,0.03754429989049184,0,0,0,0,0,0,0,0,9,0.10091922652945454,0,2,0.9537527694345632,0,4,0,4,30.719188115463318,36.90884981740673,1.1904761904761905,0.0,203.3228020515249,0.0,618.96600889157,0.0,111.97337507945234,1.0,86.0,0.6,0.0,0.0,106.0,671.6605831669287
9.23007108108108,45.474663032786886,1,13,13,0,0,0,0,0,0,0,0,0,0,0.2771217322104421,0,0,0,0,1,197,0,0,1,0,0,0,2,12,21,0.015233207709692845,0.08321500743428739,0.034520030438035934,0,0,0,0,0,0,0,0,12,0.10249955602349478,0,2,0.8665179302999491,4,4,0,4,30.810238657170675,36.52508575114212,1.1666666666666667,0.0,203.3228020515249,0.0,1067.3145926061422,0.0,41.44495193180863,1.0,86.0,0.6,0.0,0.0,106.0,671.6062041104758
9.230394864864865,45.474663032786886,1,14,13,0,0,0,0,0,0,0,0,0,0,0.28784404583246587,0,0,0,0,1,194,0,0,1,0,0,0,2,12,21,0.0,0.07172479740419932,0.037933883108204294,0,0,0,0,0,0,0,0,14,0.1029772479279632,0,2,0.930918860281971,0,4,0,4,26.275631587929155,37.06381813902915,1.2,0.0,203.3228020515249,0.0,444.9841598602837,0.0,0.0,1.0,86.0,0.6,0.0,0.0,106.0,670.5570138574037
9.230718648648649,45.474663032786886,1,15,13,0,0,0,0,0,0,0,0,0,0,0.29863876089025454,0,0,0,0,0,178,0,0,1,0,0,0,2,11,22,0.0,0.03358203676600104,0.04894669713324251,0,0,0,0,0,0,0,0,15,0.10435270593805145,0,2,2.441956897276432,0,0,0,4,31.24531179393677,30.370758534903082,0.0,0.0,203.3228020515249,0.0,62.49062358787354,0.0,0.0,1.0,86.0,0.6,0.0,0.0,106.0,668.5794667221655
9.231042432432432,45.474663032786886,1,16,13,0,0,0,0,0,0,0,0,0,0,0.3159687133504456,0,0,0,0,0,170,0,0,1,0,0,0,2,11,22,0.0,0.0,0.06300878989188857,0,0,0,0,0,0,0,0,17,0.10410682191704845,0,2,2.9258862207686294,0,0,0,4,129.46599493932237,30.370758534903082,0.0,0.0,0.0,0.0,258.93198987864474,0.0,280.81215442286657,1.0,86.0,0.6,0.0,0.0,106.0,666.9567141991538
9.231366216216216,45.474663032786886,1,17,13,0,0,0,0,0,0,0,0,0,0,0.34261719291274534,0,0,0,0,0,172,0,0,1,0,0,0,1,11,22,0.0,0.0,0.07812065284570399,0,0,0,0,0,0,0,0,19,0.10482727096212426,0,4,3.582572029147348,0,0,0,3,129.46599493932237,30.370758534903082,0.0,0.0,0.0,0.0,258.93198987864474,0.0,301.9414093837705,1.0,86.0,0.6,0.0,0.0,106.0,666.2002566080414
9.23169,45.474663032786886,1,18,13,0,0,0,0,0,0,0,0,0,0,0.37363078307207326,0,0,0,0,0,173,0,0,1,0,0,0,1,10,23,0.0,0.0,0.09528620268684243,0,0,0,0,0,0,0,0,19,0.10494668115686938,0,6,3.508185649097882,0,0,0,2,129.46599493932237,30.370758534903082,0.0,0.0,0.0,0.0,258.93198987864474,0.0,356.0092540986728,1.0,86.0,0.6,0.0,0.0,106.0,665.3159167168769
9.232013783783783,45.474663032786886,1,19,13,0,0,0,0,0,0,0,0,0,0,0.4093753554641708,0,0,0,0,0,175,0,0,1,0,0,0,0,9,23,0.0,0.0,0.11267660613551679,0,0,0,0,0,0,0,0,19,0.10420813699279136,0,7,3.1445492854615185,0,0,0,0,38.91987302474035,33.62490358152718,1.4556678835885006,0.0,0.0,0.0,391.15594953086594,270.48189188972003,640.5967906313424,1.0,86.0,0.6,0.0,0.0,106.0,664.0940788103655
9.232337567567567,45.474663032786886,1,20,13,0,0,0,0,0,0,0,0,0,0,0.4490236570407719,0,0,0,0,3,174,0,0,1,0,0,0,0,8,22,0.0,0.0,0.11848160114826287,0,0,0,0,0,0,0,0,17,0.10391693504587549,0,8,2.4247083194836034,0,4,0,0,19.000663719631927,34.59923546432885,1.2658062654266253,0.0,0.0,0.0,420.0838119622429,301.9414093837705,870.2012834296165,1.0,86.0,0.6,0.0,0.0,106.0,661.917087992692
9.23266135135135,45.474663032786886,1,21,13,0,0,0,0,0,0,0,0,0,0,0.4922859604038087,0,0,0,0,4,168,0,0,1,0,0,0,0,8,22,0.0,0.0,0.11848160114826287,0,0,1,0,0,0,0,0,15,0.10345766578831081,0,8,1.0251088282346354,0,0,0,0,15.312439666845432,31.674012745537482,1.5623558064051282,0.0,0.0,60.48636389023437,609.5193033342307,324.5395163433409,1125.9764283359732,1.0,86.0,0.6,0.0,0.0,106.0,661.9095218135403
9.232985135135134,45.474663032786886,1,22,13,0,0,0,0,0,0,0,0,0,0,0.5387638656142222,0,0,1,0,3,156,0,1,1,0,0,0,1,8,22,0.0,0.0,0.11848160114826287,0,0,1,1,0,0,0,0,13,0.10195487517381444,0,9,0.6432528921003002,0,0,0,0,11.642554723890807,27.726609584228527,1.7422999747127434,0.0,0.0,256.6710185086684,601.8070081936196,283.02715082208175,1223.2078909387967,1.0,86.0,0.6,0.0,0.0,106.0,661.4785125243897
9.233308918918919,45.474663032786886,1,23,13,0,0,0,0,0,0,0,0,0,0,0.5844583293116744,0,0,1,0,3,146,0,1,1,0,0,0,1,8,22,0.0,0.0,0.11834011432132999,0,0,0,1,0,0,0,1,10,0.10114213954792932,0,8,0.5149860723057494,0,0,0,0,9.276776690312143,27.71676204513042,1.7419122218051433,0.0,0.0,0.0,328.89614085466764,413.2459943703038,1328.1664169469757,1.0,86.0,0.6,0.0,0.0,106.0,660.0756515787239
9.233632702702701,45.474663032786886,1,24,13,0,1,0,0,0,0,0,0,0,0,0.6274154694409015,0,0,1,0,2,140,0,1,1,0,0,0,1,8,22,0.0,2.133974559062581e-05,0.11614456676419717,0,0,0,0,0,0,0,1,9,0.09913804235746777,0,8,0.5684028583696001,0,0,0,0,16.402755278312206,27.957997294468612,1.7454197025894398,0.0,0.0,0.0,376.82418752039473,377.70255528196674,1322.6713823709056,1.0,86.0,0.6,0.0,0.0,106.0,658.3856990053799
9.233956486486486,45.474663032786886,1,25,13,0,1,0,0,0,0,0,1,0,0,0.6653124660533764,0,0,0,0,0,134,0,1,1,0,0,0,3,8,21,0.0,0.1232488569626945,0.11283567466398749,0,0,0,0,0,0,0,1,6,0.09720103842504553,0,8,0.47012248111260024,0,0,0,0,23.927420088361384,28.159751806264996,1.7482160777354112,0.0,0.0,124.84713995013847,1010.4739942886456,425.1712110130375,1098.262865121393,1.0,86.0,0.6,0.0,0.0,106.0,658.4434054693957
9.23428027027027,45.474663032786886,1,26,13,1,1,0,0,0,0,0,3,0,0,0.6975194867229166,0,0,0,0,0,124,0,1,1,0,0,0,3,7,20,0.1657052492419638,0.3256031265879154,0.1089009517930891,0,0,0,0,0,0,1,1,5,0.09433460121671831,0,5,0.41757143810739167,0,0,0,0,29.99184613115793,28.607287224227345,1.753801819612325,0.0,0.0,521.0146549905713,1149.9996366500293,109.65790085860381,1204.0844401247273,1.0,86.0,0.6,0.0,0.0,106.0,651.5330828939755
9.234604054054053,45.474663032786886,1,27,13,0,1,0,0,0,0,0,2,0,1,0.7183346251315413,0,0,0,0,0,103,1,1,1,0,0,1,3,6,20,0.6053892627000615,0.5528766919274226,0.10338315606876847,0,0,0,0,0,0,0,1,3,0.0909682840935834,0,5,0.6078701675551796,0,0,0,0,25.583792217526174,30.370758534903082,0.0,0.0,0.0,310.7749411817752,972.1841042659946,0.0,1020.4842158585612,1.0,86.0,0.6,0.0,0.0,106.0,657.8255735869448
9.234927837837837,45.474663032786886,1,28,13,1,1,0,0,0,0,0,0,0,1,0.7231864148550005,0,0,0,0,1,84,1,1,1,0,0,1,3,5,20,0.9778146486701198,0.7730010369260817,0.10204158135177324,0,0,0,0,0,0,0,1,3,0.08708665158337132,0,5,0.02295297290912229,0,0,0,0,14.656956322815983,30.370758534903082,0.0,0.0,0.0,40.24239119403777,615.5921655582713,0.0,872.7475771638975,1.0,86.0,0.6,0.0,0.0,106.0,661.1899448871457
9.235251621621622,45.474663032786886,1,29,13,1,1,0,0,0,0,0,0,0,1,0.7196665821229383,0,0,0,0,2,68,1,1,0,0,0,1,3,5,20,1.0,0.949699347786742,0.10204158135177324,0,0,0,0,0,0,0,0,2,0.08027217281088037,0,3,0.004007289667532582,0,0,0,0,8.549858004767026,30.370758534903082,0.0,0.0,0.0,0.0,307.79488817161297,0.0,637.9218070722801,1.0,86.0,0.6,0.0,0.0,106.0,663.1358329767581
9.235575405405404,45.474663032786886,1,30,13,1,1,0,0,0,0,0,0,0,1,0.7097057559429762,0,0,0,0,6,54,1,1,0,0,0,1,3,5,18,1.0,1.0,0.10204158135177324,0,0,0,0,0,0,0,0,3,0.07404749810713851,0,1,0.004007289667532582,0,0,0,0,13.185091679461166,30.370758534903082,0.0,0.0,0.0,0.0,316.442200307068,0.0,696.1660795516264,1.0,86.0,0.6,0.0,0.0,106.0,663.5385736723995
9.235899189189189,45.474663032786886,1,31,13,0,1,0,0,0,0,0,0,0,1,0.6943569959256558,0,0,0,0,7,51,0,1,0,0,0,1,2,5,16,1.0,0.9130477242053952,0.10204158135177324,0,0,0,0,0,0,0,0,3,0.06741535485767516,0,1,0.004007289667532582,0,0,0,0,13.332918839674697,30.370758534903082,0.0,0.0,0.0,51.66563359941334,479.9850782282891,0.0,635.3969408839604,1.0,86.0,0.6,0.0,0.0,106.0,663.4389493955357
9.236222972972971,45.474663032786886,1,32,13,0,1,0,0,0,0,0,0,0,1,0.6742771244795704,0,0,0,0,4,51,0,1,0,0,0,1,2,5,14,0.9105636635863503,0.7212288110295637,0.10204158135177324,0,0,0,0,0,0,0,0,4,0.06091341574235779,0,0,0.4032058317340262,0,0,0,0,14.540433599316025,30.370758534903082,0.0,0.0,0.0,28.132632803766693,872.4260159589614,0.0,454.433687344391,1.0,86.0,0.6,0.0,0.0,106.0,664.705607512569
9.236546756756756,45.474663032786886,1,33,13,0,1,0,0,0,0,0,0,0,1,0.6498697889676338,0,0,0,0,1,51,1,1,1,0,0,1,2,5,11,0.49291593322481564,0.49645889172706126,0.10204158135177324,0,0,0,0,0,0,0,0,3,0.05340598447895797,0,0,0.5025342716907543,0,0,0,0,15.165930896995784,30.370758534903082,0.0,0.0,0.0,273.6999334021924,1000.9514392017218,0.0,379.1285411128418,1.0,86.0,0.6,0.0,0.0,106.0,665.7626921985733
9.23687054054054,45.474663032786886,1,34,13,0,0,0,0,0,0,0,0,0,1,0.6212473780312529,0,0,0,0,0,50,1,1,1,0,0,0,2,5,11,0.07962524562406095,0.2721662871795876,0.10204158135177324,0,0,0,0,0,0,0,0,4,0.046849222712052906,0,0,1.0010612537139758,0,0,0,0,13.665198984827175,30.370758534903082,0.0,0.0,0.0,0.0,409.9559695448152,0.0,267.38581946540864,1.0,86.0,0.6,0.0,0.0,106.0,666.4875287409956
9.237194324324323,45.474663032786886,1,35,13,0,0,0,0,0,0,0,0,0,1,0.5886085712251112,0,0,0,0,0,44,1,1,1,0,0,0,2,5,11,0.0,0.0820461293351054,0.10204106747937702,0,0,0,0,0,0,0,0,3,0.03864658244022459,0,0,2.0,0,0,0,0,28.56336444662606,30.370758534903082,0.0,0.0,0.0,0.0,0.0,0.0,233.07555427277816,1.0,86.0,0.6,0.0,0.0,106.0,666.2946086428053
9.237518108108107,45.474663032786886,1,36,13,0,0,0,0,0,0,0,0,0,1,0.5516852260368937,0,0,0,0,0,41,1,1,1,0,0,0,2,5,10,0.0,0.0,0.10075229882178059,0,0,0,0,0,0,0,0,2,0.03265871156913675,0,0,2.0,0,0,0,0,28.56336444662606,30.370758534903082,0.0,0.0,0.0,0.0,0.0,0.0,121.05081414202556,1.0,86.0,0.6,0.0,0.0,106.0,666.672071870059
9.225861891891892,45.474888442622955,1,0,14,0,0,0,0,0,0,0,0,0,0,0.1367983099379841,0,0,0,0,0,103,0,0,0,0,0,1,1,10,18,0.4287783078937628,0.39540019034573787,0.06341563378154748,0,0,0,0,0,0,0,0,2,0.03687115964197276,0,1,1.4012735044567708,0,0,0,0,28.56336444662606,30.370758534903082,0.0,0.0,229.39899650409583,0.0,0.0,0.0,272.74263156067656,1.0,86.0,0.6,0.0,0.0,106.0,669.021013159165
9.226185675675676,45.474888442622955,1,1,14,0,0,0,0,0,0,0,0,0,0,0.1427319643696413,0,0,0,0,0,114,0,0,0,0,0,0,2,11,19,0.1466573742222277,0.3730832130476999,0.06563189131570163,0,0,0,0,0,0,0,0,2,0.04049895616509999,0,1,1.501061253713976,0,0,0,0,182.6100184209157,30.370758534903082,0.0,0.0,229.39899650409583,0.0,730.4400736836628,0.0,355.4613894864661,1.0,86.0,0.6,0.0,0.0,106.0,666.796485480831
9.226509459459459,45.474888442622955,1,2,14,0,0,0,0,0,0,0,0,0,0,0.14633926812139328,0,0,0,0,0,127,0,0,0,0,0,0,2,11,21,0.014226770401678027,0.264507257895658,0.06646910052936258,0,0,0,0,0,0,0,0,2,0.04523516596934433,0,1,1.041406596952731,0,0,0,0,154.6883786691557,30.370758534903082,0.0,0.0,272.88018383450435,730.4400736836628,928.1302720149341,0.0,802.13323113678,1.0,86.0,0.6,0.0,0.0,106.0,664.6019404132355
9.226833243243243,45.474888442622955,1,3,14,0,0,0,0,0,0,0,0,0,0,0.14728616140820433,0,0,0,0,0,151,0,0,0,0,0,0,2,12,21,0.0,0.08960799121613286,0.06734402187823718,0,0,0,0,0,0,0,0,2,0.050267855345057885,0,1,1.041406596952731,0,0,0,0,50.93050105913751,30.370758534903082,0.0,0.0,394.77714153757466,197.69019833127126,1120.4710233010253,0.0,1048.0100963343782,1.0,86.0,0.6,0.0,0.0,106.0,664.7393034421322
9.227157027027028,45.474888442622955,1,4,14,0,0,0,0,0,0,0,0,0,0,0.14826606672817325,0,0,0,0,0,180,0,0,1,0,0,0,2,12,21,0.0,0.009195977448979894,0.06740866770812123,0,0,0,0,0,0,0,0,1,0.05677144477849308,0,1,1.0559470334175236,0,0,0,0,17.386044964169677,27.479957593511983,1.7390786075480194,0.0,394.77714153757466,91.88563956721195,420.75431388916905,100.82703503592128,1253.1561792006005,1.0,86.0,0.6,0.0,0.0,106.0,667.1458662275452
9.22748081081081,45.474888442622955,1,5,14,0,0,0,0,0,0,0,0,0,0,0.1523454080802922,0,0,0,0,0,206,0,0,1,0,0,0,2,12,21,0.0,0.0,0.06574129068925799,0,0,0,0,0,0,0,0,0,0.061847586909293394,0,1,1.1613294860164807,0,0,0,0,10.190528561654315,26.376085103724062,1.725378069472074,0.0,583.1280044252377,0.0,154.06617450581427,375.8413107002102,1364.4604934952822,1.0,86.0,0.6,0.0,0.0,106.0,668.3600025177553
9.227804594594595,45.474888442622955,1,6,14,0,0,0,0,0,0,0,0,0,0,0.1581160912980758,0,0,0,0,0,219,0,0,1,0,0,0,2,12,21,0.0,0.0,0.06391430807405442,0,0,0,0,0,0,0,0,0,0.06749002110706462,0,1,0.8119378667570115,0,0,0,2,7.575239335817034,26.04676100370993,1.7211681983648888,0.0,452.9495078902296,0.0,29.338975753734715,440.32586306692133,1410.9907036475283,1.0,86.0,0.6,0.0,0.0,106.0,669.8252406588668
9.228128378378377,45.474888442622955,1,7,14,0,0,0,0,0,0,0,0,0,0,0.16504635884569305,0,0,1,0,1,227,0,0,1,0,0,0,2,12,21,0.0,0.0,0.06152058479822835,0,0,0,0,0,0,0,0,0,0.07343951100465726,0,1,0.6130231273712853,0,0,0,3,4.954366297743189,25.519050577088922,1.7144071112687902,0.0,452.9495078902296,0.0,20.000970618664372,247.53480945946782,1310.8263516553352,1.0,86.0,0.6,0.0,0.0,106.0,669.9384473587687
9.228452162162162,45.474888442622955,1,8,14,0,0,0,0,0,0,0,0,0,0,0.17296582078186734,0,0,1,0,4,235,0,0,1,0,0,0,2,12,21,0.0,0.0,0.0583986740495249,0,0,0,0,0,0,0,0,0,0.07956735943768906,0,1,0.28452760867476545,0,0,0,4,4.036074197953811,25.199559223709052,1.7103288086861812,0.0,353.7290079211419,0.0,23.735550174921478,161.92386293095382,1094.578663268298,1.0,86.0,0.6,0.0,0.0,106.0,670.496843740466
9.228775945945946,45.474888442622955,1,9,14,0,0,0,0,0,0,0,0,0,0,0.181801177559135,0,0,1,0,2,240,0,0,1,0,0,0,2,12,21,0.0,0.0,0.054358608703781446,0,0,0,0,0,0,0,0,0,0.08310885743616887,0,2,0.30437924400118244,0,0,0,4,4.068025542248793,25.200977113051696,1.710358473197848,0.0,325.2197597545953,0.0,9.898422669439753,120.27839468252164,980.5291061293595,1.0,86.0,0.6,0.0,0.0,106.0,670.8053833582009
9.229099729729729,45.474888442622955,1,10,14,0,0,0,0,0,0,0,0,0,0,0.1913323133590531,0,0,1,0,0,257,0,0,1,0,0,0,1,12,21,0.0,0.0,0.04937337490309789,0,0,0,0,0,0,0,0,1,0.08420300648221347,0,2,0.30437924400118244,0,0,0,4,3.453745994317386,25.195860602764167,1.710251427623449,0.0,325.2197597545953,0.0,0.0,41.44495193180863,643.133149472583,1.0,86.0,0.6,0.0,0.0,106.0,671.1128694805744
9.229423513513513,45.474888442622955,1,11,14,0,0,0,0,0,0,0,0,0,0,0.20317983730687952,0,0,1,0,2,253,0,0,1,0,0,0,1,13,21,0.0,0.0,0.04504829192248803,0,0,0,0,0,0,0,0,3,0.08536664986708192,0,2,0.8852704934618091,0,0,0,4,28.56336444662606,30.370758534903082,0.0,0.0,203.3228020515249,0.0,0.0,0.0,369.57906688823135,1.0,86.0,0.6,0.0,0.0,106.0,670.8035926598184
9.229747297297298,45.474888442622955,1,12,14,0,0,0,0,0,0,0,0,0,0,0.21525612299884164,0,0,1,0,1,239,0,0,1,0,0,0,1,14,22,0.0,0.014046577922482564,0.04135308471186462,0,0,0,0,0,0,0,0,7,0.08630261310801057,0,2,0.6621424633797033,0,0,0,4,210.25821502650246,50.0,2.0,0.0,203.3228020515249,0.0,503.9806382457051,0.0,111.97337507945234,1.0,86.0,0.6,0.0,0.0,106.0,670.5330194006838
9.23007108108108,45.474888442622955,1,13,14,0,0,0,0,0,0,0,0,0,0,0.22598799229878258,0,0,1,0,0,221,0,0,1,0,0,0,2,14,22,0.0,0.02340559063977773,0.03753255877407708,0,0,0,0,0,0,0,0,9,0.08754484310195831,0,2,0.33994524219769245,0,0,0,4,196.28723741973474,50.0,2.0,0.0,203.3228020515249,0.0,840.6712026581038,0.0,92.39500704000422,1.0,86.0,0.6,0.0,0.0,106.0,670.1691437626714
9.230394864864865,45.474888442622955,1,14,14,0,0,0,0,0,0,0,0,0,0,0.2367048993643992,0,0,0,0,0,214,0,0,1,0,0,0,1,14,22,0.0,0.01459714551449078,0.03846421379279784,0,0,0,0,0,0,0,0,13,0.09125266878687809,0,2,0.28364145306940236,0,0,0,4,168.43569656817584,50.0,2.0,0.0,203.3228020515249,0.0,336.69056441239866,0.0,131.5731408480016,1.0,86.0,0.6,0.0,0.0,106.0,669.7271803595454
9.230718648648649,45.474888442622955,1,15,14,0,0,0,0,0,0,0,0,0,0,0.24750108488670255,0,0,0,0,0,207,0,0,1,0,0,0,1,13,23,0.0,0.0,0.048428789305700534,0,0,0,0,0,0,0,0,14,0.09415140208183115,0,2,0.34379966483221386,0,0,0,4,28.56336444662606,30.370758534903082,0.0,0.0,14.971939163861895,0.0,0.0,0.0,192.41954028222318,1.0,86.0,0.6,0.0,0.0,106.0,668.7681331404676
9.231042432432432,45.474888442622955,1,16,14,0,0,0,0,0,0,0,0,0,0,0.26685942897553433,0,0,0,0,0,200,0,0,1,0,0,0,1,13,23,0.0,0.0,0.062439903132079706,0,0,0,0,0,0,0,0,16,0.09533354734738606,0,4,1.2192955696782042,0,0,0,4,28.56336444662606,30.370758534903082,0.0,0.0,0.0,0.0,0.0,0.0,440.62578820587635,1.0,86.0,0.6,0.0,0.0,106.0,667.3597319096428
9.231366216216216,45.474888442622955,1,17,14,0,0,0,0,0,0,0,0,0,0,0.2972119259048711,0,0,0,0,0,190,0,0,1,0,0,0,1,13,23,0.0,0.0,0.08117133345438278,0,0,0,0,0,0,0,0,18,0.09514106842401238,0,4,1.148854148669261,0,0,0,4,28.56336444662606,30.370758534903082,0.0,0.0,0.0,0.0,0.0,0.0,479.41932059666317,1.0,86.0,0.6,0.0,0.0,106.0,666.3611380397256
9.23169,45.474888442622955,1,18,14,0,0,0,0,0,0,0,0,0,0,0.3327171693315909,0,0,0,0,0,187,0,0,1,0,0,0,1,11,23,0.0,0.0,0.10013346534874414,0,0,0,0,0,0,0,0,17,0.0950654760203718,0,6,1.6509298688144085,0,0,0,4,28.56336444662606,30.370758534903082,0.0,0.0,0.0,0.0,0.0,0.0,636.633636750268,1.0,86.0,0.6,0.0,0.0,106.0,664.2002665122578
9.232013783783783,45.474888442622955,1,19,14,0,0,0,0,0,0,0,0,0,0,0.3721881230650393,0,0,0,0,0,185,0,0,1,0,0,0,0,9,23,0.0,0.0,0.11429742710730247,0,0,0,0,0,0,0,0,17,0.09394455820365191,0,8,1.6891880288188819,0,0,0,2,37.52696010043836,31.799998753692766,1.797418796279876,0.0,0.0,0.0,127.06335308073032,248.2062479236532,890.6043300709774,1.0,86.0,0.6,0.0,0.0,106.0,662.9644148482307
9.232337567567567,45.474888442622955,1,20,14,0,0,0,0,0,0,0,0,0,0,0.4152409189669473,0,0,0,0,2,182,0,0,1,0,0,0,0,9,23,0.0,0.0,0.11991710855981445,0,0,0,0,0,0,0,0,14,0.09209068825598948,0,8,1.885143699944009,0,0,0,2,30.893517993851106,31.799998753692766,1.797418796279876,0.0,0.0,28.787871093098794,307.8770759656668,248.2062479236532,964.9445638059484,1.0,86.0,0.6,0.0,0.0,106.0,661.9004077190649
9.23266135135135,45.474888442622955,1,21,14,0,0,0,1,0,0,0,0,0,0,0.4614422881143337,0,0,1,0,3,178,0,0,1,0,0,0,0,9,22,0.0,0.0,0.11957152305018907,0,0,0,0,0,0,0,0,10,0.09130436032815077,0,8,0.7012083550977558,0,0,0,0,17.13283944777676,30.03008314324537,1.7732392338070508,0.0,0.0,60.72597807137859,314.5081274814083,302.27409263855543,1282.9025007706484,1.0,86.0,0.6,0.0,0.0,106.0,660.700863644963
9.232985135135134,45.474888442622955,1,22,14,0,0,0,1,0,0,0,0,0,0,0.5086523951145787,0,0,1,0,3,165,0,1,1,0,0,0,2,9,22,0.0,0.0,0.11874461678788595,0,0,0,0,0,0,0,0,11,0.09091703245150522,0,9,0.6322232589606218,0,0,0,0,8.753966763790688,27.864648744266464,1.7436563226095618,0.0,0.0,0.0,357.72925098592356,307.5722230621687,1375.6846579601881,1.0,86.0,0.6,0.0,0.0,106.0,660.4608882322763
9.233308918918919,45.474888442622955,1,23,14,0,0,0,1,0,0,0,0,0,0,0.5543202082651818,0,0,1,0,3,150,0,1,1,0,0,0,2,9,22,0.0,0.0,0.11662757335616987,0,0,0,0,0,0,0,1,10,0.08878235190477327,0,8,0.7049465389584841,0,0,0,0,10.311639119959207,27.955244426452843,1.7448939883741121,0.0,0.0,10.497232914805602,288.44935158514124,392.11883033216645,1343.7989155860118,1.0,86.0,0.6,0.0,0.0,106.0,659.0713442204383
9.233632702702701,45.474888442622955,1,24,14,0,1,0,1,0,0,0,0,0,0,0.5972385242239537,0,0,1,0,2,143,0,1,1,0,0,0,3,8,22,0.0,0.00013038584684785611,0.11365777318539927,0,0,0,0,0,0,0,1,7,0.08710721584193729,0,8,0.7927995428998007,0,0,0,0,12.521589230657687,28.165289828064957,1.7477635070564892,0.0,0.0,0.0,436.73187506958857,439.7793710764492,1402.6614069324407,1.0,86.0,0.6,0.0,0.0,106.0,658.95683554605
9.233956486486486,45.474888442622955,1,25,14,0,1,0,1,0,0,0,0,0,0,0.63512279121973,0,0,1,0,0,138,0,1,1,0,0,0,3,8,22,0.0,0.12438740075551946,0.11080324998444117,0,0,0,0,0,0,0,1,6,0.08548033796352177,0,8,0.5435218460819745,0,0,0,0,26.649247978021965,28.82539728998109,1.7567815130676034,0.0,0.0,214.00451565615577,896.3611001633933,382.8028027816612,1152.9153080075953,1.0,86.0,0.6,0.0,0.0,106.0,657.0572876949975
9.23428027027027,45.474888442622955,1,26,14,1,1,0,0,0,0,0,0,0,0,0.6698457593742195,0,0,0,0,0,131,0,1,1,0,0,0,2,7,22,0.16851548695387955,0.3120161031813688,0.1070421765448803,0,0,0,0,0,0,0,1,3,0.08316767364594112,0,8,0.6059754608737754,0,0,0,0,35.62046862384919,29.012061253708854,1.759331608081026,0.0,0.0,521.0146549905713,1305.4503169091884,190.60936529247755,1004.6239710539651,1.0,86.0,0.6,0.0,0.0,106.0,652.1932182261049
9.234604054054053,45.474888442622955,1,27,14,0,1,0,0,0,0,0,0,0,1,0.6935079720779517,0,0,0,0,0,122,1,1,1,0,0,1,2,6,21,0.6087095314266734,0.5119402421892999,0.10260343213529768,0,0,0,0,0,0,0,1,2,0.07969090333749822,0,6,0.7666071874824595,0,0,0,0,19.58417902419778,30.370758534903082,0.0,0.0,0.0,310.7749411817752,1175.0507414518668,0.0,893.6625742766645,1.0,86.0,0.6,0.0,0.0,106.0,657.4076510329372
9.234927837837837,45.474888442622955,1,28,14,1,1,0,0,0,0,0,0,0,1,0.7015061918847414,0,0,0,0,2,102,1,1,1,0,0,1,2,5,21,0.9793490429784821,0.7170203752373825,0.10204158135177324,0,0,0,0,0,0,0,1,1,0.07500648196332803,0,5,0.305910536497739,0,0,0,0,10.466974042940803,30.370758534903082,0.0,0.0,0.0,56.8783568373192,565.2165983188033,0.0,725.5295655826924,1.0,86.0,0.6,0.0,0.0,106.0,661.5258429392891
9.235251621621622,45.474888442622955,1,29,14,1,1,0,0,0,0,0,0,0,1,0.7007187943996456,0,0,0,0,4,74,1,1,1,0,0,1,2,5,21,1.0,0.9054361307747175,0.10204158135177324,0,0,0,0,0,0,0,0,1,0.06970332479329024,0,3,0.33759619143444725,0,0,0,0,5.761058354541529,30.370758534903082,0.0,0.0,0.0,15.089949886473727,311.09715114524255,0.0,383.7752464723184,1.0,86.0,0.6,0.0,0.0,106.0,663.4710105515358
9.235575405405404,45.474888442622955,1,30,14,1,1,0,0,0,0,0,0,0,1,0.6934497471904818,0,0,0,0,9,55,1,1,0,0,0,1,2,5,19,1.0,0.9810745587093225,0.10204158135177324,0,0,0,0,0,0,0,0,0,0.06439976440958749,0,3,0.4039597446298586,0,0,0,0,7.39730818557743,30.370758534903082,0.0,0.0,0.0,59.95962375660082,340.27617653656176,0.0,321.30109680080807,1.0,86.0,0.6,0.0,0.0,106.0,664.0736993486698
9.235899189189189,45.474888442622955,1,31,14,0,1,0,0,0,0,0,0,0,1,0.6807636478971877,0,0,0,0,9,51,1,1,0,0,0,1,2,5,17,1.0,0.9103928791856275,0.10204158135177324,0,0,0,0,0,0,0,0,0,0.058521553532131204,0,2,0.004949680787323102,0,0,0,0,7.124106191187084,30.370758534903082,0.0,0.0,0.0,68.32559747965506,327.70888479460586,0.0,351.8886514050643,1.0,86.0,0.6,0.0,0.0,106.0,664.373746545589
9.236222972972971,45.474888442622955,1,32,14,0,1,0,0,0,0,0,0,0,1,0.6632272160497911,0,0,0,0,6,51,1,1,0,0,0,1,2,5,15,0.9057223229191841,0.7181220229590897,0.10204158135177324,0,0,0,0,0,0,0,0,0,0.05196426060587473,0,1,0.5034766628105448,0,0,0,0,14.322930263504292,30.370758534903082,0.0,0.0,0.0,56.55421468778849,916.6675368642747,0.0,267.38581946540864,1.0,86.0,0.6,0.0,0.0,106.0,664.8619572178162
9.236546756756756,45.474888442622955,1,33,14,0,1,0,0,0,0,0,0,0,1,0.641323180945875,0,0,0,0,0,51,1,1,0,0,0,1,2,5,14,0.48609009741636094,0.4931914019679404,0.10204158135177324,0,0,0,0,0,0,0,0,0,0.04410217840925713,0,0,1.002946035953557,0,0,0,0,23.16404933266589,30.370758534903082,0.0,0.0,0.0,605.7932060011988,1389.8429599599533,0.0,267.38581946540864,1.0,86.0,0.6,0.0,0.0,106.0,666.5196246369562
9.23687054054054,45.474888442622955,1,34,14,0,0,0,0,0,0,0,0,0,1,0.6153101693785116,0,0,0,0,0,50,1,1,0,0,0,0,2,5,11,0.07502345861600178,0.2690651441643396,0.10204158135177324,0,0,0,0,0,0,0,0,0,0.03863625106017515,0,0,2.0,0,0,0,0,32.65094424023622,30.370758534903082,0.0,0.0,0.0,79.64034573832956,1240.7358811289764,0.0,233.07555427277816,1.0,86.0,0.6,0.0,0.0,106.0,665.9697680952904
9.237194324324323,45.474888442622955,1,35,14,0,0,0,0,0,0,0,0,0,1,0.5852304551163486,0,0,0,0,0,47,1,1,0,0,0,0,2,5,11,0.0,0.0797117132588202,0.10204158135177324,0,0,0,0,0,0,0,0,0,0.031399116100945305,0,0,2.0,0,0,0,0,12.571166236493625,30.370758534903082,0.0,0.0,0.0,0.0,75.42699741896175,0.0,121.05081414202556,1.0,86.0,0.6,0.0,0.0,106.0,666.1460887178599
9.237518108108107,45.474888442622955,1,36,14,0,0,0,0,0,0,0,0,0,1,0.5508414581920661,0,0,0,0,0,43,1,1,0,0,0,0,2,5,11,0.0,0.0,0.10184951901259888,0,0,0,0,0,0,0,0,0,0.026103770483911246,0,0,2.0,0,0,0,0,28.56336444662606,30.370758534903082,0.0,0.0,0.0,0.0,0.0,0.0,0.0,1.0,86.0,0.6,0.0,0.0,106.0,666.8960581312422
9.225861891891892,45.47511385245902,1,0,15,0,0,0,0,0,0,0,0,0,0,0.09815770027909611,0,0,0,0,0,119,0,0,0,0,0,1,2,9,20,0.637161214704334,0.3056736603665226,0.07698883908880591,0,0,0,0,0,0,0,0,2,0.031120978792889258,0,1,0.5016711692442848,0,0,0,0,28.56336444662606,30.370758534903082,0.0,0.0,97.53641455741689,0.0,0.0,0.0,298.17928475267814,1.0,86.0,0.6,0.0,0.0,106.0,669.3285456398912
9.226185675675676,45.47511385245902,1,1,15,0,0,0,0,0,0,0,0,0,0,0.10148992573727396,0,0,0,0,0,130,0,0,0,0,0,1,2,11,20,0.4254521089006297,0.30263069641039925,0.07947609008569485,0,0,0,0,0,0,0,0,2,0.03454789678622467,0,1,1.1262533769332135,0,0,0,0,123.43393390503131,30.370758534903082,0.0,0.0,130.17849653500812,0.0,740.6036034301878,0.0,573.4380332443108,1.0,86.0,0.6,0.0,0.0,106.0,668.0258590821578
9.226509459459459,45.47511385245902,1,2,15,0,0,0,0,0,0,0,0,0,0,0.10262719935994533,0,0,0,0,0,154,0,0,0,0,0,1,2,12,21,0.17623689397640338,0.1977489572370444,0.07963934735677551,0,0,0,0,0,0,0,0,2,0.038718616905700526,0,1,0.7815367810986987,0,0,0,0,64.98852894407649,27.912573104614502,1.7443110374774153,0.0,229.39899650409583,730.4400736836628,1619.692981062708,70.00877148328098,1068.8311046156903,1.0,86.0,0.6,0.0,0.0,106.0,668.4218039590363
9.226833243243243,45.47511385245902,1,3,15,0,0,0,0,0,0,0,0,0,0,0.1031273982633897,0,0,0,0,0,183,0,0,0,0,0,0,2,12,21,0.014920003914389062,0.07684253667124609,0.07858549435836167,0,0,0,0,0,0,0,0,1,0.04256473810587037,0,1,0.8636282622174464,0,0,0,0,40.60410347425887,28.137768523897655,1.7473875269309294,0.0,272.88018383450435,197.69019833127126,1759.5769790129348,189.41998775149148,1230.9816645575952,1.0,86.0,0.6,0.0,0.0,106.0,666.9383999567275
9.227157027027028,45.47511385245902,1,4,15,0,0,0,0,0,0,0,0,0,0,0.10436083868002782,0,0,0,0,0,213,0,0,1,0,0,0,2,12,21,0.0,0.02510707025355735,0.07769816324182821,0,0,0,0,0,0,0,0,0,0.047767483940196184,0,1,0.9681283229183926,0,0,0,0,15.19087768151661,28.391258527537403,1.7508505606163007,0.0,280.78714120421307,84.03160125213434,453.5038488859371,275.6582798268602,1591.829264008892,1.0,86.0,0.6,0.0,0.0,106.0,666.6548471472479
9.22748081081081,45.47511385245902,1,5,15,0,0,0,0,0,0,0,0,0,0,0.10841181561434446,0,0,0,0,0,227,0,0,1,0,0,0,2,12,21,0.0,0.004803616704517077,0.07597740034900749,0,0,0,0,0,0,0,0,0,0.05318351530725172,0,1,1.0559470334175236,0,0,0,2,12.053578343918433,28.336431868689704,1.7503274547900207,0.0,264.59864500256657,0.0,189.59696273206396,509.51058121520515,1759.0891342017644,1.0,86.0,0.6,0.0,0.0,106.0,667.6802621251052
9.227804594594595,45.47511385245902,1,6,15,0,0,0,0,0,0,0,0,0,0,0.11414984524695722,0,0,0,0,0,243,0,0,1,0,0,0,2,12,21,0.0,0.001616816140209013,0.07297804300523168,0,0,0,0,0,0,0,0,0,0.05734680139997977,0,1,0.7496443775778532,0,0,0,4,11.113414399487944,28.613974100656165,1.7538931718470896,0.0,264.59864500256657,7.858562196206198,61.741252381544655,293.88800840206954,1742.4588055078386,1.0,86.0,0.6,0.0,0.0,106.0,668.5584662595479
9.228128378378377,45.47511385245902,1,7,15,0,0,0,0,0,0,0,0,0,0,0.12104740998258395,0,0,1,0,5,252,0,0,1,0,0,0,2,12,22,0.0,0.0,0.06983072922857961,0,0,0,0,0,0,0,0,0,0.06255171858919181,0,1,0.2630514110348226,0,0,0,4,17.691875894459574,29.42201075670458,1.764932100872817,0.0,353.7290079211419,0.0,35.857444949448954,353.3638247286616,1532.8274611822808,1.0,86.0,0.6,0.0,0.0,106.0,667.9434504762187
9.228452162162162,45.47511385245902,1,8,15,0,0,0,0,0,0,0,0,0,0,0.12883993468436408,0,0,1,0,9,263,0,0,1,0,0,0,1,12,22,0.0,0.0,0.06667218319297848,0,0,0,0,0,0,0,0,0,0.06689816030061525,0,2,0.23318122662989016,0,0,0,4,51.90112273299792,31.059684809378897,1.7873050557374577,0.0,310.2478205907334,0.0,0.0,207.60449093199168,1417.6664080438738,1.0,86.0,0.6,0.0,0.0,106.0,668.0447250487314
9.228775945945946,45.47511385245902,1,9,15,0,0,0,0,0,0,0,0,0,0,0.13737211893481324,0,1,1,0,9,280,0,0,1,0,0,0,2,12,23,0.0,0.0,0.06272783029098668,0,0,0,0,0,0,0,0,0,0.06974645049124986,0,2,0.256287098550084,0,0,0,4,28.56336444662606,30.370758534903082,0.0,0.0,310.2478205907334,0.0,0.0,0.0,1057.3480194517033,1.0,86.0,0.6,0.0,0.0,106.0,668.8885530175476
9.229099729729729,45.47511385245902,1,10,15,0,0,0,0,0,0,0,0,0,0,0.1477373991682221,0,0,1,0,7,285,0,0,1,0,0,0,2,14,23,0.0,0.0,0.05827155344142803,0,0,0,0,0,0,0,0,0,0.07142362566204426,0,2,0.2707951621597124,0,0,0,4,28.56336444662606,30.370758534903082,0.0,0.0,203.3228020515249,0.0,0.0,0.0,531.0130901509633,1.0,86.0,0.6,0.0,0.0,106.0,669.6509625548247
9.229423513513513,45.47511385245902,1,11,15,0,0,0,0,0,0,0,0,0,0,0.1589689198402264,0,1,1,0,9,287,0,0,1,0,0,0,1,14,23,0.0,0.0,0.05381110976531781,0,0,0,0,0,0,0,0,1,0.07299009261267263,0,2,0.6644834969533447,0,0,0,4,28.56336444662606,30.370758534903082,0.0,0.0,203.3228020515249,0.0,0.0,0.0,360.4728819791339,1.0,86.0,0.6,0.0,0.0,106.0,669.3992460090371
9.229747297297298,45.47511385245902,1,12,15,0,0,0,0,0,0,0,0,0,0,0.1692555446474233,0,0,1,0,6,276,0,0,1,0,0,0,1,14,22,0.0,0.0,0.048782557847403145,0,0,0,0,0,0,0,0,4,0.0730054941040901,0,2,0.32450708040329207,0,0,0,4,210.25821502650246,50.0,2.0,0.0,203.3228020515249,0.0,503.9806382457051,0.0,133.46485304933083,1.0,86.0,0.6,0.0,0.0,106.0,669.6343655266321
9.23007108108108,45.47511385245902,1,13,15,0,0,0,0,0,0,0,0,0,0,0.17964740502386706,0,0,1,0,0,253,0,0,1,0,0,0,1,15,23,0.0,0.0,0.04298733693535002,0,0,0,0,0,0,0,0,5,0.07461682857475482,0,2,0.2960810102729194,0,0,0,4,196.28723741973474,50.0,2.0,0.0,203.3228020515249,0.0,840.6712026581038,0.0,296.5609947690733,1.0,86.0,0.6,0.0,0.0,106.0,669.0757330878898
9.230394864864865,45.47511385245902,1,14,15,0,0,0,0,0,0,0,0,0,0,0.19055940784984507,0,0,0,0,0,242,0,0,1,0,0,0,1,15,23,0.0,0.0,0.04094333091357642,0,0,0,0,0,0,0,0,9,0.07924490859379239,0,2,0.33355486371054,0,0,0,4,168.43569656817584,50.0,2.0,0.0,0.0,0.0,336.69056441239866,0.0,334.22387089278624,1.0,86.0,0.6,0.0,0.0,106.0,669.0570195841917
9.230718648648649,45.47511385245902,1,15,15,0,0,0,0,0,0,0,0,0,0,0.20199434079404494,0,0,1,0,0,224,0,0,1,0,0,0,1,14,23,0.0,0.0,0.0477143007903113,0,0,0,0,0,0,0,0,10,0.0814982713749171,0,2,0.3452388209304645,0,0,0,4,28.56336444662606,30.370758534903082,0.0,0.0,0.0,0.0,0.0,0.0,364.5154865848076,1.0,86.0,0.6,0.0,0.0,106.0,667.7786736298931
9.231042432432432,45.47511385245902,1,16,15,0,0,0,0,0,0,0,0,0,0,0.22372473676442253,0,0,1,0,0,219,0,0,1,0,0,0,1,14,23,0.0,0.0,0.0615410874107943,0,0,0,0,0,0,0,0,11,0.08338495319562512,0,4,1.0335627349216432,0,0,0,4,28.56336444662606,30.370758534903082,0.0,0.0,0.0,0.0,0.0,0.0,666.3296458909781,1.0,86.0,0.6,0.0,0.0,106.0,666.3042922063952
9.231366216216216,45.47511385245902,1,17,15,0,0,0,0,0,0,0,0,0,0,0.25736451528760096,0,0,0,0,0,215,0,0,1,0,0,0,1,13,23,0.0,0.0,0.08190481542959736,0,0,0,0,0,0,0,0,11,0.08307921353514716,0,4,0.9485630042321282,0,0,0,4,28.56336444662606,30.370758534903082,0.0,0.0,0.0,0.0,0.0,0.0,798.8613402102541,1.0,86.0,0.6,0.0,0.0,106.0,665.8278516483806
9.23169,45.47511385245902,1,18,15,0,0,0,0,0,0,0,0,0,0,0.29612992939975075,0,0,0,0,0,216,0,0,1,0,0,0,0,11,23,0.0,0.0,0.10144393427107547,0,0,0,0,0,0,0,0,11,0.08305543409159315,0,6,1.3137089825195083,0,0,0,4,28.56336444662606,30.370758534903082,0.0,0.0,0.0,0.0,0.0,0.0,889.0668777365014,1.0,86.0,0.6,0.0,0.0,106.0,663.9509066891994
9.232013783783783,45.47511385245902,1,19,15,0,0,0,0,0,0,0,0,0,0,0.33866303782141133,0,0,0,0,0,205,0,0,1,0,0,0,0,10,23,0.0,0.0,0.11496368477416063,0,0,0,0,0,0,0,0,10,0.08105285505049536,0,9,1.1746821743057017,0,0,0,4,47.251666739485074,33.53395126041761,1.821107051648541,0.0,0.0,0.0,111.85845539382676,171.65154504308367,950.4704896004386,1.0,86.0,0.6,0.0,0.0,106.0,663.4344826344138
9.232337567567567,45.47511385245902,1,20,15,0,0,0,1,0,0,0,0,0,0,0.38443402095633333,0,0,1,0,1,193,0,0,1,0,0,0,1,9,23,0.0,0.0,0.12127302339424353,0,0,0,0,0,0,0,0,9,0.07898334951342328,0,8,1.5621957570636444,0,0,0,2,34.12903180909208,31.799998753692766,1.797418796279876,0.0,0.0,0.0,297.85826102182017,248.2062479236532,1083.9644805757089,1.0,86.0,0.6,0.0,0.0,106.0,661.2067180010852
9.23266135135135,45.47511385245902,1,21,15,0,0,0,1,0,0,0,0,0,0,0.43213926647722584,0,0,1,0,1,188,0,0,1,0,0,0,1,9,23,0.0,0.0,0.12156941821825727,0,0,0,0,0,0,0,0,8,0.07840513315122828,0,8,0.9106680441906598,0,0,0,2,24.423505963126523,33.53395126041761,1.821107051648541,0.0,0.0,0.0,316.8185742194468,171.65154504308367,1208.574484222777,1.0,86.0,0.6,0.0,0.0,106.0,661.2166544680396
9.232985135135134,45.47511385245902,1,22,15,0,0,0,1,0,0,0,0,0,0,0.47924801553890434,0,0,1,0,0,174,0,1,1,0,0,0,2,9,23,0.0,0.0,0.11914859704099233,0,0,0,0,0,0,0,0,6,0.07719920669501068,0,9,0.7579383375304282,0,0,0,0,9.60037633063079,27.912269732273057,1.7443068929801078,0.0,0.0,0.0,221.4495524488289,104.96324279261793,1596.635940175635,1.0,86.0,0.6,0.0,0.0,106.0,660.2741708995327
9.233308918918919,45.47511385245902,1,23,15,0,0,0,1,0,0,0,0,0,0,0.5247805888716083,0,0,1,0,1,160,0,1,1,0,0,0,2,9,22,0.0,0.0,0.11563280893251415,0,0,1,0,0,0,0,0,5,0.07730326282987714,0,8,0.8348794526652933,0,0,0,0,8.51854575546381,27.596165111705442,1.7399884546456204,0.0,0.0,114.12569875482288,337.6707140673149,88.25657370587557,1713.0301454383653,1.0,86.0,0.6,0.0,0.0,106.0,659.5541592999145
9.233632702702701,45.47511385245902,1,24,15,0,1,0,1,0,0,0,0,0,0,0.5676292260923983,0,0,1,0,0,150,0,1,1,0,0,0,3,9,22,0.0,0.00030461614120686175,0.11227500360141782,0,0,0,0,0,0,0,1,4,0.07718579904070542,0,8,0.7946856833033621,0,0,0,0,10.805967714809405,27.8462223072527,1.7434045912940712,0.0,0.0,143.57111987988793,450.411886884009,219.558111434174,1617.8293492832813,1.0,86.0,0.6,0.0,0.0,106.0,658.7864603687415
9.233956486486486,45.47511385245902,1,25,15,0,1,0,1,0,0,0,0,0,0,0.606033794817185,0,0,1,0,0,141,0,1,1,0,0,0,3,8,22,0.0,0.10532656281584873,0.10939362147416967,0,0,0,0,0,0,0,1,2,0.07636798706239545,0,8,0.8908480220299021,0,4,0,0,22.637383672033696,28.690905791349184,1.7549441680698878,0.0,0.0,68.07371777943607,1170.4440629689825,233.07372469710668,1560.387579961283,1.0,86.0,0.6,0.0,0.0,106.0,657.9041090808787
9.23428027027027,45.47511385245902,1,26,15,1,1,0,1,0,0,0,0,0,0,0.6433080667002515,0,0,1,0,0,134,0,1,1,0,0,0,3,6,22,0.1705199608111647,0.2517500129603215,0.10540840150114666,0,0,0,0,0,0,0,1,1,0.07363836394871712,0,8,1.0201788926742414,0,0,0,0,28.776534000150935,29.102026804886798,1.7605606653605193,0.0,0.0,596.2938300450829,1165.9287452199821,100.23875078665877,1604.0508596954248,1.0,86.0,0.6,0.0,0.0,106.0,655.9335400940379
9.234604054054053,45.47511385245902,1,27,15,1,1,0,0,0,0,0,0,0,1,0.6698643578854141,0,0,0,0,2,130,1,1,1,0,0,1,3,6,22,0.5727422137689876,0.41730753874256293,0.10208590204760294,0,0,0,0,0,0,0,1,1,0.07026530924025587,0,7,0.8752807754217946,0,0,0,0,28.49152614723301,30.370758534903082,0.0,0.0,0.0,355.3018155579351,1082.6779935948543,0.0,1257.5251459324425,1.0,86.0,0.6,0.0,0.0,106.0,659.4704939902545
9.234927837837837,45.47511385245902,1,28,15,1,1,0,0,0,0,0,0,0,1,0.6809238086149403,0,0,0,0,4,118,1,1,1,0,0,1,2,5,22,0.9247432221778452,0.5939831802366083,0.10204158135177324,0,0,0,0,0,0,0,0,0,0.06485257240832153,0,6,0.35632186385749615,0,0,0,0,10.959175313869148,30.370758534903082,0.0,0.0,0.0,0.0,547.9587656934574,0.0,782.5050557466949,1.0,86.0,0.6,0.0,0.0,106.0,661.9756634028361
9.235251621621622,45.47511385245902,1,29,15,1,1,0,0,0,0,0,0,0,1,0.6827903255292606,0,0,0,0,4,94,1,1,1,0,0,1,2,5,21,0.969268019705499,0.7803438328155502,0.10204158135177324,0,0,0,0,0,0,0,0,0,0.059863655845962746,0,3,0.40469092823574637,0,0,0,0,6.88636608118466,30.370758534903082,0.0,0.0,0.0,30.836201772797658,234.13644676027843,0.0,662.7520874360989,1.0,86.0,0.6,0.0,0.0,106.0,663.4898555140331
9.235575405405404,45.47511385245902,1,30,15,0,1,0,0,0,0,0,0,0,1,0.677938983692072,0,0,0,0,6,66,1,1,0,0,0,1,2,5,20,1.000000000000083,0.8927644558699602,0.10204158135177324,0,0,0,0,0,0,0,0,0,0.05337769829353091,0,3,0.5044190539303354,0,0,0,0,7.346509274843709,30.370758534903082,0.0,0.0,0.0,0.0,323.2464080931232,0.0,457.5548106412613,1.0,86.0,0.6,0.0,0.0,106.0,664.0671528316868
9.235899189189189,45.47511385245902,1,31,15,0,1,0,0,0,0,0,0,0,1,0.6677764940558077,0,0,0,0,7,53,1,1,0,0,0,1,2,5,18,0.9999999999999126,0.8649029410466604,0.10204158135177324,0,0,0,0,0,0,0,0,0,0.04770386649966488,0,2,0.5044190539303354,0,0,0,0,7.084450373944679,30.370758534903082,0.0,0.0,0.0,60.7240575260479,283.3780149577872,0.0,262.1027292558231,1.0,86.0,0.6,0.0,0.0,106.0,664.6841315092013
9.236222972972971,45.47511385245902,1,32,15,0,1,0,0,0,0,0,0,0,1,0.6528370204852713,0,0,0,0,3,51,1,1,0,0,0,1,2,5,17,0.9007991355684962,0.7030610675563729,0.10204158135177324,0,0,0,0,0,0,0,0,0,0.04201766864718187,0,2,0.6693381931116885,0,0,0,0,24.44294644602236,30.370758534903082,0.0,0.0,0.0,0.0,1075.489643624984,0.0,205.55364608168117,1.0,86.0,0.6,0.0,0.0,106.0,665.5900000894029
9.236546756756756,45.47511385245902,1,33,15,0,0,0,0,0,0,0,0,0,1,0.633528679549065,0,0,0,0,0,51,1,1,0,0,0,1,2,5,15,0.47938197108400094,0.48466585308102517,0.10204158135177324,0,0,0,0,0,0,0,0,0,0.036655079080075155,0,1,1.0010612537139758,0,0,0,0,32.36754234683094,30.370758534903082,0.0,0.0,0.0,820.0353369471374,1812.5823714225326,0.0,121.05081414202556,1.0,86.0,0.6,0.0,0.0,106.0,667.1619506019837
9.23687054054054,45.47511385245902,1,34,15,0,0,0,0,0,0,0,0,0,1,0.6100875734225224,0,0,0,0,0,50,1,1,0,0,0,0,2,5,11,0.0704926208311801,0.2664725745675027,0.10204158135177324,0,0,0,0,0,0,0,0,0,0.030563936004265307,0,0,2.0,0,0,0,0,42.96223667473483,30.370758534903082,0.0,0.0,0.0,67.29578684841827,1718.4894669893933,0.0,0.0,1.0,86.0,0.6,0.0,0.0,106.0,666.7069666573051
9.237194324324323,45.47511385245902,1,35,15,0,0,0,0,0,0,0,0,0,1,0.5825597554409886,0,0,0,0,0,47,1,1,0,0,0,0,2,5,11,0.0,0.07757640394604935,0.10204158135177324,0,0,0,0,0,0,0,0,0,0.026344100652800045,0,0,2.0,0,0,0,0,33.64789342420914,30.370758534903082,0.0,0.0,0.0,0.0,67.29578684841827,0.0,0.0,1.0,86.0,0.6,0.0,0.0,106.0,666.7729196394614
9.237518108108107,45.47511385245902,1,36,15,0,0,0,0,0,0,0,0,0,1,0.5507012474220803,0,0,0,0,0,42,1,1,0,0,0,0,2,5,11,0.0,0.0,0.10201179624328896,0,0,0,0,0,0,0,0,0,0.02250327745544895,0,0,2.0,0,0,0,0,28.56336444662606,30.370758534903082,0.0,0.0,0.0,0.0,0.0,0.0,0.0,1.0,86.0,0.6,0.0,0.0,106.0,666.9385914285115
9.225861891891892,45.47533926229508,1,0,16,0,0,0,0,0,0,0,0,0,0,0.06181141474619,0,0,0,0,0,135,0,0,0,0,0,1,2,10,19,0.5895093116708912,0.24548848925782352,0.09118148171454983,0,0,0,0,0,0,0,1,1,0.02650012377531509,0,1,0.7512533769332136,0,0,0,0,28.56336444662606,30.370758534903082,0.0,0.0,0.0,0.0,0.0,0.0,436.9298614223997,1.0,86.0,0.6,0.0,0.0,106.0,668.2993542110953
9.226185675675676,45.47533926229508,1,1,16,0,0,0,0,0,0,0,0,0,0,0.06268594819445722,0,0,0,0,0,155,0,0,0,0,0,1,2,11,20,0.4342439056532737,0.23097948114210298,0.09407377012713429,0,0,0,0,0,0,0,1,1,0.029351579599922552,0,1,1.013574154152914,0,0,0,0,112.6306059243508,27.86085434887469,1.74360448577628,0.0,0.0,0.0,884.9608855113851,16.083961883421235,778.744939220441,1.0,86.0,0.6,0.0,0.0,106.0,667.1247444103058
9.226509459459459,45.47533926229508,1,2,16,0,0,0,0,0,0,0,0,0,0,0.06315502708406426,0,0,0,0,0,185,0,0,0,0,0,1,4,11,21,0.23707392226849708,0.14909734727835222,0.0944965920976671,0,0,0,0,0,0,0,0,0,0.032502718187470914,0,2,0.9386315479183768,0,0,0,0,53.25696114684201,28.360844257660805,1.7504350584679464,0.0,0.0,874.7973557648601,1631.9686105081612,178.76806848446762,1110.5826652241792,1.0,86.0,0.6,0.0,0.0,106.0,668.9024447070033
9.226833243243243,45.47533926229508,1,3,16,0,0,0,0,0,0,0,0,0,0,0.06361457589601405,0,0,0,0,0,223,0,0,0,0,0,0,5,12,21,0.041309560008935695,0.08694953328974374,0.09290302732074389,0,0,0,0,0,0,0,0,0,0.03705690941210083,0,2,0.9583259070326592,0,0,0,0,35.07091768969735,28.361692131868814,1.7504466416345448,0.0,0.0,349.69340014063505,1735.9339412497682,298.17928475267814,1439.8781110730401,1.0,86.0,0.6,0.0,0.0,106.0,667.20197705542
9.227157027027028,45.47533926229508,1,4,16,0,0,0,0,0,0,0,0,0,0,0.06413116580180662,0,0,0,0,1,256,0,0,1,0,0,0,5,12,21,0.0,0.0628362167521605,0.08962412706824771,0,0,0,0,0,0,0,0,0,0.0404548559930215,0,2,0.8937751431365086,0,0,0,2,10.537935445634625,28.486321453523157,1.7521492552795683,0.0,0.0,25.92556106768645,266.68549508418954,365.59063165388784,1816.907866160782,1.0,86.0,0.6,0.0,0.0,106.0,667.0518097432226
9.22748081081081,45.47533926229508,1,5,16,0,0,0,0,0,0,0,0,0,0,0.0676739288891485,0,0,0,0,0,273,0,0,1,0,0,0,5,12,21,0.0,0.039774681786569094,0.08636075076496454,0,0,0,0,0,0,0,0,0,0.04473211575075285,0,1,1.0475030673092856,0,0,0,4,12.35379206483955,28.67304823325434,1.7547002084488657,0.0,0.0,25.934054874767185,204.24448880267516,536.9830350876978,1818.0874365580692,1.0,86.0,0.6,0.0,0.0,106.0,667.817471352052
9.227804594594595,45.47533926229508,1,6,16,0,0,0,0,0,0,0,0,0,0,0.0733697991070378,0,0,0,0,0,280,0,0,1,0,0,0,4,12,21,0.0,0.03554389277794208,0.08281507324797913,0,0,0,0,0,0,0,0,0,0.04907799829190639,0,1,0.5622208167553943,0,0,0,4,14.55619244342688,29.30826933457312,1.7633782314081137,0.0,0.0,0.0,77.82328699254357,446.19964097082413,1856.6267833491581,1.0,86.0,0.6,0.0,0.0,106.0,668.2555891662109
9.228128378378377,45.47533926229508,1,7,16,0,0,0,0,0,0,0,0,0,0,0.08022516693337585,0,0,1,0,7,294,0,0,1,0,0,0,4,12,23,0.0,0.01458018842023998,0.07887648681652368,0,0,0,0,0,0,0,0,0,0.05206537453602821,0,1,0.22185120537715664,0,0,0,4,20.03550225124983,29.93964279754097,1.772003690159594,0.0,0.0,0.0,28.214158897402164,292.3538771225951,1696.3172686379366,1.0,86.0,0.6,0.0,0.0,106.0,667.4739710598687
9.228452162162162,45.47533926229508,1,8,16,0,0,0,0,0,0,0,0,0,0,0.08797603640231418,0,0,1,0,13,312,0,0,1,0,0,0,3,13,23,0.0,0.0,0.07444006999845229,0,0,0,0,0,0,0,0,0,0.05435360515973327,0,2,0.2218512053771566,0,0,0,4,51.90112273299792,31.059684809378897,1.7873050557374577,0.0,0.0,0.0,0.0,207.60449093199168,1282.8007354678853,1.0,86.0,0.6,0.0,0.0,106.0,667.3901432108273
9.228775945945946,45.47533926229508,1,9,16,0,0,0,0,0,0,0,0,0,0,0.09792931523276845,0,1,1,0,12,325,0,0,1,0,0,0,2,13,23,0.0,0.0,0.07122323203972243,0,0,0,0,0,0,0,0,0,0.05634304973044138,0,2,0.24441686468766088,0,0,0,4,28.56336444662606,30.370758534903082,0.0,0.0,0.0,0.0,0.0,0.0,1052.0569836678824,1.0,86.0,0.6,0.0,0.0,106.0,667.6800918601609
9.229099729729729,45.47533926229508,1,10,16,0,0,0,0,0,0,0,0,0,0,0.10829581566485777,0,1,1,0,15,328,0,0,1,0,0,0,2,14,23,0.0,0.0,0.06838139780424973,0,0,0,0,0,0,0,0,0,0.05878754355530832,0,1,0.22422566824935183,0,0,0,4,28.56336444662606,30.370758534903082,0.0,0.0,0.0,0.0,0.0,0.0,633.839375564175,1.0,86.0,0.6,0.0,0.0,106.0,668.1388571672383
9.229423513513513,45.47533926229508,1,11,16,0,0,0,0,0,0,0,0,0,0,0.11803904912044343,0,1,1,0,11,322,0,0,1,0,0,0,1,14,23,0.0,0.0,0.0641617664782948,0,0,0,0,0,0,0,0,0,0.061504958562822266,0,2,0.3826338899020154,0,0,0,4,28.56336444662606,30.370758534903082,0.0,0.0,0.0,0.0,0.0,0.0,439.60350814696517,1.0,86.0,0.6,0.0,0.0,106.0,668.2580043204442
9.229747297297298,45.47533926229508,1,12,16,0,0,0,0,0,0,0,0,0,0,0.1281667895028718,0,0,1,0,8,309,0,0,1,0,0,0,1,14,24,0.0,0.0,0.05831127576420543,0,0,0,0,0,0,0,0,0,0.06247611862306323,0,2,0.28441653214827645,0,0,0,4,210.25821502650246,50.0,2.0,0.0,0.0,0.0,503.9806382457051,0.0,398.35478618993375,1.0,86.0,0.6,0.0,0.0,106.0,668.370217604696
9.23007108108108,45.47533926229508,1,13,16,0,0,0,0,0,0,0,0,0,0,0.13883869311744496,0,0,1,0,0,295,0,0,1,0,0,0,1,15,24,0.0,0.0,0.04922784186003194,0,0,0,0,0,0,0,0,2,0.06481846013105448,0,2,0.3341919035241759,0,0,0,4,196.28723741973474,50.0,2.0,0.0,0.0,0.0,840.6712026581038,0.0,402.9336299774947,1.0,86.0,0.6,0.0,0.0,106.0,668.4156560763445
9.230394864864865,45.47533926229508,1,14,16,0,0,0,0,0,0,0,0,0,0,0.1500493943746123,0,0,1,0,0,273,0,0,1,0,0,0,1,15,24,0.0,0.0,0.04456754311533696,0,0,0,0,0,0,0,0,4,0.06605631009815106,0,2,0.42268467092761447,0,0,0,4,168.43569656817584,50.0,2.0,0.0,0.0,0.0,336.69056441239866,0.0,496.629477277846,1.0,86.0,0.6,0.0,0.0,106.0,667.9689108542482
9.230718648648649,45.47533926229508,1,15,16,0,0,0,0,0,0,0,0,0,0,0.1618075568810532,0,0,1,0,0,256,0,0,1,0,0,0,1,16,23,0.0,0.0,0.048960072565956546,0,0,0,0,0,0,0,0,5,0.0685173890491298,0,2,0.45566207577397283,0,0,0,4,28.56336444662606,30.370758534903082,0.0,0.0,0.0,0.0,0.0,0.0,588.2258333279597,1.0,86.0,0.6,0.0,0.0,106.0,667.1346472918713
9.231042432432432,45.47533926229508,1,16,16,0,0,0,0,0,0,0,0,0,0,0.1845698798282504,0,0,1,0,0,246,0,0,1,0,0,0,1,16,23,0.0,0.0,0.06047399390143441,0,0,0,0,0,0,0,0,6,0.06981285407548124,0,5,0.45359263366202596,0,0,0,4,28.56336444662606,30.370758534903082,0.0,0.0,0.0,0.0,0.0,0.0,841.1288528327708,1.0,86.0,0.6,0.0,0.0,106.0,665.8867445273245
9.231366216216216,45.47533926229508,1,17,16,0,0,0,0,0,0,0,0,0,0,0.22105249572324842,0,0,1,0,0,238,0,0,1,0,0,0,0,13,23,0.0,0.0,0.07960597507067971,0,0,0,0,0,0,0,0,7,0.07059430805763217,0,5,1.6097830898234067,0,0,0,4,28.56336444662606,30.370758534903082,0.0,0.0,0.0,0.0,0.0,0.0,833.1732836974638,1.0,86.0,0.6,0.0,0.0,106.0,664.5091033408727
9.23169,45.47533926229508,1,18,16,0,0,0,0,0,0,0,0,0,0,0.26248517387482523,0,0,1,0,0,234,0,0,1,0,0,0,0,13,23,0.0,0.0,0.09880059695070026,0,0,0,0,0,0,0,0,6,0.06917946050953291,0,6,1.6885836314404863,0,0,0,4,28.56336444662606,30.370758534903082,0.0,0.0,0.0,0.0,0.0,0.0,832.2139266696773,1.0,86.0,0.6,0.0,0.0,106.0,663.1471353177124
9.232013783783783,45.47533926229508,1,19,16,0,0,0,1,0,0,0,0,0,0,0.30769714087869937,0,0,0,0,0,233,0,0,1,0,0,0,1,11,23,0.0,0.0,0.11381940175663892,0,0,0,0,0,0,0,0,5,0.06827862713841755,0,9,1.7377681765433781,0,0,0,4,51.91499277048716,16.766975630208805,1.5807326595438616,0.0,0.0,0.0,0.0,207.65997108194864,935.1116791982967,1.0,86.0,0.6,0.0,0.0,106.0,663.2646409747424
9.232337567567567,45.47533926229508,1,20,16,0,0,0,1,0,0,0,0,0,0,0.35529140216928456,0,0,1,0,0,225,0,0,1,0,0,0,1,9,23,0.0,0.0,0.12107486572071945,0,0,0,0,0,0,0,0,4,0.06818602342790428,0,9,1.289661439557095,0,0,0,4,26.862509260096356,11.177983753472537,1.4965395227027558,0.0,0.0,0.0,210.63036210524535,219.16978605629632,1322.1190313416826,1.0,86.0,0.6,0.0,0.0,106.0,662.1298070314532
9.23266135135135,45.47533926229508,1,21,16,0,0,0,1,0,0,0,0,0,0,0.40310137829052745,0,0,1,0,0,208,0,0,1,0,0,0,1,9,23,0.0,0.0,0.12157300833391271,0,0,0,0,0,0,0,0,2,0.06723121596032483,0,9,0.688277306642583,0,0,0,2,21.070269730359975,31.418434986218937,1.792206092974396,0.0,0.0,94.47309548024467,362.68777698150564,227.27977546857377,1402.4704609881073,1.0,86.0,0.6,0.0,0.0,106.0,661.031260286318
9.232985135135134,45.47533926229508,1,22,16,0,0,0,1,0,0,0,0,0,0,0.45026397802254436,0,1,1,0,0,192,0,1,1,0,0,0,2,9,23,0.0,0.0,0.118777644813376,0,0,0,0,0,0,0,0,2,0.06698745444130905,0,9,0.6794793738747502,0,4,0,1,11.34041199125013,34.320354650153135,1.3053220537201002,0.0,0.0,87.67552768213054,533.5453279745564,135.5389795092015,1561.0923557466654,1.0,86.0,0.6,0.0,0.0,106.0,660.6476585249671
9.233308918918919,45.47533926229508,1,23,16,0,0,0,1,0,0,0,0,0,0,0.49584338307905196,0,1,1,0,0,174,0,1,1,0,0,0,2,9,23,0.0,0.0,0.11583355474241974,0,0,1,0,0,0,0,0,1,0.06740129647951326,0,8,0.6243772484282796,4,4,0,0,10.333143001001954,35.35719331409517,1.1090435906143215,0.0,0.0,133.3831916392637,679.0545257297642,188.92948635439984,1720.1594533866028,1.0,86.0,0.6,0.0,0.0,106.0,659.8430073108004
9.233632702702701,45.47533926229508,1,24,16,0,1,0,1,0,0,0,0,0,0,0.5386289246759984,0,1,1,0,0,161,0,1,1,0,0,0,3,8,22,0.0,0.00026977229557953675,0.1128019324089363,0,0,1,0,0,0,0,0,0,0.06720253655321765,0,8,0.8763082933648139,0,8,0,0,15.215041198127373,33.15519109957708,1.3204835807292048,0.0,0.0,56.40130709092709,943.7629451990327,288.65539184928457,1920.3354282211044,1.0,86.0,0.6,0.0,0.0,106.0,659.4019592071941
9.233956486486486,45.47533926229508,1,25,16,0,1,0,1,0,0,0,0,0,0,0.5783220288511525,0,0,1,0,0,149,0,1,1,0,0,0,3,8,22,0.0,0.06735477250663224,0.10882003900852485,0,0,1,1,0,0,0,0,0,0.0656513674769666,0,8,0.7674920598763858,4,4,0,0,24.160389546163085,32.118054951994104,1.3204835807292048,0.0,0.0,339.63854776796467,1054.6011427598976,274.2202822790724,1672.1043811842462,1.0,86.0,0.6,0.0,0.0,106.0,660.1133190521167
9.23428027027027,45.47533926229508,1,26,16,1,1,0,1,0,0,0,0,0,0,0.6180808892505666,0,0,1,0,2,142,1,1,1,0,0,0,3,7,22,0.09745750545893885,0.17274223254874818,0.10395735749198512,0,0,0,0,0,0,0,0,1,0.06336366652571146,0,9,1.2235261567412505,0,4,0,0,32.22626329680902,28.549171771939225,1.4349420024182067,0.0,0.0,422.358226835937,1551.559530829678,317.56374038524547,1446.9789951090586,1.0,86.0,0.6,0.0,0.0,106.0,660.2451993775765
9.234604054054053,45.47533926229508,1,27,16,0,1,0,0,0,0,0,0,0,1,0.6475192207122367,0,0,0,0,4,136,1,1,1,0,0,1,3,5,22,0.3347207333876268,0.30222433857445963,0.10204158135177324,0,0,0,0,0,0,0,0,1,0.059851924498940175,0,7,1.2235261567412505,0,0,0,0,35.979143607432185,27.75465957354405,1.0,0.0,0.0,61.7591847804407,1254.840993492015,112.36646359040785,1294.2507646822814,1.0,86.0,0.6,0.0,0.0,106.0,662.0609876299169
9.234927837837837,45.47533926229508,1,28,16,1,1,0,0,0,0,0,0,0,1,0.6611827392853802,0,0,0,0,3,128,1,1,1,0,0,1,3,5,22,0.5556834211637685,0.46508156798704137,0.10204158135177324,0,0,0,0,0,0,0,0,1,0.054319675234112845,0,5,0.5315367598326873,0,0,0,0,10.271935824843075,28.211073466456988,1.0,0.0,0.0,0.0,129.24862319517626,96.73396495137143,1195.610771283877,1.0,86.0,0.6,0.0,0.0,106.0,663.5394531737649
9.235251621621622,45.47533926229508,1,29,16,0,1,0,0,0,0,0,0,0,1,0.6660831878539543,0,0,0,0,2,110,1,1,1,1,1,1,2,5,22,0.6518035192654623,0.6512392702243881,0.10204158135177324,0,0,0,0,0,0,0,0,0,0.049159202977435174,0,3,0.5043906423179045,0,0,0,0,12.349475119686215,29.722589928106615,1.0,0.0,0.0,0.0,113.08876997532381,84.50283193965564,952.1627897171034,1.0,86.0,0.6,0.0,0.0,106.0,662.5792417727739
9.235575405405404,45.47533926229508,1,30,16,0,1,0,0,0,0,0,0,0,1,0.6639049011645745,0,0,0,0,1,84,1,1,0,1,1,1,2,5,20,0.8488170237536977,0.7711088923305041,0.10204158135177324,0,0,0,0,0,0,0,0,0,0.04264544371335968,0,3,0.5034766628105448,0,0,0,0,8.431509923705596,30.370758534903082,0.0,0.0,0.0,46.58929862406353,269.80831755857906,0.0,699.5343776737508,1.0,86.0,0.6,0.0,0.0,106.0,663.1707940497861
9.235899189189189,45.47533926229508,1,31,16,0,1,0,0,0,0,0,0,0,1,0.656215223341932,0,0,0,0,0,56,1,1,0,1,1,1,2,5,19,0.9927397488643966,0.7464460802667825,0.10204158135177324,0,0,0,0,0,0,0,0,0,0.03773185170813814,0,2,0.6693381931116885,0,0,0,0,7.940350822756433,30.370758534903082,0.0,0.0,0.0,0.0,381.1368394923088,0.0,665.7293143890435,1.0,86.0,0.6,0.0,0.0,106.0,663.4895024866437
9.236222972972971,45.47533926229508,1,32,16,0,0,0,0,0,0,0,0,0,1,0.6436898121224458,0,0,0,0,0,52,1,1,0,1,1,1,2,5,17,0.8968770188837694,0.6212760317116487,0.10204158135177324,0,0,0,0,0,0,0,0,0,0.0327161291421807,0,2,1.0010612537139758,0,0,0,0,26.100540480644675,30.370758534903082,0.0,0.0,0.0,0.0,1096.2227001870763,0.0,665.7293143890435,1.0,86.0,0.6,0.0,0.0,106.0,664.0459171326228
9.236546756756756,45.47533926229508,1,33,16,0,0,0,0,0,0,0,0,0,1,0.626754611700469,0,0,0,0,0,51,1,1,0,1,1,1,2,5,16,0.4744404979150686,0.424483067222506,0.10204158135177324,0,0,0,0,0,0,0,0,0,0.0288785332284178,0,1,0.002122507427951541,0,0,0,0,79.60261723416528,30.370758534903082,0.0,0.0,0.0,820.0353369471374,1432.847110214975,0.0,6.019524700303431,1.0,86.0,0.6,0.0,0.0,106.0,666.4455008894447
9.23687054054054,45.47533926229508,1,34,16,0,0,0,0,0,0,0,0,0,1,0.6056474763625345,0,0,0,0,0,49,1,1,0,0,0,0,2,5,12,0.06681981077144733,0.23418158792361707,0.10204158135177324,0,0,0,0,0,0,0,0,0,0.023693577420521687,0,1,0.002122507427951541,0,0,0,0,170.63558870699657,30.370758534903082,0.0,0.0,0.0,477.75358586041705,1365.0847096559726,0.0,0.0,1.0,86.0,0.6,0.0,0.0,106.0,667.1106909874873
9.237194324324323,45.47533926229508,1,35,16,0,0,0,0,0,0,0,0,0,1,0.5804164099110383,0,0,0,0,0,47,1,1,0,0,0,0,2,5,12,0.0,0.07462308806013773,0.10190817094440596,0,0,0,0,0,0,0,0,0,0.020535990835623113,0,0,1.1600416479362234,0,0,0,0,238.87679293020852,30.370758534903082,0.0,0.0,0.0,0.0,477.75358586041705,0.0,0.0,1.0,86.0,0.6,0.0,0.0,106.0,667.784781497999
9.237518108108107,45.47533926229508,1,36,16,0,0,0,0,0,0,0,0,0,1,0.5508376467601325,0,0,0,0,0,44,1,1,0,0,0,0,2,5,11,0.0,0.0,0.10070209806153807,0,0,0,0,0,0,0,0,0,0.017389115718778433,0,0,1.1600416479362234,0,0,0,0,28.56336444662606,30.370758534903082,0.0,0.0,0.0,0.0,0.0,0.0,0.0,1.0,86.0,0.6,0.0,0.0,106.0,668.455372329003
9.225861891891892,45.47556467213115,1,0,17,0,0,0,0,0,0,0,0,0,0,0.028963004457064442,0,0,0,0,0,166,0,0,1,0,0,1,3,10,19,0.2288716208570011,0.2057351997800831,0.10495413034590945,0,0,0,0,0,0,0,1,0,0.021301561970201485,0,2,0.4300038593522441,0,0,0,0,28.56336444662606,30.370758534903082,0.0,0.0,0.0,0.0,0.0,0.0,501.3258937187813,1.0,86.0,0.6,0.0,0.0,106.0,667.5322954732275
9.226185675675676,45.47556467213115,1,1,17,0,0,0,0,0,0,0,0,0,0,0.02938591113267626,0,0,0,0,0,188,0,0,1,0,0,1,4,10,20,0.21947743647322093,0.18387564673874213,0.10781963731687368,0,0,0,0,0,0,0,1,0,0.023720463485086277,0,2,0.8135741541529139,0,0,0,0,218.69933894121502,30.370758534903082,0.0,0.0,0.0,0.0,874.7973557648601,0.0,846.9833148729507,1.0,86.0,0.6,0.0,0.0,106.0,666.1326386137774
9.226509459459459,45.47556467213115,1,2,17,0,0,0,0,0,0,0,0,0,0,0.029799463912112308,0,0,0,0,0,224,0,0,1,0,0,1,5,11,21,0.10458742623611392,0.11516117109471909,0.10808309426354935,0,0,0,0,0,0,0,1,0,0.026148954322782247,0,2,0.7399126954724848,0,0,0,0,67.27628411760675,29.25738656375342,1.7626831004490084,0.0,0.0,874.7973557648601,1236.766385350948,108.75929700118667,1172.341850720683,1.0,86.0,0.6,0.0,0.0,106.0,665.3217950062423
9.226833243243243,45.47556467213115,1,3,17,0,0,0,0,0,0,0,0,0,0,0.030203662795373128,0,0,0,0,1,253,0,0,1,0,0,0,5,11,21,0.003101191422057892,0.10151608926148763,0.10594572101165277,0,0,0,0,0,0,0,1,0,0.029806543813869525,0,2,0.6158723918603493,0,0,0,1,40.699294976595276,29.582705873868186,1.7671274245377417,0.0,0.0,297.8390202710767,1311.4690489886661,316.5027500751446,1568.452691362433,1.0,86.0,0.6,0.0,0.0,106.0,664.8663490087449
9.227157027027028,45.47556467213115,1,4,17,0,0,0,0,0,0,0,0,0,0,0.030598507782464184,0,0,0,0,1,279,0,0,1,0,0,0,5,12,21,0.03197747780602853,0.059005732228622945,0.1019052995522528,0,0,0,0,0,0,0,0,0,0.03397010128144791,0,2,0.7508640104863522,0,0,0,2,14.972387237295358,29.144927178208462,1.7611467454259842,0.0,0.0,24.89577977140388,145.82715021145907,512.9578882295366,1915.8670009630857,1.0,86.0,0.6,0.0,0.0,106.0,666.2168700389356
9.22748081081081,45.47556467213115,1,5,17,0,0,0,0,0,0,0,0,0,0,0.03195532039152536,0,0,0,0,2,290,0,0,1,0,0,1,5,12,22,0.10476447520500112,0.04108260942748142,0.0965400073819249,0,0,0,0,0,0,0,0,0,0.03772206715088915,0,2,0.693490145720025,0,0,0,4,13.964953535065378,28.82503128032664,1.756776512855586,0.0,0.0,0.0,50.829834646171065,340.1888643356595,1946.2894127882826,1.0,86.0,0.6,0.0,0.0,106.0,666.5833962786007
9.227804594594595,45.47556467213115,1,6,17,0,0,0,0,0,0,0,0,0,0,0.03676798060007555,0,0,0,0,0,303,0,0,1,0,0,0,5,12,23,0.05854208409918659,0.04108260942748142,0.0915505688409316,0,0,0,0,0,0,0,0,0,0.04059409083308461,0,2,0.5966329720316657,0,0,0,4,24.334150426563188,29.41950003233594,1.7648978008099407,0.0,0.0,0.0,16.082034610998925,470.6009739202648,2008.8952754475797,1.0,86.0,0.6,0.0,0.0,106.0,666.8391774015456
9.228128378378377,45.47556467213115,1,7,17,0,0,0,0,0,0,0,0,0,0,0.04431037390646177,0,0,1,0,3,332,0,0,1,0,0,0,5,13,23,0.0,0.041027280792289574,0.08676060129499945,0,0,0,0,0,0,0,0,0,0.0428015023556772,0,1,0.06816832133315287,0,0,0,4,53.76619458542256,31.195712292108848,1.7891633844607455,0.0,0.0,0.0,0.0,322.59716751253535,1863.5146934553727,1.0,86.0,0.6,0.0,0.0,106.0,666.2633412814746
9.228452162162162,45.47556467213115,1,8,17,0,0,0,0,0,0,0,0,0,0,0.0534893834072118,0,0,1,0,5,350,0,0,1,0,0,0,3,13,23,0.0,0.003723961360765906,0.08331235513769092,0,0,0,0,0,0,0,0,0,0.044392209574459336,0,1,0.06894101307632786,0,0,0,4,71.5431225135975,32.49225792041684,1.8068760402695823,0.0,0.0,0.0,0.0,143.086245027195,1425.0970560779506,1.0,86.0,0.6,0.0,0.0,106.0,666.8960746171368
9.228775945945946,45.47556467213115,1,9,17,0,0,0,0,0,0,0,0,0,0,0.06249631843385989,0,0,1,0,7,357,0,0,1,0,0,0,3,13,23,0.0,0.0,0.08073043510496396,0,0,0,0,0,0,0,0,0,0.046431507371378786,0,2,0.08017665113409857,0,0,0,4,28.56336444662606,30.370758534903082,0.0,0.0,0.0,0.0,0.0,0.0,1027.6748239173442,1.0,86.0,0.6,0.0,0.0,106.0,667.4922055152397
9.229099729729729,45.47556467213115,1,10,17,0,0,0,0,0,0,0,0,0,0,0.07142641630098795,0,0,1,0,9,363,0,0,1,0,0,0,2,14,24,0.0,0.0,0.07796552284709579,0,0,0,0,0,0,0,0,0,0.04797230524629419,0,1,0.06391851674569045,0,0,0,4,28.56336444662606,30.370758534903082,0.0,0.0,0.0,0.0,0.0,0.0,518.7800481244973,1.0,86.0,0.6,0.0,0.0,106.0,667.7877939933708
9.229423513513513,45.47556467213115,1,11,17,0,0,0,0,0,0,0,0,0,0,0.08095354750513892,0,0,1,0,5,365,0,0,1,0,0,0,2,14,24,0.0,0.0,0.07337402941251145,0,0,0,0,0,0,0,0,0,0.047841747277743665,0,1,0.07106034581237808,0,0,0,4,28.56336444662606,30.370758534903082,0.0,0.0,0.0,0.0,0.0,0.0,697.15849789757,1.0,86.0,0.6,0.0,0.0,106.0,667.7667200350143
9.229747297297298,45.47556467213115,1,12,17,0,0,0,0,0,0,0,0,0,0,0.09104634843674272,0,0,1,0,3,356,0,0,1,0,0,0,1,14,24,0.0,0.0,0.0670055731657908,0,0,0,0,0,0,0,0,0,0.04920876018004889,0,2,0.26025632368338947,0,0,1,4,210.25821502650246,50.0,2.0,0.0,0.0,0.0,503.9806382457051,0.0,479.76616475199114,1.0,86.0,0.6,0.0,0.0,106.0,667.9432388696127
9.23007108108108,45.47556467213115,1,13,17,0,0,0,0,0,0,0,0,0,0,0.10168533351112892,0,0,1,0,0,350,0,0,1,0,0,0,1,15,24,0.0,0.0,0.054729729951688406,0,0,0,0,0,0,0,0,0,0.05076499414101993,0,2,0.33019555396788347,0,0,1,4,196.28723741973474,50.0,2.0,0.0,0.0,336.69056441239866,840.6712026581038,0.0,563.2094168791729,1.0,86.0,0.6,0.0,0.0,106.0,667.5807935733937
9.230394864864865,45.47556467213115,1,14,17,0,0,0,0,0,0,0,0,0,0,0.11286539980136724,0,0,1,0,2,349,0,0,1,0,0,0,1,16,24,0.0,0.0,0.04688175768230303,0,0,0,0,0,0,0,0,0,0.05267358542086988,0,2,0.42268467092761447,0,0,1,4,120.78214023014982,39.56615963801888,1.8804872517825963,0.0,0.0,0.0,336.69056441239866,50.95005510819557,694.7497195812755,1.0,86.0,0.6,0.0,0.0,106.0,667.1090300755541
9.230718648648649,45.47556467213115,1,15,17,0,0,0,0,0,0,0,0,0,0,0.12459528439020123,0,0,1,0,2,322,0,0,1,0,0,0,1,16,24,0.0,0.0,0.04920587240249893,0,0,0,0,0,0,0,0,0,0.0544662329508706,0,3,0.45566207577397283,0,0,0,4,26.161839386225697,29.673363801552874,1.7683659406642565,0.0,0.0,0.0,25.397895469352616,131.5731408480016,777.6845520719378,1.0,86.0,0.6,0.0,0.0,106.0,666.2105185714689
9.231042432432432,45.47556467213115,1,16,17,0,0,0,0,0,0,0,0,0,0,0.14752826679243125,0,0,1,0,2,296,0,0,1,0,0,0,0,16,24,0.0,0.0,0.0580235104337846,0,0,0,0,0,0,0,0,0,0.05724200047407441,0,5,1.1118525319353536,0,0,0,4,35.367371293506906,29.853809236556913,1.770831081738137,0.0,0.0,0.0,0.0,141.46948517402762,1052.8716627044985,1.0,86.0,0.6,0.0,0.0,106.0,665.0752979614108
9.231366216216216,45.47556467213115,1,17,17,0,0,0,0,0,0,0,0,0,0,0.18610002689004168,0,0,1,0,4,280,0,0,1,0,0,0,0,16,23,0.0,0.0,0.07388352058791742,0,0,0,0,0,0,0,0,0,0.05857886729998246,0,5,0.9491808269560327,0,0,0,4,35.367371293506906,29.853809236556913,1.770831081738137,0.0,0.0,0.0,0.0,141.46948517402762,1030.587571576749,1.0,86.0,0.6,0.0,0.0,106.0,664.503999328185
9.23169,45.47556467213115,1,18,17,0,0,0,0,0,0,0,0,0,0,0.23009760696095483,0,0,1,0,2,273,0,0,1,0,0,0,1,13,23,0.0,0.0,0.091678108707001,0,0,0,0,0,0,0,0,0,0.05824759326829089,0,7,1.0379142228300131,0,0,0,4,35.367371293506906,29.853809236556913,1.770831081738137,0.0,0.0,0.0,0.0,141.46948517402762,1055.498437491628,1.0,86.0,0.6,0.0,0.0,106.0,663.5068031290149
9.232013783783783,45.47556467213115,1,19,17,0,0,0,1,0,0,0,0,0,0,0.2766858909960332,0,0,1,0,0,258,0,0,1,0,0,0,1,12,23,0.0,0.0,0.10596736785996075,0,0,0,0,0,0,0,0,0,0.05794488053794974,0,8,1.2558947664753342,0,0,0,4,27.51871106325608,6.706790252083522,1.4324728524436243,0.0,0.0,0.0,0.0,275.1871106325608,1135.5048490010988,1.0,86.0,0.6,0.0,0.0,106.0,662.8779304648706
9.232337567567567,45.47556467213115,1,20,17,0,0,0,1,0,0,0,0,0,0,0.32432005606069997,0,0,1,0,1,245,0,0,1,0,0,0,1,9,23,0.0,0.0,0.11420283672182653,0,0,0,0,0,0,0,0,0,0.05727054818017673,0,9,1.2772193303482788,0,0,0,4,26.196627807212266,6.706790252083522,1.4324728524436243,0.0,0.0,0.0,143.95893428283543,275.1871106325608,1257.5430729240777,1.0,86.0,0.6,0.0,0.0,106.0,662.1131094470676
9.23266135135135,45.47556467213115,1,21,17,0,0,0,1,0,0,0,0,0,0,0.3721309746133786,0,0,1,0,0,234,0,0,1,0,0,0,1,9,23,0.0,0.0,0.11800373912535389,0,0,1,0,0,0,0,0,0,0.056712583563567946,0,10,1.2911103643771837,0,0,0,4,11.487645713358344,15.709217493109467,1.5632309256021295,0.0,0.0,0.0,483.3866005998643,274.7980164817864,1461.7896555222437,1.0,86.0,0.6,0.0,0.0,106.0,661.4677787800674
9.232985135135134,45.47556467213115,1,22,17,0,0,0,1,0,0,0,0,0,0,0.41928506481898203,0,0,1,0,0,201,0,1,1,0,0,0,2,9,23,0.0,0.006325978711696889,0.11835889622818811,0,0,1,0,0,0,0,0,0,0.05691808932949221,0,9,0.6937392305170627,0,4,0,2,5.791188271330952,34.320354650153135,1.3053220537201002,0.0,0.0,47.887858584658,750.5128260044341,135.5389795092015,1576.5301494925147,1.0,86.0,0.6,0.0,0.0,106.0,660.6454812103686
9.233308918918919,45.47556467213115,1,23,17,0,0,0,1,0,0,0,0,0,0,0.4648445455418381,0,1,1,0,0,187,0,1,1,0,0,0,2,8,23,0.0,0.014005108765760207,0.11671709404764347,0,0,1,0,0,0,0,0,0,0.05677700562448001,0,9,0.5881055761681805,0,4,0,0,7.234650874964278,35.35719331409517,1.1090435906143215,0.0,0.0,149.0653943047629,823.9216361405992,188.92948635439984,1912.039479678515,1.0,86.0,0.6,0.0,0.0,106.0,659.6582231216555
9.233632702702701,45.47556467213115,1,24,17,0,1,0,1,0,0,0,0,0,0,0.5077019519292509,0,0,1,0,0,171,0,1,1,0,0,0,3,8,23,0.0,0.013594115499878526,0.11365505460787136,0,0,1,0,0,0,0,0,1,0.05617937761081823,0,8,0.7935868974026651,0,8,0,0,8.47411826424162,33.49975671809751,1.2669027109929785,0.0,0.0,168.62961743524426,868.5090921432745,207.70392741541085,1962.647916549373,1.0,86.0,0.6,0.0,0.0,106.0,659.694722685483
9.233956486486486,45.47556467213115,1,25,17,0,1,0,1,0,0,0,0,0,0,0.5497419155861649,0,0,1,0,0,160,0,1,1,0,0,0,3,7,22,0.0,0.030083836769677637,0.10934070311305154,1,0,0,1,0,0,0,0,1,0.054990286852484645,0,8,0.8354473604678712,0,8,0,0,19.637224918988622,31.74935931903542,1.4172844411890686,0.0,0.0,186.6632150142741,1063.5433465885446,271.78794790268165,1524.029489589491,1.0,86.0,0.6,0.0,0.0,106.0,660.9772988167406
9.23428027027027,45.47556467213115,1,26,17,1,1,0,1,0,0,0,0,0,0,0.5920538127536271,0,0,1,0,3,149,0,1,1,0,0,0,3,7,22,0.008059877275014136,0.09196562737705272,0.10431274180795452,1,0,0,0,0,0,0,0,1,0.053516064274709396,0,9,0.9063761212692837,0,4,0,0,27.666949838600644,28.269636510236865,1.37811217390672,0.0,0.0,454.01047117500536,980.7335169470566,236.61227595137174,1490.5903959384968,1.0,86.0,0.6,0.0,0.0,106.0,662.9469004556119
9.234604054054053,45.47556467213115,1,27,17,0,1,0,0,0,0,0,0,0,1,0.6245084880274852,0,0,1,0,6,142,1,1,1,0,0,0,4,7,22,0.08150048958330261,0.17914799411994278,0.10229269451044702,0,0,0,0,0,0,0,0,1,0.04976728329475575,0,5,1.5300637418559089,0,0,0,0,50.620182423554624,27.75465957354405,1.0,0.0,0.0,106.50762417650863,697.5564551864661,112.36646359040785,1369.3413462985538,1.0,86.0,0.6,0.0,0.0,106.0,662.8710569928277
9.234927837837837,45.47556467213115,1,28,17,0,1,0,0,0,0,0,0,0,1,0.6408599695950151,0,0,0,0,4,133,1,1,1,0,0,0,4,6,22,0.13114372374236705,0.3359461687679646,0.10221834784275248,0,0,0,0,0,0,0,0,1,0.045686598307628105,0,4,0.7067516558078785,0,0,0,0,24.18349123784286,28.211073466456988,1.0,0.0,0.0,0.0,0.0,96.73396495137143,1085.9528704252732,1.0,86.0,0.6,0.0,0.0,106.0,663.8880823702839
9.235251621621622,45.47556467213115,1,29,17,0,1,0,0,0,0,0,0,0,1,0.6484539405790598,0,0,0,0,1,117,1,1,1,0,1,0,2,6,22,0.2901897760384022,0.5143144901492809,0.10260370380691144,0,0,0,0,0,0,0,0,1,0.04011800481372901,0,3,0.7075247980433063,0,0,0,0,14.04404421619822,29.722589928106615,1.0,0.0,0.0,0.0,140.2018755195159,84.50283193965564,932.1059638352676,1.0,86.0,0.6,0.0,0.0,106.0,663.0259360456785
9.235575405405404,45.47556467213115,1,30,17,0,1,0,0,0,0,0,0,0,1,0.6493158879984167,0,0,0,0,0,98,1,1,1,1,1,0,2,6,21,0.6523002929837557,0.5988849570497835,0.10306923533602667,0,0,0,0,0,0,0,0,1,0.03591668038141072,0,2,0.7063061587001599,0,0,0,0,8.418112215300699,30.370758534903082,0.0,0.0,0.0,74.75002194571198,420.9056107650349,0.0,736.8982100496834,1.0,86.0,0.6,0.0,0.0,106.0,663.096580491419
9.235899189189189,45.47556467213115,1,31,17,0,0,0,0,0,0,0,0,0,1,0.6442629425247146,0,0,0,0,0,67,1,1,0,1,1,0,2,6,19,0.8889804340607411,0.5933248633907945,0.10336428260187042,0,0,0,0,0,0,0,0,1,0.03238261269808874,0,2,0.7063061587001599,0,0,0,0,8.695932654852875,30.370758534903082,0.0,0.0,0.0,142.201580737054,643.4990164591128,0.0,665.7293143890435,1.0,86.0,0.6,0.0,0.0,106.0,663.2426587760982
9.236222972972971,45.47556467213115,1,32,17,0,0,0,0,0,0,0,0,0,1,0.6343502674861926,0,0,0,0,0,55,1,1,0,1,1,0,2,6,18,0.7186149413088,0.523176545882682,0.10330377240477491,0,0,0,0,0,0,0,0,1,0.0281051770609057,0,2,0.7067180614922829,0,0,0,0,23.707317683414317,30.370758534903082,0.0,0.0,0.0,134.51352589906736,1185.3658841707158,0.0,665.7293143890435,1.0,86.0,0.6,0.0,0.0,106.0,663.8471662444085
9.236546756756756,45.47556467213115,1,33,17,0,0,0,0,0,0,0,0,0,1,0.620006797842526,0,0,0,0,0,53,1,1,0,1,1,0,2,6,16,0.35784512460150597,0.362593093973056,0.10288569050811647,0,0,0,0,0,0,0,0,0,0.02312608602699061,0,1,0.002122507427951541,0,0,0,0,55.088555719485456,30.370758534903082,0.0,0.0,0.0,820.0353369471374,1432.3024487066218,0.0,581.2264824493878,1.0,86.0,0.6,0.0,0.0,106.0,664.8002516921772
9.23687054054054,45.47556467213115,1,34,17,0,0,0,0,0,0,0,0,0,1,0.6014731133447982,0,0,0,0,0,51,1,1,0,0,0,0,2,6,12,0.059706531647119476,0.17456238301017482,0.1018301507563242,0,0,0,0,0,0,0,0,0,0.019647211854377473,0,1,0.002122507427951541,0,0,0,0,216.29815380125908,30.370758534903082,0.0,0.0,0.0,477.75358586041705,1297.7889228075544,0.0,0.0,1.0,86.0,0.6,0.0,0.0,106.0,666.3724655793949
9.237194324324323,45.47556467213115,1,35,17,0,0,0,0,0,0,0,0,0,1,0.5788102666699554,0,0,0,0,0,47,1,1,0,0,0,0,2,6,12,0.0,0.05408988312274964,0.10010921727153824,0,0,0,0,0,0,0,0,0,0.016536704699043246,0,1,0.002122507427951541,0,0,0,0,238.87679293020852,30.370758534903082,0.0,0.0,0.0,0.0,477.75358586041705,0.0,0.0,1.0,86.0,0.6,0.0,0.0,106.0,667.9317805753249
9.237518108108107,45.47556467213115,1,36,17,0,0,0,0,0,0,0,0,0,1,0.5517862214909005,0,0,0,0,0,45,1,1,0,0,0,0,2,5,12,0.0,0.0,0.09831563097313555,0,0,0,0,0,0,0,0,0,0.014658420355223085,0,0,1.1600416479362234,0,0,0,0,28.56336444662606,30.370758534903082,0.0,0.0,0.0,0.0,0.0,0.0,0.0,1.0,86.0,0.6,0.0,0.0,106.0,670.3991598527994
9.225861891891892,45.47579008196721,1,0,18,0,0,0,0,0,0,0,0,0,0,0.005736438878417806,0,0,0,0,0,187,0,0,1,0,0,0,5,9,19,0.0,0.14097728553867697,0.11287019281187612,0,0,0,0,0,0,1,1,0,0.016203739325892964,0,1,0.16833783591095144,0,0,0,0,28.56336444662606,30.370758534903082,0.0,0.0,0.0,0.0,0.0,0.0,556.3543032306111,1.0,86.0,0.6,0.0,0.0,106.0,669.0121823464206
9.226185675675676,45.47579008196721,1,1,18,0,0,0,0,0,0,0,0,0,0,0.0054150718887130455,0,0,0,0,0,210,0,0,1,0,0,0,6,10,20,0.0,0.11828435390401937,0.11504760736825527,0,0,0,0,0,0,0,1,0,0.018395013642306897,0,2,0.49459397431078994,0,0,0,0,218.69933894121502,30.370758534903082,0.0,0.0,0.0,0.0,874.7973557648601,0.0,824.0074334828983,1.0,86.0,0.6,0.0,0.0,106.0,666.5504919477122
9.226509459459459,45.47579008196721,1,2,18,0,0,0,0,0,0,0,0,0,0,0.005488949633565419,0,0,0,0,0,250,0,0,1,0,0,0,6,10,21,0.0,0.07504623385411861,0.11739653114900792,0,0,0,0,0,0,0,1,0,0.020608002068821595,0,2,0.49459397431078994,0,0,0,0,113.8553076731834,29.777212762583996,1.7697846650521127,0.0,0.0,874.7973557648601,1160.360746590484,205.9029454877168,1353.6452828446559,1.0,86.0,0.6,0.0,0.0,106.0,663.9314000138172
9.226833243243243,45.47579008196721,1,3,18,0,0,0,0,0,0,0,0,0,0,0.005863758580699943,0,0,0,0,1,276,0,0,1,0,0,0,6,11,21,0.0,0.06858459203795618,0.11672602046975326,0,0,0,0,0,0,0,1,0,0.022897098153070897,0,2,0.6993429799479504,0,0,0,2,57.48596880990427,29.421058316321886,1.7649190891836721,0.0,0.0,285.5633908256238,1197.5321558073406,412.07497086997904,1502.9129149400562,1.0,86.0,0.6,0.0,0.0,106.0,664.7677605714948
9.227157027027028,45.47579008196721,1,4,18,0,0,0,0,0,0,0,0,0,0,0.006552468720880631,0,0,0,0,2,302,0,0,1,0,0,1,6,11,22,0.12274330307943139,0.045546722190644276,0.11418597935932369,0,0,0,0,0,0,0,1,0,0.025497349130943144,0,2,0.738999325194745,0,0,0,4,23.13812202119352,29.20860331242997,1.7620166519098575,0.0,0.0,0.0,24.89577977140388,530.4191487372406,1759.9967864381963,1.0,86.0,0.6,0.0,0.0,106.0,664.6947073599333
9.22748081081081,45.47579008196721,1,5,18,0,0,0,0,0,0,0,0,0,0,0.007678631427196553,0,0,0,0,2,321,0,0,1,0,0,1,6,11,22,0.16433043770937522,0.049189193623922586,0.10911547860626346,0,0,0,0,0,0,0,1,0,0.028237902004499656,0,2,0.5485570332741935,0,0,0,4,22.315450820035267,29.13660229490617,1.76103301568955,0.0,0.0,0.0,24.89577977140388,510.67503990944255,1791.907449510814,1.0,86.0,0.6,0.0,0.0,106.0,664.8457845621981
9.227804594594595,45.47579008196721,1,6,18,0,0,0,0,0,0,0,0,0,0,0.010708313415328286,0,0,0,0,1,333,0,0,1,0,0,1,5,13,23,0.16362274984271455,0.047474452779520136,0.10168662506037691,0,0,0,0,0,0,0,0,0,0.030049052248611232,0,2,0.2637062660028953,0,0,0,4,31.525563267482728,29.573610125604475,1.7670031636904553,0.0,0.0,0.0,0.0,567.4601388146891,1770.4612569298256,1.0,86.0,0.6,0.0,0.0,106.0,665.9945852048604
9.228128378378377,45.47579008196721,1,7,18,0,0,0,0,0,0,0,0,0,0,0.015914673380702325,0,0,1,0,1,349,0,0,1,0,0,0,5,13,23,0.0,0.041407372765022626,0.09635759703371286,0,0,0,0,0,0,0,0,0,0.032003630699412304,0,2,0.2061562983807848,0,0,0,4,37.873558499388,30.036595940684606,1.7733282078754333,0.0,0.0,0.0,0.0,454.48270199265596,1659.882933138402,1.0,86.0,0.6,0.0,0.0,106.0,666.049404320954
9.228452162162162,45.47579008196721,1,8,18,0,0,0,0,0,0,0,0,0,0,0.022878616509883137,0,0,1,0,1,364,0,0,1,0,0,0,4,13,23,0.0,0.013251384050608977,0.09232643024773578,0,0,0,0,0,0,0,0,0,0.03444930365533011,0,1,0.06867205592397806,0,0,0,4,53.76619458542256,31.195712292108848,1.7891633844607455,0.0,0.0,0.0,0.0,322.59716751253535,1182.7461729628692,1.0,86.0,0.6,0.0,0.0,106.0,666.9153336097675
9.228775945945946,45.47579008196721,1,9,18,0,0,0,0,0,0,0,0,0,0,0.031087795236645586,0,1,1,0,1,374,0,0,1,0,0,0,3,13,24,0.0,0.0,0.08832510383354451,0,0,0,0,0,0,0,0,0,0.036950169156363684,0,1,0.072746518076796,0,0,0,4,28.56336444662606,30.370758534903082,0.0,0.0,0.0,0.0,0.0,0.0,947.0006958953791,1.0,86.0,0.6,0.0,0.0,106.0,667.3593099595051
9.229099729729729,45.47579008196721,1,10,18,0,0,0,0,0,0,0,0,0,0,0.039959070756025526,0,1,1,0,1,380,0,0,1,0,0,0,2,14,24,0.0,0.0,0.08471532433502482,0,0,1,0,0,0,0,0,0,0.03789113554323721,0,1,0.0695363357745758,0,0,2,4,28.56336444662606,30.370758534903082,0.0,0.0,0.0,0.0,0.0,0.0,687.8650492031279,1.0,86.0,0.6,0.0,0.0,106.0,667.6221822876014
9.229423513513513,45.47579008196721,1,11,18,0,0,0,0,0,0,0,0,0,0,0.04943411799896285,0,1,1,0,0,388,0,0,1,0,0,0,2,14,24,0.0,0.0,0.07986148221014501,0,0,1,0,0,0,0,0,0,0.03817521999027708,0,1,0.0935316219279195,0,0,2,4,28.56336444662606,30.370758534903082,0.0,0.0,0.0,0.0,0.0,0.0,721.7402465247205,1.0,86.0,0.6,0.0,0.0,106.0,667.7577016697194
9.229747297297298,45.47579008196721,1,12,18,0,0,0,0,0,0,0,0,0,0,0.05947681781642673,0,0,1,0,0,393,0,0,1,0,0,0,0,14,24,0.0,0.0,0.07235116383821198,0,0,0,0,0,0,0,0,0,0.038915290786102966,0,1,0.3151386503280133,0,0,3,4,210.25821502650246,50.0,2.0,0.0,0.0,0.0,503.9806382457051,0.0,479.76616475199114,1.0,86.0,0.6,0.0,0.0,106.0,667.9977907726403
9.23007108108108,45.47579008196721,1,13,18,0,0,0,0,0,0,0,1,0,0,0.07006781103014689,0,0,1,0,0,388,0,0,1,0,0,0,0,14,24,0.0,0.0,0.05748385023432578,0,0,0,0,0,0,0,0,0,0.04048978291540743,0,2,0.38643508410696653,0,0,3,4,85.39867597123677,35.154400969121596,1.8269225415254315,0.0,0.0,336.69056441239866,915.1799053200059,60.770567424256384,604.0361199535378,1.0,86.0,0.6,0.0,0.0,106.0,667.6466069363598
9.230394864864865,45.47579008196721,1,14,18,0,0,0,0,0,0,0,0,0,0,0.08120238048359682,0,0,1,0,5,386,0,0,1,0,0,0,0,16,24,0.0,0.0,0.04805147721946845,0,0,0,0,0,0,0,0,0,0.04167142036648908,0,3,0.42268467092761447,0,0,3,4,34.88406573632504,29.933762614236027,1.7679479928717805,0.0,0.0,0.0,385.69896136622737,254.0026573905694,777.6845520719378,1.0,86.0,0.6,0.0,0.0,106.0,666.5430009431545
9.230718648648649,45.47579008196721,1,15,18,0,0,0,0,0,0,0,0,0,0,0.09288923070733139,0,1,1,0,14,377,0,0,1,0,0,0,0,16,24,0.0,0.0,0.04813374145195112,0,0,0,0,0,0,0,0,0,0.04364435120098467,0,3,1.1118525319353536,0,0,2,4,17.91032602291074,29.268175198569264,1.7628304885323647,0.0,0.0,25.397895469352616,49.00839695382868,273.3774714585647,777.6845520719378,1.0,86.0,0.6,0.0,0.0,106.0,665.0080452741539
9.231042432432432,45.47579008196721,1,16,18,0,0,0,0,0,0,0,0,0,0,0.11596554747832133,0,1,1,0,20,347,0,0,1,0,0,0,0,16,24,0.0,0.0,0.053353662566617124,0,0,0,0,0,1,0,0,0,0.045713947373115106,0,6,0.9402027621112949,0,0,1,4,15.959052279634102,28.789656821828228,1.756293247481714,0.0,0.0,0.0,155.97847283557007,290.8749909941847,1052.8716627044985,1.0,86.0,0.6,0.0,0.0,106.0,663.788190840447
9.231366216216216,45.47579008196721,1,17,18,0,0,0,0,0,0,0,0,0,0,0.15458555848851993,0,0,1,0,12,333,0,0,1,0,0,0,0,15,24,0.0,0.0,0.0673694229677991,0,0,1,0,0,0,0,0,0,0.04719279269644042,0,6,1.045759485767754,0,0,0,4,15.946587988593974,28.78929902435425,1.7562883594597518,0.0,0.0,0.0,327.7560438752736,373.89382762286135,1052.8716627044985,1.0,86.0,0.6,0.0,0.0,106.0,663.4613743053401
9.23169,45.47579008196721,1,18,18,0,0,0,0,0,0,0,0,0,0,0.19911815409938888,0,0,1,0,3,313,0,0,1,0,0,0,1,14,23,0.0,0.0,0.08175200860200209,0,0,0,0,0,0,0,0,0,0.04816988985106541,0,7,1.1119208210738583,0,0,0,4,13.689703259954603,22.789170915856594,1.6689955276627948,0.0,0.0,0.0,280.414329771467,321.93261366653536,1181.7253577432596,1.0,86.0,0.6,0.0,0.0,106.0,663.5855838880329
9.232013783783783,45.47579008196721,1,19,18,0,0,0,1,0,0,0,0,0,0,0.24570871862470908,0,0,1,0,1,296,0,0,1,0,0,0,1,12,23,0.0,0.0,0.09575283153112629,0,0,1,0,0,0,0,0,0,0.04838106442183066,0,6,0.963314820435026,0,0,0,4,15.665350302349559,6.706790252083522,1.4324728524436243,0.0,0.0,0.0,288.7655002520232,275.1871106325608,1162.656193219087,1.0,86.0,0.6,0.0,0.0,106.0,663.4087784666032
9.232337567567567,45.47579008196721,1,20,18,0,0,0,1,0,0,0,0,0,0,0.29334165009250396,0,0,1,0,1,274,0,0,1,0,0,0,1,9,23,0.0,0.0,0.10515640053035522,0,0,0,0,0,0,0,0,0,0.04818541321001813,0,7,1.4437091213959494,0,0,0,4,18.801141687959266,6.706790252083522,1.4324728524436243,0.0,0.0,0.0,326.4494233821356,275.1871106325608,1310.1754878569202,1.0,86.0,0.6,0.0,0.0,106.0,662.0251462121391
9.23266135135135,45.47579008196721,1,21,18,0,0,0,1,0,0,0,0,0,0,0.3411517996052118,0,0,1,0,2,256,0,0,1,0,0,0,1,9,23,0.0,0.006718787884906973,0.11147914911218411,0,0,1,0,0,0,0,0,0,0.048744946321818035,0,7,1.1752602185911343,0,0,0,4,11.503074518086146,8.383487815104402,1.4555014986947352,0.0,0.0,0.0,427.99963745530073,239.17868459369586,1262.6188509166427,1.0,86.0,0.6,0.0,0.0,106.0,661.6293115653257
9.232985135135134,45.47579008196721,1,22,18,0,0,0,1,0,0,0,0,0,0,0.3882972052775878,0,1,1,0,3,244,0,1,1,0,0,0,2,8,23,0.0,0.01411078066941915,0.11452724803068619,0,0,0,0,0,0,0,0,0,0.048358200131495964,0,8,1.371515850026766,0,8,0,4,6.062629153459287,31.635625786491314,1.4578263445097888,0.0,0.0,122.72094028855936,850.3459171474022,198.4889264010544,1181.8937451229099,1.0,86.0,0.6,0.0,0.0,106.0,660.6525605175092
9.233308918918919,45.47579008196721,1,23,18,0,0,0,1,0,0,0,0,0,0,0.4338366738249456,0,1,1,0,5,205,0,1,1,0,0,0,2,8,24,0.012669464370332553,0.01411078066941915,0.11461750372043511,0,0,1,1,0,0,0,0,1,0.04789049790357134,0,9,0.71937885614275,0,20,0,2,7.634120680918326,33.46958338945112,1.2975871239313626,0.0,0.0,103.57403846461185,1131.6223650251068,318.8605643493753,1637.9183551841234,1.0,86.0,0.6,0.0,0.0,106.0,660.5490991883934
9.233632702702701,45.47579008196721,1,24,18,0,1,0,1,0,0,0,0,0,0,0.47796886164391506,0,1,1,0,2,183,0,1,1,0,0,0,4,8,24,0.007020112470072739,0.01411078066941915,0.1134794793602327,0,0,1,1,0,0,0,0,1,0.04734940641236983,0,6,0.8096292361252666,4,16,0,0,9.258748235482082,33.493219220052524,1.1493524727481876,0.0,0.0,206.96912057005696,1030.713614484023,321.06362789636125,1569.4301816963987,1.0,86.0,0.6,0.0,0.0,106.0,661.2380802158808
9.233956486486486,45.47579008196721,1,25,18,0,1,0,1,0,0,0,0,0,0,0.5225591974380597,0,1,1,0,1,168,0,1,1,0,0,0,4,8,24,0.0,0.01580357504023873,0.1101301540243511,0,0,1,1,0,0,0,0,1,0.047216492358898174,0,7,0.8096292361252666,4,12,0,0,17.87644662776687,33.26219127959466,1.124460393956823,0.0,0.0,272.37265075344675,1094.9729451936662,335.14278502768343,1338.4061382077896,1.0,86.0,0.6,0.0,0.0,106.0,661.4147979005689
9.23428027027027,45.47579008196721,1,26,18,1,1,0,1,0,0,0,0,0,0,0.5674187051708474,0,0,1,0,3,163,0,1,1,0,0,0,4,7,23,0.0,0.027816905213959523,0.10752226421422971,0,0,0,0,0,0,0,0,1,0.045078931299210784,0,7,0.7946372235495117,0,12,0,0,22.059610618778912,31.140275606530658,1.3921472283180945,0.0,0.0,454.01047117500536,1513.8722420312847,581.7907667527116,1466.3776055673054,1.0,86.0,0.6,0.0,0.0,106.0,663.0684523483102
9.234604054054053,45.47579008196721,1,27,18,0,1,0,0,0,0,0,0,0,1,0.6029416597572897,0,0,1,0,4,157,0,1,1,0,0,0,4,7,23,0.0,0.06348500159364301,0.10677024575321212,0,0,0,0,0,0,0,0,1,0.04157041663656084,0,4,1.266958418618252,0,4,0,0,29.147599105378717,30.07155115203494,1.6113009748598117,0.0,0.0,106.50762417650863,880.6706084840802,372.6761530472047,1242.8093177792455,1.0,86.0,0.6,0.0,0.0,106.0,663.004122917203
9.234927837837837,45.47579008196721,1,28,18,0,1,0,0,0,0,0,0,0,1,0.6219775524689163,0,0,0,0,2,145,0,1,1,0,0,0,4,7,24,0.0,0.19855511210684,0.1064722138960467,0,0,0,0,0,0,0,0,1,0.03699587536327405,0,4,0.5592627340240409,0,0,0,0,75.08822061522943,32.75081673688754,1.8104083211415343,0.0,0.0,0.0,0.0,300.3528824609177,1095.9343876205185,1.0,86.0,0.6,0.0,0.0,106.0,664.1285889356227
9.235251621621622,45.47579008196721,1,29,18,0,1,0,0,0,0,0,0,0,1,0.6322078968257315,0,0,0,0,0,123,1,1,1,0,0,0,4,6,24,0.11664454582177268,0.3272734960482908,0.10729693962904269,0,0,0,0,0,1,0,0,1,0.033222967261490335,0,3,0.5592375382873442,0,0,0,0,17.167692902792886,29.791921917858065,1.7699856130163958,0.0,0.0,0.0,135.50705422734737,345.18834705085345,975.0308303315896,1.0,86.0,0.6,0.0,0.0,106.0,663.6560636719325
9.235575405405404,45.47579008196721,1,30,18,0,0,0,0,0,0,0,0,0,1,0.6357207448393997,0,0,0,0,4,105,1,1,1,1,1,0,3,6,23,0.5419204571895218,0.38775019489555074,0.10796273063233261,0,0,0,0,0,1,0,0,1,0.029822160444625392,0,2,0.5592375382873442,0,0,0,0,12.430235639483817,29.383136335347633,1.764401021032486,0.0,0.0,58.151268139279374,523.1487530264109,346.9677417374564,749.2970804046338,1.0,86.0,0.6,0.0,0.0,106.0,663.1856265158235
9.235899189189189,45.47579008196721,1,31,18,0,0,0,0,0,0,0,0,0,1,0.6336203058025629,0,0,0,0,7,80,1,1,0,1,1,0,2,6,22,0.7348239612531802,0.41565926737245523,0.1081013797302437,0,0,0,0,0,0,0,0,1,0.025463758260978093,0,2,0.5592375382873442,0,0,0,0,8.825963755721714,27.493833621674963,1.7385904610681164,0.0,0.0,141.41690121052528,541.1902281544428,6.019524700303431,665.7293143890435,1.0,86.0,0.6,0.0,0.0,106.0,662.8903088427467
9.236222972972971,45.47579008196721,1,32,18,0,0,0,0,0,0,0,0,0,1,0.6263754275110663,0,0,0,0,6,58,1,1,0,0,1,0,2,6,21,0.47692762302454267,0.3841827156043603,0.10738096003216666,0,0,0,0,0,0,0,0,1,0.021744258354303093,0,1,0.5592375382873442,0,0,0,0,26.771097239840575,30.370758534903082,0.0,0.0,0.0,0.0,1177.9282785529854,0.0,665.7293143890435,1.0,86.0,0.6,0.0,0.0,106.0,664.0818714306631
9.236546756756756,45.47579008196721,1,33,18,0,0,0,0,0,0,0,0,0,1,0.6146217621138133,0,0,0,0,2,56,0,1,0,0,1,0,2,6,18,0.14497125557261015,0.2804065724198157,0.10600556868935627,0,0,0,0,0,0,0,0,1,0.01843742268070307,0,1,0.06007709223842433,0,0,0,0,69.45903990989578,30.370758534903082,0.0,0.0,0.0,820.0353369471374,1389.1807981979155,0.0,581.2264824493878,1.0,86.0,0.6,0.0,0.0,106.0,664.2590252805235
9.23687054054054,45.47579008196721,1,34,18,0,0,0,0,0,0,0,0,0,1,0.5986687160007362,0,0,0,0,0,50,0,1,0,0,0,0,2,6,16,0.011670019728883978,0.11345822016973353,0.10404576558651542,0,0,0,0,0,0,0,0,0,0.015734490549227563,0,1,0.06007709223842433,0,0,0,0,216.29815380125908,30.370758534903082,0.0,0.0,0.0,477.75358586041705,1297.7889228075544,0.0,0.0,1.0,86.0,0.6,0.0,0.0,106.0,668.3038825546682
9.237194324324323,45.47579008196721,1,35,18,0,0,0,0,0,0,0,0,0,1,0.5785725245209449,0,0,0,0,0,48,0,1,0,0,0,0,2,6,13,0.0,0.02523014492136706,0.10145325176074083,0,0,0,0,0,0,0,0,0,0.014012485757795484,0,1,0.002122507427951541,0,0,0,0,238.87679293020852,30.370758534903082,0.0,0.0,0.0,0.0,477.75358586041705,0.0,0.0,1.0,86.0,0.6,0.0,0.0,106.0,668.4657821200434
9.237518108108107,45.47579008196721,1,36,18,0,0,0,0,0,0,0,0,0,1,0.553614173795893,0,0,0,0,0,45,0,1,0,0,0,0,2,6,13,0.0,0.0,0.09821313712682239,0,0,0,0,0,0,0,0,0,0.012778707485694304,0,0,1.1600416479362234,0,0,0,0,28.56336444662606,30.370758534903082,0.0,0.0,0.0,0.0,0.0,0.0,0.0,1.0,86.0,0.6,0.0,0.0,106.0,669.8214621708134
9.225861891891892,45.47601549180328,1,0,19,0,0,0,0,0,0,0,0,0,0,0.0,0,0,0,0,0,206,0,0,1,0,0,0,6,9,19,0.0,0.009542013636616989,0.1192765972714736,0,0,0,0,0,0,1,1,0,0.011498497074917464,0,1,0.1643523989194076,0,0,0,0,28.56336444662606,30.370758534903082,0.0,0.0,0.0,0.0,0.0,0.0,475.0771212145999,1.0,86.0,0.6,0.0,0.0,106.0,669.2023717834159
9.226185675675676,45.47601549180328,1,1,19,0,0,0,0,0,0,0,0,0,0,0.0,0,0,0,0,0,232,0,0,1,0,0,0,6,10,19,0.0,0.011135398059809292,0.12013065074155461,0,0,0,0,0,0,0,1,0,0.01255387933275928,0,1,0.3133114353932549,0,0,0,0,218.69933894121502,30.370758534903082,0.0,0.0,0.0,0.0,874.7973557648601,0.0,905.5421268963904,1.0,86.0,0.6,0.0,0.0,106.0,667.9421907746356
9.226509459459459,45.47601549180328,1,2,19,0,0,0,0,0,0,0,0,0,0,0.0,0,0,0,0,0,270,0,0,1,0,0,0,6,10,21,0.0,0.005677664910995077,0.12262587758369428,0,0,0,0,0,0,0,1,0,0.013603354464516566,0,2,0.42530024576265113,0,0,0,1,91.00602359791151,29.431242597484292,1.7650582209372732,0.0,0.0,874.7973557648601,1160.360746590484,295.7356309761,1272.8150720029362,1.0,86.0,0.6,0.0,0.0,106.0,666.1874434743288
9.226833243243243,45.47601549180328,1,3,19,0,0,0,0,0,0,0,0,0,0,0.0,0,0,0,0,0,307,0,0,1,0,0,0,6,10,22,0.0,0.061294079429992154,0.12445972333145412,0,0,0,1,0,0,0,1,0,0.014380985462098086,0,2,0.41262348561348683,0,0,0,3,91.00602359791151,29.431242597484292,1.7650582209372732,0.0,0.0,0.0,1160.360746590484,295.7356309761,1337.389181952383,1.0,86.0,0.6,0.0,0.0,106.0,666.5909632993478
9.227157027027028,45.47601549180328,1,4,19,0,0,0,0,0,0,0,0,0,0,0.0,0,0,0,0,1,326,0,0,1,0,0,0,7,11,22,0.07779214172158913,0.08017630975836502,0.12309440025141562,0,0,0,1,0,0,0,1,0,0.015507064884493002,0,2,0.4081831924830286,0,0,0,4,29.07004916935559,29.39451922294466,1.7645565274533281,0.0,0.0,0.0,0.0,523.2608850484006,1772.8399700793716,1.0,86.0,0.6,0.0,0.0,106.0,666.2181467591713
9.22748081081081,45.47601549180328,1,5,19,0,0,0,0,0,0,0,0,0,0,0.0,0,0,0,0,1,336,0,0,1,0,0,1,7,12,23,0.16111258303981574,0.082527168854999,0.11982540877256874,0,0,0,0,0,0,0,1,0,0.016944930850179018,0,2,0.4218660804294366,0,0,0,4,25.31625337078263,29.120739211467708,1.7608163034266897,0.0,0.0,0.0,0.0,506.3250674156526,1772.8399700793716,1.0,86.0,0.6,0.0,0.0,106.0,664.824945318162
9.227804594594595,45.47601549180328,1,6,19,0,0,0,0,0,0,0,0,0,0,0.00011307838425646561,0,0,0,0,1,351,0,0,1,0,0,1,7,12,23,0.11458826094163946,0.08093824464731507,0.11504745775944127,0,0,0,0,0,0,0,0,0,0.019117994432884027,0,2,0.3762138719700321,0,0,0,4,31.46662113935795,29.56931122993183,1.7669444346663892,0.0,0.0,0.0,0.0,440.5326959510113,1750.5300078606467,1.0,86.0,0.6,0.0,0.0,106.0,665.3066390978157
9.228128378378377,45.47601549180328,1,7,19,0,0,0,0,0,0,0,0,0,0,0.002198653499602508,0,0,1,0,0,372,0,0,1,0,0,0,6,13,23,0.0,0.06524547764663378,0.10883032075470771,0,0,0,0,0,0,0,0,0,0.02106735604532301,0,1,0.34922380561137184,0,0,0,4,41.61276399692739,30.30931182054685,1.7770538943519731,0.0,0.0,0.0,0.0,416.1276399692739,1605.2250180380584,1.0,86.0,0.6,0.0,0.0,106.0,665.0733723425735
9.228452162162162,45.47601549180328,1,8,19,0,0,0,0,0,0,0,0,0,0,0.006464263459128485,0,0,1,0,0,377,0,0,1,0,0,0,5,13,24,0.0,0.014232938626180204,0.10242013474099208,0,0,0,0,0,0,0,0,0,0.023097524445481132,0,1,0.2066240519294082,0,0,0,4,53.76619458542256,31.195712292108848,1.7891633844607455,0.0,0.0,0.0,0.0,322.59716751253535,1338.0356361324093,1.0,86.0,0.6,0.0,0.0,106.0,665.4598487408313
9.228775945945946,45.47601549180328,1,9,19,0,0,0,0,0,0,0,0,0,0,0.012461701055227379,0,1,1,0,0,392,0,0,1,0,0,0,4,13,24,0.0,0.0,0.09574332937998502,0,0,0,0,0,0,0,0,0,0.024919201115327777,0,0,0.21545205326051375,0,0,2,4,28.56336444662606,30.370758534903082,0.0,0.0,0.0,0.0,0.0,0.0,931.9156869685891,1.0,86.0,0.6,0.0,0.0,106.0,666.5955179819749
9.229099729729729,45.47601549180328,1,10,19,0,0,0,0,0,0,0,0,0,0,0.019833213500049966,0,1,1,0,1,403,0,0,1,0,0,0,4,14,24,0.0,0.0,0.08949941045739014,0,0,0,0,0,0,0,0,0,0.026612532726336343,0,1,0.20334078325483138,0,0,4,4,28.56336444662606,30.370758534903082,0.0,0.0,0.0,0.0,0.0,0.0,722.2128371666792,1.0,86.0,0.6,0.0,0.0,106.0,666.9986557858592
9.229423513513513,45.47601549180328,1,11,19,0,0,0,0,0,0,0,0,0,0,0.028271710908994184,0,0,1,0,0,407,0,0,1,0,0,0,2,14,25,0.0,0.0,0.0834567206550181,0,0,0,0,0,0,0,0,0,0.02775818165019381,0,1,0.45425044789012586,0,0,4,4,28.56336444662606,30.370758534903082,0.0,0.0,0.0,0.0,0.0,0.0,967.9111999620934,1.0,86.0,0.6,0.0,0.0,106.0,666.2138952242342
9.229747297297298,45.47601549180328,1,12,19,0,0,0,0,0,0,0,3,0,0,0.03750273877702482,0,0,1,0,0,413,0,0,1,0,0,0,0,14,25,0.0,0.0,0.0747386307615905,0,0,0,0,0,0,0,0,0,0.029017273578677057,0,1,0.49192777626197376,0,0,4,4,125.33836365813792,41.75555681565593,1.9039109609199494,0.0,0.0,0.0,840.6712026581038,22.284091127749644,561.9136022752646,1.0,86.0,0.6,0.0,0.0,106.0,667.020227846023
9.23007108108108,45.47601549180328,1,13,19,0,0,0,0,0,0,0,3,0,0,0.04727277437034169,0,0,1,0,0,412,0,0,1,0,0,0,0,14,25,0.0,0.0,0.05917487935631705,0,0,0,0,0,0,0,0,0,0.029273078173527225,0,1,0.42307516094952535,0,0,4,4,71.29629718258788,35.858256590240785,1.8350999355683102,0.0,0.0,336.69056441239866,915.1799053200059,76.34914346293884,645.5307288303361,1.0,86.0,0.6,0.0,0.0,106.0,667.1016938512648
9.230394864864865,45.47601549180328,1,14,19,0,0,0,0,0,0,0,3,0,0,0.05734204893729878,0,0,1,0,4,410,0,0,1,0,0,0,0,16,25,0.0,0.0,0.048514107112549096,0,0,0,0,0,0,0,0,0,0.030501127713127987,0,2,0.7106760203651125,0,0,4,4,30.867014501614317,30.838271229960128,1.7782597444864516,0.0,0.0,0.0,460.20766402812967,322.31054423768876,806.3510698173357,1.0,86.0,0.6,0.0,0.0,106.0,666.3491285752561
9.230718648648649,45.47601549180328,1,15,19,0,0,0,0,0,0,0,1,0,0,0.06747649923002617,0,1,1,0,13,403,0,0,1,0,0,0,0,16,25,0.0,0.0,0.04545528207227198,0,0,0,0,0,0,0,0,0,0.03319013467623065,0,3,1.2161422193613234,0,0,4,4,14.90434854548231,28.05036292375509,1.746910349692397,0.0,0.0,34.910771081559155,49.00839695382868,368.31336231967595,806.3510698173357,1.0,86.0,0.6,0.0,0.0,106.0,665.4143052481021
9.231042432432432,45.47601549180328,1,16,19,0,0,0,0,0,0,0,0,0,0,0.08846394924238161,0,1,1,0,22,394,0,0,1,0,0,0,0,16,25,0.0,0.0,0.04744930224316985,0,0,1,0,0,1,0,0,0,0.03729491936629585,0,5,1.4859243775687392,0,0,3,4,15.058838034099411,28.866995038531243,1.7573497974275243,0.0,0.0,0.0,302.6418638969919,480.4177138761773,909.886635406813,1.0,86.0,0.6,0.0,0.0,106.0,664.2066198989294
9.231366216216216,45.47601549180328,1,17,19,0,0,0,0,0,0,0,0,0,0,0.1245712243571673,0,1,1,0,18,376,0,0,1,0,0,0,0,15,25,0.0,0.0,0.059965500466331374,0,0,1,0,0,1,0,0,0,0.038186473672126,0,5,1.2467836195685826,0,0,2,4,13.46819565719358,28.662586698121952,1.754557289012028,0.0,0.0,104.5939542501617,459.00864457563983,456.8286601135236,1108.4116927739583,1.0,86.0,0.6,0.0,0.0,106.0,663.7367013631357
9.23169,45.47601549180328,1,18,19,0,0,0,0,0,0,0,0,0,0,0.16814750075267884,0,0,1,0,9,350,0,0,1,0,0,0,1,14,25,0.0,0.0,0.07285150409244519,0,0,0,0,0,0,0,0,0,0.03773133530045053,0,6,1.2467836195685826,0,0,0,4,11.918696420244219,28.23961440449971,1.748778886393539,0.0,0.0,106.2925094335973,434.48001050223434,185.2922033504648,1202.1266488076578,1.0,86.0,0.6,0.0,0.0,106.0,663.3187528043007
9.232013783783783,45.47601549180328,1,19,19,0,0,0,1,0,0,0,0,0,0,0.21474031298095797,0,0,1,0,1,333,0,0,1,0,0,0,1,13,25,0.0,0.0,0.08470026472437257,0,0,1,0,0,0,0,0,0,0.03879937500230099,0,5,1.1214278994304334,0,0,0,4,9.902007887884825,0.0,1.3371640775395834,0.0,0.0,84.05250987041642,465.72184560190544,88.79059611964476,1215.4956292885875,1.0,86.0,0.6,0.0,0.0,106.0,663.8637561033602
9.232337567567567,45.47601549180328,1,20,19,0,0,0,1,0,0,0,0,0,0,0.26236915433884167,0,0,1,0,1,311,0,0,1,0,0,0,1,9,25,0.0,0.0,0.09616945748957198,0,0,0,0,0,0,0,0,0,0.03936387202308626,0,5,1.2431337364971047,0,0,0,4,9.075598818890102,0.0,1.3371640775395834,0.0,0.0,0.0,455.7453330137614,88.79059611964476,1372.1236891620556,1.0,86.0,0.6,0.0,0.0,106.0,662.9317132277561
9.23266135135135,45.47601549180328,1,21,19,0,0,0,1,0,0,0,0,0,0,0.310169315663998,0,0,1,0,2,297,0,0,1,0,0,0,1,8,25,0.0,0.014047936158253144,0.10365759992739663,0,0,1,0,0,0,0,0,0,0.039589198567767436,0,6,1.0391874017864218,0,4,0,4,10.033395680808875,27.956288114154695,1.7449082466313084,0.0,0.0,0.0,588.7661800785486,93.50472621645501,1332.3694219504648,1.0,86.0,0.6,0.0,0.0,106.0,661.6946531405188
9.232985135135134,45.47601549180328,1,22,19,0,0,0,1,0,0,0,0,0,0,0.3573011550801789,0,1,1,0,5,263,0,0,1,0,0,0,1,8,26,0.02429001401267998,0.01411078066941915,0.10793204521971562,0,0,1,1,0,0,0,0,1,0.039745634966340315,0,6,1.4986952444892667,4,8,0,4,9.664493554644286,31.181761494629107,1.4966054977542056,0.0,0.0,326.5063031977661,712.7152089910649,224.74066580943077,1143.2396596591147,1.0,86.0,0.6,0.0,0.0,106.0,661.1476346342133
9.233308918918919,45.47601549180328,1,23,19,0,0,0,1,0,0,0,0,0,0,0.40337937908631566,0,0,1,0,7,237,0,1,1,0,0,1,3,8,26,0.05644312267748753,0.01411078066941915,0.11048067711663292,0,0,1,1,0,1,0,0,1,0.03952253823184332,0,7,0.8602748415065562,0,20,0,2,10.203983607547904,33.46958338945112,1.2975871239313626,0.0,0.0,80.02138075210006,1007.6573046318525,318.8605643493753,1490.8343108398847,1.0,86.0,0.6,0.0,0.0,106.0,660.946460707301
9.233632702702701,45.47601549180328,1,24,19,0,1,0,1,0,0,0,0,0,0,0.45000280024249417,0,1,1,0,4,200,0,1,1,0,0,1,3,8,26,0.05644312267748753,0.01411078066941915,0.11059565986121836,0,0,1,1,0,1,0,0,1,0.03884854071349976,0,7,0.8096292361252666,8,16,0,0,13.972565868517501,33.34669216572245,1.135774975225625,0.0,0.0,245.1018693352952,816.4309010155755,357.26463193989434,1301.14015147367,1.0,86.0,0.6,0.0,0.0,106.0,660.9507461515561
9.233956486486486,45.47601549180328,1,25,19,0,1,0,1,0,0,0,1,0,0,0.49713696992177786,0,0,1,0,1,177,0,1,1,0,0,0,4,8,25,0.004915165805844928,0.01411078066941915,0.11068564262474617,0,0,1,1,0,0,0,0,1,0.03695492206331493,0,6,0.8096292361252666,0,20,0,0,16.53883047705408,32.79370014622826,1.198691855201457,0.0,0.0,156.52762401260546,1479.9428506063864,405.48382377777875,1274.4746708456871,1.0,86.0,0.6,0.0,0.0,106.0,661.2304678007827
9.23428027027027,45.47601549180328,1,26,19,1,1,0,1,0,0,0,3,0,0,0.5445375649599316,0,0,1,0,5,166,0,1,1,0,0,0,4,7,25,0.0,0.008652871633688478,0.11264142852287054,0,0,0,1,0,0,0,0,1,0.03383006358485351,0,5,1.0907193842638565,4,12,0,0,22.222136413020415,31.140275606530658,1.3921472283180945,0.0,0.0,761.4133926441691,1395.9793740061048,581.7907667527116,1473.4683010002905,1.0,86.0,0.6,0.0,0.0,106.0,659.8534781085833
9.234604054054053,45.47601549180328,1,27,19,0,1,0,0,0,0,0,2,0,1,0.5831336751869345,0,0,1,0,5,162,0,1,1,0,0,0,4,7,24,0.0,0.0,0.11274057510214647,0,0,0,0,0,0,0,0,1,0.03155918059875845,0,4,1.283720355903942,4,8,0,0,25.678897655378275,31.065299879436225,1.5094174790498434,0.0,0.0,35.339466120435,1198.0028950292156,394.0887596042378,1228.4921646393645,1.0,86.0,0.6,0.0,0.0,106.0,665.5534419074248
9.234927837837837,45.47601549180328,1,28,19,0,1,0,0,0,0,0,0,0,1,0.604895305052901,0,0,0,0,2,158,0,1,1,0,0,0,4,7,24,0.0,0.06313689334947953,0.11130594393319794,0,0,0,0,0,0,0,0,1,0.029284240577729142,0,4,0.4877784599147021,0,0,0,0,39.025568419411485,30.120616837411454,1.7744760527271528,0.0,0.0,0.0,0.0,312.2045473552919,995.6956368338592,1.0,86.0,0.6,0.0,0.0,106.0,664.5871184337445
9.235251621621622,45.47601549180328,1,29,19,0,0,0,0,0,0,0,0,0,1,0.6177562417651222,0,0,0,0,2,133,1,1,1,0,0,0,4,7,24,0.08613490329432005,0.16864670386035716,0.11007488304146548,0,0,0,0,0,0,0,0,1,0.026815152514421594,0,2,0.4653076530070434,0,0,0,0,27.480999306047398,30.302267350486325,1.7769576568800218,0.0,0.0,0.0,463.0514911804132,581.2264824493878,975.0308303315896,1.0,86.0,0.6,0.0,0.0,106.0,662.4198638385761
9.235575405405404,45.47601549180328,1,30,19,0,0,0,0,0,0,0,0,0,1,0.623870984413182,0,0,0,0,7,114,1,1,1,1,1,0,3,6,23,0.35779484736719935,0.22294812850026105,0.10983699562460264,0,0,0,0,0,0,0,0,1,0.02373526829539763,0,2,0.4653076530070434,0,0,0,0,24.1433954624312,30.302267350486325,1.7769576568800218,0.0,0.0,158.0733008151015,577.6564997473097,581.2264824493878,756.9820078368349,1.0,86.0,0.6,0.0,0.0,106.0,662.4850079162877
9.235899189189189,45.47601549180328,1,31,19,0,0,0,0,0,0,0,0,0,1,0.6243558021648883,0,0,0,0,10,92,1,1,1,1,1,0,3,6,23,0.4195962315160794,0.26214943505198335,0.10929900623657443,0,0,0,0,0,0,0,0,1,0.020224675833989385,0,2,0.5592375382873442,0,0,0,0,19.735059195796076,30.302267350486325,1.7769576568800218,0.0,0.0,0.0,405.5264773404159,581.2264824493878,665.7293143890435,1.0,86.0,0.6,0.0,0.0,106.0,663.7279763302081
9.236222972972971,45.47601549180328,1,32,19,0,0,0,0,0,0,0,0,0,1,0.6198982712516817,0,0,0,0,9,67,1,1,0,0,1,0,2,6,21,0.1800556076131254,0.2577957814532753,0.10839484810080356,0,0,0,0,0,0,0,0,1,0.01737580606121783,0,1,0.5592375382873442,0,0,0,0,55.02093124115776,30.370758534903082,0.0,0.0,0.0,0.0,990.3767623408397,0.0,581.2264824493878,1.0,86.0,0.6,0.0,0.0,106.0,663.7146085025427
9.236546756756756,45.47601549180328,1,33,19,0,0,0,0,0,0,0,0,0,1,0.6109374262076948,0,0,0,0,4,57,0,1,0,0,0,0,2,6,19,0.0,0.17486414650523008,0.1071075117840187,0,0,0,0,0,0,0,0,1,0.014493657169002253,0,1,0.07898338438312553,0,0,0,0,98.98038174075029,30.370758534903082,0.0,0.0,0.0,820.0353369471374,1385.725344370504,0.0,581.2264824493878,1.0,86.0,0.6,0.0,0.0,106.0,666.9900843846758
9.23687054054054,45.47601549180328,1,34,19,0,0,0,0,0,0,0,0,0,1,0.5975895048899407,0,0,0,0,1,53,0,1,0,0,0,0,2,6,16,0.0,0.04936777174395296,0.10542051665065408,0,0,0,0,0,0,0,0,1,0.01305500195818014,0,1,0.06007709223842433,0,0,0,0,135.38194954079898,30.370758534903082,0.0,0.0,0.0,477.75358586041705,1353.8194954079897,0.0,0.0,1.0,86.0,0.6,0.0,0.0,106.0,668.2732440354
9.237194324324323,45.47601549180328,1,35,19,0,0,0,0,0,0,0,0,0,1,0.5799826947342123,0,0,0,0,0,48,0,1,0,0,0,0,2,6,14,0.0,0.003152128923522731,0.10329971290440827,0,0,0,0,0,0,0,0,0,0.011784715717518214,0,1,0.002122507427951541,0,0,0,0,238.87679293020852,30.370758534903082,0.0,0.0,0.0,0.0,477.75358586041705,0.0,0.0,1.0,86.0,0.6,0.0,0.0,106.0,668.5850758475627
9.237518108108107,45.47601549180328,1,36,19,0,0,0,0,0,0,0,0,0,1,0.5554798267095891,0,0,0,0,0,45,0,1,0,0,0,0,2,6,14,0.0,0.0,0.1011090747720872,0,0,0,0,0,0,0,0,0,0.010308717550360853,0,1,1.1600416479362234,0,0,0,0,28.56336444662606,30.370758534903082,0.0,0.0,0.0,0.0,0.0,0.0,0.0,1.0,86.0,0.6,0.0,0.0,106.0,668.8745164466661
9.225861891891892,45.47624090163934,1,0,20,0,0,0,0,0,0,0,0,0,0,0.0,0,0,0,0,2,228,0,0,1,0,0,0,6,9,19,0.0,0.0,0.12020626126900362,0,0,0,0,0,0,0,1,0,0.006275925091244595,0,1,0.21842902941655962,0,0,0,0,28.56336444662606,30.370758534903082,0.0,0.0,0.0,0.0,0.0,0.0,417.3862311479873,1.0,86.0,0.6,0.0,0.0,106.0,669.6803649679096
9.226185675675676,45.47624090163934,1,1,20,0,0,0,0,0,0,0,0,0,0,0.0,0,0,1,0,2,265,0,0,1,0,0,0,6,9,19,0.0,0.0,0.12020626126900362,0,0,0,0,0,0,0,1,0,0.006576395136787275,0,1,0.3206164261351377,0,0,0,0,218.69933894121502,30.370758534903082,0.0,0.0,0.0,0.0,874.7973557648601,0.0,863.1530685957885,1.0,86.0,0.6,0.0,0.0,106.0,667.7703100544533
9.226509459459459,45.47624090163934,1,2,20,0,0,0,0,0,0,0,0,0,0,0.0,0,0,1,0,0,308,0,0,1,0,0,0,7,10,22,0.0,0.014330985464823191,0.12091241943222451,0,0,0,0,0,0,0,1,0,0.0069206502043849686,0,1,0.3324250248065563,0,0,0,1,71.37492442032855,28.840125542674418,1.756982721929773,0.0,0.0,874.7973557648601,1169.873352264911,257.62513614166016,1126.8721908381729,1.0,86.0,0.6,0.0,0.0,106.0,666.2330122670371
9.226833243243243,45.47624090163934,1,3,20,0,0,0,0,0,0,0,0,0,0,0.0,0,0,1,0,0,351,0,0,1,0,0,0,8,10,22,0.00014110273879288577,0.04913800081158897,0.1232403662304322,0,0,0,1,0,0,1,1,0,0.007109177062751638,0,1,0.29058018199440505,0,0,0,4,53.17426236308178,28.76687009224041,1.7559819483732322,0.0,0.0,0.0,1267.798168764454,327.42970212799924,1220.5152652007102,1.0,86.0,0.6,0.0,0.0,106.0,665.3130671442208
9.227157027027028,45.47624090163934,1,4,20,0,0,0,0,0,0,0,0,0,0,0.0,0,0,1,0,0,376,0,0,1,0,0,1,8,10,22,0.0665873266906736,0.08518016570556419,0.12516884120982763,0,0,0,1,0,0,0,1,0,0.007477739213375692,0,1,0.30008726035098027,0,0,0,4,16.819631647121952,29.30441327857186,1.7633255522032798,0.0,0.0,0.0,127.70243398206497,612.361358491301,1527.7259192535248,1.0,86.0,0.6,0.0,0.0,106.0,665.7868930718605
9.22748081081081,45.47624090163934,1,5,20,0,0,0,0,0,0,0,0,0,0,0.0,0,0,0,0,1,401,0,0,1,0,0,1,8,11,23,0.16376012457332595,0.08518016570556419,0.12493101080510544,0,0,0,0,0,0,0,1,0,0.00920312989079653,0,1,0.39005608825358956,0,0,0,4,12.769422463636019,29.66949881888599,1.7683131395084843,0.0,0.0,0.0,280.8624084225424,459.76409446834674,1578.1890303919108,1.0,86.0,0.6,0.0,0.0,106.0,665.232862775785
9.227804594594595,45.47624090163934,1,6,20,0,0,0,0,0,0,0,0,0,0,0.0,0,0,0,0,2,435,0,0,1,0,0,1,8,12,23,0.09780392441949727,0.08332794622270993,0.12438450399150842,0,0,0,1,0,0,0,0,0,0.011510657854229509,0,1,0.3762138719700321,0,0,0,4,14.351728631284194,30.12321224747274,1.7745115097169373,0.0,0.0,0.0,134.03875369335026,468.73384882058576,1706.6397311113558,1.0,86.0,0.6,0.0,0.0,106.0,666.4955912325121
9.228128378378377,45.47624090163934,1,7,20,0,0,0,0,0,0,0,0,0,0,0.00010120931156829308,0,0,1,0,1,454,0,0,1,0,0,0,7,12,24,0.022753284912624835,0.06409917907329102,0.1208072169119651,0,0,0,1,0,0,0,0,0,0.014424138325795964,0,1,0.4326521579672613,0,0,0,4,56.45963558027213,31.392156197438688,1.7918470873747665,0.0,0.0,0.0,0.0,225.8385423210885,1511.178217787226,1.0,86.0,0.6,0.0,0.0,106.0,665.8616666415127
9.228452162162162,45.47624090163934,1,8,20,0,0,0,0,0,0,0,0,0,0,0.0017746566733471826,0,0,1,0,2,461,0,0,1,0,0,0,7,12,25,0.0,0.020785095623816488,0.1137221527674297,0,0,0,0,0,0,0,0,0,0.01578801916587224,0,1,0.2317480997842065,0,0,2,4,56.45963558027213,31.392156197438688,1.7918470873747665,0.0,0.0,0.0,0.0,225.8385423210885,1264.1753678834777,1.0,86.0,0.6,0.0,0.0,106.0,665.2478753269397
9.228775945945946,45.47624090163934,1,9,20,0,0,0,0,0,0,0,0,0,0,0.005176112483670005,0,0,1,0,6,466,0,0,1,0,0,0,5,12,26,0.0,0.0,0.1042499434015606,0,0,0,0,0,0,0,0,0,0.01604733304232208,0,0,0.2066240519294082,0,0,4,4,28.56336444662606,30.370758534903082,0.0,0.0,0.0,0.0,0.0,0.0,1046.814832257775,1.0,86.0,0.6,0.0,0.0,106.0,666.6146684367508
9.229099729729729,45.47624090163934,1,10,20,0,0,0,0,0,0,0,0,0,0,0.009948507676408556,0,0,1,0,6,478,0,0,1,0,0,0,4,13,26,0.0,0.0,0.09565555762406777,0,0,0,0,0,0,0,0,0,0.01653105840331794,0,0,0.4434538225784872,0,0,4,4,28.56336444662606,30.370758534903082,0.0,0.0,0.0,0.0,0.0,0.0,846.5090797851547,1.0,86.0,0.6,0.0,0.0,106.0,666.757236225543
9.229423513513513,45.47624090163934,1,11,20,0,0,0,0,0,0,0,3,0,0,0.01578513952463151,0,0,1,0,4,480,0,0,1,0,0,0,2,14,26,0.0,0.0,0.08677208784553171,0,0,0,0,0,0,0,0,0,0.01883498295499619,0,1,0.49192777626197376,0,0,4,4,28.56336444662606,30.370758534903082,0.0,0.0,0.0,0.0,0.0,0.0,1162.8436784325402,1.0,86.0,0.6,0.0,0.0,106.0,664.9418511350063
9.229747297297298,45.47624090163934,1,12,20,0,0,0,0,0,0,0,3,0,0,0.022411812380683627,0,0,1,0,1,479,0,0,1,0,0,0,0,14,26,0.0,0.0,0.07543574936920037,0,0,0,0,0,0,0,0,0,0.02035176524468846,0,1,0.5775296281652305,0,0,4,4,86.26419390868084,43.81666761174195,1.9279332206899618,0.0,0.0,0.0,578.4893409076074,22.284091127749644,754.8111572793314,1.0,86.0,0.6,0.0,0.0,106.0,666.2681773437373
9.23007108108108,45.47624090163934,1,13,20,0,0,0,0,0,0,3,3,0,0,0.029575157643412738,0,0,1,0,0,483,0,0,1,0,0,0,0,14,26,0.0,0.0,0.060946277993885224,0,0,0,0,0,0,0,0,0,0.021701370537330216,0,1,0.7248741366139384,0,0,4,4,64.6976095149853,37.62597451646069,1.8557124436222716,0.0,0.0,74.5087026619022,980.0136177317394,76.34914346293884,745.8139212221629,1.0,86.0,0.6,0.0,0.0,106.0,666.6409700051138
9.230394864864865,45.47624090163934,1,14,20,0,0,0,0,0,0,1,3,0,0,0.03703528812377652,0,0,1,0,3,481,0,0,1,0,0,0,0,16,26,0.0,0.0,0.050531156128322534,0,0,1,0,0,0,0,0,0,0.024188043542917592,0,2,0.8523867229525447,0,0,4,4,36.14892670573795,32.27438462005959,1.7950193663835066,0.0,0.0,0.0,518.7714426337637,348.1930239039896,834.573308565981,1.0,86.0,0.6,0.0,0.0,106.0,666.0374922641503
9.230718648648649,45.47624090163934,1,15,20,0,0,0,0,0,0,0,3,0,0,0.044558377418200464,0,0,1,0,13,478,0,0,1,0,0,0,0,16,26,0.0,0.0,0.04342447270754318,0,0,0,0,0,0,0,0,0,0.02641848780441309,0,3,1.8957593814243765,0,0,4,4,17.594276063401523,27.972838619877827,1.7458512575313367,0.0,0.0,0.0,75.20796683133656,347.05465869029996,806.3510698173357,1.0,86.0,0.6,0.0,0.0,106.0,663.9850772022266
9.231042432432432,45.47624090163934,1,16,20,0,0,0,0,0,0,0,1,0,0,0.06313072068841048,0,0,1,0,23,462,0,0,1,0,0,0,0,15,26,0.0,0.0,0.042770645887439354,0,0,1,0,0,0,0,0,0,0.028760618628011183,0,3,1.670806274943171,0,0,4,4,14.70785108042752,29.068100351884098,1.760097181799485,0.0,0.0,32.46950368360701,253.63309010206427,393.5123574367467,862.3683943936003,1.0,86.0,0.6,0.0,0.0,106.0,663.7078387328331
9.231366216216216,45.47624090163934,1,17,20,0,0,0,0,0,0,0,0,0,0,0.09671579589017411,0,1,1,0,15,449,0,0,1,0,0,0,0,15,25,0.0,0.0,0.05222054681892808,0,0,1,0,0,0,0,0,0,0.03090350647962708,0,5,1.736645019954537,0,0,3,4,13.701751585849983,28.628452788850066,1.75409097130354,0.0,0.0,105.74489674532025,448.9896472107655,482.7294606270335,1204.3769959125393,1.0,86.0,0.6,0.0,0.0,106.0,663.3404163858836
9.23169,45.47624090163934,1,18,20,0,0,0,0,0,0,0,0,0,0,0.13782078171059384,0,0,1,0,10,427,0,0,1,0,0,0,1,13,26,0.0,0.0,0.06570373871783913,0,0,0,0,0,0,0,0,0,0.03279429705021225,0,5,1.4574617118242843,0,0,1,4,11.102794395329328,28.335093144612973,1.7500832616687036,0.0,0.0,40.00806710157157,780.3091294575463,174.5311885407758,1224.4772087933723,1.0,86.0,0.6,0.0,0.0,106.0,662.9624592410696
9.232013783783783,45.47624090163934,1,19,20,0,0,0,0,0,0,0,0,0,0,0.1837806741733021,0,0,1,0,0,388,0,0,1,0,0,0,1,11,26,0.0,0.0,0.0751542925724533,0,0,1,0,0,0,0,0,0,0.03343340648154886,0,5,1.3489540541891414,0,0,0,4,9.949927315108114,29.05672417259128,1.7599417670236115,0.0,0.0,61.00860856869751,568.0184062845555,48.877087252147724,1271.5552650988905,1.0,86.0,0.6,0.0,0.0,106.0,664.0321601938624
9.232337567567567,45.47624090163934,1,20,20,0,0,0,1,0,0,0,0,0,0,0.23140539016146475,0,0,1,0,0,348,0,0,1,0,0,0,1,9,27,0.0,0.0,0.0851122219840302,0,0,1,0,0,0,0,0,0,0.033316491555599966,0,5,1.2615255067954843,0,0,0,4,8.608081026292266,28.23164359752476,1.748669993842916,0.0,0.0,36.78099296759448,662.394742695005,26.251739408376334,1422.2609172657426,1.0,86.0,0.6,0.0,0.0,106.0,662.8881210183038
9.23266135135135,45.47624090163934,1,21,20,0,0,0,1,0,0,0,0,0,0,0.2791951189301869,0,1,1,0,0,316,0,0,1,0,0,0,1,9,26,0.0,0.01333544459972675,0.09380387401660313,0,0,1,1,0,0,0,0,0,0.03315813069661917,0,5,1.3859091944300916,0,0,0,4,7.117827049575097,28.68161447694522,1.7548172355112057,0.0,0.0,213.32692874387692,634.601035975791,77.18166898171869,1179.827867787408,1.0,86.0,0.6,0.0,0.0,106.0,662.9696249935587
9.232985135135134,45.47624090163934,1,22,20,0,0,0,1,0,0,0,0,0,0,0.32671764805389164,0,1,1,0,3,297,0,0,1,0,0,0,2,8,26,0.021543132603861367,0.01411078066941915,0.10103119572093874,0,0,1,1,0,0,0,0,1,0.03269887584431834,0,6,1.3875857636777018,0,4,0,4,8.94157969555559,29.60985373728875,1.6430704866943135,0.0,0.0,100.18921185680486,729.474357796474,218.33308993241855,1154.844775257748,1.0,86.0,0.6,0.0,0.0,106.0,662.2299115519795
9.233308918918919,45.47624090163934,1,23,20,0,0,0,1,0,0,0,0,0,0,0.37510521718175044,0,0,1,0,5,267,0,0,1,0,0,1,3,8,26,0.05644312267748753,0.01411078066941915,0.10575264407279208,0,0,1,0,0,0,0,0,1,0.03154975821173447,0,6,0.8602748415065562,0,4,0,3,11.266090328861287,31.219093229984324,1.5003764550689707,0.0,0.0,25.93641501329668,493.5847598066464,238.71111156933716,1449.6258344764058,1.0,86.0,0.6,0.0,0.0,106.0,661.0759736383847
9.233632702702701,45.47624090163934,1,24,20,0,1,0,1,0,0,0,2,0,0,0.42426355855681597,0,1,1,0,2,229,0,1,1,0,0,1,3,8,26,0.05644312267748753,0.01411078066941915,0.10931136274726173,0,0,1,0,0,0,0,0,1,0.029636094805433506,0,7,0.7336387127850625,0,8,0,1,14.750120406759628,36.92679008296146,1.0,0.0,0.0,33.78112402550338,329.5319401570073,142.47191285930074,1107.8222234493883,1.0,86.0,0.6,0.0,0.0,106.0,661.063646187345
9.233956486486486,45.47624090163934,1,25,20,0,1,0,1,0,0,0,3,0,0,0.4739317236075539,0,0,1,0,0,197,0,1,1,0,0,0,4,7,26,0.0004123502505724932,0.01411078066941915,0.11285540607659725,0,0,0,0,0,0,0,0,1,0.02739334650148483,0,5,0.7296246667653304,0,0,0,0,14.76760298915463,33.53837136633894,1.0,0.0,0.0,0.0,503.8198521476871,116.41947339680732,1164.5604566143058,1.0,86.0,0.6,0.0,0.0,106.0,660.0366628261522
9.23428027027027,45.47624090163934,1,26,20,1,1,0,1,0,0,1,3,0,0,0.5238646208704251,0,0,1,0,4,175,0,1,1,0,0,0,4,7,26,0.0,0.009648485875598868,0.1147140521147434,0,0,0,0,0,0,0,0,1,0.025773401792043984,0,4,1.0907193842638565,0,8,0,0,22.741556640155675,32.295412948365616,1.3274731427089634,0.0,0.0,187.81389284422505,1064.0075312887932,255.002753840236,1363.9281551963552,1.0,86.0,0.6,0.0,0.0,106.0,658.4421193163998
9.234604054054053,45.47624090163934,1,27,20,0,1,0,0,0,0,0,3,0,1,0.5655005910460673,0,0,1,0,4,169,0,1,1,0,0,0,4,7,26,0.0,0.007990034815135947,0.11460330347768845,0,0,0,0,0,0,0,0,1,0.023626317092932028,0,4,0.6046504448799275,0,8,0,0,19.064702805624677,30.320002873921798,1.6549462854179264,0.0,0.0,0.0,526.1116413335027,179.28236247461044,1110.9284347119487,1.0,86.0,0.6,0.0,0.0,106.0,661.0308520538769
9.234927837837837,45.47624090163934,1,28,20,0,1,0,0,0,0,0,3,0,1,0.5900639934519945,0,0,0,0,3,162,0,1,1,0,0,0,4,7,24,0.0,0.03107225848625369,0.1123482498994441,0,0,0,0,0,0,0,0,1,0.0223682217739741,0,3,0.4422382375401892,0,0,0,0,75.04082397184911,32.74735990165597,1.810361095859749,0.0,0.0,0.0,0.0,150.08164794369821,980.0292085328238,1.0,86.0,0.6,0.0,0.0,106.0,663.9585622126946
9.235251621621622,45.47624090163934,1,29,20,0,0,0,0,0,0,0,0,0,1,0.605550628812884,0,0,0,0,0,146,0,1,1,0,0,0,4,7,24,0.012912197361259684,0.09585692970299627,0.10910115419969048,0,0,0,0,0,0,0,0,1,0.020867949337720237,0,2,0.5811039394018164,0,0,0,0,23.727321039958756,30.373552851922046,1.7779315181337438,0.0,0.0,0.0,429.2478342066503,424.9357232318649,834.5932999499962,1.0,86.0,0.6,0.0,0.0,106.0,664.5913887982628
9.235575405405404,45.47624090163934,1,30,20,0,0,0,0,0,0,0,0,0,1,0.6142640787362371,0,0,0,0,5,120,1,1,1,0,1,0,3,6,23,0.12021902191818504,0.13006623777448822,0.10778202409541189,0,0,0,0,0,0,0,0,1,0.018908138249272958,0,2,0.4653076530070434,0,0,0,0,18.767063956960524,30.373552851922046,1.7779315181337438,0.0,0.0,82.88979153904808,701.0881141857668,424.9357232318649,732.9195525400283,1.0,86.0,0.6,0.0,0.0,106.0,664.0452774886153
9.235899189189189,45.47624090163934,1,31,20,0,0,0,0,0,0,0,0,0,1,0.617332148708688,0,0,0,0,9,97,1,1,1,0,1,0,3,6,23,0.16119148847829984,0.14195202297654422,0.10723984415291368,0,0,0,0,0,0,0,0,1,0.016763016495004703,0,1,0.4653076530070434,0,0,0,0,16.24346299798112,35.817053441318485,1.8522974719652372,0.0,0.0,83.28177158777295,415.4797792073132,234.25874071193158,581.2264824493878,1.0,86.0,0.6,0.0,0.0,106.0,663.8586160394069
9.236222972972971,45.47624090163934,1,32,20,0,0,0,0,0,0,0,0,0,1,0.6154449755638756,0,0,0,0,8,77,0,1,1,0,0,0,3,6,21,0.045107447332305844,0.133000897262178,0.10650959261194398,0,0,0,0,0,0,0,0,1,0.014538496529169989,0,1,0.07898338438312553,0,0,0,0,29.65350902852918,30.370758534903082,0.0,0.0,0.0,27.19622935803517,1245.4473791982255,0.0,581.2264824493878,1.0,86.0,0.6,0.0,0.0,106.0,666.0427742307411
9.236546756756756,45.47624090163934,1,33,20,0,0,0,0,0,0,0,0,0,1,0.6090433114200093,0,0,0,0,4,60,0,1,0,0,0,0,2,6,19,0.0,0.06445470512260564,0.10557474668902364,0,0,0,0,0,0,0,0,1,0.013232654488268478,0,1,0.07898338438312553,0,0,0,0,42.89123707040507,30.370758534903082,0.0,0.0,0.0,907.9717585100866,1715.6494828162029,0.0,581.2264824493878,1.0,86.0,0.6,0.0,0.0,106.0,667.1189700747409
9.23687054054054,45.47624090163934,1,34,20,0,0,0,0,0,0,0,0,0,1,0.598344430331792,0,0,0,0,0,55,0,1,0,0,0,0,2,6,17,0.0,0.00286308178294301,0.1045317469028114,0,0,0,0,0,0,0,0,1,0.011716580675776913,0,1,0.03993500689350169,0,0,0,0,60.29885468343536,30.370758534903082,0.0,0.0,0.0,477.75358586041705,1447.1725124024485,0.0,0.0,1.0,86.0,0.6,0.0,0.0,106.0,668.4696604202725
9.237194324324323,45.47624090163934,1,35,20,0,0,0,0,0,0,0,0,0,1,0.581706975387916,0,0,0,0,0,52,0,1,0,0,0,0,2,6,14,0.0,0.0,0.10392240310729453,0,0,0,0,0,0,0,0,0,0.009997249517574665,0,1,0.028744891014546598,0,0,0,0,238.87679293020852,30.370758534903082,0.0,0.0,0.0,0.0,477.75358586041705,0.0,0.0,1.0,86.0,0.6,0.0,0.0,106.0,668.1040557263079
9.237518108108107,45.47624090163934,1,36,20,0,0,0,0,0,0,0,0,0,1,0.5572181571634696,0,0,0,0,0,45,0,1,0,0,0,0,2,5,14,0.0,0.0,0.10224101777810356,0,0,0,0,0,0,0,0,0,0.008994010391320232,0,1,-0.002587310209331128,0,0,0,0,28.56336444662606,30.370758534903082,0.0,0.0,0.0,0.0,0.0,0.0,0.0,1.0,86.0,0.6,0.0,0.0,106.0,669.1928057189198
9.225861891891892,45.47646631147541,1,0,21,0,0,0,0,0,0,0,0,0,0,0.0,0,0,1,0,3,275,0,0,1,0,0,0,6,9,20,0.0,0.01549293063062523,0.12020626126900362,0,0,0,0,0,0,0,1,0,0.0038214645847100947,0,1,0.212709268902582,0,0,0,0,28.56336444662606,30.370758534903082,0.0,0.0,0.0,0.0,0.0,0.0,430.2294147891627,1.0,86.0,0.6,0.0,0.0,106.0,669.210942540401
9.226185675675676,45.47646631147541,1,1,21,0,0,0,0,0,0,0,0,0,0,0.0,0,0,1,0,3,306,0,0,1,0,0,0,7,9,21,0.0,0.030569528889134598,0.12020626126900362,0,0,0,0,0,0,0,1,0,0.003799363848835005,0,1,0.3401879728761534,0,0,0,0,218.69933894121502,30.370758534903082,0.0,0.0,0.0,0.0,874.7973557648601,0.0,736.9552934800528,1.0,86.0,0.6,0.0,0.0,106.0,668.0873838098005
9.226509459459459,45.47646631147541,1,2,21,0,0,0,0,0,0,0,0,0,0,0.0,0,0,1,0,1,348,0,0,1,0,0,0,8,9,22,0.0,0.04883479858366232,0.12020626126900362,0,0,0,0,0,0,0,1,0,0.0037384369949770365,0,1,0.3771761094833672,0,0,0,2,44.81577580797488,28.49602370248106,1.7522818017882376,0.0,0.0,874.7973557648601,1356.228542960922,167.50783451022426,939.5351365666751,1.0,86.0,0.6,0.0,0.0,106.0,667.0104601103403
9.226833243243243,45.47646631147541,1,3,21,0,0,0,0,0,0,0,0,0,0,0.0,0,0,1,0,1,379,0,0,1,0,0,1,8,10,23,0.032744788962496774,0.05984333638525969,0.12110240342682979,0,0,0,0,0,0,1,1,0,0.0035821155556928766,0,1,0.3043189866553197,0,0,0,4,34.20239648084135,28.76687009224041,1.7559819483732322,0.0,0.0,91.00278879906013,1451.0949148757509,327.42970212799924,1172.1898415568742,1.0,86.0,0.6,0.0,0.0,106.0,664.785047510938
9.227157027027028,45.47646631147541,1,4,21,0,0,0,0,0,0,0,0,0,0,0.0,0,0,1,0,1,414,0,0,1,0,0,1,8,11,24,0.09174414243281238,0.0676633613395284,0.12316103098845937,0,0,0,0,0,0,0,1,0,0.003340251300640032,0,1,0.3317913938578077,0,0,0,4,9.40297637810653,29.05000259445255,1.759849940714175,0.0,0.0,87.28107415381636,464.4508182135928,438.2349140846339,1407.3481807152539,1.0,86.0,0.6,0.0,0.0,106.0,664.7581848632938
9.22748081081081,45.47646631147541,1,5,21,0,0,0,0,0,0,0,0,0,0,0.0,0,0,1,0,2,445,0,0,1,0,0,1,8,11,25,0.16663728401085667,0.06467920937912122,0.12671742138024458,0,0,0,0,0,0,0,1,0,0.003086606545393961,0,1,0.6518854856116926,0,0,0,4,9.16028074717827,29.898163054273702,1.771437017919535,0.0,0.0,187.48064469963998,426.69784888688173,287.80404939302326,1603.6640708302089,1.0,86.0,0.6,0.0,0.0,106.0,663.3725929558913
9.227804594594595,45.47646631147541,1,6,21,0,0,0,0,0,0,0,0,0,0,0.0,0,0,1,0,2,479,0,0,1,0,0,1,7,11,26,0.11801068738665,0.059055186306158435,0.1291725430975689,0,0,0,1,0,1,0,0,0,0.0036128625861469076,0,1,0.8395731960520096,0,0,0,4,11.099705049292128,30.380852435498696,1.7780312408188677,0.0,0.0,63.686323136113415,280.8342278650507,340.74925489530847,1677.7235724224856,1.0,86.0,0.6,0.0,0.0,106.0,663.7746788852121
9.228128378378377,45.47646631147541,1,7,21,0,0,0,0,0,0,0,0,0,0,0.0,0,0,1,0,2,490,0,0,1,0,0,0,7,12,26,0.058213311901186435,0.039621114002371206,0.12588362123591823,0,0,0,1,0,0,0,0,0,0.004098319305235842,0,1,1.0526113920123745,0,0,0,4,33.397254957022255,31.392156197438688,1.7918470873747665,0.0,0.0,0.0,108.13400724913404,225.8385423210885,1624.1477076846966,1.0,86.0,0.6,0.0,0.0,106.0,663.7824088699551
9.228452162162162,45.47646631147541,1,8,21,0,0,0,0,0,0,0,0,0,0,2.3226362003182828e-10,0,0,1,0,3,505,0,0,1,0,0,0,7,12,26,0.0,0.02302444008311224,0.11939221874299893,0,0,0,0,0,0,0,0,0,0.004966444201279955,0,1,0.4757051230211922,0,0,2,4,43.10548998750588,31.392156197438688,1.7918470873747665,0.0,0.0,0.0,32.794397603946756,225.8385423210885,1264.722176166193,1.0,86.0,0.6,0.0,0.0,106.0,664.256260262265
9.228775945945946,45.47646631147541,1,9,21,0,0,0,0,0,0,0,0,0,0,0.000792467102705348,0,0,1,0,7,540,0,0,1,0,0,0,6,12,26,0.0,0.0,0.11170728357732873,0,0,0,0,0,0,0,0,0,0.0064244104192611624,0,0,0.6065298664387156,0,0,4,4,2.1878884185049334,27.434049515419435,1.7377737252172347,0.0,0.0,0.0,4.336636302462155,39.42113206763651,1134.7943045735958,1.0,86.0,0.6,0.0,0.0,106.0,665.9454563392512
9.229099729729729,45.47646631147541,1,10,21,0,0,0,0,0,0,0,0,0,0,0.0029531796385023315,0,0,1,0,6,549,0,0,1,0,0,0,4,13,26,0.0,0.0,0.10293785420097827,0,0,0,0,0,0,0,0,0,0.008311278719699623,0,0,0.600711021725323,0,0,4,4,2.7402234224261206,27.47796697067973,1.7383737000673607,0.0,0.0,0.0,4.336636302462155,61.42872583576472,948.9356092927474,1.0,86.0,0.6,0.0,0.0,106.0,666.4558361941632
9.229423513513513,45.47646631147541,1,11,21,0,0,0,0,0,0,0,3,0,0,0.006175635442297522,0,0,1,0,4,553,0,0,1,0,0,0,2,13,26,0.0,0.0,0.0915673704019873,0,0,0,0,0,0,0,0,0,0.009953974503414686,0,0,0.5406797185502318,0,0,4,4,28.56336444662606,30.370758534903082,0.0,0.0,0.0,0.0,0.0,0.0,954.9232356872916,1.0,86.0,0.6,0.0,0.0,106.0,666.9376987603221
9.229747297297298,45.47646631147541,1,12,21,0,0,0,0,0,0,3,3,0,0,0.010185893290356893,0,0,1,0,1,555,0,0,1,0,0,0,0,13,26,0.0,0.0,0.07759574153050962,0,0,0,0,0,0,0,0,0,0.01217097198604629,0,1,0.7649581755588875,0,0,4,4,66.88755821866708,50.0,2.0,0.0,0.0,0.0,643.3230533193407,0.0,770.8173267951091,1.0,86.0,0.6,0.0,0.0,106.0,666.7712885652045
9.23007108108108,45.47646631147541,1,13,21,0,0,0,0,0,1,3,3,0,0,0.014730605507829954,0,0,1,0,0,541,0,0,1,0,0,0,0,14,26,0.0,0.0,0.06533756510185434,0,0,0,0,0,0,0,0,0,0.013951903811056026,0,1,1.0523867229525445,0,0,4,4,59.33668247430587,50.0,2.0,0.0,0.0,139.3424150736356,671.385909335618,0.0,840.1322729562041,1.0,86.0,0.6,0.0,0.0,106.0,666.8663697557004
9.230394864864865,45.47646631147541,1,14,21,0,0,0,0,0,0,3,3,0,0,0.01956968890413413,0,0,1,0,7,537,0,0,1,0,0,0,0,15,26,0.0,0.0,0.05456790924811473,0,0,1,0,0,0,0,0,0,0.0162905705250924,0,3,0.8154834036906808,0,0,4,4,23.117576455745528,41.765219932487526,1.9059238727585097,0.0,0.0,0.0,324.4328537120109,117.29648883270869,931.3829450366749,1.0,86.0,0.6,0.0,0.0,106.0,665.804633858212
9.230718648648649,45.47646631147541,1,15,21,0,0,0,0,0,0,0,3,0,0,0.02446953173229488,0,1,1,0,13,528,0,0,1,0,0,0,0,14,26,0.0,0.0,0.04465058547126879,1,0,1,0,0,0,0,0,0,0.019743546181000545,0,3,2.5446988604237806,0,0,4,4,13.98438274527896,29.06105863323424,1.7600009819157136,0.0,0.0,0.0,244.57487655628262,146.98784031152826,839.2657670094538,1.0,86.0,0.6,0.0,0.0,106.0,664.2562226279817
9.231042432432432,45.47646631147541,1,16,21,0,0,0,0,0,0,0,1,0,0,0.04061618389672607,0,1,1,0,16,519,0,0,1,0,0,0,0,15,27,0.0,0.0,0.0403786450007984,1,0,1,0,0,0,0,0,0,0.02195447376113621,0,2,2.044261496470883,0,0,4,4,11.595669540577552,28.55596979758483,1.7531007506369893,0.0,0.0,32.46950368360701,346.43648921242675,140.58163149183045,838.0504487745866,1.0,86.0,0.6,0.0,0.0,106.0,663.9532370343613
9.231366216216216,45.47646631147541,1,17,21,0,0,0,0,0,0,0,0,0,0,0.07166672906115237,0,1,1,0,14,501,0,0,1,0,0,0,0,15,28,0.0,0.0,0.044505497735354956,1,0,1,0,0,0,0,0,0,0.02272936397663155,0,2,1.7828680993884896,0,0,4,4,12.202707798947163,28.872410039386477,1.7574237740344862,0.0,0.0,93.60732062734014,518.0363329214225,262.936966211196,991.7287419912467,1.0,86.0,0.6,0.0,0.0,106.0,663.7745091219169
9.23169,45.47646631147541,1,18,21,0,0,0,0,0,0,0,0,0,0,0.11020449578119708,0,1,1,0,6,478,0,0,1,0,0,0,1,13,28,0.0,0.0,0.05645184961479332,0,0,1,0,0,0,0,0,0,0.0239593643698876,0,4,1.6388659321171346,0,0,2,4,11.728081531703374,28.700301507915864,1.755072526910479,0.0,0.0,109.77189958433101,641.0964641979493,156.41307995788006,971.9347579103461,1.0,86.0,0.6,0.0,0.0,106.0,663.9547234425594
9.232013783783783,45.47646631147541,1,19,21,0,0,0,0,0,0,0,0,0,0,0.15368028821816498,0,1,1,0,3,467,0,0,1,0,0,0,1,11,28,0.0,0.0,0.06459963115169035,0,0,1,0,0,1,0,0,0,0.02519982729895521,0,5,1.5485824151464183,0,0,0,4,10.513705236587704,28.655521009206936,1.7544607616603702,0.0,0.0,230.96265845938055,786.3732298239823,75.75059957620942,1208.791821359466,1.0,86.0,0.6,0.0,0.0,106.0,662.9970332053036
9.232337567567567,45.47646631147541,1,20,21,0,0,0,0,0,0,0,0,0,0,0.20045035767488623,0,0,1,0,0,419,0,0,1,0,0,0,1,10,28,0.0,0.0,0.07466897085171793,0,0,1,1,0,1,0,0,0,0.025667911808176798,0,5,1.3904859830260863,0,0,0,4,8.747901003990942,27.9010079684993,1.7441530412828208,0.0,0.0,139.76783896674206,771.0582808948609,68.74021548826946,1188.9311422416695,1.0,86.0,0.6,0.0,0.0,106.0,664.1636947157169
9.23266135135135,45.47646631147541,1,21,21,0,0,0,1,0,0,0,0,0,0,0.24893138789932082,0,1,1,0,0,384,0,0,1,0,0,0,1,7,28,0.0,0.006341036124880267,0.08477574556074807,0,0,0,0,0,0,0,0,0,0.02563052259269535,0,5,1.27289109729024,0,0,0,4,7.093627153567988,28.539182266571007,1.7528714091065132,0.0,0.0,23.00241709485448,449.2477366725226,104.05518130578038,982.9863995208366,1.0,86.0,0.6,0.0,0.0,106.0,662.9596275468937
9.232985135135134,45.47646631147541,1,22,21,0,0,0,1,0,0,0,0,0,0,0.2987858544108799,0,1,1,0,0,349,0,0,1,0,0,0,2,7,26,0.0,0.01411078066941915,0.09314357357210899,0,0,0,0,0,0,0,0,1,0.02487709178644539,0,5,1.7804774277253002,0,0,0,4,8.071195927247757,29.221698314099424,1.7621955482420215,0.0,0.0,59.84049174350014,372.4959137262381,160.20301747211383,763.9462302614986,1.0,86.0,0.6,0.0,0.0,106.0,662.5038075169521
9.233308918918919,45.47646631147541,1,23,21,0,0,0,1,0,0,0,0,0,0,0.3496974656778922,0,1,1,0,0,306,0,0,1,0,0,0,2,8,26,0.005608642245621742,0.01411078066941915,0.10062508180641425,0,0,0,0,0,0,0,0,1,0.023427990494574752,0,5,0.7464051862175988,0,0,0,4,6.691093239595273,30.30186598840784,1.7769521737036529,0.0,0.0,99.71274827744352,171.2401946142252,83.02134849039516,774.6832086891638,1.0,86.0,0.6,0.0,0.0,106.0,662.1000151128922
9.233632702702701,45.47646631147541,1,24,21,0,1,0,1,0,0,0,3,0,0,0.40137868428555584,0,0,1,0,0,256,0,0,1,0,0,0,2,7,26,0.0006854264321128889,0.01411078066941915,0.10682469940662918,0,0,0,0,0,0,0,0,1,0.0221788193612565,0,4,0.14511067994018217,0,0,0,1,21.733939322141698,30.30186598840784,1.7769521737036529,0.0,0.0,58.49365580841541,134.31804473102179,83.02134849039516,1026.8789228096637,1.0,86.0,0.6,0.0,0.0,106.0,660.4108102060247
9.233956486486486,45.47646631147541,1,25,21,0,1,0,1,0,0,2,3,0,0,0.4535685589568762,0,0,1,0,0,211,0,1,1,0,0,0,4,7,26,0.0,0.023689496975688402,0.11029630583373266,0,0,0,0,0,0,0,0,1,0.020471924111023245,0,3,0.13607907639578487,0,0,0,0,27.145935706858882,30.370758534903082,0.0,0.0,79.00171585476558,0.0,325.7512284823066,0.0,984.3904467297704,1.0,86.0,0.6,0.0,0.0,106.0,659.5753154057736
9.23428027027027,45.47646631147541,1,26,21,1,1,0,0,0,1,3,3,0,0,0.5060220206288422,0,0,1,0,2,193,0,1,1,0,0,0,4,7,26,0.0,0.03807732608012893,0.11203014167621506,0,0,0,0,0,0,0,0,1,0.01891301816374114,0,3,0.5088632611166279,0,0,0,0,39.27094905098795,30.370758534903082,0.0,0.0,79.00171585476558,267.2575726738912,549.7932867138313,0.0,1095.3233215913283,1.0,86.0,0.6,0.0,0.0,106.0,656.3640703734718
9.234604054054053,45.47646631147541,1,27,21,0,1,0,0,0,0,3,3,0,1,0.550665334188196,0,0,0,0,3,179,0,1,1,0,0,0,4,7,26,0.0,0.04743209972562638,0.11263829016328503,0,0,0,0,0,0,0,0,1,0.018257883892187757,0,3,0.6046504448799275,0,0,0,0,43.72746015873083,30.370758534903082,0.0,0.0,79.00171585476558,0.0,524.72952190477,0.0,1012.5282912766841,1.0,86.0,0.6,0.0,0.0,106.0,660.5882515757548
9.234927837837837,45.47646631147541,1,28,21,0,1,0,0,0,0,0,3,0,1,0.5780510673307795,0,0,0,0,1,172,0,1,1,0,0,0,4,7,26,0.0,0.04486105025780798,0.11196806559671015,0,0,0,0,0,0,0,0,1,0.016825963134665452,0,2,0.5077905766549781,0,0,0,0,28.56336444662606,30.370758534903082,0.0,0.0,85.19250300307222,0.0,0.0,0.0,890.1520090780256,1.0,86.0,0.6,0.0,0.0,106.0,663.5876302438643
9.235251621621622,45.47646631147541,1,29,21,0,0,0,0,0,0,0,0,0,1,0.59620485314905,0,0,0,0,0,155,0,1,1,0,0,0,4,7,25,0.0,0.051426349528136774,0.10866461046366256,0,0,0,0,0,0,0,0,1,0.015471204570733355,0,1,0.5811039394018164,0,0,0,0,21.24715613133767,35.817053441318485,1.8522974719652372,0.0,77.44988224002586,234.22683152257096,530.6388800162243,234.25874071193158,702.4500019295517,1.0,86.0,0.6,0.0,0.0,106.0,664.9707797502505
9.235575405405404,45.47646631147541,1,30,21,0,0,0,0,0,0,0,0,0,1,0.6075076048686998,0,0,0,0,0,129,0,1,1,0,0,0,3,7,23,0.0,0.0654996927108896,0.10566531376732374,0,0,0,0,0,0,0,0,1,0.014145852070955898,0,1,0.38896614808973967,0,0,0,0,16.400581806538217,35.817053441318485,1.8522974719652372,0.0,77.44988224002586,181.49222736262342,815.3784949065142,234.25874071193158,636.2691844475137,1.0,86.0,0.6,0.0,0.0,106.0,665.0634193571746
9.235899189189189,45.47646631147541,1,31,21,0,0,0,0,0,0,0,0,0,1,0.6131481049639256,0,0,0,0,0,97,0,1,1,0,0,0,3,6,23,0.0,0.07017696595933254,0.10490537663027386,0,0,0,0,0,0,0,0,1,0.012782881131498457,0,1,0.06675937770768746,0,0,0,0,13.204183352618227,35.817053441318485,1.8522974719652372,0.0,77.44988224002586,120.42102351714081,716.4424606765807,234.25874071193158,608.7141247862317,1.0,86.0,0.6,0.0,0.0,106.0,665.6234009804932
9.236222972972971,45.47646631147541,1,32,21,0,0,0,0,0,0,0,0,0,1,0.6138205348281204,0,0,0,0,0,80,0,1,1,0,0,0,3,6,21,0.0,0.04862834472613666,0.1042925113820672,0,0,0,0,0,0,0,0,1,0.012359580448981633,0,1,0.06105219416314932,0,0,0,0,20.354028154270875,30.370758534903082,0.0,0.0,0.0,177.6424550375009,1221.2416892562526,0.0,608.7141247862317,1.0,86.0,0.6,0.0,0.0,106.0,666.5903807739279
9.236546756756756,45.47646631147541,1,33,21,0,0,0,0,0,0,0,0,0,1,0.6098277410550405,0,0,0,0,0,63,0,1,0,0,0,0,2,5,20,0.0,0.010966574909949008,0.10404137636770724,0,0,0,0,0,0,0,0,1,0.011772252276293561,0,1,0.05915024733825826,0,0,0,0,38.86681321779396,30.370758534903082,0.0,0.0,0.0,764.6867727237945,1787.8734080185222,0.0,581.2264824493878,1.0,86.0,0.6,0.0,0.0,106.0,667.5268851919512
9.23687054054054,45.47646631147541,1,34,21,0,0,0,0,0,0,0,0,0,1,0.5999146302072824,0,0,0,0,0,57,0,1,0,0,0,0,2,5,17,0.0,0.0,0.10350556531229212,0,0,0,0,0,0,0,0,1,0.0108305481263207,0,1,0.022926080052368562,0,0,0,0,62.122017929210585,30.370758534903082,0.0,0.0,0.0,477.75358586041705,1242.4403585842117,0.0,0.0,1.0,86.0,0.6,0.0,0.0,106.0,668.5324607596963
9.237194324324323,45.47646631147541,1,35,21,0,0,0,0,0,0,0,0,0,1,0.5832446556817552,0,0,0,0,0,51,0,1,0,0,0,0,2,5,15,0.0,0.0,0.10195379363569818,0,0,0,0,0,0,0,0,0,0.010102931133487382,0,1,0.020002681851508063,0,0,0,0,238.87679293020852,30.370758534903082,0.0,0.0,0.0,0.0,477.75358586041705,0.0,0.0,1.0,86.0,0.6,0.0,0.0,106.0,668.317088084826
9.237518108108107,45.47646631147541,1,36,21,0,0,0,0,0,0,0,0,0,1,0.5586973874071488,1,0,0,0,0,48,0,1,0,0,0,0,1,5,14,0.0,0.0,0.09917072826070775,0,0,0,0,0,0,0,0,0,0.009275215007710858,0,1,-0.005889701331671064,0,0,0,0,28.56336444662606,30.370758534903082,0.0,0.0,0.0,0.0,0.0,0.0,0.0,1.0,86.0,0.6,0.0,0.0,106.0,669.6861884995451
9.225861891891892,45.476691721311475,1,0,22,0,0,0,0,0,0,0,0,0,0,0.0,0,0,1,0,3,306,0,0,1,0,0,0,5,9,21,0.0,0.10413335587275224,0.12020626126900362,0,0,0,0,0,0,0,1,0,0.0048140986526851014,0,1,0.06550859701466995,0,0,0,0,16.35498677769332,30.370758534903082,0.0,0.0,0.0,0.0,327.0997355538664,0.0,371.88876263035087,1.0,86.0,0.6,0.0,0.0,106.0,668.8767730988127
9.226185675675676,45.476691721311475,1,1,22,0,0,0,0,1,0,0,0,0,0,0.0,0,0,1,0,2,341,0,0,1,0,0,0,6,9,21,0.0,0.1601606390443224,0.12020626126900362,0,0,0,0,0,0,0,1,0,0.004840074264089466,0,1,0.3401879728761534,0,8,0,0,31.94095428753142,30.370758534903082,0.0,0.0,0.0,0.0,1277.6381715012567,0.0,558.5620384610397,1.0,86.0,0.6,0.0,0.0,106.0,666.4439821680188
9.226509459459459,45.476691721311475,1,2,22,0,0,0,0,0,0,0,0,0,0,0.0,0,0,1,0,0,374,0,0,1,0,0,0,8,9,23,0.00012194861429930319,0.19208282671645446,0.12020626126900362,0,0,0,0,0,0,0,1,0,0.004684998240034424,0,1,0.5438427761500338,4,12,0,3,21.302719981443932,28.033573062201746,1.745964068851578,0.0,0.0,888.6971698545128,2088.6314941563087,41.64050398808504,864.9398874053301,1.0,86.0,0.6,0.0,0.0,106.0,668.4007136763933
9.226833243243243,45.476691721311475,1,3,22,0,0,0,0,0,0,0,0,0,0,0.0,0,1,1,0,1,404,0,0,1,0,0,1,7,9,25,0.01602592652818366,0.16775649765606002,0.12020626126900362,0,0,0,0,0,0,0,1,0,0.0043364018093496465,0,1,0.5438427761500338,0,8,0,4,26.544163518185663,26.866513266659634,1.6391326529198313,0.0,0.0,82.72330041483576,2395.1658443468637,73.44136284440289,897.9282083834837,1.0,86.0,0.6,0.0,0.0,106.0,666.4837108381994
9.227157027027028,45.476691721311475,1,4,22,0,0,0,0,0,0,0,0,0,0,0.0,0,0,1,0,1,448,0,0,1,0,0,1,7,11,26,0.0673434348102622,0.12867448748260152,0.12156423757871081,0,0,0,0,0,0,0,1,0,0.0037823326531383214,0,1,0.5541421110363237,0,0,0,4,14.727458327814649,26.426858449761397,1.5967712550812625,0.0,0.0,71.91884892355291,1138.440436923726,54.48368762926046,1213.7216196892482,1.0,86.0,0.6,0.0,0.0,106.0,665.5483195356035
9.22748081081081,45.476691721311475,1,5,22,0,0,0,1,0,0,0,0,0,0,0.0,0,0,1,0,1,479,0,0,1,0,0,0,7,11,27,0.11761742339856401,0.07622245069152069,0.1267598218060708,0,0,0,0,0,0,0,1,0,0.0028801102879564655,0,1,0.8196079509251432,0,0,0,4,12.394102493723832,30.370758534903082,0.0,0.0,0.0,83.56759000890054,917.1635845355636,0.0,1321.9316455361748,1.0,86.0,0.6,0.0,0.0,106.0,663.9186525009219
9.227804594594595,45.476691721311475,1,6,22,0,0,0,1,0,0,0,0,0,0,0.0,0,0,1,0,2,511,0,0,1,0,0,0,8,11,27,0.0830690849242184,0.04501361246812,0.1300071450586288,0,0,0,1,0,1,0,0,0,0.001793904579689229,0,1,0.973450729904622,0,0,0,4,17.707433725846702,30.370758534903082,0.0,0.0,0.0,19.35028947009764,743.7122164855615,0.0,1591.9609088381224,1.0,86.0,0.6,0.0,0.0,106.0,663.2521702433006
9.228128378378377,45.476691721311475,1,7,22,0,0,0,1,0,0,0,0,0,0,0.0,0,0,1,0,0,528,0,0,1,0,0,0,8,11,27,0.011566207868529093,0.03368429140410665,0.1284273433277826,0,0,0,1,0,1,0,0,0,0.0009755198883740124,0,1,1.1368747434622788,0,0,1,4,28.67350436186042,25.22509185215587,1.7108629920894032,0.0,0.0,0.0,648.3986322560231,39.765472428626964,1449.15513552524,1.0,86.0,0.6,0.0,0.0,106.0,665.2088920701017
9.228452162162162,45.476691721311475,1,8,22,0,0,0,1,0,0,0,0,0,0,0.0,0,0,1,0,2,562,0,0,1,0,0,0,8,11,27,0.0,0.018998572590051388,0.12299286393157546,0,0,0,0,0,0,0,0,0,0.0017789813093662984,0,1,0.8964209358509936,0,0,3,4,20.261091582808927,26.042856956932535,1.7207200186295384,0.0,0.0,0.0,713.6761061238517,96.76755718850534,1330.6019305341783,1.0,86.0,0.6,0.0,0.0,106.0,664.0015835024205
9.228775945945946,45.476691721311475,1,9,22,0,0,0,0,0,0,0,0,0,0,0.0,0,0,1,0,3,584,0,0,1,0,0,0,8,11,26,0.0,0.0,0.11571437748609546,0,0,0,0,0,0,0,0,0,0.0030788588469352865,0,1,0.7808110257171516,0,0,4,4,13.222677079944757,26.83488605591824,1.730483184112329,0.0,0.0,0.0,536.6954773549488,124.43837664228911,1142.9235810741934,1.0,86.0,0.6,0.0,0.0,106.0,665.4427260460719
9.229099729729729,45.476691721311475,1,10,22,0,0,0,0,0,0,0,0,0,0,5.208116385330286e-06,0,0,1,0,3,594,0,0,1,0,0,0,4,13,26,0.0,0.0,0.10584704480059365,0,0,0,0,0,0,0,0,0,0.005230960662321861,0,0,0.8799348855918062,0,0,4,5,12.846521522256982,26.913161701920504,1.7314186822710116,0.0,0.0,4.336636302462155,589.3438860288343,130.06131921755662,795.3743769960139,1.0,86.0,0.6,0.0,0.0,106.0,666.4457242542696
9.229423513513513,45.476691721311475,1,11,22,0,0,0,0,0,0,0,5,0,0,0.0005867954508299349,0,0,1,0,2,602,0,0,1,0,0,0,2,13,26,0.0,0.0,0.09265549688533398,0,0,0,0,0,0,0,0,0,0.0067330626471880355,0,0,0.81848019816576,0,0,4,5,10.531863596773167,27.270457841603864,1.7358454738643452,0.0,0.0,0.0,287.02082886350195,71.06253342678572,872.3710073455998,1.0,86.0,0.6,0.0,0.0,106.0,666.1679561168578
9.229747297297298,45.476691721311475,1,12,22,0,0,0,0,0,0,3,6,0,0,0.0019543339820705923,0,0,1,0,0,599,0,0,1,0,0,0,1,13,26,0.0,0.0,0.07916132032175068,0,0,0,0,0,0,0,0,0,0.008265652480042312,0,0,1.0580039876604743,0,10,4,5,23.49876078693092,42.92258102582408,1.9174129884441,0.0,0.0,0.0,987.852829033903,28.222238748645285,792.7416663376812,1.0,86.0,0.6,0.0,0.0,106.0,666.9795149796423
9.23007108108108,45.476691721311475,1,13,22,0,0,0,0,0,1,3,6,0,0,0.0038544356075217476,0,0,1,0,0,591,0,0,1,0,0,0,0,14,26,0.0,0.0,0.06874488834126423,0,0,0,0,0,0,0,0,0,0.010432122131252004,0,0,1.2336666659874784,0,12,4,5,21.88377696658242,50.0,2.0,0.0,0.0,92.89656842801065,1110.3960924977828,0.0,795.8770359690012,1.0,86.0,0.6,0.0,0.0,106.0,666.3367880708975
9.230394864864865,45.476691721311475,1,14,22,0,0,0,0,0,0,3,6,0,0,0.006046883113448162,0,0,1,0,4,587,0,0,1,0,0,0,1,14,27,0.0,0.0,0.056897660051711645,0,0,0,0,0,0,0,0,0,0.013653640445102403,0,2,1.2664614114957797,0,8,4,5,15.34494643085525,50.0,2.0,0.0,0.0,0.0,603.069218346411,0.0,768.2534740577061,1.0,86.0,0.6,0.0,0.0,106.0,666.3656349843112
9.230718648648649,45.476691721311475,1,15,22,0,0,0,0,0,0,0,3,0,0,0.008298226987417627,0,0,1,0,12,574,0,0,1,0,0,0,1,14,27,0.0,0.0,0.04503646649119732,0,0,0,0,0,0,0,0,0,0.017393843597875946,0,2,1.8780321937571138,0,0,4,5,21.224481138050034,25.230056551516917,1.7109668615365372,0.0,0.0,70.50046656409923,735.4148032244032,28.666517745397996,815.8575763911894,1.0,86.0,0.6,0.0,0.0,106.0,664.4865504718364
9.231042432432432,45.476691721311475,1,16,22,0,0,0,0,0,0,0,1,0,0,0.021995485612059978,0,0,1,0,9,561,0,0,1,0,0,0,1,14,28,0.0,0.0,0.03779253147050588,1,0,0,0,0,0,0,0,0,0.019486685436768833,0,2,2.711365527090447,0,0,4,5,23.040110164485753,25.230056551516917,1.7109668615365372,0.0,0.0,125.57825681467682,708.617007518146,28.666517745397996,822.3150601317959,1.0,86.0,0.6,0.0,0.0,106.0,664.4279740640801
9.231366216216216,45.476691721311475,1,17,22,0,0,0,0,0,0,0,0,0,0,0.05048653980704601,0,0,1,0,5,536,0,0,1,0,0,0,1,14,28,0.0,0.0,0.037609577607555233,0,0,1,0,0,0,0,0,0,0.020570245822939637,0,2,2.029216088345324,0,0,4,4,19.206514015086366,25.230056551516917,1.7109668615365372,0.0,0.0,90.60060472406224,739.5940428580566,28.666517745397996,740.5352883310914,1.0,86.0,0.6,0.0,0.0,106.0,665.170192242791
9.23169,45.476691721311475,1,18,22,0,0,0,0,0,0,0,0,0,0,0.08643266520387936,0,1,1,0,4,526,0,0,1,0,0,0,2,12,29,0.0,0.0,0.04810862453994664,0,0,1,0,0,0,0,0,0,0.021302632060298907,0,2,1.838865932117135,0,0,3,4,15.637639348296881,30.370758534903082,0.0,0.0,0.0,68.50085110708098,906.9830822012191,0.0,725.6286774666288,1.0,86.0,0.6,0.0,0.0,106.0,665.4471837646261
9.232013783783783,45.476691721311475,1,19,22,0,0,0,0,0,0,0,0,0,0,0.127641524215666,0,1,1,0,2,501,0,0,1,0,0,0,2,11,29,0.0,0.0,0.05529404978457338,0,0,1,0,0,1,0,0,0,0.021364057253554423,0,3,1.598739924574594,0,0,0,4,11.93972044607815,27.77749757905579,1.7424657138419168,0.0,0.0,133.0073434237933,1049.626086769236,96.58707605426626,883.6421486464394,1.0,86.0,0.6,0.0,0.0,106.0,664.1980083020233
9.232337567567567,45.476691721311475,1,20,22,0,0,0,0,0,0,0,0,0,0,0.17337610299737816,0,0,1,0,0,467,0,0,1,0,0,0,2,10,30,0.0,0.0,0.06439192657715012,0,0,0,1,0,1,0,0,0,0.021620239170548568,0,4,1.3904859830260863,0,0,0,4,12.865557801374308,27.77749757905579,1.7424657138419168,0.0,0.0,145.45418544955754,1164.2375884804158,96.58707605426626,674.1845662468525,1.0,86.0,0.6,0.0,0.0,106.0,664.8108765794414
9.23266135135135,45.476691721311475,1,21,22,0,0,0,0,0,0,0,0,0,0,0.22269151935216988,0,0,1,0,0,422,0,0,1,0,0,0,1,7,30,0.0,0.0,0.07492811840349134,0,0,0,0,0,0,0,0,0,0.02159937816799675,0,4,1.27289109729024,0,0,0,4,11.041671799847986,27.77749757905579,1.7424657138419168,0.0,0.0,0.0,676.3299499350927,96.58707605426626,575.161344913597,1.0,86.0,0.6,0.0,0.0,106.0,664.2236500438638
9.232985135135134,45.476691721311475,1,22,22,0,0,0,0,0,0,0,0,0,0,0.27475852891990576,0,1,1,0,0,397,0,0,1,0,0,0,2,7,30,0.0,0.004487705139028779,0.08545959718356916,0,0,0,0,0,0,0,0,1,0.020852588505366917,0,4,0.7438903323461835,0,0,0,4,20.648059701999436,28.607638867369293,1.753806623557366,0.0,0.0,0.0,757.5316783655982,109.68682911837807,600.2632961825435,1.0,86.0,0.6,0.0,0.0,106.0,663.8001786290079
9.233308918918919,45.476691721311475,1,23,22,0,0,0,0,0,0,0,0,0,0,0.3281714373541834,0,1,1,0,0,358,0,0,1,0,0,0,2,6,29,0.0,0.012610682472989224,0.09369227662176229,0,0,0,0,0,0,0,0,1,0.020252469235545786,0,3,0.6164915444486209,0,0,0,4,39.95180617578032,28.607638867369293,1.753806623557366,0.0,7.742620763046356,0.0,609.4456820456677,109.68682911837807,630.6452692571265,1.0,86.0,0.6,0.0,0.0,106.0,663.1084778359035
9.233632702702701,45.476691721311475,1,24,22,0,1,0,0,0,0,0,3,0,0,0.38235273396854813,0,0,1,0,0,313,0,0,1,0,0,0,2,6,28,0.0,0.011860491162415485,0.09942701664814717,0,0,0,0,0,0,0,0,1,0.018866041825917976,0,3,0.15532205926482787,0,0,0,1,38.977332852331195,28.87243763965332,1.7574241510933541,0.0,79.00171585476558,0.0,380.0808251159893,87.647169111985,897.6505850940149,1.0,86.0,0.6,0.0,0.0,106.0,661.7798772081144
9.233956486486486,45.476691721311475,1,25,22,0,1,0,0,0,0,3,3,0,0,0.437041559391667,0,0,1,0,0,257,0,0,1,0,0,0,2,6,28,0.0,0.045663580490109365,0.10359466641194959,0,0,0,0,0,0,0,0,1,0.017891301034313724,0,3,0.1432799212056314,0,0,0,0,31.273278023542524,30.370758534903082,0.0,0.0,79.00171585476558,0.0,625.4655604708505,0.0,902.546140851748,1.0,86.0,0.6,0.0,0.0,106.0,660.4971674833697
9.23428027027027,45.476691721311475,1,26,22,1,1,0,0,0,1,3,3,0,0,0.4919931423033894,0,0,1,0,0,205,0,1,1,0,0,0,3,6,28,0.03981071253734181,0.06505719728106601,0.1065965002933785,0,0,0,0,0,0,0,0,1,0.016910817898579022,0,2,0.1432799212056314,0,4,0,0,26.61954873048131,30.370758534903082,0.0,0.0,79.00171585476558,143.67278701848238,1118.021046680215,0.0,1163.4446828107789,1.0,86.0,0.6,0.0,0.0,106.0,657.6616159459226
9.234604054054053,45.476691721311475,1,27,22,0,1,0,0,0,0,3,3,0,1,0.5396112958301624,0,0,0,0,0,192,0,1,1,0,0,1,3,6,28,0.12401516590236833,0.06505719728106601,0.10863537150563614,0,0,0,0,0,0,0,0,1,0.015258731093758197,0,2,0.15206261877673244,0,0,0,0,24.145636663047704,30.370758534903082,0.0,0.0,85.19250300307222,0.0,965.8254665219082,0.0,914.0840430465666,1.0,86.0,0.6,0.0,0.0,106.0,662.9005212885029
9.234927837837837,45.476691721311475,1,28,22,0,1,0,0,0,0,0,3,0,1,0.5697876479842836,0,0,0,0,0,178,0,1,1,0,0,1,3,6,28,0.07250412175035179,0.06505719728106601,0.10989271195319097,0,0,0,0,0,0,0,0,1,0.012830298569778475,0,1,0.1347382208187225,0,0,0,0,6.566548649659221,30.370758534903082,0.0,0.0,85.19250300307222,0.0,65.66548649659221,0.0,837.2065073513945,1.0,86.0,0.6,0.0,0.0,106.0,664.9351613737465
9.235251621621622,45.476691721311475,1,29,22,0,0,0,0,0,0,0,1,0,1,0.5906390759255044,0,0,0,0,0,158,0,1,1,0,0,0,2,6,27,0.0,0.05632777714239968,0.10901232314636211,0,0,0,0,0,0,0,0,1,0.011264784329527327,0,1,0.08291859527762145,0,0,0,0,17.768093774533725,35.817053441318485,1.8522974719652372,0.0,85.19250300307222,234.22683152257096,583.0735729166198,234.25874071193158,685.8057347739216,1.0,86.0,0.6,0.0,0.0,106.0,663.9474060390403
9.235575405405404,45.476691721311475,1,30,22,0,0,0,0,0,0,0,0,0,1,0.6045386672216847,0,0,0,0,0,133,0,1,1,0,0,0,2,6,25,0.0,0.010893321479263845,0.10522030883427384,0,0,0,0,0,0,0,0,1,0.010239209631009851,0,1,0.08291859527762145,0,0,0,0,13.384495160016861,35.817053441318485,1.8522974719652372,0.0,77.44988224002586,147.58189209754818,970.3458236895859,234.25874071193158,650.6635886090542,1.0,86.0,0.6,0.0,0.0,106.0,664.1621639759317
9.235899189189189,45.476691721311475,1,31,22,0,0,0,0,0,0,0,0,0,1,0.6127205622230167,0,0,0,0,0,103,0,1,1,0,0,0,2,5,24,0.0,0.0059909119618915836,0.10389197015696533,0,0,0,0,0,0,0,0,1,0.01001999046618039,0,1,0.08291859527762145,0,0,0,0,10.735137247332007,35.817053441318485,1.8522974719652372,0.0,77.44988224002586,50.43299057273211,903.6658075052615,234.25874071193158,608.7141247862317,1.0,86.0,0.6,0.0,0.0,106.0,664.8566374238126
9.236222972972971,45.476691721311475,1,32,22,0,0,0,0,0,0,0,0,0,1,0.6151366321838572,0,0,0,0,0,87,0,1,1,0,0,0,2,5,21,0.0,0.0006729719467386349,0.10320662877323272,0,0,0,0,0,0,0,0,1,0.009651814873588885,0,1,0.08069542307488192,0,0,0,0,20.04288032492612,30.370758534903082,0.0,0.0,77.44988224002586,94.38252244458306,1202.5728194955673,0.0,608.7141247862317,1.0,86.0,0.6,0.0,0.0,106.0,666.6768612895635
9.236546756756756,45.476691721311475,1,33,22,0,0,0,0,0,0,0,0,0,1,0.6114717043147085,0,0,0,0,0,66,0,1,1,0,0,0,2,5,20,0.0,0.0,0.10184881493183198,0,0,0,0,0,0,0,0,1,0.00947967978396226,0,1,0.031147993239857653,0,0,0,0,36.76615297613046,30.370758534903082,0.0,0.0,0.0,624.0292657961245,1544.1784249974794,0.0,261.7463830487754,1.0,86.0,0.6,0.0,0.0,106.0,667.8647930887931
9.23687054054054,45.476691721311475,1,34,22,0,0,0,0,0,0,0,0,0,1,0.6015457079274485,0,0,0,0,0,61,0,1,0,0,0,0,1,5,17,0.0,0.0,0.09964658714528787,0,0,0,0,0,0,0,0,1,0.009430492793389785,0,1,0.0178786721267935,0,0,0,0,140.00238567677087,30.370758534903082,0.0,0.0,0.0,477.75358586041705,1120.019085414167,0.0,0.0,1.0,86.0,0.6,0.0,0.0,106.0,668.4190124204634
9.237194324324323,45.476691721311475,1,35,22,0,0,0,0,0,0,0,0,0,1,0.5848431920812202,0,0,0,0,0,55,0,1,0,0,0,0,1,5,16,0.0,0.0,0.0964097972922221,0,0,0,0,0,0,0,0,0,0.009216208748985445,0,1,0.020002681851508063,0,0,0,0,28.56336444662606,30.370758534903082,0.0,0.0,0.0,0.0,0.0,0.0,0.0,1.0,86.0,0.6,0.0,0.0,106.0,668.7543059192017
9.237518108108107,45.476691721311475,1,36,22,0,0,0,0,0,0,0,0,0,1,0.5602374994435435,0,0,0,0,0,49,0,0,0,0,0,0,1,5,14,0.0,0.0,0.09192416750397543,0,0,0,0,0,0,0,0,0,0.008601354144510952,0,0,-0.004504566947839193,0,0,0,0,28.56336444662606,30.370758534903082,0.0,0.0,0.0,0.0,0.0,0.0,0.0,1.0,86.0,0.6,0.0,0.0,106.0,670.4787767520535
9.225861891891892,45.476917131147545,1,0,23,0,0,0,0,1,0,0,0,0,0,0.0,0,0,1,0,2,338,0,0,1,0,1,0,5,9,23,0.17687956109220704,0.21877728421826403,0.12020626126900362,0,0,0,1,0,0,0,0,0,0.0054708309401316985,0,1,0.1518082873246545,0,4,0,3,13.029845260983627,30.370758534903082,0.0,0.0,0.0,138.7704405205161,599.3728820052469,0.0,260.3252684179263,1.0,86.0,0.6,0.0,0.0,106.0,667.5559940547953
9.226185675675676,45.476917131147545,1,1,23,0,0,0,0,1,0,0,0,0,0,0.0,0,0,1,0,3,360,0,0,1,0,1,0,5,9,23,0.3032853957076295,0.31288433838509333,0.12020626126900362,0,0,0,1,0,0,0,1,0,0.00528480132889178,0,1,0.1744984571068025,0,8,0,4,15.782584050804935,30.370758534903082,0.0,0.0,0.0,156.3003660260364,1357.3022283692244,0.0,420.2471360357012,1.0,86.0,0.6,0.0,0.0,106.0,666.5517678790078
9.226509459459459,45.476917131147545,1,2,23,0,0,0,0,1,0,0,0,0,0,0.0,0,0,1,0,3,395,0,0,1,0,1,0,7,9,24,0.3199100089789917,0.34575680352123034,0.12020626126900362,0,0,0,1,0,0,0,1,0,0.004795667699203583,0,1,0.5438427761500338,8,12,0,7,19.860968773154116,30.370758534903082,0.0,0.0,0.0,343.44010975423043,1827.2091271301786,0.0,605.0785100131934,1.0,86.0,0.6,0.0,0.0,106.0,664.4818710905793
9.226833243243243,45.476917131147545,1,3,23,0,0,0,0,1,0,0,0,0,0,0.0,0,0,1,0,3,436,0,0,1,0,1,0,7,9,25,0.27773653148076255,0.3009023180767172,0.12020626126900362,0,0,0,1,0,0,0,1,0,0.0040123094158915126,0,1,0.6522453820618553,4,16,0,7,23.11810783473343,20.0,1.0,0.0,0.0,110.5499124048892,2542.6468592519095,92.81743390770198,749.3097348515772,1.0,86.0,0.6,0.0,0.0,106.0,657.2062769378824
9.227157027027028,45.476917131147545,1,4,23,0,0,0,1,0,0,0,0,0,0,0.0,0,1,1,0,4,465,0,0,1,0,1,0,8,10,28,0.12588185101962676,0.2432680201802757,0.12201026329751959,0,0,0,1,0,0,0,1,0,0.003316742247287656,0,1,0.8656776200562321,4,4,0,6,22.138611844523734,20.0,1.0,0.0,0.0,216.08258020664232,1368.3309478308643,92.81743390770198,1131.7248546296555,1.0,86.0,0.6,0.0,0.0,106.0,666.2751326503351
9.22748081081081,45.476917131147545,1,5,23,0,0,0,1,0,0,0,0,0,0,0.0,0,1,1,0,4,508,0,0,1,0,0,0,8,11,28,0.0022685811560614875,0.16411457815736705,0.12626306155563125,0,0,0,1,0,0,0,1,0,0.002586974362497136,0,1,0.962313486108861,0,4,0,6,19.4124237965435,20.0,1.0,0.0,0.0,171.66786783591382,1110.752841477995,92.81743390770198,1153.431235197667,1.0,86.0,0.6,0.0,0.0,106.0,665.9350232865299
9.227804594594595,45.476917131147545,1,6,23,0,0,0,1,0,0,0,0,0,0,0.0,0,1,1,0,4,543,0,0,1,0,0,0,8,11,28,0.0,0.08622386174357151,0.12843715869934236,0,0,0,1,0,0,0,0,0,0.0016941525755292163,0,1,1.125039432097777,0,4,0,5,9.845157471745345,25.21196695495695,1.7105883982587184,0.0,0.0,171.66786783591382,1246.415812170278,72.83528904359864,1180.809431114973,1.0,86.0,0.6,0.0,0.0,106.0,662.0580375744099
9.228128378378377,45.476917131147545,1,7,23,0,0,0,1,0,0,0,0,0,0,0.0,0,1,1,0,2,584,0,0,1,0,0,1,8,11,28,0.0,0.029201032570096846,0.12824605779141923,0,0,0,1,0,0,0,0,0,0.0010423077438572997,0,1,1.1670555189619014,4,9,1,4,10.179101163960983,25.21023677649625,1.7105522001594806,0.0,0.0,211.68435175193892,1203.2307736957441,140.41057994710565,1118.1874207598578,1.0,86.0,0.6,0.0,0.0,106.0,666.3708883013963
9.228452162162162,45.476917131147545,1,8,23,0,0,0,1,0,0,0,0,0,0,0.0,0,1,1,0,0,609,0,0,1,0,0,0,8,11,28,0.0,0.0025009659808994376,0.12342750008860161,0,0,0,1,0,0,0,0,0,0.0004437592457155508,0,1,1.0675680293057357,5,9,4,6,15.650603230144048,25.435577993390055,1.7132935157322648,0.0,0.0,107.19889111698458,1142.255723964859,172.39494736724055,1119.1937665389892,1.0,86.0,0.6,0.0,0.0,106.0,663.6193060441929
9.228775945945946,45.476917131147545,1,9,23,0,0,0,1,0,0,0,0,0,0,0.0,0,1,1,0,0,617,0,0,1,0,0,0,8,11,28,0.0,0.0,0.11555175167951837,0,0,0,1,0,0,0,0,0,0.0009343971899951925,0,0,1.2321426559496762,0,9,4,6,13.433039414513248,25.99397803139426,1.719920284857011,0.0,0.0,87.83018675499719,818.1316095338606,202.77938596914632,1141.0078305693778,1.0,86.0,0.6,0.0,0.0,106.0,666.3691747296864
9.229099729729729,45.476917131147545,1,10,23,0,0,0,0,0,0,0,2,0,0,0.0,0,1,1,0,0,626,0,0,1,0,0,0,5,12,27,0.0,0.0,0.10621493843706109,0,0,0,1,0,0,0,0,0,0.001927635215727574,0,0,1.0612718564464985,4,4,4,6,14.357123648266338,26.3480419669757,1.724103490727251,0.0,0.0,63.16148428452054,781.8118691335969,223.1867862450468,1107.7264147860253,1.0,86.0,0.6,0.0,0.0,106.0,663.8789068291545
9.229423513513513,45.476917131147545,1,11,23,0,0,0,0,0,0,0,6,0,0,0.0,0,1,1,0,0,631,0,0,1,0,0,0,3,12,27,0.0,0.0,0.09403957298958104,0,0,0,1,0,0,0,0,0,0.0032990960147639982,0,0,1.256821081843431,0,10,4,6,13.356896541273503,26.076731151022315,1.7207958800853644,0.0,0.0,173.62845350502363,554.965051385954,246.44874109045602,792.3078625782805,1.0,86.0,0.6,0.0,0.0,106.0,665.4493447706627
9.229747297297298,45.476917131147545,1,12,23,0,0,0,0,0,0,2,6,0,0,0.0,0,1,1,0,2,635,0,0,1,0,0,0,1,12,26,0.0,0.0,0.08310586585935381,0,0,0,1,0,0,0,0,0,0.00503230620088712,0,0,1.256821081843431,6,22,4,7,16.213749914439568,38.29609544818609,1.8639339749231236,0.0,0.0,162.10620119129,1189.3378891475445,90.12959231365981,879.2191694016825,1.0,86.0,0.6,0.0,0.0,106.0,670.1461321723776
9.23007108108108,45.476917131147545,1,13,23,0,0,0,0,0,0,4,6,0,0,0.0,0,0,1,0,2,634,0,0,1,0,0,0,1,13,27,0.0,0.0,0.07348773261047753,0,0,1,1,0,0,0,0,0,0.006310979109788289,0,0,1.1742456464927011,16,22,4,7,27.013446587428586,41.21256326611,1.897569123444437,0.0,0.0,113.98539546718064,2284.7741845997384,44.43602759636725,678.2342571938241,1.0,86.0,0.6,0.0,0.0,106.0,665.3461954723914
9.230394864864865,45.476917131147545,1,14,23,0,0,0,0,0,0,1,6,0,0,7.254984642746655e-08,0,0,1,0,1,623,0,0,1,0,0,0,1,13,28,0.0,0.0,0.06152734767690129,0,0,0,1,0,0,0,0,0,0.008587770949021621,0,2,1.6343391121347042,0,12,4,7,27.013203651913535,50.0,2.0,0.0,0.0,173.4986069735139,1581.5025227129888,0.0,736.0716101407907,1.0,86.0,0.6,0.0,0.0,106.0,666.288661773513
9.230718648648649,45.476917131147545,1,15,23,0,0,0,0,0,0,0,6,0,0,0.0,0,0,1,0,6,613,0,0,1,0,0,0,1,13,29,0.0,0.0,0.047676440957978544,0,0,0,1,0,0,0,0,0,0.011937396249534694,0,2,1.6114569371755145,0,0,4,7,44.03725766986149,25.230056551516917,1.7109668615365372,0.0,0.0,183.62105354001523,1292.4512123504467,28.666517745397996,659.7600225947166,1.0,86.0,0.6,0.0,0.0,106.0,667.4904868986628
9.231042432432432,45.476917131147545,1,16,23,0,0,0,0,0,0,0,0,0,0,0.011824195663211103,0,0,1,0,4,605,0,0,1,0,0,0,1,13,30,0.0,0.0,0.037810267734393506,0,0,0,1,0,0,0,0,0,0.013548735078643239,0,2,1.3800330933714335,0,0,4,6,38.056311652327594,25.230056551516917,1.7109668615365372,0.0,0.0,392.8657664615142,1417.4733250430502,28.666517745397996,638.9086570264717,1.0,86.0,0.6,0.0,0.0,106.0,667.6529493703067
9.231366216216216,45.476917131147545,1,17,23,0,0,0,0,0,0,0,0,0,0,0.0387502950453369,0,0,1,0,4,586,0,0,1,0,0,0,1,14,30,0.0,0.0,0.0322731795704693,0,0,0,0,0,0,0,0,0,0.013917199646337579,0,2,1.0343687740992296,0,0,4,5,40.080409833986565,25.230056551516917,1.7109668615365372,0.0,0.0,276.34758875578484,1494.3890559460913,28.666517745397996,640.7522454858489,1.0,86.0,0.6,0.0,0.0,106.0,667.9007430731967
9.23169,45.476917131147545,1,18,23,0,0,0,0,0,0,0,0,0,0,0.07377398174846103,0,0,1,0,5,564,0,0,1,0,0,0,1,12,30,0.0,0.0,0.03770038887524257,0,0,0,0,0,0,0,0,0,0.014227464094902754,0,2,1.6727877017142971,0,0,3,5,34.085873128190045,30.370758534903082,0.0,0.0,0.0,296.18368997014585,1499.778417640362,0.0,388.1905600108603,1.0,86.0,0.6,0.0,0.0,106.0,667.1151653632004
9.232013783783783,45.476917131147545,1,19,23,0,0,0,0,0,0,0,0,0,0,0.11465315598086671,0,0,1,0,8,546,0,0,1,0,0,0,2,11,30,0.0,0.0,0.045280770666378194,0,0,0,0,0,0,0,0,0,0.014157447246467662,0,2,1.377851635428585,0,0,1,4,29.264489178633212,27.77749757905579,1.7424657138419168,0.0,0.0,339.4822246539921,1834.8692097355258,96.58707605426626,575.059058110957,1.0,86.0,0.6,0.0,0.0,106.0,665.0952980133186
9.232337567567567,45.476917131147545,1,20,23,0,0,0,0,0,0,0,0,0,0,0.1600670139193763,0,0,1,0,1,508,0,0,1,0,0,0,2,9,30,0.0,0.0,0.05544128654141461,0,0,0,0,0,0,0,0,0,0.01400802655366356,0,2,0.6269513315959067,0,0,0,4,25.96851280196619,27.77749757905579,1.7424657138419168,0.0,0.0,408.680472374455,1928.9569224990964,96.58707605426626,439.8686541122431,1.0,86.0,0.6,0.0,0.0,106.0,666.225579531079
9.23266135135135,45.476917131147545,1,21,23,0,0,0,0,0,0,0,0,0,0,0.2090503716056858,0,0,1,0,0,459,0,0,1,0,0,0,2,8,30,0.0,0.0,0.06625634987620946,0,0,0,1,0,0,0,0,0,0.013854422209994516,0,3,0.39021930808854055,0,0,0,4,30.65431785916216,27.77749757905579,1.7424657138419168,0.0,0.0,211.39719665321834,1620.0547240588146,96.58707605426626,342.1704882831105,1.0,86.0,0.6,0.0,0.0,106.0,666.5959039643806
9.232985135135134,45.476917131147545,1,22,23,0,0,0,0,0,0,0,0,0,0,0.26084095316005823,0,0,1,0,0,430,0,0,1,0,0,0,2,6,30,0.0,0.0,0.07665536494203658,0,0,0,0,0,0,0,0,1,0.013950469712268227,0,3,0.49266839881542007,0,0,0,4,70.07446132705968,28.607638867369293,1.753806623557366,0.0,0.0,188.1457644606502,1572.100242731054,109.68682911837807,341.58564661466767,1.0,86.0,0.6,0.0,0.0,106.0,665.4912052459907
9.233308918918919,45.476917131147545,1,23,23,0,0,0,0,0,0,0,0,0,0,0.31479899929706523,0,0,1,0,0,404,0,0,1,0,0,0,2,6,30,0.0,0.0,0.08372014560185224,0,0,0,0,0,0,0,0,1,0.01330155160130944,0,3,0.15532205926482787,0,0,0,4,82.06797933868955,28.607638867369293,1.753806623557366,0.0,79.00171585476558,509.7329337682241,1531.672757655413,109.68682911837807,383.2853235717286,1.0,86.0,0.6,0.0,0.0,106.0,664.5620123163969
9.233632702702701,45.476917131147545,1,24,23,0,1,0,0,0,0,0,3,0,0,0.37035990042943057,0,0,1,0,0,367,0,0,1,0,0,0,2,6,29,0.0,0.004324396597712357,0.08928690902258268,0,0,0,0,0,0,0,0,1,0.01321399854538348,0,2,0.15532205926482787,0,0,0,1,87.00645725764339,28.607638867369293,1.753806623557366,0.0,79.00171585476558,321.58716930757384,1456.429401519203,109.68682911837807,418.79831141451075,1.0,86.0,0.6,0.0,0.0,106.0,663.539804827206
9.233956486486486,45.476917131147545,1,25,23,0,1,0,0,0,0,1,3,0,0,0.4270078346585179,0,0,1,0,0,322,0,0,1,0,0,0,2,6,29,0.0,0.06428565481897248,0.09379782697269319,0,0,0,0,0,0,0,0,1,0.012302309292419983,0,3,1.1074599409042236,0,4,0,0,42.88227256885309,30.370758534903082,0.0,0.0,79.00171585476558,321.58716930757384,1629.5263576164175,0.0,300.78856048600784,1.0,86.0,0.6,0.0,0.0,106.0,663.972365897553
9.23428027027027,45.476917131147545,1,26,23,1,1,0,0,0,0,3,3,0,1,0.4842647095836714,0,0,1,0,0,268,0,0,1,0,0,1,3,6,28,0.1545539995919258,0.06505719728106601,0.0973650353893653,0,0,0,0,0,0,0,0,1,0.011211558395229642,0,1,1.4347084125178216,4,4,0,0,35.68687121060629,30.370758534903082,0.0,0.0,85.19250300307222,552.2425211000386,1998.4647877939522,0.0,750.6627613773882,1.0,86.0,0.6,0.0,0.0,106.0,663.502530222215
9.234604054054053,45.476917131147545,1,27,23,0,1,0,0,0,0,1,3,0,1,0.5347427474496514,0,0,0,0,1,224,0,1,1,0,0,1,3,6,28,0.26022878912339237,0.06505719728106601,0.10005929426076628,0,0,0,0,0,0,0,0,1,0.011144771945814955,0,1,2.076031309388366,0,4,0,0,29.7017469437743,30.370758534903082,0.0,0.0,85.19250300307222,56.10987644096328,1782.104816626458,0.0,571.9538307431732,1.0,86.0,0.6,0.0,0.0,106.0,664.7484965848447
9.234927837837837,45.476917131147545,1,28,23,0,1,0,0,0,0,0,3,0,1,0.56747357824057,0,0,0,0,1,190,0,1,1,0,0,1,3,6,28,0.22571094492408483,0.06505719728106601,0.10192968329193429,0,0,0,0,0,0,0,0,1,0.0113194584441153,0,1,1.4049025896842637,0,0,0,0,11.214470234019538,30.370758534903082,0.0,0.0,85.19250300307222,0.0,269.14728561646893,0.0,555.341022840063,1.0,86.0,0.6,0.0,0.0,106.0,665.3001991919803
9.235251621621622,45.476917131147545,1,29,23,0,0,0,0,0,0,0,0,0,1,0.590422856791777,0,0,0,0,0,160,0,1,1,0,0,0,2,6,27,1.755331437172263e-05,0.06505719728106601,0.10271063454067769,0,0,0,0,0,0,0,0,1,0.011616544589675941,0,1,1.3886123968517479,0,0,0,0,20.85005362659053,31.80034178033449,1.7974234825112785,0.0,85.19250300307222,234.22683152257096,585.7770841965458,248.22506086707523,576.6501609387076,1.0,86.0,0.6,0.0,0.0,106.0,664.0206015752054
9.235575405405404,45.476917131147545,1,30,23,0,0,0,0,0,0,0,0,0,1,0.6057467270052012,0,0,0,0,0,133,0,1,1,0,0,0,2,6,26,0.0,0.021643903656419092,0.09964737709031761,0,0,0,0,0,0,0,0,1,0.011594008622494274,0,1,0.7321686412095256,0,2,0,0,16.318504689265687,30.45602863309526,1.7790582545112301,0.0,85.19250300307222,143.15476388671692,782.6379170642288,261.7463830487754,530.755203069275,1.0,86.0,0.6,0.0,0.0,106.0,665.5113519637168
9.235899189189189,45.476917131147545,1,31,23,0,0,0,0,0,0,0,0,0,1,0.614402140500454,0,0,0,0,0,111,0,1,1,0,0,0,2,6,26,0.0,0.0,0.09630410552791495,0,0,0,0,0,0,0,0,1,0.011480608711596554,0,1,0.7321686412095256,0,0,0,0,12.451239292478254,35.817053441318485,1.8522974719652372,0.0,77.44988224002586,111.29603782139694,487.91313825180725,234.25874071193158,322.98204334918864,1.0,86.0,0.6,0.0,0.0,106.0,665.8182740864066
9.236222972972971,45.476917131147545,1,32,23,0,0,0,0,0,0,0,0,0,1,0.6168385922884814,0,0,0,0,0,92,0,1,1,0,0,0,2,5,24,0.0,0.0,0.09503484329060474,0,0,0,0,0,0,0,0,1,0.011417715288155718,0,1,0.047187568531684244,0,0,0,0,24.903436270858954,30.370758534903082,0.0,0.0,77.44988224002586,107.48669700428827,1045.944323376076,0.0,261.7463830487754,1.0,86.0,0.6,0.0,0.0,106.0,667.7152096117267
9.236546756756756,45.476917131147545,1,33,23,0,0,0,0,0,0,0,0,0,1,0.6131772017540742,0,0,0,0,0,72,0,1,1,0,0,0,2,5,21,0.0,0.0,0.09301367703342611,0,0,0,0,0,0,0,0,1,0.011324650309086606,0,1,0.023168624667460336,0,0,0,0,55.84592431804659,30.370758534903082,0.0,0.0,77.44988224002586,777.1237054507083,1340.3021836331181,0.0,261.7463830487754,1.0,86.0,0.6,0.0,0.0,106.0,668.5472545926183
9.23687054054054,45.476917131147545,1,34,23,0,0,0,0,0,0,0,0,0,1,0.60323786857189,0,0,0,0,0,59,0,1,0,0,0,0,1,5,17,0.0,0.0,0.09015222488034125,0,0,0,0,0,0,0,0,1,0.011003907224363039,0,1,0.01393963095208301,0,0,0,0,104.57310760926048,30.370758534903082,0.0,0.0,0.0,477.75358586041705,1254.8772913111256,0.0,0.0,1.0,86.0,0.6,0.0,0.0,106.0,668.8488690381533
9.237194324324323,45.476917131147545,1,35,23,0,0,0,0,0,0,0,0,0,1,0.5865025853167879,0,0,0,0,0,56,0,0,0,0,0,0,1,5,16,0.0,0.0,0.08638408328160334,0,0,0,0,0,0,0,0,0,0.010414002279765125,0,1,0.014894060587634773,0,0,0,0,28.56336444662606,30.370758534903082,0.0,0.0,0.0,0.0,0.0,0.0,0.0,1.0,86.0,0.6,0.0,0.0,106.0,669.1022818991461
9.237518108108107,45.476917131147545,1,36,23,0,0,0,0,0,0,0,0,0,1,0.5618394415582607,0,0,0,0,0,50,0,0,0,0,0,0,0,5,14,0.0,0.0,0.08162239024667713,0,0,0,0,0,0,0,0,0,0.00992503926947734,0,0,-0.0022955421559089483,0,0,0,0,28.56336444662606,30.370758534903082,0.0,0.0,0.0,0.0,0.0,0.0,0.0,1.0,86.0,0.6,0.0,0.0,106.0,670.7601810641894
9.225861891891892,45.47714254098361,1,0,24,0,0,0,0,1,0,0,0,0,0,0.0,0,0,0,0,4,361,0,0,1,1,1,0,4,9,23,0.4281854784609865,0.3429871435368479,0.12020626126900362,0,0,0,1,0,0,0,0,0,0.004391059601024256,0,1,0.30149406722135746,0,4,0,4,12.362022544660492,30.370758534903082,0.0,0.0,0.0,140.70541301695306,692.2732625009876,0.0,134.457937895787,1.0,86.0,0.6,0.0,0.0,106.0,667.5204298845717
9.226185675675676,45.47714254098361,1,1,24,0,0,0,0,1,0,0,0,0,0,0.0,0,0,1,0,5,389,0,0,1,1,1,0,5,9,24,0.7178187278024626,0.4747237993221861,0.12020626126900362,0,0,1,1,0,1,0,0,0,0.004283636632122198,0,1,0.1522150709938789,0,4,0,4,12.616140127041444,30.370758534903082,0.0,0.0,0.0,156.28187674212288,756.9684076224867,0.0,272.5337478506212,1.0,86.0,0.6,0.0,0.0,106.0,666.8364410690428
9.226509459459459,45.47714254098361,1,2,24,0,0,0,0,1,0,0,0,0,0,0.0,0,0,1,0,9,417,0,0,1,1,1,0,6,10,24,0.7647696477461496,0.5041306902218707,0.12026628869786987,0,0,1,1,0,1,0,1,0,0.004004210263795205,0,1,0.56457021858893,0,8,0,7,12.007653251595094,30.370758534903082,0.0,0.0,0.0,66.64843210605454,816.5204211084664,0.0,328.45161547900597,1.0,86.0,0.6,0.0,0.0,106.0,665.3590272203284
9.226833243243243,45.47714254098361,1,3,24,0,0,0,1,1,0,0,0,0,0,0.0,0,0,1,0,12,446,0,0,1,1,1,0,8,11,26,0.6274984197365887,0.4556261934256648,0.12055885362611309,0,0,1,1,0,0,0,1,0,0.0034557194817501193,0,1,0.56457021858893,0,8,0,8,16.689119096232545,20.0,1.0,0.0,0.0,0.0,741.6385209039252,92.81743390770198,732.3102296855129,1.0,86.0,0.6,0.0,0.0,106.0,663.5311307226618
9.227157027027028,45.47714254098361,1,4,24,0,0,0,1,0,0,0,0,0,0,0.0,0,1,1,0,11,483,0,0,1,0,1,0,8,11,27,0.3254997277450883,0.32635670815651663,0.12418189109218188,0,0,1,1,0,0,0,1,0,0.0032067880730500885,0,1,0.8030591801112433,0,4,0,8,22.35508194774798,20.0,1.0,0.0,0.0,135.75343112868853,846.0960078977133,92.81743390770198,778.1791400210083,1.0,86.0,0.6,0.0,0.0,106.0,666.28353951074
9.22748081081081,45.47714254098361,1,5,24,0,0,0,1,0,0,0,0,0,0,0.0,0,0,1,0,4,540,0,0,1,0,0,0,8,11,28,0.10191757015848368,0.18583059624088283,0.12734015407053065,0,0,1,1,0,1,0,0,0,0.002669380471803251,0,1,0.9382145094052339,0,0,0,8,19.659350460476066,20.0,1.0,0.0,0.0,72.55123799616612,686.7404176920398,79.97425026652655,913.883147059965,1.0,86.0,0.6,0.0,0.0,106.0,665.9796267147451
9.227804594594595,45.47714254098361,1,6,24,0,0,0,1,0,0,0,0,0,0,0.0,0,0,1,0,9,584,0,0,1,0,0,1,8,11,28,0.02910939131423715,0.0696209727226005,0.12718886965189433,0,0,1,1,0,1,0,0,0,0.002219366652090604,0,1,1.4062435138877878,0,4,0,9,6.497943617917125,25.234838926842826,1.7110669164733958,0.0,0.0,137.5266976711187,1026.5321778814714,169.08944781527936,1128.3334828854972,1.0,86.0,0.6,0.0,0.0,106.0,663.9815905369165
9.228128378378377,45.47714254098361,1,7,24,0,0,0,1,0,0,0,0,0,0,0.0,0,1,1,0,6,612,0,0,1,0,0,1,8,12,28,0.0,0.03007057791822879,0.1260303614455772,0,0,1,1,0,0,0,0,0,0.0020853347576960126,0,1,1.2828016313266764,4,9,1,8,6.644051027656616,25.224598576751106,1.710852671979392,0.0,0.0,177.6130507731405,1238.314589420982,236.6647387187864,1156.3370972249127,1.0,86.0,0.6,0.0,0.0,106.0,665.5055192657995
9.228452162162162,45.47714254098361,1,8,24,0,0,0,1,0,0,0,0,0,0,0.0,0,0,1,0,2,630,0,0,1,0,0,0,7,12,28,0.0,0.002978700188676835,0.1206560963840016,0,0,0,1,0,0,0,0,0,0.0015950003822955896,0,1,1.1593992970015174,5,9,3,8,9.858745207887736,25.212430968381767,1.7105981061613313,0.0,0.0,0.0,787.5583727517466,178.5986576212517,1198.882779688986,1.0,86.0,0.6,0.0,0.0,106.0,664.5642025335619
9.228775945945946,45.47714254098361,1,9,24,0,0,0,1,0,0,0,0,0,0,6.976413062363028e-05,0,0,1,0,0,640,0,0,1,0,0,0,6,11,28,0.0,0.0,0.11181778789854863,0,0,0,1,0,0,0,0,0,0.0007368595009437392,0,0,1.3678177875527537,0,9,4,8,9.975310968239611,24.60859643134557,1.702529787514374,0.0,0.0,0.0,408.26035362445225,210.20892640640375,1207.3585566756315,1.0,86.0,0.6,0.0,0.0,106.0,666.0376848168135
9.229099729729729,45.47714254098361,1,10,24,0,0,0,1,0,0,0,2,0,0,0.0009614361398359893,0,0,1,0,0,649,0,0,1,0,0,0,4,12,28,0.0,0.0,0.10280409382720693,0,0,0,1,0,0,0,0,0,3.571170246576628e-05,0,0,1.398346008667413,4,4,4,8,18.267459184310717,23.811055992273012,1.6919304534577015,0.0,0.0,4.6924584434764425,375.4602832641282,136.02857389657186,947.0886565426822,1.0,86.0,0.6,0.0,0.0,106.0,665.1485737668013
9.229423513513513,45.47714254098361,1,11,24,0,0,0,0,0,0,1,3,0,0,0.002619394124370889,0,0,1,0,3,652,0,0,1,0,0,0,4,12,28,0.0,0.0,0.09418266928196309,0,0,0,1,0,0,0,0,0,0.0005238619406020836,0,0,1.6186768069339308,0,10,4,8,13.99349962556395,25.198922046458815,1.709799702833039,0.0,0.0,0.0,432.1545245911652,211.54645818477653,846.8484842109166,1.0,86.0,0.6,0.0,0.0,106.0,666.1696399036152
9.229747297297298,45.47714254098361,1,12,24,0,0,0,0,0,1,3,4,0,0,0.0047853506908219975,0,0,1,0,7,648,0,0,1,0,0,0,3,12,30,0.0,0.0,0.08398042539357249,0,0,1,1,0,0,0,0,0,0.0013583842577701618,0,0,1.444249629237088,4,14,4,8,17.518470508708646,37.232104125293915,1.8515643362797711,0.0,0.0,32.40423232287207,941.6713991210313,90.12959231365981,724.8790208362217,1.0,86.0,0.6,0.0,0.0,106.0,666.4718189408269
9.23007108108108,45.47714254098361,1,13,24,0,0,0,0,0,1,3,6,0,0,0.0072158137698898565,0,1,1,0,6,657,0,0,1,0,0,0,1,13,32,0.0,0.0,0.07493665648148747,0,0,1,0,0,0,0,0,0,0.002145072540780502,0,0,1.30531203654636,4,16,4,8,23.842235351492313,38.431341068798,1.8656038355407243,0.0,0.0,322.5554286075878,1639.1921913337167,73.69469261075348,750.8733110739191,1.0,86.0,0.6,0.0,0.0,106.0,663.7992839723036
9.230394864864865,45.47714254098361,1,14,24,0,0,0,0,0,0,1,4,1,0,0.009494661176937012,0,0,1,0,0,664,0,0,1,0,0,0,1,12,30,0.0,0.0,0.06496803650310508,0,0,0,1,0,0,0,0,0,0.004700753328103071,0,1,1.4914819692775614,0,8,4,8,44.22509952524674,50.0,2.0,0.0,0.0,0.0,1240.642182872211,0.0,485.97582206475823,1.0,86.0,0.6,0.0,0.0,106.0,665.887363060282
9.230718648648649,45.47714254098361,1,15,24,0,0,0,0,0,0,0,4,1,0,0.011019192967957793,0,0,1,0,0,652,0,0,1,0,0,0,1,12,30,0.0,0.0,0.049434485456274484,0,0,0,1,0,0,0,0,0,0.008056617673606666,0,2,1.4685997943183717,0,0,4,8,122.3217570032483,25.26697653867468,1.7117392866876693,0.0,0.0,0.0,956.2234960402719,22.35055998571442,339.85789022809126,1.0,86.0,0.6,0.0,0.0,106.0,667.9595640957668
9.231042432432432,45.47714254098361,1,16,24,0,0,0,0,0,0,0,0,1,0,0.02359223078999042,0,0,1,0,2,639,0,0,1,0,0,0,1,13,30,0.0,0.0,0.036466988106430745,0,0,0,1,0,0,0,0,0,0.009802809417869015,0,2,1.3800330933714335,0,0,4,8,56.74646551754279,25.26697653867468,1.7117392866876693,0.0,0.0,0.0,1226.0716814002267,22.35055998571442,388.13995900855264,1.0,86.0,0.6,0.0,0.0,106.0,667.6277241748617
9.231366216216216,45.47714254098361,1,17,24,0,0,0,0,0,0,0,0,1,0,0.0500176215695352,0,0,1,0,8,623,0,0,1,0,0,0,1,14,30,0.0,0.0,0.027495632422851232,0,0,0,0,0,0,0,0,0,0.010330378106723256,0,2,1.1825106252158886,0,0,4,7,53.630277957718135,30.370758534903082,0.0,0.0,0.0,51.67063881726496,1716.1688946469803,0.0,388.1905600108603,1.0,86.0,0.6,0.0,0.0,106.0,668.0554647693474
9.23169,45.47714254098361,1,18,24,0,0,0,0,0,0,0,0,1,0,0.08324395875124053,0,0,1,0,21,602,0,0,1,0,0,0,1,13,30,0.0,0.0,0.0272551336280874,0,0,0,0,0,0,0,0,0,0.01046624105216911,0,2,0.8795957294185367,0,0,3,7,66.27529415064816,30.370758534903082,0.0,0.0,0.0,133.53453688669143,1590.607059615556,0.0,388.1905600108603,1.0,86.0,0.6,0.0,0.0,106.0,667.8661627239919
9.232013783783783,45.47714254098361,1,19,24,0,0,0,0,0,0,0,0,1,0,0.12171638096730474,0,0,1,0,23,571,0,0,1,0,0,0,1,11,30,0.0,0.0,0.03683430929497308,0,0,0,0,0,0,0,0,0,0.010108732511838511,0,2,0.6290412717963785,0,0,0,5,64.19943330381957,28.087112325198518,1.7466954912689736,0.0,0.0,729.2036555204063,1903.6945942089294,22.288404905657803,391.3535028759224,1.0,86.0,0.6,0.0,0.0,106.0,665.8426646402083
9.232337567567567,45.47714254098361,1,20,24,0,0,0,0,0,0,0,0,1,0,0.16464503348659193,0,0,1,0,13,546,0,0,1,0,0,0,2,8,30,0.0,0.0,0.047848602402576726,0,0,0,0,0,0,0,0,0,0.009474819644622705,0,2,0.6290412717963785,0,0,0,4,60.11983401020449,27.76752369422952,1.7423294564012624,0.0,0.0,946.6964677509793,1869.7360883521706,54.098599974373144,281.4027318331684,1.0,86.0,0.6,0.0,0.0,106.0,666.4188016434977
9.23266135135135,45.47714254098361,1,21,24,0,0,0,0,0,0,0,0,1,0,0.21132270026261055,0,0,1,0,1,501,0,0,1,0,0,0,2,7,30,0.0,0.0,0.05828426983937347,0,0,0,0,0,0,0,0,0,0.009876182084342468,0,2,0.09782087622218257,0,0,0,4,109.46964590725067,28.08723585214846,1.7466971788226546,0.0,0.0,946.6964677509793,1510.2832504415799,22.291792259929657,232.52564458102069,1.0,86.0,0.6,0.0,0.0,106.0,667.0628824204955
9.232985135135134,45.47714254098361,1,22,24,0,0,0,0,0,0,0,0,1,0,0.261486953674683,0,0,1,0,1,457,0,0,1,0,0,0,3,6,30,0.0,0.0,0.06677369434019899,0,0,0,0,0,0,0,0,1,0.00990912150679159,0,2,0.11254248933789045,0,0,0,4,108.39769471456074,28.078041322801237,1.746571568485389,0.0,0.0,946.6964677509793,1712.3234554265784,22.039660006393074,232.52564458102069,1.0,86.0,0.6,0.0,0.0,106.0,666.7070762160863
9.233308918918919,45.47714254098361,1,23,24,0,0,0,0,0,0,0,0,0,0,0.31531579747738303,0,0,1,0,0,435,0,0,1,0,0,0,2,6,30,0.0,0.0,0.07355183795271208,0,0,0,0,0,0,0,0,1,0.010072398400063812,0,2,0.1701258258655271,0,0,0,4,101.35466429628296,27.76052530685002,1.7422338484842221,0.0,79.00171585476558,946.6964677509793,1797.7184767051103,26.665480627982916,228.62105985657894,1.0,86.0,0.6,0.0,0.0,106.0,666.34852856836
9.233632702702701,45.47714254098361,1,24,24,0,1,0,0,0,0,0,1,0,0,0.37088942986259127,0,0,1,0,0,411,0,0,1,0,0,0,2,6,30,0.0,0.003526780757840063,0.07909885660167677,0,0,0,0,0,0,0,0,1,0.010563325685064509,0,2,0.1701258258655271,0,0,0,1,160.95727122444603,30.370758534903082,0.0,0.0,79.00171585476558,946.6964677509793,1609.5727122444603,0.0,260.89795292390306,1.0,86.0,0.6,0.0,0.0,106.0,666.4867841148357
9.233956486486486,45.47714254098361,1,25,24,0,1,0,0,0,0,0,4,0,0,0.4275451921743231,0,0,1,0,0,372,0,0,1,0,0,0,2,6,29,0.0,0.06286490634623985,0.08359288950559872,0,0,0,0,0,0,0,0,1,0.011988923177466325,0,2,1.4347084125178216,0,4,0,0,50.091136812389514,50.0,1.0,7.742620763046356,79.00171585476558,946.6964677509793,2146.1762621697026,0.0,233.91362448837697,1.0,86.0,0.6,0.0,0.0,106.0,665.4027306802332
9.23428027027027,45.47714254098361,1,26,24,1,1,0,0,0,0,0,5,0,1,0.48479723197005664,0,0,0,0,1,323,0,0,1,0,0,1,2,6,29,0.1310596639989478,0.06505719728106601,0.08714556206974708,0,0,0,0,0,0,0,0,1,0.013365952813096797,0,2,1.8608250475106929,0,12,0,0,33.20782051613739,50.0,1.0,79.00171585476558,85.19250300307222,818.2761163881917,2644.0395664684997,0.0,495.6600075371523,1.0,86.0,0.6,0.0,0.0,106.0,664.5312454278273
9.234604054054053,45.47714254098361,1,27,24,0,1,0,0,0,0,0,5,0,1,0.535740567119046,0,0,0,0,1,278,0,0,1,0,0,1,3,6,29,0.2494984586137147,0.06505719728106601,0.0898271012635938,0,0,0,0,0,0,0,0,1,0.014431998172080638,0,2,1.8608250475106929,0,12,0,0,24.882546118115926,50.0,1.0,79.00171585476558,85.19250300307222,101.44135335594167,2309.7227114843636,0.0,385.97317841877424,1.0,86.0,0.6,0.0,0.0,106.0,665.2080468125172
9.234927837837837,45.47714254098361,1,28,24,0,1,0,0,0,0,0,2,0,1,0.5687554039071331,0,0,0,0,1,255,0,1,1,0,0,1,2,6,28,0.19638669387478228,0.06505719728106601,0.0916860779691103,0,0,0,0,0,0,0,0,1,0.014949072199119956,0,1,1.8193693470778123,0,0,0,0,17.101104611983057,35.86939594129881,1.5043269857662394,71.25909509171922,85.19250300307222,91.28876466836996,451.12789328089895,41.94946382282257,385.97317841877424,1.0,86.0,0.6,0.0,0.0,106.0,665.1843031882133
9.235251621621622,45.47714254098361,1,29,24,0,0,0,0,0,0,0,0,0,1,0.5918851115890001,0,0,0,0,0,185,0,1,1,0,0,0,2,6,27,0.00014615910595240623,0.06505719728106601,0.09276787835294549,0,0,0,0,0,0,0,0,1,0.01546704400704199,0,1,1.5358130687396596,0,6,0,0,31.4434516888698,35.34202147482145,1.5842936908834226,77.44988224002586,85.19250300307222,339.4820121064412,761.3245438216417,261.7463830487754,385.97317841877424,1.0,86.0,0.6,0.0,0.0,106.0,665.395613104735
9.235575405405404,45.47714254098361,1,30,24,0,0,0,0,0,0,0,0,0,1,0.6073471121084842,0,0,0,0,0,130,0,1,1,0,0,0,2,6,27,0.0,0.018978127947451875,0.09109350382438357,0,0,0,0,0,0,0,0,1,0.015692292374825154,0,1,1.325173696940661,2,6,0,0,21.48409696996956,35.34202147482145,1.5842936908834226,77.44988224002586,85.19250300307222,189.48302747166858,928.3654559394028,261.7463830487754,385.97317841877424,1.0,86.0,0.6,0.0,0.0,106.0,666.0876954377483
9.235899189189189,45.47714254098361,1,31,24,0,0,0,0,0,0,0,0,0,1,0.6161017356792285,0,0,0,0,0,112,0,1,1,0,0,0,2,6,26,0.0,0.0,0.08642911004892631,0,0,0,0,0,0,0,0,1,0.015390596793866024,0,1,0.8552431757169252,0,0,0,0,17.13755955036741,31.80034178033449,1.7974234825112785,0.0,77.44988224002586,0.0,437.2773211476211,248.22506086707523,340.0782205493417,1.0,86.0,0.6,0.0,0.0,106.0,666.4526492287133
9.236222972972971,45.47714254098361,1,32,24,0,0,0,0,0,0,0,0,0,1,0.618594449772782,0,0,0,0,0,93,0,1,1,0,0,0,2,5,24,0.0,0.0,0.08475719755096628,0,0,0,0,0,0,0,0,1,0.014816890190373957,0,1,0.03768022206607868,0,0,0,0,33.20234193995429,30.370758534903082,0.0,0.0,77.44988224002586,0.0,929.66557431872,0.0,261.7463830487754,1.0,86.0,0.6,0.0,0.0,106.0,668.0123191726864
9.236546756756756,45.47714254098361,1,33,24,0,0,0,0,0,0,0,0,0,1,0.6149458820331521,0,0,0,0,0,71,0,1,1,0,0,0,2,5,22,0.0,0.0,0.08272918221810271,0,0,0,0,0,0,0,0,1,0.013919045963521148,0,1,0.027167779137428762,0,4,0,0,77.6828239997474,30.370758534903082,0.0,0.0,77.44988224002586,629.2522616623387,2019.7534239934323,0.0,261.7463830487754,1.0,86.0,0.6,0.0,0.0,106.0,668.4614284812544
9.23687054054054,45.47714254098361,1,34,24,0,0,0,0,0,0,0,0,0,1,0.6050078731348573,0,0,0,0,0,63,0,0,0,0,0,0,1,5,20,0.0,0.0,0.07986204039238547,0,0,0,0,0,0,0,0,1,0.013022947478212622,0,1,0.019206057084814637,0,4,0,0,86.08882817993411,30.370758534903082,0.0,0.0,0.0,477.75358586041705,1721.7765635986823,0.0,0.0,1.0,86.0,0.6,0.0,0.0,106.0,668.761810158472
9.237194324324323,45.47714254098361,1,35,24,0,0,0,0,0,0,0,0,0,1,0.5882601289586638,0,0,0,0,0,57,0,0,0,0,0,0,0,5,18,0.0,0.0,0.07608838884178765,0,0,0,0,0,0,0,0,0,0.012423885155189636,0,0,0.014894060587634773,0,0,0,0,28.56336444662606,30.370758534903082,0.0,0.0,0.0,0.0,0.0,0.0,0.0,1.0,86.0,0.6,0.0,0.0,106.0,669.7883907291301
9.237518108108107,45.47714254098361,1,36,24,0,0,0,0,0,0,0,0,0,1,0.5635571543811385,0,0,0,0,0,53,0,0,0,0,0,0,0,5,15,0.0,0.0,0.07132102926467596,0,0,0,0,0,0,0,0,0,0.011654322053410791,0,0,-0.0022955421559089483,0,0,0,0,28.56336444662606,30.370758534903082,0.0,0.0,0.0,0.0,0.0,0.0,0.0,1.0,86.0,0.6,0.0,0.0,106.0,670.1397843091514
9.225861891891892,45.477367950819676,1,0,25,0,0,0,0,1,0,0,0,0,0,0.0,0,0,0,0,6,384,0,0,1,1,1,0,3,10,23,0.5776578783480896,0.5033422399240489,0.1214891708082105,0,0,0,0,0,0,0,0,0,0.005462064530064953,0,1,0.30149406722135746,0,0,0,4,13.895886851535533,30.370758534903082,0.0,0.0,0.0,86.07124398697793,639.2107951706345,0.0,99.25555286618108,1.0,86.0,0.6,0.0,0.0,106.0,667.1826787141823
9.226185675675676,45.477367950819676,1,1,25,0,0,0,0,1,0,0,0,0,0,0.0,0,0,1,0,9,412,0,0,1,1,1,0,4,10,24,0.965267424958699,0.6378176594423874,0.12282712073943054,0,0,1,0,0,0,0,0,0,0.005507007222092663,0,1,0.30149406722135746,0,0,0,4,14.414954151900247,30.370758534903082,0.0,0.0,0.0,104.57408180457566,605.4280743798104,0.0,112.58540756343143,1.0,86.0,0.6,0.0,0.0,106.0,666.442264754734
9.226509459459459,45.477367950819676,1,2,25,0,0,0,0,1,0,0,0,0,0,0.0,0,0,1,0,7,434,0,0,1,1,1,0,7,10,24,1.0,0.6797294038825876,0.1240387819745805,0,0,1,0,0,0,0,0,0,0.005441500457379552,0,1,0.8292237703747165,0,0,0,6,14.186345648915877,30.370758534903082,0.0,0.0,0.0,66.41007690222172,510.70844336097156,0.0,154.22591155151648,1.0,86.0,0.6,0.0,0.0,106.0,666.1483889394478
9.226833243243243,45.477367950819676,1,3,25,0,0,0,1,1,0,0,0,0,0,0.0,0,0,1,0,15,478,0,0,1,1,1,0,7,11,27,0.8346990950295524,0.611389057969737,0.1252916555905821,0,0,1,0,0,0,0,0,0,0.0050868176746238225,0,1,0.8778088460658778,0,0,0,8,21.904136049263304,20.0,1.0,0.0,0.0,0.0,423.8208788665294,79.97425026652655,357.1706743991018,1.0,86.0,0.6,0.0,0.0,106.0,665.5811853800791
9.227157027027028,45.477367950819676,1,4,25,0,0,0,1,0,0,0,0,0,0,0.0,0,1,1,0,13,521,0,0,1,0,1,1,7,11,27,0.48640422080955525,0.43396343827178613,0.12960949995872575,0,0,1,0,0,0,0,0,0,0.004303957860933833,0,1,1.128483244223577,0,0,0,8,22.299972419533816,20.0,1.0,0.0,0.0,123.84979991080928,388.3251705436836,79.97425026652655,379.69127073901024,1.0,86.0,0.6,0.0,0.0,106.0,667.0002103269371
9.22748081081081,45.477367950819676,1,5,25,0,0,0,1,0,0,0,0,0,0,0.0,0,0,1,0,4,588,0,0,1,0,0,1,7,11,28,0.14700917480617984,0.25547918151639143,0.13059690256182085,0,0,1,0,0,0,0,0,0,0.0035547474175561295,0,1,1.2546743523166657,0,0,0,10,14.697698353996682,20.0,1.0,0.0,0.0,0.0,375.65439870737055,79.97425026652655,498.40481706090566,1.0,86.0,0.6,0.0,0.0,106.0,666.3973903928868
9.227804594594595,45.477367950819676,1,6,25,0,0,0,1,0,0,0,0,0,0,0.0,0,0,1,0,9,633,0,0,1,0,0,1,7,11,28,0.11295031026578735,0.09546978802290057,0.12864277142046004,0,0,1,0,0,1,0,0,0,0.0031908888452535245,0,1,1.2546743523166657,0,0,0,10,4.8836175148828564,25.25212738981179,1.7114286187558094,0.0,0.0,70.38648799845053,823.7153695948897,153.00813338168172,733.379141628198,1.0,86.0,0.6,0.0,0.0,106.0,663.646982113
9.228128378378377,45.477367950819676,1,7,25,0,0,0,1,0,0,0,0,0,0,3.260342376827783e-06,0,1,1,0,10,650,0,0,1,0,0,0,7,11,28,0.0006460379394752719,0.04864391142476129,0.125967512379836,0,0,1,0,0,0,0,0,0,0.0024020326182075356,0,1,1.4321328398603168,0,0,0,11,4.870093588053481,25.23838333440023,1.7111410711455384,0.0,0.0,193.21774918772905,1017.1481665972931,161.41448171164947,1011.3909668201561,1.0,86.0,0.6,0.0,0.0,106.0,664.0237470969241
9.228452162162162,45.477367950819676,1,8,25,0,0,0,1,0,0,0,0,0,0,0.001029693211837576,0,0,1,0,7,660,0,0,1,0,0,0,7,11,28,0.0,0.028281968119817508,0.12100792903111729,0,0,0,0,0,0,0,0,0,0.002219527593455146,0,1,1.3552345001580515,0,0,3,10,4.875887204766382,25.23242505946242,1.711016414509022,0.0,0.0,0.0,510.86852232213425,74.23794224983152,1015.2105102567159,1.0,86.0,0.6,0.0,0.0,106.0,664.5984312659491
9.228775945945946,45.477367950819676,1,9,25,0,0,0,1,0,0,0,0,0,0,0.0034244110415413836,0,0,1,0,5,668,0,0,1,0,0,0,5,12,28,0.0,0.004390183104382676,0.11148012805225975,0,0,0,0,0,0,0,0,0,0.001937848721109227,0,0,1.4197110501422463,0,0,4,10,8.401246283369517,20.207407755765146,1.6435605814894092,0.0,0.0,36.496813876085525,234.0191394275293,135.63569704072947,1027.8677870790234,1.0,86.0,0.6,0.0,0.0,106.0,664.8042211986998
9.229099729729729,45.477367950819676,1,10,25,0,0,0,1,0,0,0,2,0,0,0.006865608639310106,0,0,1,0,6,678,0,0,1,0,0,0,4,12,29,0.0,0.0,0.10138715895100099,0,0,0,0,0,0,0,0,0,0.0010223380037018765,0,0,1.1710157859174948,0,0,4,8,7.031372496870985,20.59502833239882,1.6487027742171947,0.0,0.0,0.0,229.89357200230268,177.92603281621453,1021.5652559720247,1.0,86.0,0.6,0.0,0.0,106.0,664.5256283573165
9.229423513513513,45.477367950819676,1,11,25,0,0,0,0,0,0,0,3,0,0,0.011070045796281998,0,0,1,0,7,681,0,0,1,0,0,0,3,13,31,0.0,0.0,0.09281322156119866,0,0,0,0,0,1,0,0,0,0.0,0,0,1.6197110501422465,0,0,4,8,14.614496544461492,23.699546434152076,1.6893339931633116,0.0,0.0,50.245475515122166,200.58969706323214,179.38721309276667,860.619004507917,1.0,86.0,0.6,0.0,0.0,106.0,663.7537171644213
9.229747297297298,45.477367950819676,1,12,25,0,0,0,0,0,0,3,3,1,0,0.015665763589750553,0,0,1,0,12,691,0,0,1,0,0,0,3,12,32,0.0,0.0,0.08343965014977352,0,0,0,1,0,0,0,0,0,0.0,0,0,1.4248041418872321,0,0,4,8,23.629113827977328,34.84917969957741,1.8242194633281306,0.0,0.0,93.92100681731807,555.0681478306901,61.90735356501453,678.1244424647477,1.0,86.0,0.6,0.0,0.0,106.0,664.2554887732279
9.23007108108108,45.477367950819676,1,13,25,0,0,0,0,0,0,3,3,1,0,0.019865759605314313,0,1,1,0,9,695,0,0,1,0,0,0,1,13,32,0.0,0.0,0.07550189523085649,0,0,0,1,0,0,0,0,0,0.0,0,0,1.3114130877990984,0,0,4,8,33.12945409232886,44.68170289276341,1.9388586730116244,0.0,0.0,322.5554286075878,473.5726125748792,39.83022856536988,583.757796526113,1.0,86.0,0.6,0.0,0.0,106.0,667.089822630695
9.230394864864865,45.477367950819676,1,14,25,0,0,0,0,0,0,0,3,1,0,0.023350774555216003,0,0,1,0,0,699,0,0,1,0,0,0,1,13,32,0.0,0.0,0.0671255920888375,0,0,0,0,0,0,0,0,0,0.0011346900248146636,0,0,1.0559233444531895,0,0,4,8,109.8233944487873,50.0,2.0,0.0,0.0,0.0,322.5554286075878,0.0,428.4228697990036,1.0,86.0,0.6,0.0,0.0,106.0,665.712017095188
9.230718648648649,45.477367950819676,1,15,25,0,0,0,0,0,0,0,3,1,0,0.025950191836139797,0,0,1,0,0,693,0,0,1,0,0,0,1,12,31,0.0,0.006403739834009406,0.051190297013968614,0,0,0,0,0,0,0,0,0,0.00324787994673046,0,2,0.8885215796130767,0,0,4,8,28.56336444662606,30.370758534903082,0.0,0.0,0.0,0.0,0.0,0.0,167.81034074267095,1.0,86.0,0.6,0.0,0.0,106.0,667.1179887482731
9.231042432432432,45.477367950819676,1,16,25,0,0,0,0,0,0,0,0,1,0,0.03969188821608668,0,0,0,0,3,678,0,0,1,0,0,0,1,12,31,0.0,0.03419248699559696,0.03610737227131945,0,0,0,0,0,0,0,0,0,0.004822538497459602,0,2,0.8885215796130767,0,0,4,8,17.260077767554296,30.370758534903082,0.0,0.0,0.0,0.0,172.60077767554296,0.0,77.68074842901113,1.0,86.0,0.6,0.0,0.0,106.0,668.3021746387745
9.231366216216216,45.477367950819676,1,17,25,0,0,0,0,0,0,0,0,1,0,0.06704956319382867,0,0,0,0,7,655,0,0,1,0,0,0,1,13,30,0.0,0.048058751958498805,0.024300065716280468,0,0,0,0,0,0,0,0,0,0.004822538497459602,0,2,1.0560397120457206,0,0,4,8,30.910921769828217,30.370758534903082,0.0,0.0,0.0,0.0,803.6839660155337,0.0,125.25359379966426,1.0,86.0,0.6,0.0,0.0,106.0,669.9378194471316
9.23169,45.477367950819676,1,18,25,0,0,0,0,0,0,0,0,1,0,0.10097473959390446,0,0,0,0,20,632,0,0,1,0,0,0,1,12,30,0.0,0.03958552458026947,0.020368460767590434,0,0,0,0,0,0,0,0,0,0.0048399534134153785,0,2,1.0560397120457206,0,0,2,8,39.44269927124942,30.370758534903082,0.0,0.0,0.0,488.73864388054506,631.0831883399907,0.0,125.25359379966426,1.0,86.0,0.6,0.0,0.0,106.0,668.6822565277282
9.232013783783783,45.477367950819676,1,19,25,0,0,0,0,0,0,0,0,1,0,0.13904015719714402,0,0,1,0,24,610,0,0,1,0,0,0,1,10,30,0.0,0.01156592975475241,0.03066599543100481,0,0,0,0,0,0,0,0,0,0.005421044073209319,0,2,0.455514875302244,0,0,0,7,57.32340742673753,30.370758534903082,0.0,0.0,0.0,341.28907518590734,917.1745188278005,0.0,125.25359379966426,1.0,86.0,0.6,0.0,0.0,106.0,668.2040200278316
9.232337567567567,45.477367950819676,1,20,25,0,0,0,0,0,0,0,0,1,0,0.17992183849148907,0,0,0,0,12,582,0,0,1,0,0,0,1,8,30,0.0,0.0,0.041384425045142274,0,0,0,0,0,0,0,0,0,0.007437572061600233,0,2,0.4005481504291082,0,0,0,6,124.15241978432819,30.370758534903082,0.0,0.0,0.0,341.28907518590734,744.9145187059692,0.0,206.27390517264433,1.0,86.0,0.6,0.0,0.0,106.0,667.6055205532296
9.23266135135135,45.477367950819676,1,21,25,0,0,0,0,0,0,0,0,1,0,0.22390304546193818,0,0,1,0,1,528,0,0,1,0,0,0,1,7,30,0.0,0.0,0.04956078723877597,0,0,0,0,0,0,0,0,0,0.008657526249707531,0,2,0.12571452606342937,0,0,0,4,214.66425715614776,30.370758534903082,0.0,0.0,0.0,341.28907518590734,1287.9855429368865,0.0,206.27390517264433,1.0,86.0,0.6,0.0,0.0,106.0,667.5179154076931
9.232985135135134,45.477367950819676,1,22,25,0,0,0,0,0,0,0,0,1,0,0.27066817626436324,0,0,1,0,1,474,0,0,1,0,0,0,3,6,30,0.0,0.0,0.05663997723536602,0,0,0,0,0,0,0,0,1,0.01045826502680003,0,3,0.12571452606342937,0,0,0,4,214.66425715614776,30.370758534903082,0.0,0.0,0.0,341.28907518590734,1287.9855429368865,0.0,206.27390517264433,1.0,86.0,0.6,0.0,0.0,106.0,667.6351659414368
9.233308918918919,45.477367950819676,1,23,25,0,0,0,0,0,0,0,0,1,0,0.3198759478675637,0,0,1,0,0,444,0,0,1,0,0,0,3,6,30,0.0,0.0,0.06339552048729802,0,0,0,0,0,0,0,0,1,0.012993823414698973,0,2,0.21453712566762484,0,0,0,4,214.66425715614776,30.370758534903082,0.0,0.0,79.00171585476558,341.28907518590734,1287.9855429368865,0.0,252.16886304207685,1.0,86.0,0.6,0.0,0.0,106.0,667.0196466191876
9.233632702702701,45.477367950819676,1,24,25,0,1,0,0,0,0,0,0,1,0,0.371669915069947,0,0,1,0,0,432,0,0,1,0,0,0,2,6,30,0.0,0.0,0.0689228197187131,0,0,0,0,0,0,0,0,1,0.01585996054873395,0,2,0.21453712566762484,0,0,0,1,214.66425715614776,30.370758534903082,0.0,0.0,79.00171585476558,341.28907518590734,1287.9855429368865,0.0,233.91362448837697,1.0,86.0,0.6,0.0,0.0,106.0,665.4756643242415
9.233956486486486,45.477367950819676,1,25,25,0,1,0,0,0,0,0,4,0,0,0.4280834856556494,0,0,0,0,0,402,0,0,1,0,0,0,2,6,29,0.0,0.03706184869069334,0.0734000171486818,0,0,0,0,0,0,0,0,1,0.017639795823698807,0,1,1.7381790418892082,0,4,0,0,56.513117908369516,50.0,1.0,7.742620763046356,79.00171585476558,341.28907518590734,1970.2165060298867,0.0,233.91362448837697,1.0,86.0,0.6,0.0,0.0,106.0,663.0303951607896
9.23428027027027,45.477367950819676,1,26,25,1,1,0,0,0,0,1,4,0,1,0.4853387769716569,0,0,0,0,0,352,0,0,1,0,0,0,1,6,29,0.020968192247700267,0.06427908694425886,0.07693822655205527,0,0,0,1,0,0,0,0,1,0.018462813265425832,0,1,1.8597618103473408,4,8,0,0,35.0696725050147,33.374153187827034,1.5574098135376293,79.00171585476558,85.19250300307222,565.230406647943,2400.11974663686,45.89495786943253,495.6600075371523,1.0,86.0,0.6,0.0,0.0,106.0,660.1021107204314
9.234604054054053,45.477367950819676,1,27,25,0,1,0,0,0,0,1,4,0,1,0.5367282028000147,0,0,0,0,1,306,0,0,1,0,0,0,1,6,29,0.09195293944424997,0.06505719728106601,0.07960715117381614,0,0,1,1,0,0,0,0,1,0.019291234452659487,0,2,1.8597618103473408,0,8,0,0,20.74171546359415,31.816964167170216,1.6233077883711624,79.00171585476558,85.19250300307222,66.83639219893303,1331.658433081203,124.22679536999887,385.97317841877424,1.0,86.0,0.6,0.0,0.0,106.0,662.2782540175723
9.234927837837837,45.477367950819676,1,28,25,0,1,0,0,0,0,0,4,0,1,0.5700323576767222,0,0,0,0,1,272,0,0,1,0,0,0,1,6,29,0.044730954579489335,0.06505719728106601,0.08145479749940908,0,0,1,0,0,1,0,0,1,0.019723414432411702,0,2,1.5510112792066542,0,0,0,0,20.673229121085594,31.582346047473617,1.645008682805997,71.25909509171922,85.19250300307222,162.42062675372284,509.07782521804114,101.87964068606428,385.97317841877424,1.0,86.0,0.6,0.0,0.0,106.0,663.2306432912537
9.235251621621622,45.477367950819676,1,29,25,0,0,0,0,0,0,0,1,0,1,0.5933406157974954,0,0,0,0,0,239,0,0,1,0,0,0,1,6,28,0.0,0.04945524030122498,0.08252620854372388,0,0,1,0,0,1,0,0,1,0.01964878637202744,0,2,1.338200734483799,4,6,0,0,28.591053280874306,34.0344359622468,1.6187330484366096,77.44988224002586,85.19250300307222,162.0117486785672,848.2695619659714,303.69584687159795,385.97317841877424,1.0,86.0,0.6,0.0,0.0,106.0,664.8387855480933
9.235575405405404,45.477367950819676,1,30,25,0,0,0,0,0,0,0,0,0,1,0.6089317385623044,0,0,0,0,0,180,0,0,1,0,0,0,1,6,27,0.0,0.00422897056889193,0.08204126420215581,0,0,0,0,0,0,0,0,1,0.019928957561745675,0,1,1.0542103749410183,0,6,0,0,31.4434516888698,35.34202147482145,1.5842936908834226,77.44988224002586,85.19250300307222,156.61289320047263,761.3245438216417,261.7463830487754,385.97317841877424,1.0,86.0,0.6,0.0,0.0,106.0,665.5018443567042
9.235899189189189,45.477367950819676,1,31,25,0,0,0,0,0,0,0,0,0,1,0.6177855887990246,0,0,0,0,0,126,0,0,1,0,0,0,1,6,27,0.0,0.0,0.0770556986688947,0,0,0,0,0,0,0,0,1,0.02011708108419728,0,1,0.7540960620883287,0,0,0,0,30.857436045706837,30.370758534903082,0.0,0.0,77.44988224002586,0.0,123.42974418282735,0.0,363.6260237348397,1.0,86.0,0.6,0.0,0.0,106.0,665.5801562473978
9.236222972972971,45.477367950819676,1,32,25,0,0,0,0,0,0,0,0,0,1,0.6203641271042071,0,0,0,0,0,96,0,0,1,0,0,0,1,5,24,0.0,0.0,0.07449197346235795,0,0,0,0,0,0,0,0,1,0.019996139107246444,0,1,0.5241225217240025,0,4,0,0,81.62010578923218,30.370758534903082,0.0,0.0,77.44988224002586,0.0,1142.6814810492506,0.0,303.69584687159795,1.0,86.0,0.6,0.0,0.0,106.0,666.5522387176634
9.236546756756756,45.477367950819676,1,33,25,0,0,0,0,0,0,0,0,0,1,0.6167973383932112,0,0,0,0,0,75,0,0,1,0,0,0,1,5,22,0.0,0.0,0.07245709869513568,0,0,0,0,0,0,0,0,1,0.01921565273149835,0,1,0.027167779137428762,4,4,0,0,93.59409901025313,30.370758534903082,0.0,0.0,77.44988224002586,1142.6814810492506,1871.8819802050627,0.0,261.7463830487754,1.0,86.0,0.6,0.0,0.0,106.0,667.3325512690325
9.23687054054054,45.477367950819676,1,34,25,0,0,0,0,0,0,0,0,0,1,0.6069045225256415,0,0,0,0,0,65,0,0,0,0,0,0,0,5,20,0.0,0.0,0.06958429216188104,0,0,0,0,0,0,0,0,1,0.017693532603394267,0,0,0.019206057084814637,0,4,0,0,93.59409901025313,30.370758534903082,0.0,0.0,0.0,0.0,1871.8819802050627,0.0,0.0,1.0,86.0,0.6,0.0,0.0,106.0,668.2435317291718
9.237194324324323,45.477367950819676,1,35,25,0,0,0,0,0,0,0,0,0,1,0.5901602989772443,0,0,0,0,0,62,0,0,0,0,0,0,0,5,18,0.0,0.0,0.06580515463699506,0,0,0,0,0,0,0,0,0,0.015914206665308888,0,0,-0.0022955421559089483,0,0,0,0,28.56336444662606,30.370758534903082,0.0,0.0,0.0,0.0,0.0,0.0,0.0,1.0,86.0,0.6,0.0,0.0,106.0,669.8740077393993
9.237518108108107,45.477367950819676,1,36,25,0,0,0,0,0,0,0,0,0,1,0.5654209148005153,1,0,0,0,0,53,0,0,0,0,0,0,0,5,16,0.0,0.0,0.06080967065471774,0,0,0,0,0,0,0,0,0,0.014256081642141436,0,0,-0.0022955421559089483,0,0,0,0,28.56336444662606,30.370758534903082,0.0,0.0,0.0,0.0,0.0,0.0,0.0,1.0,86.0,0.6,0.0,0.0,106.0,670.4652242362519
9.225861891891892,45.47759336065574,1,0,26,0,0,0,0,0,0,0,0,0,0,0.0,0,0,0,0,3,400,0,0,1,1,1,0,2,10,23,0.6233518199144438,0.6578919241276243,0.1232746877527097,0,0,0,0,0,0,0,0,0,0.006554398794290479,0,1,1.1600416479362234,0,0,0,4,16.49835198641796,30.370758534903082,0.0,0.0,0.0,164.1927746125171,593.9406715110465,0.0,94.24918507619078,1.0,86.0,0.6,0.0,0.0,106.0,668.7546260129959
9.226185675675676,45.47759336065574,1,1,26,0,0,0,0,1,0,0,0,0,0,0.0,0,0,1,0,7,421,0,0,1,1,1,0,3,10,24,0.9662978918517459,0.7916601272350905,0.12472390431321766,0,0,0,0,0,0,0,0,0,0.006544497175274789,0,1,1.1600416479362234,0,0,0,4,14.051775422882068,30.370758534903082,0.0,0.0,0.0,69.89646501868026,505.8639152237545,0.0,112.58540756343143,1.0,86.0,0.6,0.0,0.0,106.0,666.5251467957687
9.226509459459459,45.47759336065574,1,2,26,0,0,0,0,1,0,0,0,0,0,0.0,0,0,1,0,7,454,0,0,1,1,1,0,6,10,24,1.0,0.8370623419937775,0.1253374033785227,0,0,1,0,0,0,0,0,0,0.006463274964592385,0,1,1.2562324697555542,0,0,0,5,12.776985761050037,30.370758534903082,0.0,0.0,0.0,117.73613402902566,357.755601309401,0.0,131.42286858496723,1.0,86.0,0.6,0.0,0.0,106.0,666.427093057494
9.226833243243243,45.47759336065574,1,3,26,0,0,0,1,0,0,0,0,0,0,0.0,0,0,1,0,8,506,0,0,1,1,1,0,7,11,27,0.8658596973729712,0.7278839271547174,0.1263621819707802,0,0,0,0,0,0,0,0,0,0.006397980326494143,0,1,1.2562324697555542,0,0,0,8,15.824669303078574,20.0,1.0,0.0,0.0,26.8001118360381,475.4389098346378,94.24918507619078,322.30804413542904,1.0,86.0,0.6,0.0,0.0,106.0,667.7583539488123
9.227157027027028,45.47759336065574,1,4,26,0,0,0,1,0,0,0,0,0,0,0.0,0,1,1,0,10,555,0,0,1,0,1,1,7,11,27,0.5346430848740692,0.5088121330466325,0.13030082081185904,0,0,1,0,0,1,0,0,0,0.006241545724056108,0,1,1.148199259790475,0,0,0,10,9.932671491352988,20.0,1.0,0.0,0.0,123.84979991080928,635.2754664378649,99.742223922256,451.1395151373722,1.0,86.0,0.6,0.0,0.0,106.0,667.5565312400172
9.22748081081081,45.47759336065574,1,5,26,0,0,0,1,0,0,0,0,0,0,0.0,0,0,1,0,9,620,0,0,1,0,0,1,7,11,27,0.18270655384566706,0.2961453288414893,0.13007223717936228,0,0,1,1,0,1,0,0,0,0.005997745066208771,0,1,1.2546743523166657,0,0,0,10,8.12734696054458,20.0,1.0,0.0,0.0,0.0,708.9462576438077,87.53374448956104,650.9075096807043,1.0,86.0,0.6,0.0,0.0,106.0,667.110582081803
9.227804594594595,45.47759336065574,1,6,26,0,0,0,1,0,0,0,0,0,0,0.00013158578841871986,0,0,1,0,18,663,0,0,1,0,0,1,7,11,28,0.09090324366476106,0.14170531718352206,0.12878780743904347,0,0,1,0,0,0,0,0,0,0.005258165979286007,0,1,1.2546743523166657,0,0,0,12,7.535174560525504,25.269453306172494,1.7117911046230507,0.0,0.0,208.49943962341104,865.1307003985664,114.44199246974912,768.2613231258223,1.0,86.0,0.6,0.0,0.0,106.0,663.8707920065449
9.228128378378377,45.47759336065574,1,7,26,0,0,0,1,0,0,0,0,0,0,0.001978731018910051,0,1,1,0,21,674,0,0,1,0,0,0,7,11,28,0.012138517993233447,0.081519504615952,0.12735916293534638,0,0,1,0,0,0,0,0,0,0.004025773864421477,0,1,1.2049859758044434,0,0,0,12,6.417224793170956,25.270013158028934,1.7118028176188593,0.0,0.0,286.11942665486833,850.192784745891,138.05983340243623,1018.3982213931718,1.0,86.0,0.6,0.0,0.0,106.0,663.3095240123984
9.228452162162162,45.47759336065574,1,8,26,0,0,0,1,0,0,0,0,0,0,0.005571928271047919,0,0,1,0,15,685,0,0,1,0,0,0,5,11,28,0.010647935605878822,0.05862941642103163,0.12398909099918747,0,0,0,0,0,0,0,0,0,0.002795827028935768,0,0,1.220957544093357,0,0,2,12,5.93107708713784,21.472234888869757,1.5143220081718476,0.0,0.0,85.59865748412867,886.091025909988,92.53669346775558,1036.9424292523468,1.0,86.0,0.6,0.0,0.0,106.0,664.1452948906856
9.228775945945946,45.47759336065574,1,9,26,0,0,0,1,0,0,0,0,0,0,0.010528602768307166,0,0,1,0,11,692,0,0,1,0,0,0,5,12,29,0.0,0.036229820372526825,0.11425829942082233,0,0,0,1,0,0,0,0,0,0.002219527593455146,0,0,1.3552345001580515,0,0,4,10,6.31582585613823,20.476637653086403,1.5772884847743163,0.0,0.0,215.42015699678564,341.00575826055825,240.05022050415886,1214.0599631036057,1.0,86.0,0.6,0.0,0.0,106.0,664.3893271352005
9.229099729729729,45.47759336065574,1,10,26,0,0,0,1,0,0,0,0,0,0,0.016528532469261458,0,0,1,0,11,703,0,0,1,0,0,0,3,12,31,0.0,0.0048871057427301405,0.1043282619675367,0,0,0,1,0,0,0,0,0,0.0021096179899078304,0,0,1.1710157859174948,0,0,4,10,9.018808821501029,20.726785437877435,1.5899578473470608,0.0,0.0,45.113133447233835,328.5323422170002,383.95355468158107,1198.3881254742641,1.0,86.0,0.6,0.0,0.0,106.0,664.8194867545079
9.229423513513513,45.47759336065574,1,11,26,0,0,0,0,0,0,0,3,1,0,0.023034187877737127,0,0,1,0,14,706,0,0,1,0,0,0,4,13,32,0.0,0.0,0.09419643555759608,0,0,0,0,0,1,0,0,0,0.0013049272767653426,0,0,1.3996388126778079,0,0,4,8,14.105362744747172,21.642181183600183,1.5462100965539953,0.0,0.0,46.74358875473513,245.70283051046596,346.7224047689152,922.4646687609126,1.0,86.0,0.6,0.0,0.0,106.0,663.2961738775149
9.229747297297298,45.47759336065574,1,12,26,0,0,0,0,0,0,0,3,1,0,0.02919517961296197,0,1,1,0,28,719,0,0,1,0,0,0,3,12,32,0.0,0.0,0.08532767546831455,0,0,0,1,0,0,0,0,0,0.0006284099152657666,0,0,1.2497823798747023,0,4,4,8,37.47512301078295,37.06756365524919,1.500988125826636,0.0,0.0,93.92100681731807,616.4877822703693,97.14569649464131,720.9918454071777,1.0,86.0,0.6,0.0,0.0,106.0,664.1395406950397
9.23007108108108,45.47759336065574,1,13,26,0,0,0,0,0,0,0,3,1,0,0.034781466166666254,0,1,1,0,13,724,0,0,1,0,0,0,2,13,32,0.0,0.0,0.07675791416067942,0,0,0,1,0,0,0,0,0,0.0008225205303133118,0,0,1.2059294132268688,0,4,4,8,61.21629751672839,40.39514058916815,1.5,0.0,0.0,322.5554286075878,509.81909202445524,49.014230683613135,696.1608259546493,1.0,86.0,0.6,0.0,0.0,106.0,663.6665012008066
9.230394864864865,45.47759336065574,1,14,26,0,0,0,0,0,0,0,3,1,0,0.039576536949578946,0,0,1,0,0,721,0,0,1,0,0,0,1,12,32,0.0,0.0018905946182912476,0.06905854317774585,0,0,0,0,0,0,0,0,0,0.001652462564813667,0,0,1.2058528229226704,0,0,4,8,89.63096118981234,46.260985611828815,1.8,0.0,0.0,0.0,322.5554286075878,6.66645719496959,596.5296214090515,1.0,86.0,0.6,0.0,0.0,106.0,664.9749624959356
9.230718648648649,45.47759336065574,1,15,26,0,0,0,0,0,0,0,0,1,0,0.04340556211845013,0,0,1,0,0,718,0,0,1,0,0,0,1,12,32,0.0,0.04519798670239661,0.05349000672449524,0,0,0,0,0,0,0,0,0,0.0036944972870371242,0,1,1.2657340787839442,0,0,4,8,28.56336444662606,30.370758534903082,0.0,0.0,0.0,0.0,0.0,0.0,293.91754865324765,1.0,86.0,0.6,0.0,0.0,106.0,666.5021947386251
9.231042432432432,45.47759336065574,1,16,26,0,0,0,0,0,0,0,0,1,0,0.05849297713894452,0,0,0,0,3,704,0,0,1,0,0,0,1,12,32,0.025375329391389843,0.09131847593461018,0.037886505456555315,0,0,0,0,0,0,0,0,0,0.005697020402158146,0,1,1.2657340787839442,0,0,4,8,15.321522480512947,30.370758534903082,0.0,0.0,0.0,0.0,183.85826976615536,0.0,250.48639832071237,1.0,86.0,0.6,0.0,0.0,106.0,667.5589147956291
9.231366216216216,45.47759336065574,1,17,26,0,0,0,0,0,0,0,0,1,0,0.08698330148796911,0,0,0,0,7,681,0,0,1,0,0,0,1,14,31,0.0940822256941958,0.10505569093646538,0.023361698884136372,0,0,0,0,0,0,0,0,0,0.006160776737705083,0,2,1.012782873109743,0,0,3,8,15.994022559699863,30.370758534903082,0.0,0.0,0.0,0.0,319.88045119399726,0.0,223.76057254275702,1.0,86.0,0.6,0.0,0.0,106.0,668.7801022393012
9.23169,45.47759336065574,1,18,26,0,0,0,0,0,0,0,0,1,0,0.12189541497006648,0,0,0,0,6,651,0,0,1,0,0,0,1,12,31,0.04213870632525969,0.09646001899679052,0.018837649365912767,0,0,0,0,0,0,0,0,0,0.006196601670076342,0,2,1.2532458620247144,0,0,1,8,30.546131135008885,30.370758534903082,0.0,0.0,0.0,101.724619995916,610.9226227001777,0.0,260.53424584493,1.0,86.0,0.6,0.0,0.0,106.0,669.7641790319035
9.232013783783783,45.47759336065574,1,19,26,0,0,0,0,0,0,0,0,1,0,0.1608009048500387,0,0,0,0,5,620,0,0,1,0,0,0,1,10,30,0.0,0.05966676404522325,0.02528425986490908,0,0,0,0,0,0,0,0,0,0.007944767652757935,0,2,0.6709944826996191,0,0,0,8,43.85887607578692,30.370758534903082,0.0,0.0,0.0,0.0,526.306512909443,0.0,185.32120733557275,1.0,86.0,0.6,0.0,0.0,106.0,669.1267605724438
9.232337567567567,45.47759336065574,1,20,26,0,0,0,0,0,0,0,0,1,0,0.2021273871144301,0,0,0,0,1,597,0,0,1,0,0,0,1,8,30,0.0,0.007857311232237249,0.034735772148586294,0,0,0,0,0,0,0,0,0,0.010063451437395439,0,2,1.0060026988429596,0,0,0,8,170.64453759295367,30.370758534903082,0.0,0.0,0.0,0.0,341.28907518590734,0.0,315.51069329142655,1.0,86.0,0.6,0.0,0.0,106.0,668.2143019651314
9.23266135135135,45.47759336065574,1,21,26,0,0,0,0,0,0,0,0,1,0,0.24465595444296392,0,0,0,0,1,544,0,0,1,0,0,0,1,7,30,0.0,0.0,0.0410063636963546,0,0,0,0,0,0,0,0,0,0.012547430149305523,0,2,1.1600416479362234,0,0,0,6,170.64453759295367,30.370758534903082,0.0,0.0,0.0,0.0,341.28907518590734,0.0,293.55795380009505,1.0,86.0,0.6,0.0,0.0,106.0,668.1130379872452
9.232985135135134,45.47759336065574,1,22,26,0,0,0,0,0,0,0,0,1,0,0.2890097107068497,0,0,0,0,0,504,0,0,1,0,0,0,2,6,30,0.0,0.0,0.04650035298053291,0,0,0,0,0,0,0,0,0,0.016224519859281895,0,2,1.1600416479362234,0,0,0,4,170.64453759295367,30.370758534903082,0.0,0.0,0.0,0.0,341.28907518590734,0.0,302.0061875110134,1.0,86.0,0.6,0.0,0.0,106.0,668.0610618935093
9.233308918918919,45.47759336065574,1,23,26,0,0,0,0,0,0,0,0,1,0,0.33537056181707514,0,0,0,0,0,457,0,0,1,0,0,0,2,7,30,0.0,0.0,0.05328207391771544,0,0,0,0,0,0,0,0,1,0.019289959913803785,0,2,1.1600416479362234,0,0,0,3,170.64453759295367,30.370758534903082,0.0,0.0,79.00171585476558,0.0,341.28907518590734,0.0,214.25595292548405,1.0,86.0,0.6,0.0,0.0,106.0,665.7917922669163
9.233632702702701,45.47759336065574,1,24,26,0,1,0,0,0,0,0,4,1,0,0.3833802324269287,0,0,0,0,0,448,0,0,1,0,0,0,1,7,30,0.0,0.0,0.05893957054611009,0,0,0,0,0,0,0,0,1,0.021151786633200352,0,2,1.1600416479362234,0,0,0,1,170.64453759295367,30.370758534903082,0.0,0.0,79.00171585476558,0.0,341.28907518590734,0.0,233.91362448837697,1.0,86.0,0.6,0.0,0.0,106.0,664.7286145259029
9.233956486486486,45.47759336065574,1,25,26,0,1,0,0,0,0,0,4,1,0,0.4328856715140048,0,0,0,0,0,433,0,0,1,0,0,0,1,7,30,0.0,0.0048231778797357535,0.06357329509753337,0,0,0,0,0,0,0,0,1,0.022379618100781918,0,1,1.736406979950288,0,0,0,0,62.69280390255439,27.866327564513785,1.7436792576799185,0.0,79.00171585476558,0.0,861.4652063106028,16.23404832515872,233.91362448837697,1.0,86.0,0.6,0.0,0.0,106.0,663.0513152425024
9.23428027027027,45.47759336065574,1,26,26,1,1,0,0,0,0,4,4,0,1,0.48588121136548507,0,0,0,0,0,381,0,0,1,0,0,0,1,7,29,0.0,0.029643150450228414,0.0672476398062606,0,0,0,0,0,0,0,0,1,0.02304951619973867,0,1,1.8904844895591082,0,4,0,0,22.040058577125766,28.02442277276827,1.745839062894404,0.0,85.19250300307222,493.8228962811308,1196.046065926118,82.27733154717632,385.97317841877424,1.0,86.0,0.6,0.0,0.0,106.0,659.7865880476204
9.234604054054053,45.47759336065574,1,27,26,0,1,0,0,0,0,4,4,0,1,0.5377054649833818,0,0,0,0,0,339,0,0,1,0,0,0,2,7,29,0.0,0.03939297816801202,0.06996574993663826,0,1,0,0,0,0,0,0,1,0.023684610300090687,0,1,1.5903350932802303,0,4,0,0,22.859360091693272,28.18035700060426,1.7479693460453951,0.0,85.19250300307222,27.621140511032106,1201.616089948211,124.22679536999887,385.97317841877424,1.0,86.0,0.6,0.0,0.0,106.0,662.5781276252951
9.234927837837837,45.47759336065574,1,28,26,0,1,0,0,0,0,0,4,0,1,0.5713044394909355,0,0,0,0,0,297,0,0,1,0,0,0,2,7,28,0.0,0.03393213575104843,0.07173500242368414,0,1,0,0,0,1,0,0,1,0.024117398375120697,0,1,1.2013258311664088,0,0,0,0,18.016666690956846,28.258864359626877,1.749041868136764,0.0,85.19250300307222,0.0,432.5072536838651,107.99274704484016,385.97317841877424,1.0,86.0,0.6,0.0,0.0,106.0,664.7016102945611
9.235251621621622,45.47759336065574,1,29,26,0,0,0,0,0,0,0,3,0,1,0.594792726310479,0,0,0,0,0,257,0,0,1,0,0,0,2,7,28,0.0,0.011233237048016344,0.07260250120153061,0,0,0,0,0,0,0,0,1,0.024193421503480545,0,2,1.0681181339294386,0,4,0,0,25.343728954307892,32.96206890068527,1.6040829904305831,71.25909509171922,85.19250300307222,82.7777462408456,889.5019545343381,78.33183750056634,385.97317841877424,1.0,86.0,0.6,0.0,0.0,106.0,665.6450733437753
9.235575405405404,45.47759336065574,1,30,26,0,0,0,0,0,0,0,0,0,1,0.6105107578775426,0,0,0,0,0,228,0,0,1,0,0,0,2,7,28,0.0,0.0,0.07248442536433139,0,0,0,0,0,0,0,0,1,0.02422894768069877,0,2,1.0681181339294386,0,4,0,0,25.845195411050227,30.370758534903082,0.0,0.0,85.19250300307222,156.61289320047263,878.7366439757077,0.0,385.97317841877424,1.0,86.0,0.6,0.0,0.0,106.0,666.2434833135196
9.235899189189189,45.47759336065574,1,31,26,0,0,0,0,0,0,0,0,0,1,0.6194923339410052,0,0,0,0,0,184,0,0,1,0,0,0,2,6,28,0.0,0.0,0.06777143745238474,0,0,0,0,0,0,0,0,1,0.022895811363969242,0,1,0.8800455975890712,0,0,0,0,35.4803655097613,30.370758534903082,0.0,0.0,77.44988224002586,0.0,283.8429240780904,0.0,363.6260237348397,1.0,86.0,0.6,0.0,0.0,106.0,666.0354413827934
9.236222972972971,45.47759336065574,1,32,26,0,0,0,0,0,0,0,0,0,1,0.6221963967560913,0,0,0,0,0,129,0,0,1,0,0,0,2,5,25,0.0,0.0,0.06423915378403068,0,0,0,0,0,0,0,0,1,0.022551827229561377,0,1,0.6792162767565776,0,0,0,0,73.76551809701826,30.370758534903082,0.0,0.0,77.44988224002586,0.0,590.1241447761461,0.0,340.0782205493417,1.0,86.0,0.6,0.0,0.0,106.0,666.8667340209549
9.236546756756756,45.47759336065574,1,33,26,0,0,0,0,0,0,0,0,0,1,0.6187181869700871,0,0,0,0,0,75,0,0,0,0,0,0,1,5,22,0.0,0.0,0.06219741271336093,0,0,0,0,0,0,0,0,1,0.022347057224161176,0,0,0.012491416123853745,0,4,0,0,93.59409901025313,30.370758534903082,0.0,0.0,77.44988224002586,487.917172178812,1871.8819802050627,0.0,261.7463830487754,1.0,86.0,0.6,0.0,0.0,106.0,667.3408540875797
9.23687054054054,45.47759336065574,1,34,26,0,0,0,0,0,0,0,0,0,1,0.6088778855295783,0,0,0,0,0,66,0,0,0,0,0,0,1,5,19,0.0,0.0,0.0593189629357762,0,0,0,0,0,0,0,0,1,0.022087522899415155,0,0,0.00852118476239333,0,4,0,0,93.59409901025313,30.370758534903082,0.0,0.0,0.0,0.0,1871.8819802050627,0.0,0.0,1.0,86.0,0.6,0.0,0.0,106.0,668.3615352882509
9.237194324324323,45.47759336065574,1,35,26,0,0,0,0,0,0,0,0,0,1,0.5921485324312153,1,0,0,0,0,60,0,0,0,0,0,0,1,5,18,0.0,0.0,0.055534354138862124,0,0,0,0,0,0,0,0,0,0.021180211933416494,0,0,-0.0017895592626270035,0,0,0,0,28.56336444662606,30.370758534903082,0.0,0.0,0.0,0.0,0.0,0.0,0.0,1.0,86.0,0.6,0.0,0.0,106.0,668.6406612221807
9.237518108108107,45.47759336065574,1,36,26,0,0,0,0,0,0,0,0,0,1,0.5673821305011715,1,0,0,0,0,53,0,0,0,0,0,0,0,5,16,0.0,0.0,0.05019180444383681,0,0,0,0,0,0,0,0,0,0.01873168963995748,0,0,-0.0017895592626270035,0,0,0,0,28.56336444662606,30.370758534903082,0.0,0.0,0.0,0.0,0.0,0.0,0.0,1.0,86.0,0.6,0.0,0.0,106.0,668.996515598456
9.225861891891892,45.47781877049181,1,0,27,0,0,0,0,0,0,0,0,0,0,0.0,0,0,0,0,1,411,0,0,1,1,1,0,2,10,23,0.7166712227599913,0.7462314130174509,0.12388519245971204,0,0,0,0,0,0,0,0,0,0.009186618740341747,0,1,1.1600416479362234,0,4,0,4,13.015714696619142,30.370758534903082,0.0,0.0,0.0,56.84060979090772,520.6285878647657,0.0,99.742223922256,1.0,86.0,0.6,0.0,0.0,106.0,668.6069988860897
9.226185675675676,45.47781877049181,1,1,27,0,0,0,0,0,0,0,0,0,0,0.0,0,0,0,0,3,435,0,0,1,1,1,0,2,10,23,0.9680086192202025,0.8442918369887402,0.12504797592875921,0,0,0,0,0,0,0,0,0,0.009264954736826371,0,2,1.1600416479362234,0,0,0,4,11.911636721581178,30.370758534903082,0.0,0.0,0.0,0.0,214.4094609884612,0.0,195.02286802450456,1.0,86.0,0.6,0.0,0.0,106.0,668.1429871329772
9.226509459459459,45.47781877049181,1,2,27,0,0,0,0,0,0,0,0,0,0,0.0,0,0,1,0,2,476,0,0,1,1,1,0,4,10,25,1.0,0.8564878519193746,0.12579295131890564,0,0,0,0,0,0,0,0,0,0.009154598556422653,0,2,1.2562324697555542,0,0,0,5,12.025229005841949,30.370758534903082,0.0,0.0,0.0,0.0,312.6559541518907,0.0,207.86605166568,1.0,86.0,0.6,0.0,0.0,106.0,668.3248913247164
9.226833243243243,45.47781877049181,1,3,27,0,0,0,1,0,0,0,0,0,0,0.0,0,0,1,0,3,526,0,0,1,1,1,0,5,11,26,0.9349603423601955,0.7387959444093566,0.12785389422613422,0,0,0,0,0,0,0,0,0,0.00870663451994507,0,2,1.007478963706665,0,0,0,8,14.313419367934618,20.0,1.0,0.0,0.0,108.11983215065385,415.5408733233902,99.742223922256,340.1161484196275,1.0,86.0,0.6,0.0,0.0,106.0,668.4138115934572
9.227157027027028,45.47781877049181,1,4,27,0,0,0,1,0,0,0,0,0,0,0.0,0,0,1,0,8,575,0,0,1,1,1,0,5,11,27,0.5119144719350114,0.5290762410313036,0.13241745985358933,0,0,1,1,0,0,0,0,0,0.007773418424673658,0,2,0.7214085368634906,0,0,0,10,7.984522763642982,20.0,1.0,0.0,0.0,48.595187731904765,954.2147808786176,99.742223922256,455.9662920575109,1.0,86.0,0.6,0.0,0.0,106.0,668.1695037057902
9.22748081081081,45.47781877049181,1,5,27,0,0,0,1,0,0,0,0,0,0,0.00011869466061024382,0,1,1,0,13,630,0,0,1,0,0,0,5,11,27,0.1152958540363131,0.3358389178419145,0.13238143829373875,0,0,1,1,0,0,0,0,0,0.006960538676690879,0,1,1.0062324697555542,0,0,0,12,5.967153399538068,20.0,1.0,0.0,0.0,182.76092518208992,821.600655679138,19.767973655729442,692.9095026349246,1.0,86.0,0.6,0.0,0.0,106.0,666.2819871911795
9.227804594594595,45.47781877049181,1,6,27,0,0,0,1,0,0,0,0,0,0,0.0023148639858108395,0,1,1,0,28,680,0,0,1,0,0,0,4,11,27,0.020338699265055413,0.1841219342901668,0.1314267595695483,0,0,1,1,0,1,0,0,0,0.0066470314104277355,0,1,1.0194234975020058,0,0,0,12,6.59565670282394,25.269453306172494,1.7117911046230507,0.0,0.0,123.78357305260579,835.3325727368981,114.44199246974912,872.3831013991214,1.0,86.0,0.6,0.0,0.0,106.0,665.0203527136932
9.228128378378377,45.47781877049181,1,7,27,0,0,0,1,0,0,0,0,0,0,0.006737331604213121,0,1,1,0,28,701,0,0,1,0,0,1,4,12,29,0.14203879147405185,0.09461317138214524,0.1293735904687195,0,0,1,0,0,0,0,0,0,0.0062824743864295495,0,0,1.0965749725050493,0,0,0,12,8.659106265355508,25.72711193980173,1.5023831962218221,0.0,0.0,195.8149459740941,908.8616401927457,156.2084304459819,1128.055312507246,1.0,86.0,0.6,0.0,0.0,106.0,663.2719628106059
9.228452162162162,45.47781877049181,1,8,27,0,0,0,1,0,0,0,0,0,0,0.012900935009221902,0,0,1,0,24,714,0,0,1,0,0,1,4,12,30,0.13882623278023795,0.07060266888304098,0.1263449690265009,0,0,1,0,0,0,0,0,0,0.005284059834707207,0,0,1.2478492600342064,0,0,0,12,5.835360844033027,21.840445111446936,1.439781824580784,0.0,0.0,230.74321462666734,720.6659082504559,96.28460991416772,1240.7808452712613,1.0,86.0,0.6,0.0,0.0,106.0,663.101266439535
9.228775945945946,45.47781877049181,1,9,27,0,0,0,1,0,0,0,0,0,0,0.020424253119409107,0,0,1,0,16,718,0,0,1,0,0,0,4,12,31,0.014956491535902287,0.0675111670412772,0.11705405132882718,0,0,0,1,0,0,0,0,0,0.004115187821417433,0,0,1.2917795855394156,0,0,2,11,5.817960258452112,21.04648039658035,1.5149486519383815,0.0,0.0,49.679392735880576,555.5190989267086,177.54389363825766,1241.5826753256981,1.0,86.0,0.6,0.0,0.0,106.0,663.853434447911
9.229099729729729,45.47781877049181,1,10,27,0,0,0,1,0,0,0,0,1,0,0.028743327640357468,0,0,1,0,11,723,0,0,1,0,0,0,3,12,32,0.0,0.026860931852374502,0.1071122740171119,0,0,0,1,0,0,0,0,0,0.003547922884349775,0,0,1.032851750237077,0,0,4,10,7.852789292527856,20.49899704110569,1.5927677069527173,0.0,0.0,0.0,149.42136715999433,329.59877968420494,1218.00169673155,1.0,86.0,0.6,0.0,0.0,106.0,663.8731866368673
9.229423513513513,45.47781877049181,1,11,27,0,0,0,0,0,0,0,0,1,0,0.03690881037832762,0,0,1,0,20,735,0,0,1,0,0,0,4,11,32,0.0,0.0,0.09804290410706477,0,0,0,0,0,0,0,0,0,0.0037592783168919207,0,0,0.8925773455531887,0,0,4,10,16.258065498594295,22.46551789661382,1.4843633405246734,0.0,0.0,0.0,140.08624535428447,217.59119561479014,971.974342072167,1.0,86.0,0.6,0.0,0.0,106.0,662.6064313516047
9.229747297297298,45.47781877049181,1,12,27,0,0,0,0,0,0,0,1,1,0,0.04463256587581398,0,0,1,0,31,755,0,0,1,0,0,0,2,12,32,0.0,0.0,0.08965327942962364,0,0,0,1,0,0,0,0,0,0.003015452773857813,0,0,1.2497823798747023,0,4,4,8,40.62160602538563,38.92106411840375,1.4444444444444444,0.0,0.0,93.34265659954933,660.0298401792402,57.315467929271435,986.4622104631418,1.0,86.0,0.6,0.0,0.0,106.0,662.9640687668377
9.23007108108108,45.47781877049181,1,13,27,0,0,0,0,0,0,0,1,1,0,0.051714249081941395,0,0,1,0,23,758,0,0,1,0,0,0,2,12,32,0.0,0.0,0.08054770214221216,0,0,0,1,0,0,0,0,0,0.003279385277145897,0,0,1.2059294132268688,0,4,4,8,61.21629751672839,40.39514058916815,1.5,0.0,0.0,322.5554286075878,509.81909202445524,49.014230683613135,822.8640771834821,1.0,86.0,0.6,0.0,0.0,106.0,662.1084641445433
9.230394864864865,45.47781877049181,1,14,27,0,0,0,0,0,0,0,0,1,0,0.057941775625377626,0,0,1,0,0,748,0,0,1,0,0,0,1,13,32,0.0,0.014429566366881296,0.07141019935516932,0,0,0,0,0,0,0,0,0,0.004408837337725645,0,0,1.0470233875072046,0,0,4,8,89.63096118981234,46.260985611828815,1.8,0.0,0.0,0.0,322.5554286075878,6.66645719496959,653.0129465183469,1.0,86.0,0.6,0.0,0.0,106.0,664.6860672216039
9.230718648648649,45.47781877049181,1,15,27,0,0,0,0,0,0,0,0,1,0,0.06312910507969628,0,0,1,0,0,744,0,0,1,0,0,0,1,13,32,0.0,0.09906008681131076,0.055515480030438234,0,0,0,0,0,0,0,0,0,0.007483842484477327,0,0,1.2657340787839442,0,0,4,8,28.56336444662606,30.370758534903082,0.0,0.0,0.0,0.0,0.0,0.0,388.0876444316433,1.0,86.0,0.6,0.0,0.0,106.0,667.0517154944935
9.231042432432432,45.47781877049181,1,16,27,0,0,0,0,0,0,0,0,1,0,0.07970859578852846,0,0,0,0,3,729,0,0,1,0,1,0,1,12,32,0.16782738475623765,0.1483269029502778,0.03883545526468896,0,0,0,0,0,0,0,0,0,0.011185848960019425,0,0,1.012782873109743,0,0,4,8,15.60340741141915,30.370758534903082,0.0,0.0,0.0,0.0,156.0340741141915,0.0,413.70487086259794,1.0,86.0,0.6,0.0,0.0,106.0,666.974732766935
9.231366216216216,45.47781877049181,1,17,27,0,0,0,0,0,0,0,0,1,0,0.10948992294542005,0,0,0,0,8,701,0,0,1,1,1,0,1,12,32,0.3221288616032593,0.16464459968943676,0.02389659686587303,0,0,0,0,0,0,0,0,0,0.012596210640832621,0,1,0.8438642417190575,0,0,2,8,17.052575591886356,30.370758534903082,0.0,0.0,0.0,52.06782355365745,341.0515118377271,0.0,320.8498523228564,1.0,86.0,0.6,0.0,0.0,106.0,667.833430996465
9.23169,45.47781877049181,1,18,27,0,0,0,0,0,0,0,0,1,0,0.14557332806386444,0,0,0,0,7,676,0,0,1,0,1,0,1,11,31,0.22225082846781172,0.1582357188349544,0.01977999621201737,0,0,0,0,0,0,0,0,0,0.014306000694965551,0,1,1.0024509065728975,0,0,0,8,19.333523130267075,30.370758534903082,0.0,0.0,0.0,223.90859881554866,309.3363700842732,0.0,369.68960712246843,1.0,86.0,0.6,0.0,0.0,106.0,668.1961370913124
9.232013783783783,45.47781877049181,1,19,27,0,0,0,0,0,0,0,0,1,0,0.18553075130062802,0,0,0,0,3,632,0,0,1,0,0,0,1,11,31,0.01816358177020753,0.12006823672259812,0.02319209653703635,0,0,0,0,0,0,0,0,0,0.01716081079239553,0,1,0.4025377215990691,0,0,0,8,21.154264830187767,30.370758534903082,0.0,0.0,0.0,0.0,296.15970762262873,0.0,414.2698042880559,1.0,86.0,0.6,0.0,0.0,106.0,667.3049919609293
9.232337567567567,45.47781877049181,1,20,27,0,0,0,0,0,0,0,0,1,0,0.22777647669152756,0,0,0,0,0,601,0,0,1,0,0,0,1,11,31,0.0,0.029680282495849742,0.029282930918805933,0,0,0,0,0,0,0,0,0,0.01885834497648103,0,1,0.003172151998836445,0,0,0,8,28.56336444662606,30.370758534903082,0.0,0.0,0.0,0.0,0.0,0.0,368.6078617921766,1.0,86.0,0.6,0.0,0.0,106.0,666.691407452982
9.23266135135135,45.47781877049181,1,21,27,0,0,0,0,0,0,0,0,1,0,0.2709907234448069,0,0,0,0,0,567,0,0,1,0,0,0,1,9,30,0.0,0.0,0.035050931804183755,0,0,0,0,0,0,0,0,0,0.021512435717742376,0,2,0.0004340751308590245,0,0,0,8,28.56336444662606,30.370758534903082,0.0,0.0,0.0,0.0,0.0,0.0,450.6844952860457,1.0,86.0,0.6,0.0,0.0,106.0,665.7598649902133
9.232985135135134,45.47781877049181,1,22,27,0,0,0,0,0,0,0,0,1,0,0.3141067807880316,0,0,0,0,0,530,0,0,1,0,0,0,2,8,30,0.0,0.0,0.03903771881919698,0,0,0,0,0,0,0,0,0,0.023103098695251456,0,2,0.0004340751308590245,0,0,0,7,28.56336444662606,30.370758534903082,0.0,0.0,0.0,0.0,0.0,0.0,428.1439581268513,1.0,86.0,0.6,0.0,0.0,106.0,666.5296462059357
9.233308918918919,45.47781877049181,1,23,27,0,0,0,0,0,0,0,0,1,0,0.35826860444611447,0,0,0,0,0,487,0,0,1,0,0,0,2,8,30,0.0,0.0,0.04562110902261856,0,0,0,0,0,0,0,0,0,0.023927940820666176,0,2,0.0018595396262639974,0,0,0,5,28.56336444662606,30.370758534903082,0.0,0.0,7.742620763046356,0.0,0.0,0.0,414.0145637949339,1.0,86.0,0.6,0.0,0.0,106.0,665.9892787528456
9.233632702702701,45.47781877049181,1,24,27,0,1,0,0,0,0,0,4,1,0,0.4037575357665035,0,0,0,0,0,464,0,0,1,0,0,0,1,8,30,0.0,0.0,0.051068139815267304,0,0,0,0,0,0,0,0,1,0.025468166364152826,0,1,0.005732263602660102,0,0,0,2,28.56336444662606,30.370758534903082,0.0,0.0,79.00171585476558,0.0,0.0,0.0,511.6838562332626,1.0,86.0,0.6,0.0,0.0,106.0,665.0964247820461
9.233956486486486,45.47781877049181,1,25,27,0,1,0,0,0,0,1,4,1,0,0.4502085970463574,0,0,0,0,1,447,0,0,1,0,0,0,1,8,30,0.0,0.0,0.05542408125960631,0,0,0,0,0,0,0,0,1,0.026958321745792185,0,1,0.7821310610107605,0,0,0,2,61.41927133401956,30.370758534903082,0.0,0.0,79.00171585476558,0.0,614.1927133401956,0.0,402.3601475994189,1.0,86.0,0.6,0.0,0.0,106.0,664.5719181781415
9.23428027027027,45.47781877049181,1,26,27,1,1,0,0,0,1,4,4,1,1,0.49737321471681306,0,0,0,0,1,405,0,0,1,0,0,0,2,7,30,0.0,0.0,0.05921700825910687,0,0,1,0,0,0,0,0,1,0.028016184179112703,0,1,1.3532564170924817,0,0,0,2,30.249193202568517,27.83220425043604,1.743213084716839,0.0,85.19250300307222,573.3542111128552,1103.5743838281708,45.89495786943253,299.3091245257403,1.0,86.0,0.6,0.0,0.0,106.0,661.477777554383
9.234604054054053,45.47781877049181,1,27,27,0,1,0,0,0,0,4,4,1,1,0.5410332046866368,0,0,0,0,0,350,0,0,1,0,0,0,2,7,29,0.0,0.0002096810460322883,0.06201042023451463,0,1,1,0,0,0,0,0,1,0.028854569883279203,0,1,1.578295480554565,0,0,0,2,29.674066924270726,28.18035700060426,1.7479693460453951,0.0,92.79864634558511,173.22321947547465,1062.7358816008302,124.22679536999887,527.6045503568471,1.0,86.0,0.6,0.0,0.0,106.0,663.034796792974
9.234927837837837,45.47781877049181,1,28,27,0,1,0,0,0,0,0,4,0,1,0.572571649291079,0,0,0,0,0,304,0,0,1,0,0,0,2,7,28,0.0,0.0,0.06387075822225975,0,1,1,0,0,0,0,0,1,0.029307462215597727,0,1,1.5856266523237015,0,0,0,2,17.705214694363292,28.512737055385887,1.7525101299403298,0.0,152.8025953679204,98.00808093411277,358.45594136738123,101.87964068606428,454.8861897585031,1.0,86.0,0.6,0.0,0.0,106.0,665.1318527916649
9.235251621621622,45.47781877049181,1,29,27,0,0,0,0,0,0,0,3,0,1,0.5962414430871994,0,0,0,0,0,269,0,0,1,0,0,0,2,7,28,0.0,0.0,0.06492156675460073,0,0,1,0,0,0,0,0,1,0.028669293495394585,0,1,1.190434386684888,0,4,0,1,28.240730538025932,30.370758534903082,0.0,0.0,152.8025953679204,283.2408028260194,790.7404550647261,0.0,385.97317841877424,1.0,86.0,0.6,0.0,0.0,106.0,666.3497326672265
9.235575405405404,45.47781877049181,1,30,27,0,0,0,0,0,0,0,0,0,1,0.6121336452206967,0,0,0,0,0,248,0,0,1,0,0,0,2,7,28,0.0,0.0,0.06520413645772777,0,0,0,0,0,0,0,0,1,0.027784177444631946,0,1,1.190434386684888,0,4,0,0,28.240730538025932,30.370758534903082,0.0,0.0,145.05997460487404,243.2836269814704,790.7404550647261,0.0,385.97317841877424,1.0,86.0,0.6,0.0,0.0,106.0,666.5276467671887
9.235899189189189,45.47781877049181,1,31,27,0,0,0,0,0,0,0,0,0,1,0.6212775119778752,0,0,0,0,0,215,0,0,1,0,0,0,2,7,28,0.0,0.0,0.06021500691798929,0,0,0,0,0,0,0,0,1,0.02720567483552093,0,0,0.7890678704970151,0,0,0,0,35.4803655097613,30.370758534903082,0.0,0.0,329.1395978621065,0.0,283.8429240780904,0.0,363.6260237348397,1.0,86.0,0.6,0.0,0.0,106.0,666.7629284268523
9.236222972972971,45.47781877049181,1,32,27,0,0,0,0,0,0,0,0,0,1,0.6241018741656487,0,0,0,0,0,173,0,0,1,0,0,0,2,6,25,0.0,0.0,0.054917693194788356,0,0,0,0,0,0,0,0,1,0.026796564478177076,0,0,0.015059532107893212,0,0,0,0,121.979293044703,30.370758534903082,0.0,0.0,269.1356488397712,0.0,487.917172178812,0.0,261.7463830487754,1.0,86.0,0.6,0.0,0.0,106.0,667.5385221898547
9.236546756756756,45.47781877049181,1,33,27,0,0,0,0,0,0,0,0,0,1,0.6207093434838632,0,0,0,0,0,127,0,0,0,0,0,0,1,5,22,0.0,0.0,0.051950031389098504,0,0,0,0,0,0,0,0,1,0.02506624330424843,0,0,0.015059532107893212,0,0,0,0,122.41127248285399,30.370758534903082,0.0,0.0,190.27041040553905,487.917172178812,734.467634897124,0.0,13.521322181700118,1.0,86.0,0.6,0.0,0.0,106.0,668.2396359017798
9.23687054054054,45.47781877049181,1,34,27,0,0,0,0,0,0,0,0,0,1,0.6109216911430677,0,0,0,0,0,79,0,0,0,0,0,0,1,5,19,0.0,0.0,0.04906593863363674,0,0,0,0,0,0,0,0,0,0.024799812295851775,0,0,0.01630832930155679,0,0,0,0,122.41127248285399,30.370758534903082,0.0,0.0,184.0796232572324,0.0,734.467634897124,0.0,0.0,1.0,86.0,0.6,0.0,0.0,106.0,668.5387335047945
9.237194324324323,45.47781877049181,1,35,27,0,0,0,0,0,0,0,0,0,1,0.5942080768680462,1,0,0,0,0,55,0,0,0,0,0,0,1,5,17,0.0,0.0,0.04502197658714284,0,0,0,0,0,0,0,0,0,0.02407951473499001,0,0,-0.0021496581291978586,0,0,0,0,28.56336444662606,30.370758534903082,0.0,0.0,184.0796232572324,0.0,0.0,0.0,0.0,1.0,86.0,0.6,0.0,0.0,106.0,669.008731210673
9.237518108108107,45.47781877049181,1,36,27,0,0,0,0,0,0,0,0,0,1,0.5694154902294509,1,0,0,0,0,48,0,0,0,0,0,0,1,4,16,0.0,0.0,0.04016138346955885,0,0,0,0,0,0,0,0,0,0.022798072830805368,0,0,-0.0021496581291978586,0,0,0,0,28.56336444662606,30.370758534903082,0.0,0.0,0.0,0.0,0.0,0.0,0.0,1.0,86.0,0.6,0.0,0.0,106.0,670.1862449528567
9.225861891891892,45.47804418032787,1,0,28,0,0,0,0,0,0,0,0,0,0,0.0,0,0,0,0,0,424,0,0,1,1,1,0,2,11,23,0.7371461445945836,0.8140070681127143,0.12595637588446962,0,0,0,0,0,0,0,0,0,0.009929714413441664,0,1,1.1600416479362234,0,4,1,4,13.868870080321477,30.370758534903082,0.0,0.0,0.0,71.70409913415122,305.1151417670725,0.0,178.67733685034716,1.0,86.0,0.6,0.0,0.0,106.0,668.4967455876572
9.226185675675676,45.47804418032787,1,1,28,0,0,0,0,0,0,0,0,0,0,0.0,0,0,0,0,2,451,0,0,1,1,1,0,2,11,23,0.9675381234797551,0.8725360666680038,0.12656205194122436,0,0,0,0,0,0,0,0,0,0.010138060797433113,0,1,1.1600416479362234,0,0,2,4,14.25017093532855,30.370758534903082,0.0,0.0,0.0,0.0,85.5010256119713,0.0,195.02286802450456,1.0,86.0,0.6,0.0,0.0,106.0,668.2172871839922
9.226509459459459,45.47804418032787,1,2,28,0,0,0,0,0,0,0,0,0,0,0.0,0,0,1,0,3,492,0,0,1,1,1,0,3,11,25,1.0,0.8718175600798451,0.12641982755313186,0,0,0,0,0,0,0,0,0,0.01061789119115371,0,1,0.8680253485003085,0,0,1,4,14.924719307740169,30.370758534903082,0.0,0.0,0.0,0.0,119.39775446192135,0.0,195.02286802450456,1.0,86.0,0.6,0.0,0.0,106.0,668.5556336923762
9.226833243243243,45.47804418032787,1,3,28,0,0,0,0,0,0,0,0,0,0,0.0,0,0,1,0,2,543,0,0,1,1,1,0,3,12,26,0.9360590233382611,0.7274042550192996,0.12798313286530746,0,0,1,0,0,0,0,0,0,0.011246204197828765,0,1,0.7458024329304228,0,0,1,8,12.59028404111543,30.370758534903082,0.0,0.0,0.0,71.13956667449415,201.44454465784688,0.0,373.57801325364153,1.0,86.0,0.6,0.0,0.0,106.0,667.6661561842509
9.227157027027028,45.47804418032787,1,4,28,0,0,0,1,0,0,0,0,0,0,0.0,0,0,1,0,3,587,0,0,1,1,1,0,4,12,27,0.5591474170708436,0.5075393301676026,0.1319586683177003,0,0,0,0,0,0,0,0,0,0.011686575224243736,0,1,0.5828385455039086,0,0,1,11,4.525023543427656,20.0,1.0,0.0,0.0,89.31800190588908,545.8599692727275,19.767973655729442,475.8299785268901,1.0,86.0,0.6,0.0,0.0,106.0,667.2736668474246
9.22748081081081,45.47804418032787,1,5,28,0,0,0,1,0,0,0,0,0,0,0.001889929480166174,0,0,1,0,13,634,0,0,1,0,0,0,4,13,27,0.11876964406424403,0.3521467952398868,0.13112723223864783,0,0,0,0,0,0,0,0,0,0.011789851144344884,0,1,0.8650420699642444,0,0,0,12,4.159168572525817,20.0,1.0,0.0,0.0,26.780427794827915,568.4722241624976,5.493038846065218,652.6146464881328,1.0,86.0,0.6,0.0,0.0,106.0,665.3045535853496
9.227804594594595,45.47804418032787,1,6,28,0,0,0,1,0,0,0,0,0,0,0.0066709844914976234,0,0,1,0,18,692,0,0,1,0,0,0,4,13,28,0.06192029930976548,0.18412833224850206,0.1295857543902413,0,0,0,0,0,1,0,0,0,0.010689255026325726,0,0,0.9519588969610213,0,0,0,12,5.668737918822764,25.276384492621172,1.711936116123658,0.0,0.0,0.0,529.4242091849621,48.78705853495967,794.2037474645522,1.0,86.0,0.6,0.0,0.0,106.0,664.3677999050735
9.228128378378377,45.47804418032787,1,7,28,0,0,0,1,0,0,0,0,0,0,0.01367229918458049,0,1,1,0,31,718,0,0,1,0,0,1,4,12,29,0.27256711002055023,0.07063235728504726,0.12768837795827495,0,0,0,0,0,0,0,0,0,0.009526486578188035,0,0,1.086172319453866,0,0,0,12,9.852222897243893,26.31026780862362,1.3164160516105146,0.0,0.0,131.17174749723807,569.2724368191926,90.82649729614825,1243.187177625413,1.0,86.0,0.6,0.0,0.0,106.0,663.2012356642172
9.228452162162162,45.47804418032787,1,8,28,0,0,0,1,0,0,0,0,0,0,0.02240978824353818,0,0,1,0,31,739,0,0,1,0,0,1,4,12,31,0.26925975719944817,0.07054089105520607,0.12586056706053428,0,0,1,0,0,0,0,0,0,0.009213480285313063,0,0,1.0230034137803221,0,0,0,12,5.166982400204769,24.28505913096616,1.2709019360504938,0.0,0.0,118.63775415451937,709.7434014981073,106.63981773424618,1214.6776280447093,1.0,86.0,0.6,0.0,0.0,106.0,663.2694329930953
9.228775945945946,45.47804418032787,1,9,28,0,0,0,1,0,0,0,0,1,0,0.03238815278803747,0,0,1,0,18,748,0,0,1,0,0,0,4,12,32,0.04660160480665923,0.07054089105520607,0.11866296088225403,0,0,1,1,0,0,0,0,0,0.008466801532635057,0,1,0.8167489883384415,0,0,0,12,3.8719317585288855,23.232399899671595,1.3176479013247488,0.0,0.0,49.629637324637194,452.26923589693575,97.5450738141659,1268.7764077725114,1.0,86.0,0.6,0.0,0.0,106.0,663.8010037493428
9.229099729729729,45.47804418032787,1,10,28,0,0,0,1,0,0,0,0,1,0,0.04253802547624814,0,0,1,0,1,762,0,0,1,0,0,0,3,11,32,0.0,0.04913971842555716,0.11105596160558649,0,0,0,0,0,0,0,0,0,0.007008885904748176,0,1,0.929664086004946,0,0,3,10,8.049925219826461,21.950436497332817,1.667372831124301,0.0,0.0,0.0,84.59138821242541,140.80651794271552,1173.4009208867064,1.0,86.0,0.6,0.0,0.0,106.0,664.3384798196614
9.229423513513513,45.47804418032787,1,11,28,0,0,0,1,0,0,0,0,1,0,0.052412561662847454,0,0,1,0,7,767,0,0,1,0,0,0,2,11,32,0.0,0.0,0.10277793615434735,0,0,0,0,0,0,0,0,0,0.007281306331630648,0,1,1.03100517735904,0,0,4,10,27.438644711344057,21.660175887994452,1.6634074587102325,0.0,0.0,0.0,196.80981599959924,187.3312099592176,1142.017554360974,1.0,86.0,0.6,0.0,0.0,106.0,662.5936203641579
9.229747297297298,45.47804418032787,1,12,28,0,0,0,0,0,0,0,0,1,0,0.06179964322804882,0,1,1,0,26,782,0,0,1,0,0,0,2,12,32,0.0,0.0,0.09366813958284578,0,0,0,1,0,0,0,0,0,0.008502242782825705,0,1,1.039262746560202,0,0,5,10,58.40182816214624,50.0,2.0,0.0,0.0,108.51562626105347,519.3652446071872,0.0,1103.73956764655,1.0,86.0,0.6,0.0,0.0,106.0,661.9008635305524
9.23007108108108,45.47804418032787,1,13,28,0,0,0,0,0,0,0,0,1,0,0.07047491331738194,0,0,1,0,23,788,0,0,1,0,0,0,2,12,32,0.0,0.0,0.08487500096394167,0,0,0,1,0,0,0,0,0,0.00828658357064404,0,1,1.3193680684801732,0,0,6,8,58.40182816214624,50.0,2.0,0.0,0.0,322.5554286075878,519.3652446071872,0.0,850.4509453356682,1.0,86.0,0.6,0.0,0.0,106.0,661.7741773509485
9.230394864864865,45.47804418032787,1,14,28,0,0,0,1,0,0,0,0,1,0,0.07824572662410459,0,0,1,0,0,775,0,0,1,0,0,0,1,14,32,0.0,0.025899020570426447,0.07373960681171658,0,0,0,0,0,0,0,0,0,0.009688743459345672,0,1,1.305777884962526,0,0,4,8,126.00303048653885,50.0,2.0,0.0,0.0,0.0,322.5554286075878,0.0,631.1328074519503,1.0,86.0,0.6,0.0,0.0,106.0,664.1049976248939
9.230718648648649,45.47804418032787,1,15,28,0,0,0,1,0,0,0,0,1,0,0.08490258517391366,0,0,1,0,0,755,0,0,1,0,0,0,1,14,32,0.0,0.1400297056893312,0.05718018446601789,0,0,0,0,0,0,0,0,0,0.012498992945134945,0,0,1.0209787717119256,0,0,3,8,28.56336444662606,30.370758534903082,0.0,0.0,0.0,0.0,0.0,0.0,442.1614525825201,1.0,86.0,0.6,0.0,0.0,106.0,667.2235367934478
9.231042432432432,45.47804418032787,1,16,28,0,0,0,1,0,0,0,0,1,0,0.10310180765064295,0,0,0,0,2,742,0,0,1,0,1,0,1,13,32,0.29972982946268034,0.16582886057113433,0.04018757045359643,0,0,0,0,0,0,0,0,0,0.01707131120973462,0,0,0.6126370900628688,0,0,1,8,3.874618750795733,30.370758534903082,0.0,0.0,0.0,0.0,23.247712504774398,0.0,404.29697454868375,1.0,86.0,0.6,0.0,0.0,106.0,666.1122026539422
9.231366216216216,45.47804418032787,1,17,28,0,0,0,1,0,0,0,0,1,0,0.13430535384100398,0,0,0,0,7,714,0,0,1,1,1,0,1,12,32,0.5502581188662251,0.16582886057113433,0.026835115601387016,0,0,0,0,0,0,0,0,0,0.01991112066739891,0,0,0.6126370900628688,0,0,0,8,14.49805164115298,30.370758534903082,0.0,0.0,0.0,0.0,202.9727229761417,0.0,425.0724965239957,1.0,86.0,0.6,0.0,0.0,106.0,666.4034832012162
9.23169,45.47804418032787,1,18,28,0,0,0,0,1,0,0,0,1,0,0.17170978802155054,0,0,0,0,6,688,0,0,0,0,1,0,1,11,32,0.39903152859238195,0.16582886057113433,0.023272112358420114,0,0,0,0,0,0,0,0,0,0.023955087301767354,0,0,1.1687814346658911,0,0,0,8,21.154264830187767,30.370758534903082,0.0,0.0,0.0,121.24636510277381,296.15970762262873,0.0,381.27633130184137,1.0,86.0,0.6,0.0,0.0,106.0,663.2597032016151
9.232013783783783,45.47804418032787,1,19,28,0,0,0,0,1,0,0,0,1,0,0.21288317852108185,0,0,0,0,5,654,0,0,0,0,0,0,1,11,31,0.030353909808843362,0.16038122750019537,0.02572054756274902,0,0,0,0,0,0,0,0,0,0.025959146752092536,0,1,0.8025377215990692,0,0,0,8,11.341008791962292,30.370758534903082,0.0,0.0,0.0,0.0,226.82017583924582,0.0,489.22111065735226,1.0,86.0,0.6,0.0,0.0,106.0,662.5284228837405
9.232337567567567,45.47804418032787,1,20,28,0,0,0,0,1,0,0,0,1,0,0.2562396494919146,0,0,0,0,2,631,0,0,0,0,0,0,1,11,31,0.0,0.05526163079687509,0.028631934435765716,0,0,0,0,0,0,0,0,0,0.028274123680675375,0,2,0.8025377215990692,0,0,0,9,13.747364236862602,30.370758534903082,0.0,0.0,0.0,0.0,302.4420132109772,0.0,636.8097660445403,1.0,86.0,0.6,0.0,0.0,106.0,662.0634034046172
9.23266135135135,45.47804418032787,1,21,28,0,0,0,0,0,0,0,0,1,0,0.30044568359485024,0,0,0,0,0,592,0,0,1,0,0,0,1,10,31,0.0,0.0,0.03273217276158253,0,0,0,0,0,0,0,0,0,0.03154953733735545,0,1,1.0001708025773568,0,0,0,10,24.563517131467492,30.370758534903082,0.0,0.0,0.0,0.0,393.0162741034799,0.0,711.7859772847822,1.0,86.0,0.6,0.0,0.0,106.0,665.5977559274871
9.232985135135134,45.47804418032787,1,22,28,0,0,0,0,0,0,0,0,1,0,0.34412823459076136,0,0,0,0,0,551,0,0,1,0,0,0,1,9,30,0.0,0.0,0.035123177259679506,0,0,0,0,0,0,0,0,0,0.03330937158588374,0,1,1.001394654719698,0,0,0,8,29.502705445346642,30.370758534903082,0.0,0.0,0.0,0.0,295.0270544534664,0.0,682.9823239515417,1.0,86.0,0.6,0.0,0.0,106.0,665.954717970705
9.233308918918919,45.47804418032787,1,23,28,0,0,0,0,0,0,0,0,1,0,0.3863049720701678,0,0,0,0,0,511,0,0,1,0,0,0,2,8,30,0.0,0.0,0.03997991190443859,0,0,0,0,0,0,0,0,0,0.03391730298840069,0,1,0.6901494457826439,0,0,0,4,51.2762432386242,30.370758534903082,0.0,0.0,0.0,0.0,205.1049729544968,0.0,748.2147367587366,1.0,86.0,0.6,0.0,0.0,106.0,666.7288487210672
9.233632702702701,45.47804418032787,1,24,28,0,1,0,0,0,0,0,3,1,0,0.4290201633094188,0,0,0,0,0,477,0,0,1,0,0,0,1,8,30,0.0,0.0,0.044827331420227885,0,0,0,0,0,0,0,0,0,0.03404076112765646,0,1,0.02817933493917272,0,0,0,3,46.08358882375655,30.370758534903082,0.0,0.0,7.742620763046356,0.0,184.3343552950262,0.0,654.117083162654,1.0,86.0,0.6,0.0,0.0,106.0,666.099037442028
9.233956486486486,45.47804418032787,1,25,28,0,1,0,0,0,0,0,4,1,0,0.47241359383564707,0,0,0,0,4,449,0,0,1,0,0,0,2,8,30,0.0,0.0,0.048691891586239884,0,0,0,0,0,0,0,0,1,0.034063076689535,0,1,0.6593319122491406,0,0,0,3,45.18875556636001,30.370758534903082,0.0,0.0,79.00171585476558,0.0,813.3976001944801,0.0,564.6204074671116,1.0,86.0,0.6,0.0,0.0,106.0,665.8794735096043
9.23428027027027,45.47804418032787,1,26,28,1,1,0,0,0,0,3,4,1,1,0.5163979420232925,0,0,0,0,3,401,0,0,1,0,0,0,2,8,30,0.0,0.0,0.051406556842527,0,0,0,0,0,0,0,0,1,0.033889567281150064,0,1,1.1638797141194805,0,0,0,3,36.46116217355202,30.370758534903082,0.0,0.0,79.00171585476558,562.1941509768135,875.0678921652485,0.0,367.03840156443886,1.0,86.0,0.6,0.0,0.0,106.0,663.9567282663579
9.234604054054053,45.47804418032787,1,27,28,0,1,0,0,0,0,3,4,1,1,0.5561537024291816,0,0,0,0,0,352,0,0,1,0,0,0,2,8,29,0.0,0.0,0.05276177570248849,0,1,0,0,0,0,0,0,1,0.034329174628833524,0,1,1.3532564170924817,0,0,0,3,37.341948806745414,30.370758534903082,0.0,0.0,152.8025953679204,0.0,970.8906689753808,0.0,265.85816730807164,1.0,86.0,0.6,0.0,0.0,106.0,666.0548906499647
9.234927837837837,45.47804418032787,1,28,28,0,1,0,0,0,0,0,4,1,1,0.579432138152861,0,0,0,0,0,320,0,0,1,0,0,0,2,8,28,0.0,0.0,0.05374336790790995,0,1,0,0,0,0,0,0,2,0.034574715373132114,0,1,1.3615871927820085,0,0,0,3,35.9685993850384,30.370758534903082,0.0,0.0,152.8025953679204,0.0,287.7487950803072,0.0,293.34580964491545,1.0,86.0,0.6,0.0,0.0,106.0,666.036695095007
9.235251621621622,45.47804418032787,1,29,28,0,0,0,0,0,0,0,2,0,1,0.5966050578378482,0,0,0,0,0,288,0,0,1,0,0,0,2,7,28,0.0,7.74989020244322e-06,0.054716618391888516,0,0,0,0,0,0,0,0,2,0.033654581522941936,0,1,1.3594594957108406,0,0,0,2,35.101628653832655,30.370758534903082,0.0,0.0,145.05997460487404,148.21281819537447,526.5244298074898,0.0,454.8861897585031,1.0,86.0,0.6,0.0,0.0,106.0,666.6082791721312
9.235575405405404,45.47804418032787,1,30,28,0,0,0,0,0,0,0,0,0,1,0.612945221671592,0,0,0,0,0,265,0,0,1,0,0,0,2,7,28,0.0,0.004338426433450198,0.054997950773268946,0,0,0,0,0,0,0,0,3,0.03219207107615582,0,1,0.7890678704970151,0,0,0,2,39.6787972616646,30.370758534903082,0.0,0.0,329.1395978621065,243.2836269814704,515.8243644016397,0.0,385.97317841877424,1.0,86.0,0.6,0.0,0.0,106.0,667.0731025626154
9.235899189189189,45.47804418032787,1,31,28,0,0,0,0,0,0,0,0,0,1,0.6231430704316564,0,0,0,0,0,239,0,0,1,0,0,0,2,7,27,0.0,0.006508633498891242,0.051046128051555346,0,0,0,0,0,0,0,0,3,0.030243733377533097,0,1,0.7890678704970151,0,0,0,2,81.12118404332077,30.370758534903082,0.0,0.0,329.1395978621065,0.0,162.24236808664153,0.0,340.0782205493417,1.0,86.0,0.6,0.0,0.0,106.0,666.5930031331899
9.236222972972971,45.47804418032787,1,32,28,0,0,0,0,0,0,0,0,0,1,0.6260888636348529,0,0,0,0,0,191,0,0,1,0,0,0,1,6,24,0.0,0.005697662350372527,0.04661227363497779,0,0,0,0,0,0,0,0,3,0.028369797348582783,0,0,0.02197217653609795,0,0,0,0,121.979293044703,30.370758534903082,0.0,0.0,257.88050277038724,0.0,487.917172178812,0.0,13.521322181700118,1.0,86.0,0.6,0.0,0.0,106.0,668.3098408123219
9.236546756756756,45.47804418032787,1,33,28,0,0,0,0,0,0,0,0,0,1,0.6227804975840211,0,0,0,0,0,163,0,0,1,0,0,0,1,6,22,0.0,0.0017720251323229295,0.044451591686331365,0,0,0,0,0,0,0,0,1,0.02771877564543704,0,0,0.017009759259061348,0,0,0,0,122.41127248285399,30.370758534903082,0.0,0.0,191.6857665997453,487.917172178812,734.467634897124,0.0,0.0,1.0,86.0,0.6,0.0,0.0,106.0,668.4332063794834
9.23687054054054,45.47804418032787,1,34,28,0,0,0,0,0,0,0,0,0,1,0.6130424570219182,0,0,0,0,0,126,0,0,0,0,0,0,1,6,19,0.0,0.0,0.0402695424256825,0,0,0,0,0,0,0,0,1,0.025858866010966007,0,0,0.021860827000856915,0,0,0,0,122.41127248285399,30.370758534903082,0.0,0.0,184.0796232572324,0.0,734.467634897124,0.0,0.0,1.0,86.0,0.6,0.0,0.0,106.0,668.4183923806074
9.237194324324323,45.47804418032787,1,35,28,0,0,0,0,0,0,0,0,0,1,0.5963424167450349,1,0,0,0,0,89,0,0,0,0,0,0,1,4,18,0.0,0.0,0.03500333931493026,0,0,0,0,0,0,0,0,0,0.02562013800425806,0,0,0.002122507427951541,0,0,0,0,28.56336444662606,30.370758534903082,0.0,0.0,184.0796232572324,0.0,0.0,0.0,0.0,1.0,86.0,0.6,0.0,0.0,106.0,669.3140708329367
9.237518108108107,45.47804418032787,1,36,28,0,0,0,0,0,0,0,0,0,1,0.5715177967606772,1,0,0,0,0,52,0,0,0,0,0,0,1,4,16,0.0,0.0,0.03200293712897958,0,0,0,0,0,0,0,0,0,0.02562013800425806,0,0,0.002122507427951541,0,0,0,0,28.56336444662606,30.370758534903082,0.0,0.0,184.0796232572324,0.0,0.0,0.0,0.0,1.0,86.0,0.6,0.0,0.0,106.0,670.1075542409743
9.225861891891892,45.47826959016394,1,0,29,0,0,0,0,0,0,0,0,0,0,0.0,0,0,0,0,1,429,0,0,1,1,1,0,1,11,23,0.7234648385081918,0.8104200230750898,0.1252470783063677,0,0,0,0,0,0,0,0,1,0.014614183523273119,0,1,1.1600416479362234,0,0,4,4,13.067421012378407,30.370758534903082,0.0,0.0,0.0,161.26866817818427,287.48326227232496,0.0,95.28064410224856,1.0,86.0,0.6,0.0,0.0,106.0,668.5046946851853
9.226185675675676,45.47826959016394,1,1,29,0,0,0,0,0,0,0,0,0,0,0.0,0,0,0,0,2,466,0,0,1,1,1,0,2,11,24,0.9650051151975114,0.8701092399852869,0.12514393783044178,0,0,0,0,0,0,0,0,1,0.015238773530736206,0,1,1.1600416479362234,0,0,4,4,40.31716704454607,30.370758534903082,0.0,0.0,0.0,0.0,161.26866817818427,0.0,195.02286802450456,1.0,86.0,0.6,0.0,0.0,106.0,668.5302024391567
9.226509459459459,45.47826959016394,1,2,29,0,0,0,0,0,0,0,0,0,0,0.0,0,0,1,0,4,510,0,0,1,1,1,0,3,11,24,1.0,0.8594139538259445,0.12471098768836823,0,0,0,0,0,0,0,0,1,0.015475934122334747,0,1,0.5489217878726856,0,0,4,5,14.79909289444413,30.370758534903082,0.0,0.0,0.0,0.0,147.9909289444413,0.0,195.02286802450456,1.0,86.0,0.6,0.0,0.0,106.0,668.6048530407561
9.226833243243243,45.47826959016394,1,3,29,0,0,0,0,0,0,0,0,0,0,0.0,0,0,1,0,2,539,0,0,1,1,1,0,3,12,26,0.94715390875851,0.7257047168100849,0.12580899812779886,0,0,1,0,0,0,0,0,0,0.015571902530623034,0,1,0.7458024329304228,0,0,3,7,16.868462713057784,36.32259501087156,1.0,0.0,0.0,93.32471250719303,461.3786254286582,95.28064410224856,400.44111162476804,1.0,86.0,0.6,0.0,0.0,106.0,668.2425865702603
9.227157027027028,45.47826959016394,1,4,29,0,0,0,0,0,0,0,0,0,0,0.0008874312776963998,0,0,1,0,6,590,0,0,1,1,1,0,3,13,27,0.5286668040060779,0.4982150032289541,0.12902243560105353,0,0,1,0,0,0,0,0,0,0.015489882342301682,0,1,0.56648566830694,0,0,2,11,9.81592897644711,36.32259501087156,1.0,0.0,0.0,100.25928093820721,817.6007507073326,95.28064410224856,490.9761995456865,1.0,86.0,0.6,0.0,0.0,106.0,666.8785666739218
9.22748081081081,45.47826959016394,1,5,29,0,0,0,1,0,0,0,0,0,0,0.0053815946131666355,0,1,1,0,12,633,0,0,1,0,0,0,4,13,28,0.12832777583696592,0.3255292927455632,0.12762429086658733,0,0,1,1,0,0,0,0,0,0.015667049719443677,0,1,0.6859451959480284,0,0,2,12,6.5637632746126195,35.648635270356735,1.0,0.0,0.0,70.32070378424986,597.7772104929268,12.652774046046922,588.1930369462303,1.0,86.0,0.6,0.0,0.0,106.0,666.2419216211193
9.227804594594595,45.47826959016394,1,6,29,0,0,0,1,0,0,0,0,0,0,0.012750303224055515,0,1,1,0,21,684,0,0,1,0,0,0,4,13,29,0.04948770451344866,0.1631630134272446,0.12622967014995246,0,0,0,0,0,1,0,0,0,0.0168140566724579,0,1,0.8736673108125957,0,0,0,12,6.6539136528414335,27.161102278360573,1.735184540811449,0.0,0.0,38.28288880519042,641.201694441804,64.11315275938796,815.8210120771821,1.0,86.0,0.6,0.0,0.0,106.0,663.052697617339
9.228128378378377,45.47826959016394,1,7,29,0,0,0,1,0,0,0,0,0,0,0.022333256577105078,0,1,1,0,28,735,0,0,1,0,0,1,4,13,30,0.21603918089823226,0.07069360963872208,0.12531818931511726,0,0,0,0,0,1,0,0,0,0.017382487327459933,0,0,0.8736673108125957,0,0,0,12,7.675529631435642,26.984987140653473,1.3675922704057246,0.0,0.0,64.89911802378603,722.6062030547116,90.99993787746652,1254.3004440288357,1.0,86.0,0.6,0.0,0.0,106.0,661.9170914122035
9.228452162162162,45.47826959016394,1,8,29,0,0,0,1,0,0,0,0,0,0,0.03363991746271896,0,0,1,0,31,756,0,0,1,0,0,1,4,12,31,0.21312647234437565,0.07054089105520607,0.12476738494344136,0,0,1,0,0,0,0,0,0,0.015824623906206647,0,1,1.013946373592185,0,0,0,12,4.8257543663704405,26.617551593961064,1.0711301644770235,0.0,0.0,167.7616424361636,672.3775203481811,90.09166953834847,1230.4209112732058,1.0,86.0,0.6,0.0,0.0,106.0,663.0207596415325
9.228775945945946,45.47826959016394,1,9,29,0,0,0,1,0,0,0,0,1,0,0.04570645855181526,0,1,1,0,20,767,0,0,1,0,0,0,3,11,32,0.03662557341879956,0.07054089105520607,0.11849081877006323,0,0,1,0,0,0,0,0,0,0.016238367682645704,0,1,1.003070751191948,0,0,2,12,4.158044838876448,26.50029878953658,1.1472104459841825,0.0,0.0,64.6210637266919,468.59952150207494,167.58133884602157,1330.2555470637421,1.0,86.0,0.6,0.0,0.0,106.0,662.6428842470789
9.229099729729729,45.47826959016394,1,10,29,0,0,0,1,0,0,0,0,1,0,0.05771362573626239,0,0,1,0,4,777,0,0,1,0,0,0,2,11,32,0.0,0.04154338202513659,0.11181992150673208,0,0,0,0,0,0,0,0,0,0.016286026180553463,0,1,1.0213840006543298,0,0,2,12,6.12333504478659,25.420966390380894,1.2437984382758962,0.0,0.0,0.0,105.56525102659599,286.3281918397458,1307.8352218107646,1.0,86.0,0.6,0.0,0.0,106.0,662.2252462439318
9.229423513513513,45.47826959016394,1,11,29,0,0,0,1,0,0,0,0,1,0,0.06939245609259184,0,0,1,0,17,780,0,0,1,0,0,0,2,11,32,0.0,0.0,0.10505178126643172,0,0,0,0,0,0,0,0,0,0.014338690351861718,0,1,0.8264770923993154,0,0,3,10,12.228157518724057,24.811735928441927,1.265362983484093,0.0,0.0,0.0,164.6896595580309,238.839538559863,1242.0662309786796,1.0,86.0,0.6,0.0,0.0,106.0,661.5037690228735
9.229747297297298,45.47826959016394,1,12,29,0,0,0,0,0,0,0,0,1,0,0.08053005560539307,0,1,1,0,27,796,0,0,1,0,0,0,2,11,32,0.0,0.0,0.09737748236479164,0,0,0,1,0,0,0,0,0,0.014511188780383114,0,1,1.0126434660786792,0,4,5,10,20.709528364231947,31.727724185907775,1.4772650646265788,0.0,0.0,88.29418973854577,587.6895191317988,138.02526417587592,1190.3081323330698,1.0,86.0,0.6,0.0,0.0,106.0,660.9691062507957
9.23007108108108,45.47826959016394,1,13,29,0,0,0,1,0,0,0,1,1,0,0.09089707520767633,0,0,1,0,19,802,0,0,1,0,0,0,2,13,32,0.0,0.0,0.08873681067278959,0,0,0,1,0,0,0,0,0,0.015416130260571054,0,1,1.2126791713921932,0,8,5,8,22.65119861413889,38.25952002949529,1.8,0.0,0.0,322.5554286075878,559.3092679315226,79.69200421746207,877.8684990405656,1.0,86.0,0.6,0.0,0.0,106.0,658.5116384218387
9.230394864864865,45.47826959016394,1,14,29,0,0,0,1,0,0,0,0,1,0,0.10030694672079087,0,0,1,0,0,791,0,0,1,0,0,0,1,14,32,0.0,0.02322362866042965,0.07656665292944528,0,0,0,0,0,0,0,0,0,0.017369881612833597,0,1,2.0101861834899717,0,4,4,8,27.131208635350703,32.857142857142854,2.0,0.0,0.0,0.0,511.515243815898,175.22673917675687,663.1281196298995,1.0,86.0,0.6,0.0,0.0,106.0,660.6318301939275
9.230718648648649,45.47826959016394,1,15,29,0,0,0,1,0,0,0,0,1,0,0.10853813140540614,0,0,1,0,0,762,0,0,1,0,0,0,1,13,32,0.0,0.13149727718809753,0.060160083810227256,0,0,0,0,0,0,0,0,0,0.01965495753139603,0,1,2.016976972483286,0,0,3,8,27.328401009329372,30.0,2.0,0.0,0.0,0.0,217.420638113334,110.52017399861846,442.1614525825201,1.0,86.0,0.6,0.0,0.0,106.0,663.0404857115504
9.231042432432432,45.47826959016394,1,16,29,0,0,0,1,0,0,0,0,1,0,0.12846701676169614,0,0,0,0,2,742,0,0,1,0,1,0,1,12,32,0.26451495506465644,0.16582886057113433,0.043102660162407234,0,0,0,0,0,0,0,0,0,0.02425417194730424,0,0,1.0105309083857241,0,4,2,8,24.201099440868383,30.0,2.0,0.0,0.0,0.0,311.2163389256663,172.80564989170125,390.3808140255046,1.0,86.0,0.6,0.0,0.0,106.0,666.0589758996505
9.231366216216216,45.47826959016394,1,17,29,0,0,0,1,0,0,0,0,1,0,0.1612095695466013,0,0,0,0,5,714,0,0,1,1,1,0,1,12,32,0.49169212006833674,0.16582886057113433,0.03009968208556738,0,0,0,0,0,1,0,0,0,0.029282544516175627,0,1,1.4375979214734775,0,4,0,8,20.742325104054828,30.0,2.0,0.0,0.0,0.0,407.97945302183393,172.80564989170125,450.4899061427311,1.0,86.0,0.6,0.0,0.0,106.0,665.4302673876391
9.23169,45.47826959016394,1,18,29,0,0,0,1,1,0,0,0,1,0,0.20006008227546562,0,0,0,0,7,698,0,0,0,1,1,0,1,11,32,0.3616848478962443,0.16582886057113433,0.026978397233488,0,0,0,0,0,1,0,0,0,0.033354158496201367,0,1,1.4303840868564777,0,4,0,8,16.292912581037477,30.0,2.0,0.0,0.0,0.0,419.43151190083563,167.11334101651352,526.6648941225978,1.0,86.0,0.6,0.0,0.0,106.0,660.5966555765035
9.232013783783783,45.47826959016394,1,19,29,0,0,0,0,1,0,0,0,1,0,0.24258644777825228,0,0,0,0,9,674,0,0,0,0,0,0,1,10,32,0.05002219994371848,0.15259009957505631,0.030089774593474,0,0,0,0,0,1,0,0,0,0.03492966407120421,0,1,1.1687814346658911,0,0,0,10,13.673669428040395,30.0,2.0,0.0,0.0,132.00743542854198,601.430901654784,109.59990860331649,658.5178456026906,1.0,86.0,0.6,0.0,0.0,106.0,661.1488893816233
9.232337567567567,45.47826959016394,1,20,29,0,0,0,0,1,0,0,0,1,0,0.28712803728615083,0,0,0,0,8,647,0,0,0,0,0,0,1,9,31,0.0,0.04923686795818041,0.03189030099162226,0,0,0,0,0,0,0,0,0,0.03876155188763857,0,1,1.0001708025773568,0,4,0,10,17.20007356216429,30.0,2.0,0.0,0.0,128.1116543321903,766.320162250433,196.88395723076718,806.2124174412763,1.0,86.0,0.6,0.0,0.0,106.0,661.6226728293035
9.23266135135135,45.47826959016394,1,21,29,0,0,0,0,1,0,0,0,1,0,0.33167228702074936,0,0,0,0,2,610,0,0,0,0,0,0,1,9,31,0.0,0.0,0.03326716687970993,0,0,0,0,0,0,0,0,0,0.04128718298079321,0,1,0.6867955563371003,0,4,0,11,17.800665015351814,30.0,2.0,0.0,0.0,295.5670947146226,803.0287861358636,122.60579466243074,761.3615336867488,1.0,86.0,0.6,0.0,0.0,106.0,659.6713410646562
9.232985135135134,45.47826959016394,1,22,29,0,0,0,0,0,0,0,0,1,0,0.37470666923367013,0,0,0,0,0,567,0,0,0,0,0,0,1,9,31,0.0,0.0,0.03308265244666532,0,0,0,0,0,0,0,0,0,0.042869103626468216,0,1,0.824709247832803,0,4,0,10,21.259669626413274,29.556240137826613,1.9485032607176156,0.0,0.0,295.0270544534664,539.429563438187,183.39920385986431,702.3197788893041,1.0,86.0,0.6,0.0,0.0,106.0,664.8953937513966
9.233308918918919,45.47826959016394,1,23,29,0,0,0,0,0,0,0,0,1,0,0.41539653630532264,0,0,0,0,0,524,0,0,0,0,0,0,1,9,31,0.0,0.0,0.03520189119085846,0,0,0,0,0,0,0,0,0,0.04350119393156181,0,1,0.6901494457826439,0,4,0,7,20.524183928548723,29.556240137826613,1.9485032607176156,0.0,0.0,162.51646336408672,487.9403698828016,168.83351583075753,702.3197788893041,1.0,86.0,0.6,0.0,0.0,106.0,667.1563589231187
9.233632702702701,45.47826959016394,1,24,29,0,1,0,0,0,0,0,0,1,0,0.45495710614263357,0,0,0,0,3,497,0,0,1,0,0,0,1,8,30,0.0,0.0,0.03765528454078839,0,0,0,0,0,0,0,0,0,0.04300663359246127,0,2,1.2557922880907986,0,4,0,5,20.003070623667817,30.0,2.0,0.0,0.0,184.3343552950262,453.91665964668647,106.16931781601255,659.4806054774301,1.0,86.0,0.6,0.0,0.0,106.0,666.4024812061562
9.233956486486486,45.47826959016394,1,25,29,0,1,0,0,0,0,0,4,1,0,0.4953744554458018,0,0,0,0,6,464,0,0,1,0,0,0,2,8,30,0.0,0.0,0.040898640494523776,1,1,1,0,0,0,0,0,0,0.04276271017245762,0,2,0.47545530406127295,0,0,0,5,20.13211110287839,30.0,2.0,0.0,0.0,72.41935421202999,884.3116381436091,122.29391700031042,696.0665469854767,1.0,86.0,0.6,0.0,0.0,106.0,665.2133508807979
9.23428027027027,45.47826959016394,1,26,29,1,1,0,0,0,0,0,4,1,1,0.5364238769368804,0,0,0,0,6,398,0,0,1,0,0,0,2,8,30,0.0,0.0,0.043606294940931094,1,1,0,0,0,0,0,0,0,0.042074984516340494,0,2,0.6214316719289497,0,8,0,5,18.295189790149614,30.0,2.0,0.0,67.61009236484819,392.6273328736004,1321.5214127116417,68.91301133972891,477.3363588396609,1.0,86.0,0.6,0.0,0.0,106.0,669.1876996416845
9.234604054054053,45.47826959016394,1,27,29,0,1,0,0,0,0,0,4,1,1,0.5735829222856542,0,0,0,0,0,355,0,0,1,0,0,0,2,8,29,0.0,0.0,0.04527417401844817,0,0,0,0,0,0,0,0,2,0.040841792766798536,0,2,0.7818278456639103,0,8,0,5,30.407226585970943,30.370758534903082,0.0,0.0,67.61009236484819,0.0,912.2167975791283,0.0,299.3091245257403,1.0,86.0,0.6,0.0,0.0,106.0,667.9698169937856
9.234927837837837,45.47826959016394,1,28,29,0,1,0,0,0,0,0,3,1,1,0.592997040308357,0,0,0,0,0,325,0,0,1,0,0,0,2,8,28,0.0,0.0036904174312900966,0.04587064335049912,0,0,0,0,0,0,0,0,3,0.03964502339248146,0,2,0.790158621353437,0,0,0,5,71.35083831926102,30.370758534903082,0.0,0.0,67.61009236484819,0.0,428.1050299155661,0.0,265.85816730807164,1.0,86.0,0.6,0.0,0.0,106.0,666.9431599672466
9.235251621621622,45.47826959016394,1,29,29,0,0,0,0,0,0,0,0,1,1,0.6048492819531521,0,0,0,0,0,295,0,0,1,0,0,0,2,8,28,0.0,0.03521309094251786,0.0453997619910595,0,0,0,0,0,0,0,0,4,0.039333035469550706,0,2,0.902751982788442,0,8,0,5,21.82256488674304,30.039812632206953,1.0,7.606143342512904,235.10172699148404,148.21281819537447,952.5867116741811,0.0,193.1398067097278,1.0,86.0,0.6,0.0,0.0,106.0,667.4911496705174
9.235575405405404,45.47826959016394,1,30,29,0,0,0,0,0,0,0,0,0,1,0.6127990494739548,0,0,0,0,0,271,0,0,1,0,0,0,2,8,27,0.0,0.08012358574755651,0.0448238024553512,0,0,0,0,0,0,0,0,4,0.03866583549682107,0,2,0.7527027449959808,0,8,0,5,22.122107878089114,30.039812632206953,1.0,7.606143342512904,419.1813502487165,162.24236808664153,965.7666032934084,0.0,116.35147524839289,1.0,86.0,0.6,0.0,0.0,106.0,667.8532950053493
9.235899189189189,45.47826959016394,1,31,29,0,0,0,0,0,0,0,0,0,1,0.6196933538552101,0,0,0,0,0,243,0,0,1,0,0,0,1,7,26,0.0,0.11838196034058021,0.04077907731066425,0,0,0,0,0,0,0,0,5,0.03775168414454245,0,2,0.12905411749397114,0,0,0,4,77.93917552073064,30.370758534903082,0.0,0.0,251.6897156220806,0.0,467.63505312438383,0.0,0.0,1.0,86.0,0.6,0.0,0.0,106.0,667.9927968454728
9.236222972972971,45.47826959016394,1,32,29,0,0,0,0,0,0,0,0,0,1,0.6258242465367178,0,0,0,0,0,199,0,0,1,0,0,0,1,6,24,0.0,0.10926939627094062,0.03639871702914493,0,0,0,0,0,0,0,0,4,0.03556341574078525,0,1,0.03189701109017115,0,0,0,2,45.49554638003501,30.370758534903082,0.0,0.0,251.6897156220806,0.0,818.9198348406302,0.0,0.0,1.0,86.0,0.6,0.0,0.0,106.0,668.3042119560329
9.236546756756756,45.47826959016394,1,33,29,0,0,0,0,0,0,0,0,0,1,0.6249313073928277,0,0,0,0,0,169,0,0,1,0,0,0,1,6,20,0.0,0.06383940877344697,0.03465741988978069,0,0,0,0,0,0,0,0,3,0.033035852226307706,0,1,0.02197217653609795,0,8,0,1,42.15425091240083,30.0,2.0,184.0796232572324,251.6897156220806,487.917172178812,1333.4734095891974,0.0,0.0,1.0,86.0,0.6,0.0,0.0,106.0,668.0017039469595
9.23687054054054,45.47826959016394,1,34,29,0,0,0,0,0,0,0,0,0,1,0.6151978204506702,0,0,0,0,0,143,0,0,1,0,0,0,1,5,19,0.0,0.021403651917321687,0.03237628880651565,0,0,0,0,0,0,0,0,3,0.03029559901402113,0,1,0.021860827000856915,0,4,0,0,60.80033340188821,30.370758534903082,0.0,0.0,184.0796232572324,0.0,972.8053344302114,0.0,0.0,1.0,86.0,0.6,0.0,0.0,106.0,669.142412873559
9.237194324324323,45.47826959016394,1,35,29,0,0,0,0,0,0,0,0,0,1,0.5984395869025895,1,0,0,0,0,124,0,0,1,0,0,0,1,5,18,0.0,3.730673199487852e-05,0.03022766980505228,0,0,0,0,0,0,0,0,1,0.027058198109916602,0,1,0.002122507427951541,0,0,0,0,28.56336444662606,30.370758534903082,0.0,0.0,184.0796232572324,0.0,0.0,0.0,0.0,1.0,86.0,0.6,0.0,0.0,106.0,669.140795262023
9.237518108108107,45.47826959016394,1,36,29,0,0,0,0,0,0,0,0,0,1,0.5735228741835976,1,0,0,0,0,97,0,0,0,0,0,0,1,5,16,0.0,0.0,0.026326822951833976,0,0,0,0,0,0,0,0,1,0.025997993778467444,0,1,0.002122507427951541,0,0,0,0,28.56336444662606,30.370758534903082,0.0,0.0,184.0796232572324,0.0,0.0,0.0,0.0,1.0,86.0,0.6,0.0,0.0,106.0,669.7023835506475
9.225861891891892,45.478495,1,0,30,0,0,0,0,0,0,0,2,0,0,0.0022236786334511828,0,0,0,0,1,438,0,0,1,1,1,0,1,11,23,0.6919246879916109,0.7373711510230762,0.12007749376597852,0,0,0,0,0,0,0,0,1,0.01987852779263051,0,1,1.0,0,0,4,4,19.04208568961463,30.370758534903082,0.0,0.0,0.0,195.19840676476647,457.01005655075113,0.0,95.28064410224856,1.0,86.0,0.6,0.0,0.0,106.0,666.6125062258478
9.226185675675676,45.478495,1,1,30,0,0,0,0,0,0,0,1,0,0,0.0,0,0,1,0,3,481,0,0,1,1,1,0,1,11,24,0.9639898516193811,0.8374090917784925,0.11991180709852581,0,0,0,0,0,0,0,0,2,0.020605435825735808,0,1,1.0,0,0,4,4,15.325962699598577,30.370758534903082,0.0,0.0,0.0,0.0,367.82310479036585,0.0,103.35481541911437,1.0,86.0,0.6,0.0,0.0,106.0,665.7122650942142
9.226509459459459,45.478495,1,2,30,0,0,1,0,0,0,0,0,0,0,0.0,0,0,1,0,4,519,0,0,1,1,1,0,3,11,24,1.0,0.8454482402327413,0.11942621663885994,0,0,1,0,0,0,0,0,2,0.021676078078271512,0,1,0.6391374302981485,0,0,4,5,14.300347413225253,30.370758534903082,0.0,0.0,0.0,0.0,343.2083379174061,0.0,203.0970393413704,1.0,86.0,0.6,0.0,0.0,106.0,666.2829063041625
9.226833243243243,45.478495,1,3,30,0,0,0,0,0,0,0,0,0,0,1.2770628543234778e-05,0,0,1,0,5,548,0,0,1,1,1,0,3,13,26,0.8969237209976771,0.7063045927292482,0.12038193196893458,0,0,1,0,0,0,0,0,1,0.02216181143998247,0,1,0.6391374302981485,0,0,4,7,15.483474777532974,36.32259501087156,1.0,0.0,0.0,103.3060897331586,632.4426704418014,95.28064410224856,385.00728680455154,1.0,86.0,0.6,0.0,0.0,106.0,666.1937621752513
9.227157027027028,45.478495,1,4,30,0,0,0,1,0,0,0,0,0,0,0.0031447659226890357,0,1,1,0,9,588,0,0,1,1,1,0,3,13,27,0.47374466457754844,0.4820809665244718,0.12469362145214534,0,0,1,1,0,0,0,0,1,0.021943108891890547,0,1,0.40080155904426534,0,0,4,10,10.765671653062007,36.32259501087156,1.0,0.0,0.0,153.95862783140123,776.7387597957741,95.28064410224856,427.59706025445763,1.0,86.0,0.6,0.0,0.0,106.0,665.968524768703
9.22748081081081,45.478495,1,5,30,0,0,0,1,0,0,0,0,0,0,0.010236830262396964,0,0,1,0,12,630,0,0,1,0,0,0,3,13,29,0.08325770510342889,0.27768027558101765,0.12502442647092477,0,0,1,1,0,0,0,0,0,0.022359325485305042,0,1,0.5218877411865231,0,0,2,12,7.733550438482915,34.925931812997526,1.1371384846829544,0.0,0.0,43.42335603916206,570.996782698099,132.7563072038465,629.391286405195,1.0,86.0,0.6,0.0,0.0,106.0,664.0331087707489
9.227804594594595,45.478495,1,6,30,0,0,0,1,0,0,0,0,0,0,0.02019532631479173,0,0,1,0,15,673,0,0,1,0,0,0,3,12,29,0.0035984186469798156,0.13093631033512032,0.12502211574373698,0,0,1,1,0,0,0,0,0,0.02235549723891038,0,1,0.7206412472354123,0,0,2,12,7.826507484239837,28.357807448745792,1.7503935713425463,0.0,0.0,22.891447444753965,634.0937346755456,148.557013748438,861.5641545574651,1.0,86.0,0.6,0.0,0.0,106.0,664.0777869905835
9.228128378378377,45.478495,1,7,30,0,0,0,1,0,0,0,0,0,0,0.03236202306185569,0,0,1,0,17,716,0,0,1,0,0,1,3,12,31,0.08498656780236213,0.06904637982625449,0.12502211574373698,0,0,0,0,0,1,0,0,0,0.02249446574550928,0,2,0.5565851474604666,0,0,0,12,8.71455341828449,28.357807448745792,1.7503935713425463,0.0,0.0,227.12069678190528,722.898328080011,148.557013748438,1039.8033652498698,1.0,86.0,0.6,0.0,0.0,106.0,661.7833595723954
9.228452162162162,45.478495,1,8,30,0,0,0,1,0,0,0,0,1,0,0.04609709005282565,0,1,1,0,27,746,0,0,1,0,0,1,3,12,31,0.08141225658027972,0.06857591906383845,0.12465979865815864,0,0,0,0,0,0,0,0,0,0.02516366163608957,0,1,0.7675564198303207,0,0,2,12,5.274941751336738,26.23001190254702,1.227464896911039,0.0,0.0,70.23309511254544,647.9483371559369,106.36833328521651,1078.1061906203226,1.0,86.0,0.6,0.0,0.0,106.0,661.4929333829746
9.228775945945946,45.478495,1,9,30,0,0,0,1,0,0,0,0,1,0,0.06017221745178722,0,1,1,0,22,763,0,0,1,0,0,0,3,12,31,0.0012856193354104605,0.054844520731609836,0.11839934620932738,0,0,0,1,0,0,0,0,0,0.02714267121412667,0,1,0.8623597721510653,0,0,2,12,4.775550725565623,26.092993632119082,1.316152459727673,0.0,0.0,0.0,471.2481234602042,225.98228247237668,1190.132688336255,1.0,86.0,0.6,0.0,0.0,106.0,662.2182959248071
9.229099729729729,45.478495,1,10,30,0,0,0,1,0,0,0,0,1,0,0.07411816781920927,0,0,1,0,18,769,0,0,1,0,0,0,1,12,32,0.0,0.015773001931062233,0.11145282928047744,0,0,1,1,0,0,0,0,0,0.026429658631730538,0,1,0.8335905834213121,0,0,4,12,5.9530659350970705,25.41062975952166,1.4045525822066736,0.0,0.0,0.0,250.72457314867282,433.87800938749047,1202.9498993076481,1.0,86.0,0.6,0.0,0.0,106.0,660.7873837423558
9.229423513513513,45.478495,1,11,30,0,0,0,1,0,0,0,1,1,0,0.08769461887290207,0,0,1,0,16,783,0,0,1,0,0,0,2,12,32,0.0,0.0,0.10464667777429597,0,0,0,1,0,0,0,0,0,0.025312750336519283,0,1,0.7746009119748218,0,4,4,10,5.480681063708636,25.720855778285422,1.2730121041281026,0.0,0.0,6.760822937503735,339.76368914855465,301.47599530535587,1145.440065986242,1.0,86.0,0.6,0.0,0.0,106.0,660.318659013318
9.229747297297298,45.478495,1,12,30,0,0,0,1,0,0,0,3,1,0,0.10066529475575108,0,1,1,0,29,801,0,0,1,0,0,0,2,12,32,0.0,0.0,0.09838886359814865,0,0,1,1,0,0,0,0,0,0.024011267282591193,0,1,0.6333676921636611,4,12,4,10,10.543532233491376,34.83984110456815,1.5324381371105675,0.0,0.0,139.13433736457458,839.7756852205249,143.99836058566225,1005.4506899871686,1.0,86.0,0.6,0.0,0.0,106.0,658.9601302253524
9.23007108108108,45.478495,1,13,30,0,0,0,1,0,0,0,3,1,0,0.11282065768992827,0,0,1,0,25,803,0,0,1,0,0,0,2,12,32,0.0,0.0,0.09053763774222652,0,0,1,1,0,0,0,0,0,0.024122768990515284,0,1,0.9021178441554036,8,12,4,9,15.50261029482922,36.04777794459917,1.72,0.0,0.0,345.0851219071532,932.3144775716386,114.50110750955822,939.963947296325,1.0,86.0,0.6,0.0,0.0,106.0,658.1174971145404
9.230394864864865,45.478495,1,14,30,0,0,0,1,0,0,0,3,1,0,0.12395692361808985,0,0,1,0,13,795,0,0,1,0,0,0,1,12,32,0.0,0.009740776876624923,0.08029615420673195,0,0,1,0,0,0,0,0,0,0.02467445713552311,0,1,1.4353290887026575,0,8,4,8,21.8279521981096,37.39127932056882,1.9090909090909092,0.0,0.0,164.74529645541537,719.6337258700745,188.16940284855716,833.7022727937306,1.0,86.0,0.6,0.0,0.0,106.0,657.7094822871593
9.230718648648649,45.478495,1,15,30,0,0,0,1,0,0,0,1,1,0,0.1338633718160094,0,0,1,0,14,775,0,0,1,0,0,0,1,12,32,0.0,0.07996199707977221,0.06385982594285763,0,0,0,0,0,0,0,0,0,0.026820955870059338,0,2,1.205186709272768,0,4,4,8,16.260361443645294,30.0,2.0,0.0,0.0,202.2642800678351,357.18447267800207,228.1885392932286,399.8136790938766,1.0,86.0,0.6,0.0,0.0,106.0,659.422697072443
9.231042432432432,45.478495,1,16,30,0,0,0,1,0,0,0,0,1,0,0.15561943353784183,0,0,0,0,10,752,0,0,1,0,1,0,1,12,32,0.11402585684524968,0.13359395002995364,0.0463082432692124,0,0,0,0,0,0,0,0,0,0.030763452901655348,0,2,0.7537168591634712,4,4,4,8,20.924345425382338,30.0,2.0,0.0,0.0,262.8278679681294,413.0760220190042,172.80564989170125,478.5535753017214,1.0,86.0,0.6,0.0,0.0,106.0,667.6029448613742
9.231366216216216,45.478495,1,17,30,0,0,0,1,0,0,0,0,1,0,0.19000893022075366,0,0,0,0,12,728,0,0,1,0,1,0,1,12,32,0.263865177887346,0.14743723086735072,0.03491454890952363,0,0,0,0,0,0,0,0,0,0.03709287462935844,0,1,1.117528161440086,0,8,2,8,18.828886294559727,30.0,2.0,0.0,0.0,130.59938832996426,604.5889883767397,261.5397811730077,450.4899061427311,1.0,86.0,0.6,0.0,0.0,106.0,666.0861095438747
9.23169,45.478495,1,18,30,0,0,0,1,1,0,0,0,1,0,0.2304135602114574,0,0,0,1,14,720,0,0,0,0,1,0,1,11,32,0.1740319407220745,0.13897810706544972,0.03173276906865096,0,0,0,0,0,1,0,0,0,0.0404781974283013,0,1,1.0009082727861058,4,4,0,10,17.55883511992613,30.0,2.0,0.0,0.0,239.9014373152725,465.00472330082715,167.11334101651352,597.1520415576539,1.0,86.0,0.6,0.0,0.0,106.0,658.2004335495122
9.232013783783783,45.478495,1,19,30,0,0,0,1,1,0,0,0,1,0,0.27417685845080847,0,0,0,1,13,694,0,0,0,0,0,0,1,9,32,0.02589012096688285,0.1019130542510379,0.03440469362279655,0,0,0,0,0,1,0,0,0,0.04316299903922005,0,1,1.0009082727861058,0,8,0,10,15.13556363020581,30.0,2.0,0.0,0.0,109.6262681573853,844.7685416692557,275.2631669659742,754.3682430393251,1.0,86.0,0.6,0.0,0.0,106.0,662.5338819239856
9.232337567567567,45.478495,1,20,30,0,0,0,0,1,0,0,0,1,0,0.3183336556190775,0,0,0,1,8,658,0,0,0,0,0,0,1,8,32,0.0,0.02643910617529538,0.03502569490559795,0,0,0,0,0,1,0,0,0,0.04917265486680635,0,2,0.8005611435474757,4,4,0,11,16.65446976815675,30.0,2.0,0.0,0.0,243.9370418439267,769.0752893223244,196.88395723076718,827.086603637669,1.0,86.0,0.6,0.0,0.0,106.0,662.1343227496535
9.23266135135135,45.478495,1,21,30,0,0,0,0,1,0,0,0,1,0,0.36177877983118983,0,0,0,1,2,611,0,0,0,0,0,0,1,9,31,0.0,0.0,0.034417391057872476,0,0,0,0,0,0,0,0,0,0.05273866378194861,0,2,0.8239590575219327,0,8,0,12,18.10037716603823,30.0,2.0,0.0,0.0,82.7271617426747,1014.9525666420058,143.47157198444074,802.3627609304699,1.0,86.0,0.6,0.0,0.0,106.0,657.7653909948233
9.232985135135134,45.478495,1,22,30,0,0,0,0,0,0,0,0,1,0,0.40434712961840524,0,0,0,0,0,580,0,0,0,0,0,0,1,8,31,0.0,0.0,0.033000332099454945,0,0,0,0,0,0,0,0,0,0.053987437952238024,0,1,1.46925430818362,4,8,0,12,16.81372818183037,29.50404424487054,1.9283183268142483,0.0,0.0,225.24807127979136,846.8291268473234,296.50438951714176,813.272506679762,1.0,86.0,0.6,0.0,0.0,106.0,663.6153928900421
9.233308918918919,45.478495,1,23,30,0,0,0,0,0,0,0,0,1,0,0.4448895572520994,0,0,0,1,0,545,0,0,0,0,0,0,1,8,31,0.0,0.0,0.03470148682807961,0,0,0,0,0,0,0,0,0,0.05468482685032663,0,2,1.2557922880907986,4,8,0,9,17.008139621435813,29.319304498181374,1.9055113278507143,0.0,0.0,161.46581561858892,873.449337782392,317.12043571811523,702.3197788893041,1.0,86.0,0.6,0.0,0.0,106.0,668.4195843211762
9.233632702702701,45.478495,1,24,30,0,1,0,0,0,0,0,0,1,0,0.4824372997976442,0,0,0,1,3,506,0,0,0,0,0,0,0,8,31,0.0,0.0,0.0359365757455878,0,0,0,0,0,0,0,0,0,0.05427262771227099,0,2,1.2557922880907986,0,4,0,7,15.941138964587354,29.421384952348962,1.9163713812832899,0.0,0.0,61.47168535928855,701.111908689389,223.47415125667757,613.5856476079977,1.0,86.0,0.6,0.0,0.0,106.0,670.8402109621115
9.233956486486486,45.478495,1,25,30,0,1,0,0,0,0,0,0,1,0,0.5201255853840943,0,0,0,0,6,464,0,0,0,0,0,0,1,7,30,0.0,0.0,0.036451191968390396,1,1,1,1,0,0,0,0,0,0.05190874353106033,0,2,1.2295460867177275,0,8,0,8,17.444391623870295,30.0,2.0,0.0,0.0,71.49660190722649,1184.1423914760696,141.63137193807282,599.1459048201864,1.0,86.0,0.6,0.0,0.0,106.0,664.9429493195662
9.23428027027027,45.478495,1,26,30,1,1,0,0,0,0,0,0,1,1,0.558411451275191,0,0,0,0,5,404,0,0,0,0,0,0,1,8,30,0.0,0.0,0.036795709977481224,1,1,1,1,0,0,0,0,1,0.05022268967334866,0,2,1.0754118965481871,8,12,0,8,19.841304095334586,30.0,2.0,0.0,67.61009236484819,522.8977712828697,1723.4512130233782,141.63137193807282,566.8330345352034,1.0,86.0,0.6,0.0,0.0,106.0,665.230773777299
9.234604054054053,45.478495,1,27,30,0,1,0,0,0,0,0,0,1,1,0.5931440234010322,0,0,0,0,0,357,0,0,1,0,0,0,1,8,29,0.0,0.0,0.03762311393054401,0,0,0,0,0,0,0,0,2,0.04895975392390407,0,2,1.3238453174915743,4,12,0,8,23.597179865096848,30.0,2.0,0.0,235.10172699148404,279.89221172019165,1582.8895792170506,68.91301133972891,353.6692895650088,1.0,86.0,0.6,0.0,0.0,106.0,666.8014124679779
9.234927837837837,45.478495,1,28,30,0,1,0,0,0,0,0,0,1,1,0.6098502254755199,0,0,0,0,0,327,0,0,1,0,0,0,1,8,28,0.0,0.030984192892640736,0.03802472241228308,0,0,0,0,0,0,0,0,3,0.04642740693483012,0,2,0.7551850582456764,0,4,0,8,26.17385661111398,30.370758534903082,0.0,0.0,235.10172699148404,279.89221172019165,628.1725586667355,0.0,249.62411898291293,1.0,86.0,0.6,0.0,0.0,106.0,667.3942538783831
9.235251621621622,45.478495,1,29,30,0,0,0,0,0,0,0,0,1,1,0.6178315766380289,0,0,0,0,0,306,0,0,1,0,0,0,1,8,27,0.016240223233889888,0.10368479490680468,0.037739462862552864,0,0,0,0,0,0,0,0,4,0.04386130016383907,0,2,0.8784399784855524,4,16,0,6,28.371411830302243,30.154682493770018,1.0,67.61009236484819,235.10172699148404,483.8039312363474,1890.0173239260066,0.0,147.24484884029525,1.0,86.0,0.6,0.0,0.0,106.0,667.485146785099
9.235575405405404,45.478495,1,30,30,0,0,0,0,0,0,0,0,0,1,0.6210899254854104,0,0,0,0,0,282,0,0,1,0,1,0,1,8,27,0.12574316669261157,0.18904977900959646,0.03650003050708739,0,0,0,0,0,0,0,0,5,0.04291530894985164,0,3,0.8784399784855524,8,16,0,6,27.31143579151942,30.154682493770018,1.0,67.61009236484819,419.1813502487165,531.0033134902934,2089.9933351651857,0.0,19.337454937762406,1.0,86.0,0.6,0.0,0.0,106.0,666.6676985096456
9.235899189189189,45.478495,1,31,30,0,0,0,0,0,0,0,0,0,1,0.6212559167296036,0,0,0,0,0,253,0,0,1,0,1,0,1,8,24,0.21157009228177126,0.2279114077120268,0.031608464432221366,0,0,0,0,0,0,0,0,6,0.04296618446682958,0,3,0.7032432939951769,0,4,0,5,21.641607221958946,30.370758534903082,0.0,0.0,419.1813502487165,305.39268503774235,908.9475033222758,0.0,0.0,1.0,86.0,0.6,0.0,0.0,106.0,667.1813320185945
9.236222972972971,45.478495,1,32,30,0,0,0,0,0,0,0,0,0,1,0.6196835646155373,0,0,0,0,0,206,0,0,1,0,1,0,1,6,22,0.19159712934563872,0.20620231518829263,0.02837421995801055,0,0,0,0,0,0,0,0,6,0.04269026721885903,0,2,0.06133746614666766,0,8,0,5,29.505836649685133,30.0,2.0,184.0796232572324,463.41661247996615,305.39268503774235,1173.1888626282837,0.0,16.04599753545802,1.0,86.0,0.6,0.0,0.0,106.0,667.0350729956529
9.236546756756756,45.478495,1,33,30,0,0,0,0,0,0,0,0,0,1,0.618830575948423,0,0,0,0,0,180,0,0,1,0,0,0,1,5,21,0.08186628856858949,0.14446231376051857,0.027152484815560585,0,0,0,0,0,0,0,0,6,0.04017550638467235,0,1,0.06133746614666766,8,8,0,3,34.747035482379594,30.0,2.0,184.0796232572324,295.9249778533303,883.8960503909751,1622.7662218265064,0.0,136.3050308610955,1.0,86.0,0.6,0.0,0.0,106.0,669.1314945678238
9.23687054054054,45.478495,1,34,30,0,0,0,0,0,0,0,0,0,1,0.6154036781406943,0,0,0,0,0,166,0,0,1,0,0,0,1,4,19,0.00015757398302527781,0.07446855088240205,0.026356245935180468,0,0,0,0,0,0,0,0,6,0.037124542397426165,0,1,0.05213292004399344,0,8,0,1,35.87213419749037,30.0,2.0,184.0796232572324,228.31488548848208,0.0,1537.782818222305,0.0,136.3050308610955,1.0,86.0,0.6,0.0,0.0,106.0,669.33837008609
9.237194324324323,45.478495,1,35,30,0,0,0,0,0,0,0,0,0,1,0.6003547481177062,1,0,0,0,0,147,0,0,1,0,0,0,1,4,17,0.0,0.012976192526304876,0.025201576182457632,0,0,0,0,0,0,0,0,4,0.034379419891330636,0,1,0.04292837394131922,0,0,0,0,28.56336444662606,30.370758534903082,0.0,0.0,184.0796232572324,0.0,0.0,0.0,137.98487400784558,1.0,86.0,0.6,0.0,0.0,106.0,669.7553105791939
9.237518108108107,45.478495,1,36,30,0,0,0,0,0,0,0,0,0,1,0.575346113103965,1,0,0,0,0,128,0,0,0,0,0,0,1,4,16,0.0,0.0,0.023466167386191308,0,0,0,0,0,0,0,0,2,0.030327825692412262,0,1,0.04292837394131922,0,0,0,0,28.56336444662606,30.370758534903082,0.0,0.0,184.0796232572324,0.0,0.0,0.0,137.98487400784558,1.0,86.0,0.6,0.0,0.0,106.0,670.0740603889474
9.225861891891892,45.478720409836065,1,0,31,0,0,1,0,1,0,1,2,0,0,0.017281761135621607,0,0,0,0,2,445,0,0,1,1,1,0,1,10,24,0.6108488941095709,0.6021225119313702,0.11774005850808188,0,0,1,0,0,0,0,0,3,0.024771986351287273,0,2,1.0,0,0,4,4,17.113797880553456,30.370758534903082,0.0,0.0,0.0,184.01487618788113,513.4139364166036,0.0,96.53344515930547,1.0,86.0,0.6,0.0,0.0,106.0,662.4228105471077
9.226185675675676,45.478720409836065,1,1,31,0,0,1,0,1,0,0,2,0,0,0.01423427449157656,0,0,1,0,3,499,0,0,1,1,1,0,1,10,24,0.9701693337593036,0.7122759684894958,0.11819660713174843,0,0,1,0,0,0,0,0,3,0.026270866864495885,0,2,1.0,0,0,4,5,15.763982510486384,30.370758534903082,0.0,0.0,0.0,88.65844985007698,662.0872654404282,0.0,103.35481541911437,1.0,86.0,0.6,0.0,0.0,106.0,661.8236910787571
9.226509459459459,45.478720409836065,1,2,31,0,0,1,0,1,0,0,2,0,0,0.010683512806143589,0,0,1,0,5,531,0,0,1,1,1,0,2,10,24,1.0,0.7370291349004124,0.11828128191240382,0,0,1,0,0,0,0,0,2,0.027349006188321198,0,2,0.7958055529949085,0,0,4,7,15.852556194800892,30.370758534903082,0.0,0.0,0.0,172.98377406579482,380.4613486752214,0.0,130.510764048804,1.0,86.0,0.6,0.0,0.0,106.0,661.5460990413542
9.226833243243243,45.478720409836065,1,3,31,0,0,1,0,0,0,0,2,0,0,0.009774854325378021,0,0,1,0,5,559,0,0,1,1,1,0,2,12,26,0.8198957474878177,0.6198899875389954,0.11921429304686638,0,0,1,0,0,0,0,0,2,0.028576069221298073,0,2,0.6391374302981485,0,0,4,9,21.784508555587962,37.69380175592939,1.0,0.0,0.0,0.0,637.9563735683837,80.93240876601917,340.8981529058486,1.0,86.0,0.6,0.0,0.0,106.0,664.1387928092424
9.227157027027028,45.478720409836065,1,4,31,0,0,0,1,0,0,0,1,0,0,0.017504120193682925,0,1,1,0,5,600,0,0,1,0,1,0,3,12,28,0.40521119344753376,0.42827264753960437,0.12377328371503615,0,0,0,0,0,0,0,0,2,0.030190782796760303,0,2,0.5242434416053768,0,0,4,8,14.929530537671168,36.639589936934286,1.0,0.0,0.0,134.4380042531552,391.48933872155095,86.25563848392638,365.38614352236897,1.0,86.0,0.6,0.0,0.0,106.0,665.4520419940486
9.22748081081081,45.478720409836065,1,5,31,0,0,0,1,0,0,0,0,0,0,0.028684112087325908,0,1,1,0,5,634,0,0,1,0,0,0,3,12,29,0.015278668082963976,0.23675173416953119,0.12502211574373698,0,0,0,0,0,0,0,0,0,0.03068441143566983,0,2,0.6492434416053768,0,0,3,10,14.75664330482863,34.355386677779364,1.5208390679075885,0.0,0.0,0.0,230.3207287448198,168.1086404855533,572.800834830497,1.0,86.0,0.6,0.0,0.0,106.0,664.6865702300558
9.227804594594595,45.478720409836065,1,6,31,0,0,0,1,0,0,0,0,0,0,0.04198469409972677,0,0,1,0,2,668,0,0,1,0,0,0,3,12,30,0.0,0.0847571612716301,0.12502211574373698,0,0,0,0,0,0,0,0,0,0.03168970233188245,0,1,0.6492434416053768,0,0,2,12,9.210129119796463,28.357807448745792,1.7503935713425463,0.0,0.0,0.0,293.5291840017922,148.557013748438,722.5764679142278,1.0,86.0,0.6,0.0,0.0,106.0,664.2363826580101
9.228128378378377,45.478720409836065,1,7,31,0,0,0,1,0,0,0,0,0,0,0.05663536640876037,0,0,1,0,1,703,0,0,1,0,0,0,3,12,31,0.0,0.03605028986778634,0.12502211574373698,0,0,0,0,0,0,0,0,0,0.03328799107192638,0,2,0.65551609436035,0,0,3,12,7.849999090359736,28.357807448745792,1.7503935713425463,0.0,0.0,83.28866871303416,322.4429316731462,148.557013748438,1094.3292675940427,1.0,86.0,0.6,0.0,0.0,106.0,663.3477781394959
9.228452162162162,45.478720409836065,1,8,31,0,0,0,1,0,0,0,0,1,0,0.07241780117963803,0,0,1,0,5,720,0,0,1,0,0,0,2,12,31,0.0,0.03568270342634706,0.12388327867426388,0,0,0,0,0,0,0,0,0,0.03358682668485758,0,1,0.8498510082043951,0,0,2,12,5.968146093531033,25.229357465239353,1.7109522355340607,0.0,0.0,0.0,268.5097507575746,113.4515992284115,955.0355940543577,1.0,86.0,0.6,0.0,0.0,106.0,661.8303196870789
9.228775945945946,45.478720409836065,1,9,31,0,0,0,1,0,0,0,0,1,0,0.08824094678536906,0,0,1,0,13,750,0,0,1,0,0,0,2,12,31,0.0,0.02186653387391173,0.1173681415549195,0,0,0,1,0,0,0,0,0,0.034364224312340125,0,1,0.7375749379960087,0,0,4,12,4.686011448726166,25.59946387861281,1.5495332269787405,0.0,0.0,54.38165429853278,265.96429566690455,324.47314687259257,997.2553822683753,1.0,86.0,0.6,0.0,0.0,106.0,661.5443872900935
9.229099729729729,45.478720409836065,1,10,31,0,0,0,1,0,0,0,0,1,0,0.10312572688248599,0,0,1,0,11,770,0,0,1,0,0,0,1,13,31,0.0,0.00030475830285250005,0.11033593004140048,0,0,0,1,0,0,0,0,0,0.037064248518103644,0,1,0.7148143661523445,0,0,4,12,4.766576422082762,25.483351376350107,1.5176795731016666,0.0,0.0,104.97307630275496,366.396001598097,343.82388529223465,1009.9771105506063,1.0,86.0,0.6,0.0,0.0,106.0,661.085563329615
9.229423513513513,45.478720409836065,1,11,31,0,0,0,1,0,0,0,5,1,0,0.11697237574061115,0,0,1,0,13,783,0,0,1,0,0,0,1,13,31,0.0,0.0,0.10385433994218259,0,0,0,1,0,0,0,0,0,0.03801085117280182,0,1,0.7148143661523445,0,0,4,11,5.1566687713059505,25.64592091974617,1.3939850691449345,0.0,0.0,1.779398998784375,507.0273317688811,230.37630252787005,944.1974826525957,1.0,86.0,0.6,0.0,0.0,106.0,660.1721617253095
9.229747297297298,45.478720409836065,1,12,31,0,0,0,1,0,0,1,5,1,0,0.1297841440550227,0,1,1,0,21,802,0,0,1,0,0,0,2,12,32,0.0,0.0,0.09756583093032326,0,0,1,1,0,0,0,0,0,0.03679640934555745,0,1,0.6618292564063064,0,8,4,10,8.963748305686902,39.45297564098405,1.6,0.0,0.0,137.12503892213857,510.56920430769094,76.22455132437199,901.0076069796522,1.0,86.0,0.6,0.0,0.0,106.0,660.1195593700729
9.23007108108108,45.478720409836065,1,13,31,0,0,0,1,0,0,3,5,1,0,0.14160534473492314,0,0,1,0,17,808,0,0,1,0,0,0,2,11,32,0.0,0.0,0.09170624506267383,0,0,0,1,0,0,0,0,0,0.035727046222013045,0,1,0.9275962221062232,0,12,4,10,15.048089065766883,39.40799417099654,1.7619047619047619,0.0,0.0,65.76232732004227,850.0707193963908,89.33959812563303,940.1854710049253,1.0,86.0,0.6,0.0,0.0,106.0,659.3903419152944
9.230394864864865,45.478720409836065,1,14,31,0,0,0,1,0,0,1,4,1,0,0.15244679842074324,0,0,1,0,18,801,0,0,1,0,0,0,1,11,32,0.0,0.00013142524324182914,0.08271906423685932,0,0,1,0,0,0,0,0,0,0.03550846230524131,0,2,0.9096703248113374,0,8,4,8,20.31201937298864,35.0,2.0,0.0,0.0,0.0,754.9724042119198,175.22673917675687,816.2235209460947,1.0,86.0,0.6,0.0,0.0,106.0,659.0861704992386
9.230718648648649,45.478720409836065,1,15,31,0,0,0,1,0,0,0,3,1,0,0.1623414503430551,0,0,1,0,20,791,0,0,1,0,0,0,1,11,32,0.0,0.029352333241944112,0.06605868214274761,0,0,0,0,0,0,0,0,0,0.03625471423964862,0,2,0.6058971476258403,0,0,4,8,20.237898038371604,30.0,2.0,0.0,0.0,0.0,270.5170903996074,134.24087036782473,483.1333403662006,1.0,86.0,0.6,0.0,0.0,106.0,661.5631143938117
9.231042432432432,45.478720409836065,1,16,31,0,0,0,1,0,0,0,0,1,0,0.18479457618105014,0,0,0,0,12,759,0,0,1,0,0,0,1,13,32,0.0008892209895851136,0.07675154583589108,0.048389232763450855,0,0,0,0,0,0,0,0,0,0.03856949580729764,0,2,1.0041081175564044,0,4,4,8,20.67281542127571,30.0,2.0,0.0,0.0,0.0,364.6875510614673,172.80564989170125,475.12293909022566,1.0,86.0,0.6,0.0,0.0,106.0,665.797456199293
9.231366216216216,45.478720409836065,1,17,31,0,0,0,1,0,0,0,0,1,0,0.2205265849359499,0,0,0,1,21,748,0,0,1,0,0,0,1,12,32,0.016800448660639362,0.09046696558592356,0.03770120976653698,0,0,0,0,0,0,0,0,0,0.045603483744550595,0,1,0.7813174867484135,0,8,3,9,17.48711195265723,30.0,2.0,0.0,0.0,16.67999145900041,367.9962491226526,261.5397811730077,532.3290168965499,1.0,86.0,0.6,0.0,0.0,106.0,665.8341874560101
9.23169,45.478720409836065,1,18,31,0,0,0,1,1,0,0,0,1,0,0.2623358222871599,0,0,0,1,19,731,0,0,1,0,0,0,1,12,32,0.009038320062448393,0.08188470691114741,0.03256958065301005,0,0,0,0,0,0,0,0,0,0.050763624997283006,0,1,0.7757067264907469,0,4,2,10,18.350195076978892,30.0,2.0,0.0,0.0,0.0,420.092901446811,167.11334101651352,638.1532688013751,1.0,86.0,0.6,0.0,0.0,106.0,660.0730366889101
9.232013783783783,45.478720409836065,1,19,31,0,0,0,1,1,0,0,0,1,0,0.30527964353427156,0,0,0,1,8,699,0,0,1,0,0,0,1,8,32,0.0,0.04523969016208123,0.03505066889270794,0,0,0,0,0,0,0,0,0,0.05627242515846099,0,1,0.875907076330222,0,4,0,12,23.031208524452627,30.0,2.0,0.0,0.0,0.0,401.92746440500105,196.88395723076718,796.2504285081216,1.0,86.0,0.6,0.0,0.0,106.0,660.5953148230732
9.232337567567567,45.478720409836065,1,20,31,0,0,0,0,1,0,0,0,1,0,0.348492738615283,0,0,0,1,1,664,0,0,1,0,0,0,1,8,32,0.0,0.007286776803628374,0.03507460497005413,0,0,0,0,0,0,0,0,0,0.06093122005142195,0,2,0.6677263182504567,0,4,0,13,20.233285301896785,29.134565229350233,1.8745910588196522,0.0,0.0,0.0,409.20863227990463,278.72306798458595,907.0450064008993,1.0,86.0,0.6,0.0,0.0,106.0,661.0496851470234
9.23266135135135,45.478720409836065,1,21,31,0,0,0,0,0,0,0,0,1,0,0.39182137086878943,0,0,0,1,1,625,0,0,0,0,0,0,1,8,32,0.0,0.0,0.03384115428116979,0,0,0,0,0,0,0,0,0,0.06417129863778212,0,2,0.8239590575219327,0,8,0,13,17.571635355240705,29.23602450545693,1.8597505835239534,0.0,0.0,0.0,442.210854746794,295.7978301733157,851.6064445269485,1.0,86.0,0.6,0.0,0.0,106.0,663.7226551503373
9.232985135135134,45.478720409836065,1,22,31,0,0,0,0,0,0,0,0,1,0,0.4343035293707209,0,0,0,1,0,579,0,0,0,0,0,0,1,7,31,0.0,0.0,0.032252969327850926,0,0,0,0,0,0,0,0,0,0.06628757290327117,0,3,1.46925430818362,0,4,0,12,14.18151051956466,29.03860696519028,1.83541817511773,0.0,0.0,0.0,513.2542169824818,451.08849834791476,792.5646897295038,1.0,86.0,0.6,0.0,0.0,106.0,665.2493477956393
9.233308918918919,45.478720409836065,1,23,31,0,0,0,0,0,0,0,0,1,0,0.47473757504646896,0,0,0,1,0,544,0,0,0,0,0,0,1,8,31,0.0,0.0,0.03254081971196776,0,0,0,0,0,0,0,0,0,0.06670566064320085,0,3,1.2557922880907986,0,4,0,12,15.13710743043707,29.315320827839077,1.8543432626994136,0.0,0.0,48.68481503065973,613.6806136214227,415.64269164829807,781.3972234274589,1.0,86.0,0.6,0.0,0.0,106.0,667.8195772504226
9.233632702702701,45.478720409836065,1,24,31,0,1,0,0,0,0,0,0,1,0,0.5113143293668226,0,0,0,1,4,510,0,0,0,0,0,0,0,8,31,0.0,0.0,0.03372323648802431,0,0,0,0,0,0,0,0,0,0.06516483656163703,0,2,1.2557922880907986,0,4,0,10,16.286739463645546,29.338318559158637,1.8773746188595022,0.0,0.0,0.0,575.8025415924137,271.10791051715455,651.6618649024313,1.0,86.0,0.6,0.0,0.0,106.0,668.4209883221831
9.233956486486486,45.478720409836065,1,25,31,0,1,0,0,0,0,0,2,1,0,0.5462950595404533,0,0,0,1,9,460,0,0,0,0,0,0,1,8,31,0.0,0.0,0.03502269847346138,0,0,1,0,0,0,0,0,1,0.06353830268446758,0,2,1.3223029182510788,0,4,0,9,16.15424923007785,30.0,2.0,0.0,0.0,0.0,827.6235818665981,141.63137193807282,592.7198702859876,1.0,86.0,0.6,0.0,0.0,106.0,665.4265521432334
9.23428027027027,45.478720409836065,1,26,31,1,1,0,0,0,0,0,2,1,1,0.581832470996675,0,0,0,0,8,391,0,0,1,0,0,0,1,7,29,0.0,0.0,0.035962102924428335,0,0,0,0,0,0,0,0,2,0.06022244689950703,0,2,1.054606099140931,4,12,0,9,23.98478975145772,30.0,2.0,0.0,235.10172699148404,119.49434385227985,1897.839748279804,68.91301133972891,484.55570298802695,1.0,86.0,0.6,0.0,0.0,106.0,665.220083410454
9.234604054054053,45.478720409836065,1,27,31,0,1,0,0,0,0,0,2,1,1,0.6141565929258614,0,0,0,0,0,363,0,0,1,0,0,0,1,7,28,0.0,0.0,0.035996182397405,0,0,0,0,0,0,0,0,3,0.05760471272441982,0,2,1.171548720442373,0,12,0,9,23.597090129008897,30.0,2.0,0.0,235.10172699148404,0.0,1490.8763133188068,19.337454937762406,229.4424941950099,1.0,86.0,0.6,0.0,0.0,106.0,667.3118744831864
9.234927837837837,45.478720409836065,1,28,31,0,1,0,0,0,0,0,0,1,1,0.6284978074303241,0,0,0,0,0,338,0,0,1,0,0,0,1,7,28,0.0,0.06885603029072794,0.03524476303689048,0,0,0,0,0,0,0,0,5,0.05569219995546545,0,2,1.4747217679145,0,0,0,9,72.15517336762586,30.370758534903082,0.0,0.0,235.10172699148404,0.0,865.8620804115103,0.0,141.63137193807282,1.0,86.0,0.6,0.0,0.0,106.0,667.1301066256606
9.235251621621622,45.478720409836065,1,29,31,0,0,0,0,1,0,0,0,1,1,0.6333605093375965,0,0,1,0,0,311,0,0,1,0,0,0,1,7,27,0.09926764257918817,0.1675866718456196,0.03438434763652125,0,0,0,0,0,0,0,0,7,0.0538192188693627,0,3,0.9228467946271711,0,16,0,9,27.564448012141625,30.154682493770018,1.0,67.61009236484819,235.10172699148404,437.1570520764984,1724.0790284243571,0.0,68.91301133972891,1.0,86.0,0.6,0.0,0.0,106.0,663.6612735413689
9.235575405405404,45.478720409836065,1,30,31,0,0,0,0,1,0,0,0,1,1,0.6329625713907157,0,0,1,0,0,291,0,0,1,1,1,0,1,7,25,0.3735791047287313,0.2409974134651923,0.03297960162225576,0,0,0,0,0,0,0,0,9,0.052041343132491515,0,3,0.7484074610269785,0,16,0,9,25.760361817243577,30.154682493770018,1.0,67.61009236484819,419.1813502487165,116.6068762706726,1967.4584911973943,0.0,14.471834562328617,1.0,86.0,0.6,0.0,0.0,106.0,662.8921739146434
9.235899189189189,45.478720409836065,1,31,31,0,0,0,0,1,0,0,0,0,1,0.6288555017774012,0,0,1,0,0,254,0,0,1,1,1,0,1,7,23,0.6225153166981351,0.25052942950028334,0.026685856119696347,0,0,0,0,0,0,0,0,10,0.05008859063647569,0,3,0.688147584925372,0,4,0,7,22.494515333834837,30.370758534903082,0.0,0.0,463.41661247996615,68.11946825528827,1034.7477053564025,0.0,136.3050308610955,1.0,86.0,0.6,0.0,0.0,106.0,663.528983609009
9.236222972972971,45.478720409836065,1,32,31,0,0,0,0,0,0,0,0,0,1,0.6220126246809442,0,0,1,0,0,217,0,0,1,1,1,0,1,5,22,0.5446504295966553,0.24847842421074118,0.022901259958353067,0,0,0,0,0,0,0,0,10,0.04882354963953183,0,3,0.22142100040188845,0,4,0,6,22.318835383783462,30.0,2.0,184.0796232572324,789.4757362856637,69.21553366387005,976.4998166995078,0.0,136.3050308610955,1.0,86.0,0.6,0.0,0.0,106.0,666.3142298107039
9.236546756756756,45.478720409836065,1,33,31,0,0,0,0,0,0,0,0,0,1,0.6134379974581621,0,0,1,0,0,190,0,0,1,0,1,0,1,4,20,0.2727013477714468,0.18768871385928607,0.0221365487388665,0,0,0,0,0,0,0,0,10,0.04707849401549114,0,3,0.13544104278288352,0,8,0,6,35.0399158188513,30.0,2.0,184.0796232572324,789.4757362856637,107.2631337227021,1918.3153258738453,0.0,154.0308715433036,1.0,86.0,0.6,0.0,0.0,106.0,667.2545655545828
9.23687054054054,45.478720409836065,1,34,31,0,0,0,0,0,0,0,0,0,1,0.6039720293897837,0,0,0,0,0,177,0,0,1,0,0,0,1,4,17,0.027014063504660554,0.10397713034882304,0.021370612533836788,0,0,0,0,0,0,0,0,8,0.04382400292669932,0,2,0.16370468150177522,0,8,0,4,34.92447234718313,30.0,2.0,184.0796232572324,554.3740092941796,0.0,1143.0503259357265,0.0,154.0308715433036,1.0,86.0,0.6,0.0,0.0,106.0,669.516269681958
9.237194324324323,45.478720409836065,1,35,31,0,0,0,0,0,0,0,0,0,1,0.59486500520271,1,0,0,0,0,161,0,0,1,0,0,0,1,4,17,0.0,0.03444328014947723,0.020210634920581595,0,0,0,0,0,0,0,0,6,0.03984739951548421,0,2,0.04292837394131922,0,0,0,1,28.56336444662606,30.370758534903082,0.0,0.0,228.31488548848208,0.0,0.0,0.0,154.0308715433036,1.0,86.0,0.6,0.0,0.0,106.0,670.4630113528549
9.237518108108107,45.478720409836065,1,36,31,0,0,0,0,0,0,0,0,0,1,0.5766108245541507,1,0,0,0,0,142,0,0,1,0,0,0,1,4,16,0.0,0.0,0.01877533504272899,0,0,0,0,0,0,0,0,4,0.03641506419680131,0,2,0.04292837394131922,0,0,0,0,28.56336444662606,30.370758534903082,0.0,0.0,228.31488548848208,0.0,0.0,0.0,154.0308715433036,1.0,86.0,0.6,0.0,0.0,106.0,670.2006069573843
9.225861891891892,45.478945819672134,1,0,32,0,0,1,0,1,1,2,2,0,0,0.04544244861189578,0,0,0,0,4,449,0,0,1,1,1,0,1,9,22,0.5216834328276994,0.4264908457298792,0.1166379775353075,0,0,0,0,0,0,0,0,3,0.02994938830341367,0,2,1.1606839988709294,0,12,4,6,10.038032891960812,50.0,1.0,0.0,0.0,88.2744060913659,677.6895646134042,0.0,84.51735439757856,1.0,86.0,0.6,0.0,0.0,106.0,662.2167400367441
9.226185675675676,45.478945819672134,1,1,32,0,0,1,0,1,0,1,4,0,0,0.04353184309821921,0,0,1,0,5,501,0,0,1,1,1,0,1,10,23,0.8658670669784769,0.5372552161593872,0.11682109040237718,0,0,1,0,0,1,0,0,3,0.031477787389643776,0,2,1.423443427603654,0,0,4,7,19.05972045249334,50.0,1.0,0.0,0.0,171.15696989749608,691.1298427372295,0.0,107.5579895826836,1.0,86.0,0.6,0.0,0.0,106.0,661.1964001223625
9.226509459459459,45.478945819672134,1,2,32,0,0,1,0,1,0,0,4,0,0,0.040776326634746264,0,0,1,0,7,537,0,0,1,1,1,0,1,11,25,0.8931388712225302,0.5585642541428337,0.11723357813598663,0,0,1,0,0,0,0,0,3,0.03293458604642894,0,2,1.1887897930443585,0,4,4,9,12.038539950359743,37.90047865762528,1.0,0.0,0.0,67.44113020153813,633.7568496037716,0.0,184.00520703311682,1.0,86.0,0.6,0.0,0.0,106.0,660.8403221078671
9.226833243243243,45.478945819672134,1,3,32,0,0,1,0,1,0,0,2,0,0,0.039277206001026715,0,0,1,0,5,573,0,0,1,1,1,0,2,12,27,0.7157349636969232,0.4777553492320299,0.11786891016643995,0,0,1,0,0,0,0,0,2,0.035125806913494685,0,2,0.8370689438815171,0,8,4,10,15.563306375810447,35.85507711592484,1.0,0.0,0.0,0.0,561.4577855753547,84.51735439757856,394.9316835336206,1.0,86.0,0.6,0.0,0.0,106.0,660.302321228078
9.227157027027028,45.478945819672134,1,4,32,0,0,0,1,0,0,0,2,0,0,0.04410672633867003,0,1,1,0,8,615,0,0,1,0,1,0,2,12,28,0.3404498897454827,0.3289913577447084,0.1220695913247965,0,0,1,0,0,1,0,0,2,0.03605121870005269,0,2,1.3534980659257674,0,4,4,10,23.637771168546404,36.25791202747226,1.0,0.0,0.0,134.4380042531552,442.5870362318196,84.51735439757856,394.9316835336206,1.0,86.0,0.6,0.0,0.0,106.0,663.1264651031258
9.22748081081081,45.478945819672134,1,5,32,0,0,0,1,0,0,0,2,0,0,0.0564528865566412,0,1,1,0,5,644,0,0,1,0,0,0,2,12,28,0.013229143529009712,0.17665921803816348,0.12447491673580201,0,0,1,0,0,1,0,0,2,0.03765499208298139,0,2,1.3534980659257674,0,4,4,9,24.343205529669948,29.309741846802947,1.5293661953442694,0.0,0.0,0.0,291.46145681697675,183.65376991609807,498.77267303315244,1.0,86.0,0.6,0.0,0.0,106.0,664.164568335077
9.227804594594595,45.478945819672134,1,6,32,0,0,0,1,0,0,0,0,0,0,0.07487670320677717,0,0,1,0,4,671,0,0,1,0,0,0,2,12,31,0.0,0.03953604888138932,0.12442747134796577,0,0,0,0,0,0,0,0,1,0.0401245056646344,0,3,1.3534980659257674,0,0,2,11,14.38201420852416,28.711412254398674,1.6373926285030667,0.0,0.0,0.0,417.3849988338027,103.9641743233604,760.3661227350112,1.0,86.0,0.6,0.0,0.0,106.0,662.3719053857432
9.228128378378377,45.478945819672134,1,7,32,0,0,0,1,0,0,0,0,1,0,0.09436871391356187,0,0,1,0,0,703,0,0,1,0,0,0,2,12,31,0.0,0.0032602299785892673,0.1242703741178077,0,0,0,0,0,0,0,0,0,0.04246309896592161,0,2,0.919821209845274,0,0,3,11,14.824201518545568,31.82466388044163,1.5208390679075885,0.0,0.0,75.86041556359135,478.3461731203341,91.66545740484058,943.8485912442562,1.0,86.0,0.6,0.0,0.0,106.0,661.681629110032
9.228452162162162,45.478945819672134,1,8,32,0,0,0,1,0,0,0,0,1,0,0.11230898050283052,0,0,1,0,0,733,0,0,1,0,0,0,2,12,31,0.0,0.0028378361243719657,0.12150413490237637,0,0,0,0,0,0,0,0,0,0.04515896036652904,0,1,1.245220743566891,0,4,4,12,9.339391958483915,25.695943070858814,1.6733736744369279,0.0,0.0,0.0,267.3773814501132,111.85417062319064,991.353220174983,1.0,86.0,0.6,0.0,0.0,106.0,661.269456197466
9.228775945945946,45.478945819672134,1,9,32,0,0,0,1,0,0,0,0,1,0,0.12789174817253346,0,0,1,0,1,750,0,0,1,0,0,0,2,12,31,0.0,0.0,0.11450816844722665,0,0,0,1,0,0,0,0,0,0.04665310134198259,0,1,1.0771152946303313,0,4,4,12,7.5593524251109665,25.6997861685821,1.673516000138131,0.0,0.0,32.685091352655924,471.72390617780223,251.77616376472457,933.0728866548214,1.0,86.0,0.6,0.0,0.0,106.0,662.2384373591203
9.229099729729729,45.478945819672134,1,10,32,0,0,0,1,0,0,0,2,1,0,0.14226502273709263,0,0,1,0,3,766,0,0,1,0,0,0,1,13,31,0.0,0.0,0.10844959333723245,0,0,0,1,0,0,0,0,0,0.04754226551546948,0,1,1.2675076137793355,0,0,4,12,6.635989109911912,25.502449220433157,1.6910339731902788,0.0,0.0,101.05938489646445,432.0304059970846,312.77017611088934,962.2071333572618,1.0,86.0,0.6,0.0,0.0,106.0,661.2266298371349
9.229423513513513,45.478945819672134,1,11,32,0,0,0,1,0,0,0,5,1,0,0.15553790594695183,0,0,1,0,3,786,0,0,1,0,0,0,1,12,31,0.0,0.0,0.10350568073040191,0,0,0,0,0,0,0,0,0,0.04872256607907474,0,1,0.877151558604955,0,4,4,12,9.238808508184205,25.600098885556555,1.6828242489168057,0.0,0.0,0.0,484.98415852263105,210.4108692454667,916.8317252734962,1.0,86.0,0.6,0.0,0.0,106.0,660.1496821270509
9.229747297297298,45.478945819672134,1,12,32,0,0,0,1,0,0,3,7,1,0,0.16773011161334203,0,1,1,0,10,805,0,0,1,0,0,0,2,12,31,0.0,0.0,0.0982799325990419,0,0,0,1,0,0,0,0,0,0.050802522940458,0,1,0.8604773568478588,0,12,4,10,15.144534230345213,35.825345156049416,1.6869635751995629,0.0,0.0,126.50296989306239,455.92604077507576,89.98611846729364,891.8678803437127,1.0,86.0,0.6,0.0,0.0,106.0,660.7141073111618
9.23007108108108,45.478945819672134,1,13,32,0,0,0,1,0,1,3,7,1,0,0.17887630164882928,0,0,1,0,12,803,0,0,1,0,0,0,1,11,32,0.0,0.0,0.09139384434617154,0,0,0,1,0,0,0,0,0,0.050592318420083326,0,2,1.025736609529856,0,8,4,10,20.640336117874288,43.11580679471812,1.733001638258103,0.0,0.0,101.1010056618875,600.2963942597876,0.0,919.1156821563997,1.0,86.0,0.6,0.0,0.0,106.0,660.0921903995535
9.230394864864865,45.478945819672134,1,14,32,0,0,0,1,0,0,3,7,1,0,0.18899374279637712,0,0,1,0,15,797,0,0,1,0,0,0,1,9,32,0.0,0.0,0.08041890086494063,0,0,0,0,0,0,0,0,0,0.04849145200679881,0,2,0.5925344239988177,0,0,4,8,27.564312992608187,47.75303665606269,1.8571428571428572,0.0,0.0,0.0,401.1126304984157,0.0,586.6828717220727,1.0,86.0,0.6,0.0,0.0,106.0,660.8943868641293
9.230718648648649,45.478945819672134,1,15,32,0,0,0,1,0,0,0,8,1,0,0.19812719354980265,0,0,1,0,17,790,0,0,1,0,0,0,1,10,32,0.0,0.0005693356339637537,0.06350966529617293,0,0,0,0,0,0,0,0,0,0.048785717581699986,0,2,0.5145928565575408,0,0,4,8,111.82373093057286,34.271256592438796,1.0,0.0,0.0,0.0,231.22128469011002,0.0,483.1333403662006,1.0,86.0,0.6,0.0,0.0,106.0,662.8233436441036
9.231042432432432,45.478945819672134,1,16,32,0,0,0,1,0,0,0,5,1,0,0.22000104922833794,0,0,0,0,13,765,0,0,1,0,0,0,1,11,32,0.0,0.015095062782514877,0.04855862072204212,0,0,0,0,0,0,0,0,0,0.050610037834994105,0,2,0.5052680409261922,0,0,4,9,111.82373093057286,34.271256592438796,1.0,0.0,0.0,0.0,231.22128469011002,0.0,378.19129655460404,1.0,86.0,0.6,0.0,0.0,106.0,665.3649415089976
9.231366216216216,45.478945819672134,1,17,32,0,0,0,1,0,0,0,3,1,0,0.2549259352888173,0,0,0,1,15,751,0,0,1,0,0,0,1,12,32,0.0,0.03143690174924445,0.03856628309730235,0,0,0,0,0,0,0,0,0,0.05381179864655722,0,2,1.7474935516091157,0,0,4,10,59.82102390425539,34.05756569939827,1.0,0.0,0.0,0.0,247.90127614911046,0.0,617.6181051136708,1.0,86.0,0.6,0.0,0.0,106.0,664.166812593586
9.23169,45.478945819672134,1,18,32,0,0,0,1,0,0,0,1,1,0,0.2941331705721439,0,0,0,1,18,735,0,0,1,0,0,0,1,10,32,0.0,0.02398975029529647,0.033505097317774575,0,0,0,0,0,0,0,0,0,0.06002803646423821,0,1,1.7474935516091157,0,0,2,12,31.648300783098648,33.84505620621381,1.0,0.0,0.0,0.0,302.3941947769759,0.0,716.6175650397332,1.0,86.0,0.6,0.0,0.0,106.0,662.9461347202484
9.232013783783783,45.478945819672134,1,19,32,0,0,0,1,0,0,0,0,1,0,0.33569555003308027,0,0,0,1,10,693,0,0,1,0,0,0,1,9,32,0.0,0.0049301532936421415,0.03507176587441946,0,0,0,0,0,0,0,0,0,0.06831525937826863,0,1,1.750784820028605,0,0,0,13,28.56336444662606,30.370758534903082,0.0,0.0,0.0,0.0,0.0,0.0,986.3372152556839,1.0,86.0,0.6,0.0,0.0,106.0,663.5174315299935
9.232337567567567,45.478945819672134,1,20,32,0,0,0,0,0,0,0,0,1,0,0.37885497802049783,0,0,0,1,1,667,0,0,1,0,0,0,1,8,32,0.0,0.0,0.03507460497005413,0,0,0,0,0,0,0,0,0,0.07382276486492773,0,1,0.8010759718179603,0,0,0,14,19.04078227360937,28.663042884549625,1.7545635211669184,0.0,0.0,0.0,0.0,152.32625818887496,999.2413897402974,1.0,86.0,0.6,0.0,0.0,106.0,665.076271446834
9.23266135135135,45.478945819672134,1,21,32,0,0,0,0,0,0,0,0,1,0,0.4221414230961872,0,0,0,1,1,627,0,0,1,0,0,0,1,8,32,0.0,0.0,0.03304126945248602,0,0,0,0,0,0,0,0,0,0.07708383163151147,0,2,1.0301310507110084,0,0,0,13,19.04078227360937,28.663042884549625,1.7545635211669184,0.0,0.0,0.0,0.0,152.32625818887496,871.1147667298264,1.0,86.0,0.6,0.0,0.0,106.0,664.515664481642
9.232985135135134,45.478945819672134,1,22,32,0,0,0,0,0,0,0,0,1,0,0.46454724570274336,0,0,0,1,0,588,0,0,0,0,0,0,1,7,32,0.0,0.0,0.032252969327850926,0,0,0,0,0,0,0,0,0,0.07869836441974797,0,3,1.7099729222840347,0,0,0,13,14.4905581687043,28.668868984735752,1.7546431139749554,0.0,0.0,0.0,109.06521789826134,267.68929448805045,820.50612301964,1.0,86.0,0.6,0.0,0.0,106.0,665.139180330521
9.233308918918919,45.478945819672134,1,23,32,0,0,0,0,0,0,0,0,1,0,0.5048673388453733,0,0,0,1,0,550,0,0,0,0,0,0,1,7,31,0.0,0.0,0.032252969327850926,0,0,0,0,0,0,0,1,0,0.07828166703116828,0,3,1.1409200206800374,0,0,0,12,14.019709182158278,29.074401517851534,1.7601832646812123,0.0,0.0,0.0,145.7426812828912,246.80917581754056,799.8242152200543,1.0,86.0,0.6,0.0,0.0,106.0,666.4542601766691
9.233632702702701,45.478945819672134,1,24,32,0,1,0,0,0,0,0,2,1,0,0.5411147386962544,0,0,0,1,4,498,0,0,0,0,0,0,0,8,31,0.0,0.0,0.032252969327850926,0,0,0,0,0,0,0,1,0,0.07731661893506611,0,3,1.0259664201501986,0,0,0,10,15.91449101342629,29.04252749736273,1.7597478202650378,0.0,0.0,36.67746338462987,204.6554436200803,145.46335867529808,679.0568403146926,1.0,86.0,0.6,0.0,0.0,106.0,666.653220092851
9.233956486486486,45.478945819672134,1,25,32,0,1,0,0,0,0,0,2,1,0,0.5734383546299594,0,0,0,1,8,449,0,0,0,0,0,0,1,9,29,0.0,0.0,0.03262261185884654,0,0,0,0,0,0,0,1,3,0.07478761140035513,0,2,1.1905299593583025,0,0,0,9,24.037420332900698,29.25667605863389,1.7626733939393744,0.0,0.0,70.94993323363877,474.4630822845469,54.36016503926848,656.9343264830443,1.0,86.0,0.6,0.0,0.0,106.0,666.2888996494787
9.23428027027027,45.478945819672134,1,26,32,1,1,0,0,0,0,2,2,1,1,0.6062455782539208,0,0,0,0,8,386,0,0,1,0,0,0,1,8,29,0.0,0.0,0.03386518626293063,0,0,0,0,0,0,0,1,3,0.07239465659132462,0,2,1.0547236592649551,0,0,1,9,36.9018647940344,30.370758534903082,0.0,0.0,235.10172699148404,389.44238692876513,590.4298367045504,0.0,558.4151427295942,1.0,86.0,0.6,0.0,0.0,106.0,667.238271038856
9.234604054054053,45.478945819672134,1,27,32,0,1,0,0,0,0,0,2,1,1,0.6361973721988143,0,0,0,0,0,368,0,0,1,0,0,0,1,8,28,0.0,0.0,0.03557515721959826,0,0,0,0,0,0,0,0,5,0.06859344080683819,0,2,1.317614555957672,0,0,0,9,40.082921287833464,30.370758534903082,0.0,0.0,235.10172699148404,0.0,561.1608980296685,0.0,381.3750506447742,1.0,86.0,0.6,0.0,0.0,106.0,667.6121926143996
9.234927837837837,45.478945819672134,1,28,32,0,1,0,0,1,0,0,2,1,1,0.6482995606253761,0,0,0,0,0,350,0,0,1,0,0,0,1,9,28,0.0,0.08365533996811121,0.03706190192672918,0,0,0,0,0,0,0,0,10,0.06530056817835161,0,2,1.7718687796900534,0,0,0,9,218.5785260382492,30.370758534903082,0.0,0.0,235.10172699148404,0.0,437.1570520764984,0.0,277.0171062991665,1.0,86.0,0.6,0.0,0.0,106.0,663.2568800451462
9.235251621621622,45.478945819672134,1,29,32,0,0,0,0,1,0,0,0,1,1,0.6504843664389688,0,0,1,0,0,322,0,0,1,0,0,0,1,9,26,0.1396590647871613,0.17192933712023226,0.03704000191315967,0,0,0,0,0,0,0,0,14,0.06343818341502297,0,3,0.5165213728448107,0,0,0,10,60.9440611497386,30.505193817888706,1.0,227.49558364897115,235.10172699148404,437.1570520764984,991.3856393458009,0.0,68.91301133972891,1.0,86.0,0.6,0.0,0.0,106.0,662.3823118521701
9.235575405405404,45.478945819672134,1,30,32,0,0,0,0,1,0,0,0,1,1,0.6468150673057873,0,0,1,0,0,294,0,0,1,1,1,0,1,9,24,0.5294089650520494,0.24135960985280575,0.03451727626902037,0,0,0,0,0,1,0,0,15,0.06055987915060809,0,4,0.4521141694603775,0,0,0,10,38.86167602383596,30.505193817888706,1.0,227.49558364897115,463.41661247996615,142.28485049825582,1249.2481052567948,0.0,136.3050308610955,1.0,86.0,0.6,0.0,0.0,106.0,662.3660124172094
9.235899189189189,45.478945819672134,1,31,32,0,0,0,0,1,0,0,0,0,1,0.6389600394043309,0,0,1,0,0,254,0,0,1,1,1,0,1,8,23,0.7899451710639368,0.25052942950028334,0.028204810121099246,0,0,0,0,0,0,0,0,15,0.057028453796979364,0,3,0.49068269332428127,0,0,0,11,17.533718836597952,30.370758534903082,0.0,0.0,789.4757362856637,217.99994238235223,596.1464404443303,0.0,136.3050308610955,1.0,86.0,0.6,0.0,0.0,106.0,662.6529054664649
9.236222972972971,45.478945819672134,1,32,32,0,0,0,0,0,0,0,0,0,1,0.628026304031977,0,0,1,0,0,224,0,0,1,1,1,0,1,7,21,0.6021759477297577,0.25052942950028334,0.02447583389556143,0,0,0,0,0,0,0,0,13,0.054016073720511266,0,3,0.16615737420002552,0,0,0,11,29.85947517035646,30.0,2.0,184.0796232572324,789.4757362856637,161.78869480349425,592.2667311720356,0.0,136.3050308610955,1.0,86.0,0.6,0.0,0.0,106.0,665.1896046615087
9.236546756756756,45.478945819672134,1,33,32,0,0,0,0,0,0,0,0,0,1,0.6148172547524549,0,0,1,0,0,197,0,0,1,0,1,0,1,7,19,0.27623738774516166,0.20250816888233092,0.022277653753511047,0,0,0,0,0,0,0,0,13,0.05184439919773115,0,3,0.14561503896803188,0,0,0,9,42.53536000495017,30.0,2.0,184.0796232572324,789.4757362856637,378.97073972953456,666.627576841771,0.0,154.0308715433036,1.0,86.0,0.6,0.0,0.0,106.0,666.2702193868652
9.23687054054054,45.478945819672134,1,34,32,0,0,0,0,0,0,0,0,0,1,0.5999702192596603,0,0,1,0,0,180,0,0,1,0,0,0,1,6,17,0.027436793451164572,0.1043748846034283,0.020621304457225653,0,0,0,0,0,0,0,0,12,0.05005605596218985,0,2,0.1433711954533881,0,0,0,7,54.34640064276389,30.0,2.0,184.0796232572324,554.3740092941796,0.0,576.7699857414619,0.0,154.0308715433036,1.0,86.0,0.6,0.0,0.0,106.0,668.2142603768027
9.237194324324323,45.478945819672134,1,35,32,0,0,0,0,0,0,0,0,0,1,0.5834732583076556,1,0,1,0,0,163,0,0,1,0,0,0,1,5,17,0.0,0.03477757505363748,0.018676445038974632,0,0,0,0,0,0,0,0,9,0.047142926101016634,0,2,0.09112465658361753,0,0,0,4,28.56336444662606,30.370758534903082,0.0,0.0,554.3740092941796,0.0,0.0,0.0,154.0308715433036,1.0,86.0,0.6,0.0,0.0,106.0,668.6118692272818
9.237518108108107,45.478945819672134,1,36,32,0,0,0,0,0,0,0,0,0,1,0.5640718174210061,1,0,1,0,0,146,0,0,1,0,0,0,1,5,16,0.0,0.0,0.0166557755413338,0,0,0,0,0,0,0,0,7,0.04296302431771942,0,2,0.023799754072710556,0,0,0,1,28.56336444662606,30.370758534903082,0.0,0.0,554.3740092941796,0.0,0.0,0.0,154.0308715433036,1.0,86.0,0.6,0.0,0.0,106.0,668.5492666271477
9.225861891891892,45.4791712295082,1,0,33,0,0,1,0,1,0,2,3,0,0,0.07973368676252164,0,0,0,0,3,454,0,0,1,1,1,0,1,9,22,0.27896568465092536,0.26598861325423623,0.1166379775353075,0,0,1,0,0,0,0,0,6,0.03421458826704857,0,2,1.2187054453423867,12,20,4,6,11.155909892305266,50.0,1.0,0.0,0.0,230.89731445305145,1013.7517006598796,0.0,99.88180590459271,1.0,86.0,0.6,0.0,0.0,106.0,661.531035198675
9.226185675675676,45.4791712295082,1,1,33,0,0,1,0,1,0,0,4,0,0,0.07984378149836854,0,0,1,0,4,506,0,0,1,1,1,0,2,9,23,0.4588386280983327,0.3722661109576023,0.1166379775353075,0,0,1,0,0,1,0,0,6,0.0357323872554891,0,2,1.551802944517059,0,16,4,7,10.03072649597387,45.032288644928364,1.0,0.0,0.0,94.34737921720114,895.6018565808229,0.0,167.65613668365307,1.0,86.0,0.6,0.0,0.0,106.0,661.0893327740434
9.226509459459459,45.4791712295082,1,2,33,0,0,1,0,1,0,2,4,0,0,0.07789272304931646,0,0,1,0,13,545,0,0,1,1,1,0,2,10,25,0.47241719437882734,0.39669466809320275,0.11674565694380715,0,0,1,0,0,0,0,0,6,0.03749482468031731,0,2,1.2853516183762552,0,8,4,9,15.268353836971043,37.09399351786402,1.0,0.0,0.0,238.34782375679544,1213.966777395815,0.0,246.37466978518262,1.0,86.0,0.6,0.0,0.0,106.0,660.2536596204307
9.226833243243243,45.4791712295082,1,3,33,0,0,1,0,1,0,2,2,0,0,0.07920526662297475,0,0,1,0,19,587,0,0,1,1,1,0,3,11,26,0.3859627497727892,0.3235426848886476,0.11675690540401179,0,0,0,0,0,0,0,0,4,0.03933175592581989,0,2,1.522123126377692,4,12,4,10,14.010310551435118,35.87550389734199,1.0,0.0,0.0,49.50943546524839,1096.897641418299,84.51735439757856,405.5429777041817,1.0,86.0,0.6,0.0,0.0,106.0,660.5265175307718
9.227157027027028,45.4791712295082,1,4,33,0,0,0,0,0,0,2,2,0,0,0.08620259346846511,0,1,1,0,30,622,0,0,1,0,1,0,3,11,26,0.17521923918490143,0.21181177469022452,0.11958772780217881,0,0,0,0,0,0,0,0,2,0.042545772044252736,0,2,1.7389828256994968,4,8,4,10,24.758677871575316,29.950163541927743,1.4122984930630387,0.0,0.0,98.90642215769064,700.3257043130702,111.67330302726815,451.84802617937123,1.0,86.0,0.6,0.0,0.0,106.0,662.557529044251
9.22748081081081,45.4791712295082,1,5,33,0,0,0,1,0,0,0,2,0,0,0.09760525450387571,0,0,1,0,29,648,0,0,1,0,0,0,3,11,29,0.00560085139072125,0.10477427487746152,0.12317847150361651,0,0,0,0,0,0,0,0,2,0.04631311972518394,0,2,2.0195690892887113,4,8,4,10,25.804509117330145,25.495758598301055,1.7882218993506545,0.0,0.0,98.53560398762295,1011.3474654529772,80.65039161400246,490.3111097317281,1.0,86.0,0.6,0.0,0.0,106.0,662.6472570636822
9.227804594594595,45.4791712295082,1,6,33,0,0,0,1,0,0,0,1,0,0,0.11369088922137321,0,0,1,0,29,675,0,0,1,0,0,0,3,11,31,0.0,0.020802622307565567,0.12337881136664065,0,0,0,0,0,0,0,0,1,0.05089618005305228,0,3,2.0195690892887113,0,4,2,10,24.519872498224224,27.797594323504747,1.6122565418424588,0.0,0.0,262.1714297901688,803.157310369621,118.82140603453017,611.0143878257627,1.0,86.0,0.6,0.0,0.0,106.0,661.9120604936448
9.228128378378377,45.4791712295082,1,7,33,0,0,0,1,0,0,0,0,1,0,0.13372108920020978,0,0,1,0,25,697,0,0,1,0,0,0,3,11,31,0.0,0.0,0.1229715130794191,0,0,0,0,0,0,0,0,0,0.054765093705820625,0,2,2.3160817279919415,0,0,3,11,27.10766768151177,32.52575849139837,1.3906293009306914,0.0,0.0,81.75697939032855,818.1427210759682,91.66545740484058,892.5439988715393,1.0,86.0,0.6,0.0,0.0,106.0,659.991446571453
9.228452162162162,45.4791712295082,1,8,33,0,0,0,1,0,0,0,0,1,0,0.15439130674908708,0,0,1,0,25,727,0,0,1,0,0,0,3,11,31,0.0,0.0,0.11884379903048466,0,0,0,0,0,0,0,0,0,0.05657395033974473,0,1,1.3705621190263988,0,4,4,11,31.11986591549744,26.820486248168443,1.5851714171801663,0.0,0.0,131.4692367564681,663.6835209292917,71.15650819621824,858.6745277792345,1.0,86.0,0.6,0.0,0.0,106.0,660.1445674954282
9.228775945945946,45.4791712295082,1,9,33,0,0,0,1,0,0,0,1,1,0,0.17176282504020451,0,0,1,0,25,754,0,0,1,0,0,0,3,12,31,0.0,0.0,0.11274832444810308,0,0,0,0,0,0,0,0,0,0.05939971548564495,0,1,1.1550109711249645,4,4,4,11,20.350080685211648,26.172006188550537,1.6374261539779444,0.0,0.0,192.40027282614656,740.2253676568951,187.47443759453827,776.8020123278296,1.0,86.0,0.6,0.0,0.0,106.0,660.1450373153734
9.229099729729729,45.4791712295082,1,10,33,0,0,0,1,0,0,0,2,1,0,0.18610140942534495,0,0,1,0,28,771,0,0,1,0,0,0,1,12,31,0.0,0.0,0.10777127875160332,0,0,0,1,0,0,0,0,0,0.06098838326863763,0,1,1.1628658443192408,0,4,4,12,18.759231172848217,26.25155443404031,1.6321831860121707,0.0,0.0,128.9430349604047,700.7182752930092,201.79493537092094,842.8637348264713,1.0,86.0,0.6,0.0,0.0,106.0,660.3876923129299
9.229423513513513,45.4791712295082,1,11,33,0,0,0,1,0,0,2,7,1,0,0.19890898079227648,0,0,1,0,25,787,0,0,1,0,0,0,1,12,31,0.0,0.0,0.10363785014585404,0,0,0,0,0,0,0,0,0,0.062297992138126666,0,1,1.1789021755518698,0,8,4,12,18.88201035301878,27.16505543532305,1.5567162263433374,0.0,0.0,128.9430349604047,852.8760822630801,165.68890390419025,777.070518658077,1.0,86.0,0.6,0.0,0.0,106.0,659.5864707480093
9.229747297297298,45.4791712295082,1,12,33,0,0,0,1,0,0,3,7,1,0,0.2105924852071495,0,1,1,0,16,807,0,0,1,0,0,0,2,11,31,0.0,0.0,0.09602367070611037,0,0,0,1,0,0,0,0,0,0.06289653796299638,0,1,0.5750662074703915,8,20,4,10,19.265257580753286,36.486956485134435,1.628950554215159,0.0,0.0,312.6292309844898,1222.2598692640418,89.98611846729364,746.3834202907318,1.0,86.0,0.6,0.0,0.0,106.0,661.0064061389178
9.23007108108108,45.4791712295082,1,13,33,0,0,0,1,0,0,7,7,1,0,0.2211650053971018,0,0,1,0,18,807,0,0,1,0,0,0,1,11,31,0.0,0.0,0.08749132740334073,0,0,0,1,0,0,0,0,0,0.06209534052854277,0,2,0.8450516040308659,8,28,4,10,16.85846026398836,36.65373207346264,1.6010297549206272,0.0,0.0,314.57603595031554,1625.3239517854802,89.98611846729364,660.8363879064162,1.0,86.0,0.6,0.0,0.0,106.0,660.8214008845705
9.230394864864865,45.4791712295082,1,14,33,0,0,0,1,0,0,4,10,1,0,0.2306694846163616,0,0,1,0,27,795,0,0,1,0,0,0,1,9,31,0.0,0.0,0.07491843239058935,0,0,0,0,0,0,0,0,0,0.06242829531085738,0,2,0.7542242132253238,0,12,4,8,13.8496391411345,40.21274429163304,1.560530664550314,0.0,0.0,231.22128469011002,570.3643929274568,0.0,485.13556984217786,1.0,86.0,0.6,0.0,0.0,106.0,661.8386107923545
9.230718648648649,45.4791712295082,1,15,33,0,0,0,1,0,0,2,9,1,0,0.23912758249124497,0,0,1,0,40,784,0,0,1,0,0,0,1,10,32,0.0,0.0,0.06151377302848319,0,0,0,0,0,0,0,0,0,0.06251351468690897,0,2,0.508181860234416,0,0,4,8,67.21897393285376,34.11577340249986,1.0,0.0,0.0,231.22128469011002,398.6063609046355,0.0,456.9592316080587,1.0,86.0,0.6,0.0,0.0,106.0,663.0619643328284
9.231042432432432,45.4791712295082,1,16,33,0,0,0,1,0,0,3,6,1,0,0.260504334085397,0,0,0,0,35,768,0,0,1,0,0,0,1,12,32,0.0,0.0,0.04899250553555416,0,0,0,0,0,0,0,0,0,0.06348022870661554,0,3,1.4341069613319057,0,0,4,10,68.43833703285377,34.11577340249986,1.0,0.0,0.0,231.22128469011002,409.58062880463564,0.0,376.0402630472472,1.0,86.0,0.6,0.0,0.0,106.0,663.0416929071521
9.231366216216216,45.4791712295082,1,17,33,0,0,0,1,0,0,1,3,1,0,0.2931608087081514,0,0,0,1,30,747,0,0,1,0,0,0,1,12,32,0.0,0.0,0.03888198526475325,0,0,0,0,0,0,0,0,0,0.06553808374593807,0,3,1.7820831921470375,0,0,4,11,20.705436082711103,33.916080159478255,1.0,0.0,0.0,231.22128469011002,435.21772713033863,0.0,624.2709784521165,1.0,86.0,0.6,0.0,0.0,106.0,662.2317467911071
9.23169,45.4791712295082,1,18,33,0,0,0,1,0,0,0,3,1,0,0.3285892367354364,0,0,0,1,26,710,0,0,1,0,0,0,1,9,32,0.0,0.0,0.03476830233427266,0,0,0,0,0,0,0,0,0,0.07003555095616652,0,1,1.997584666013412,0,0,3,13,23.175712248802157,33.93718682895269,1.0,0.0,0.0,302.3941947769759,553.7549853982408,0.0,774.8590237240946,1.0,86.0,0.6,0.0,0.0,106.0,661.6898406749294
9.232013783783783,45.4791712295082,1,19,33,0,0,0,1,0,0,0,1,1,0,0.36758618835089496,0,0,0,1,16,673,0,0,1,0,0,0,1,10,32,0.0,0.0,0.03552937049130194,0,0,0,0,0,0,0,0,0,0.07934348226601384,0,1,2.3344289000553915,0,0,0,14,21.897244629005385,33.878756015926285,1.0,0.0,0.0,0.0,386.18974397439354,0.0,932.8033315488005,1.0,86.0,0.6,0.0,0.0,106.0,662.3208483509836
9.232337567567567,45.4791712295082,1,20,33,0,0,0,0,0,0,0,0,1,0,0.409472939657796,0,0,0,1,1,649,0,0,1,0,0,0,1,9,32,0.0,0.0,0.03539547869809878,0,0,0,0,0,0,0,0,0,0.08542650553390432,0,1,2.7514186747983285,0,0,0,13,19.48218199910015,27.01108963692848,1.569248843202549,0.0,0.0,0.0,125.9890238757416,41.00122724372103,899.17030058974,1.0,86.0,0.6,0.0,0.0,106.0,664.3140204876505
9.23266135135135,45.4791712295082,1,21,33,0,0,0,0,0,0,0,0,1,0,0.4527012625605769,0,0,0,1,1,624,0,0,1,0,0,0,1,9,32,0.0,0.0,0.032780214973872956,0,0,0,0,0,0,0,0,2,0.0893540990750703,0,2,2.7455811068986886,0,0,0,13,25.76254952708189,27.134354078342692,1.7350830628349516,0.0,0.0,0.0,228.3072000298594,132.36849334928712,893.5094514528769,1.0,86.0,0.6,0.0,0.0,106.0,664.1352656310985
9.232985135135134,45.4791712295082,1,22,33,0,0,0,0,0,0,0,0,1,0,0.4950073929491274,0,0,0,1,1,579,0,0,1,0,0,0,1,8,31,0.0,0.0,0.032280485207197784,0,0,0,0,0,0,0,1,3,0.09044895000909942,0,3,1.7104502612069241,0,0,0,13,22.945578473420134,30.976266454313297,1.1712683848332803,0.0,0.0,0.0,350.34820473891284,108.56336472948985,842.3111133965859,1.0,86.0,0.6,0.0,0.0,106.0,664.3938514758668
9.233308918918919,45.4791712295082,1,23,33,0,0,0,0,0,0,0,0,1,0,0.5351885096181764,0,0,0,1,2,547,0,0,0,0,0,0,0,8,30,0.0,0.0,0.03230357280740386,0,0,0,0,0,0,0,1,3,0.08972900623300194,0,3,1.2980541954973368,0,0,2,13,37.043247070865064,29.04252749736273,1.7597478202650378,0.0,0.0,0.0,299.0556061750827,145.46335867529808,751.109446676096,1.0,86.0,0.6,0.0,0.0,106.0,665.6045468826887
9.233632702702701,45.4791712295082,1,24,33,0,1,0,0,0,0,0,2,1,0,0.571245495606034,0,0,0,1,4,503,0,0,0,0,0,0,0,8,30,0.0,0.0,0.03304031051109824,0,0,0,0,0,0,0,1,4,0.08832461169439451,0,3,1.1385596529756996,0,0,2,10,34.999985991036645,29.25667605863389,1.7626733939393744,0.0,0.0,0.0,400.63965284420794,54.36016503926848,764.083746358305,1.0,86.0,0.6,0.0,0.0,106.0,666.1148150770141
9.233956486486486,45.4791712295082,1,25,33,0,1,0,0,0,0,2,2,1,0,0.6012720297586663,0,0,0,1,8,457,0,0,1,0,0,0,1,9,29,0.0,0.0,0.03451819527194413,0,0,0,0,0,0,0,1,6,0.08638680830347616,0,3,1.0385596529756997,0,0,2,9,29.260779541762997,30.370758534903082,0.0,0.0,0.0,0.0,614.4763703770229,0.0,702.7041208932853,1.0,86.0,0.6,0.0,0.0,106.0,666.181069931854
9.23428027027027,45.4791712295082,1,26,33,1,1,0,0,0,1,2,2,1,1,0.6313680780186556,0,0,0,0,3,399,0,0,1,0,0,0,1,9,29,0.0,0.0,0.03625067503397812,0,0,0,0,0,0,0,1,8,0.08308594190981049,0,2,1.0385596529756997,0,8,2,9,28.057722614045574,30.370758534903082,0.0,0.0,227.49558364897115,223.6281322467901,1290.6552402460964,0.0,623.4978173753705,1.0,86.0,0.6,0.0,0.0,106.0,668.6985208981558
9.234604054054053,45.4791712295082,1,27,33,0,1,0,0,0,0,2,2,1,1,0.6590307760014926,0,0,0,0,2,385,0,0,1,0,0,0,1,9,28,0.0,0.0,0.0374742846334984,0,0,0,0,0,0,0,1,11,0.07991901899990295,1,2,1.6873450939592827,0,4,2,10,29.593212822078563,30.370758534903082,0.0,0.0,235.10172699148404,0.0,532.6778307974141,0.0,426.31191023147187,1.0,86.0,0.6,0.0,0.0,106.0,666.5956535569943
9.234927837837837,45.4791712295082,1,28,33,0,1,0,0,1,0,0,2,1,1,0.6689497380339205,0,0,1,0,0,376,0,0,1,0,0,0,1,8,27,0.0,0.058411190835351484,0.03838198738343468,0,0,0,0,0,0,0,0,16,0.07610072121066241,1,2,1.954971874922596,0,0,2,11,218.5785260382492,30.370758534903082,0.0,0.0,235.10172699148404,0.0,437.1570520764984,0.0,299.23338459385945,1.0,86.0,0.6,0.0,0.0,106.0,661.8447057306687
9.235251621621622,45.4791712295082,1,29,33,0,0,0,0,1,0,0,0,1,1,0.668611515291603,0,0,1,0,0,351,0,0,1,0,0,0,1,8,27,0.07751837565073987,0.14271442234298726,0.039029351283740486,0,0,0,0,0,0,0,0,18,0.07051464626369047,0,3,0.4789846279403803,0,0,1,11,56.18111812775551,30.505193817888706,1.0,227.49558364897115,235.10172699148404,437.1570520764984,1008.4890151616501,0.0,222.53978622867305,1.0,86.0,0.6,0.0,0.0,106.0,661.4799850570132
9.235575405405404,45.4791712295082,1,30,33,0,0,0,0,1,0,0,0,1,1,0.661792835897823,0,0,1,0,0,318,0,0,1,1,1,0,1,8,24,0.30011054637434026,0.2126124957617637,0.03553162799526645,0,0,0,0,0,1,0,0,19,0.06736744295770747,0,4,0.3295759615763947,0,0,0,11,45.970355150245595,30.505193817888706,1.0,227.49558364897115,789.4757362856637,545.6539888575687,1151.6150708583966,0.0,285.06725272393385,1.0,86.0,0.6,0.0,0.0,106.0,660.5423525808319
9.235899189189189,45.4791712295082,1,31,33,0,0,0,0,1,0,0,0,1,1,0.6506383483015585,0,1,1,0,0,287,0,0,1,1,1,0,1,8,23,0.38858900272591523,0.2493000088547478,0.02998060481078799,0,0,0,0,0,0,0,0,21,0.06361914211204307,0,3,0.3125927604316481,0,0,0,11,27.372022923259298,30.370758534903082,0.0,0.0,789.4757362856637,0.0,930.6487793908161,0.0,136.3050308610955,1.0,86.0,0.6,0.0,0.0,106.0,662.750740947605
9.236222972972971,45.4791712295082,1,32,33,0,0,0,0,0,0,0,0,0,1,0.6361804786078422,0,0,1,0,0,267,0,0,1,0,1,0,1,7,20,0.2721624288303271,0.24341382492314115,0.026834588228095643,0,0,0,0,0,0,0,0,20,0.060220136143614274,0,3,0.14254103642733804,0,0,0,11,31.69077018703904,30.0,2.0,184.0796232572324,789.4757362856637,0.0,576.4988612317045,0.0,154.0308715433036,1.0,86.0,0.6,0.0,0.0,106.0,664.9584299611854
9.236546756756756,45.4791712295082,1,33,33,0,0,0,0,0,0,0,0,0,1,0.619132322026221,0,0,1,0,0,227,0,0,1,0,1,0,1,7,19,0.08566453743820539,0.17563979530111284,0.024064589452564216,0,0,0,0,0,0,0,0,18,0.05704997782829885,0,3,0.13673863368819708,0,0,0,11,44.043934773006136,15.0,1.6265395479720088,228.31488548848208,781.8695929431508,129.14215475281864,604.3466486565575,136.3050308610955,154.0308715433036,1.0,86.0,0.6,0.0,0.0,106.0,666.3709170081365
9.23687054054054,45.4791712295082,1,34,33,0,0,0,0,0,0,0,0,0,1,0.6000218920520834,0,0,1,0,0,205,0,0,1,0,0,0,1,7,17,0.000293466988032422,0.07663734263453843,0.022444539064255416,0,0,0,0,0,0,0,0,15,0.054469656105832334,0,2,0.11679884851403459,0,0,0,9,44.843215011257826,15.0,1.6265395479720088,228.31488548848208,554.3740092941796,0.0,442.5579538530631,136.3050308610955,154.0308715433036,1.0,86.0,0.6,0.0,0.0,106.0,668.7133484412585
9.237194324324323,45.4791712295082,1,35,33,0,0,0,0,0,0,0,0,0,1,0.579297714078037,0,0,1,0,0,181,0,0,1,0,0,0,1,5,17,0.0,0.013460305987351484,0.021687952934299513,0,0,0,0,0,0,0,0,12,0.05170198217837599,0,2,0.12065628496619688,0,0,0,7,34.496218501961394,0.0,1.2534975383710703,0.0,554.3740092941796,0.0,0.0,137.98487400784558,154.0308715433036,1.0,86.0,0.6,0.0,0.0,106.0,669.5722408829447
9.237518108108107,45.4791712295082,1,36,33,0,0,0,0,0,0,0,0,0,1,0.555520786836291,1,0,1,0,0,155,0,0,1,0,0,0,1,5,16,0.0,0.0,0.020338746489777914,0,0,0,0,0,0,0,0,9,0.04744927591082495,0,2,0.014179517185740073,0,0,0,4,18.0660060430076,0.0,1.2534975383710703,0.0,554.3740092941796,0.0,6.543174336215229,137.98487400784558,154.0308715433036,1.0,86.0,0.6,0.0,0.0,106.0,669.2688751467638
9.225861891891892,45.479396639344266,1,0,34,0,0,0,0,1,0,1,3,0,0,0.11690256430951527,0,0,0,0,0,450,0,0,1,0,0,0,2,9,21,0.04369046837467654,0.14591630323069507,0.11550932674404908,0,0,0,0,0,0,0,0,7,0.03821457902015345,0,2,1.5808527530915193,8,20,4,6,10.28396588946975,48.53736272717676,1.0,0.0,0.0,348.39068347218523,791.3514427275013,0.0,174.70069561499264,1.0,86.0,0.6,0.0,0.0,106.0,662.285369425305
9.226185675675676,45.479396639344266,1,1,34,0,0,1,0,1,0,0,4,0,0,0.11953650118257136,0,0,0,0,6,511,0,0,1,0,0,0,2,10,24,0.0701077452432701,0.2125303798345729,0.11625857952898777,0,0,0,0,0,0,0,0,7,0.04009885401077031,0,2,1.2700211851907484,0,16,4,7,14.686245872549405,44.12878267404542,1.0,0.0,0.0,106.32256266361975,997.6516150671614,0.0,345.4214117536964,1.0,86.0,0.6,0.0,0.0,106.0,661.012456984547
9.226509459459459,45.479396639344266,1,2,34,0,0,1,0,1,0,2,3,0,0,0.1195723025948999,0,0,1,0,16,557,0,0,1,0,0,0,2,10,25,0.06778763446624697,0.23544820623106377,0.11672547236840786,0,0,1,0,0,0,0,0,7,0.043391963278530794,0,2,1.2853516183762552,4,8,4,9,15.433316945572688,37.09399351786402,1.0,0.0,0.0,509.8676887292382,1167.2451524962735,0.0,410.8097741643058,1.0,86.0,0.6,0.0,0.0,106.0,659.6109958952204
9.226833243243243,45.479396639344266,1,3,34,0,0,1,0,0,1,2,2,0,0,0.12384256723336576,0,0,1,0,25,587,0,0,1,0,0,0,2,10,26,0.06505223103575838,0.18270697188728435,0.11674565694380715,0,0,1,0,0,0,0,0,7,0.04744495195438067,0,2,1.6136745294710853,4,12,4,10,16.664965996577152,35.87550389734199,1.0,0.0,0.0,132.14148789338077,1262.3733899530394,84.51735439757856,480.88465697366456,1.0,86.0,0.6,0.0,0.0,106.0,661.6247143418013
9.227157027027028,45.479396639344266,1,4,34,0,0,0,0,0,0,2,2,0,0,0.1342419690061023,0,0,1,0,26,620,0,0,1,0,0,0,3,11,26,0.018925272363735996,0.11214500845213354,0.1180756411388297,0,0,0,0,0,0,0,0,6,0.05242721189071439,0,2,2.1067967099012024,0,8,4,10,27.686229061061084,28.631452961071016,1.5595784314100916,0.0,0.0,149.3954862121981,926.3188867125065,160.96457184801173,417.86118069004914,1.0,86.0,0.6,0.0,0.0,106.0,663.0274080062593
9.22748081081081,45.479396639344266,1,5,34,0,0,0,1,0,0,0,2,0,0,0.14683996031505347,0,0,1,0,29,646,0,0,1,0,0,0,3,11,28,0.0,0.04631959426994952,0.12221484475108842,0,0,0,0,0,0,0,0,3,0.05787008385028878,0,2,2.396344659058566,4,8,4,10,28.472141478635397,24.885118754045383,1.8631529736953338,0.0,0.0,406.24746780881577,813.6440001476517,143.01985436606822,445.15154493356926,1.0,86.0,0.6,0.0,0.0,106.0,662.6340493948437
9.227804594594595,45.479396639344266,1,6,34,0,0,0,1,0,0,0,1,1,0,0.16116526549494817,0,0,1,0,26,679,0,0,1,0,0,0,3,11,29,0.0,0.003424873898557776,0.12337029245700003,0,0,0,0,0,0,0,0,2,0.062180793981989856,0,3,2.396344659058566,0,8,2,10,28.42126973440719,25.495758598301055,1.7882218993506545,0.0,0.0,455.1129673526741,703.1457442587769,80.65039161400246,548.7549124681235,1.0,86.0,0.6,0.0,0.0,106.0,661.4934637324181
9.228128378378377,45.479396639344266,1,7,34,0,0,0,1,0,0,0,0,1,0,0.17763576758162863,0,0,1,0,26,699,0,0,1,0,0,0,3,11,30,0.0,0.0,0.12167397678520349,0,0,0,0,0,0,0,0,1,0.06474680271298354,0,3,2.317502183807825,0,0,3,10,37.19002833167238,34.43442550467199,1.0,0.0,0.0,372.1278499614643,684.0115371177726,0.0,743.6498837976852,1.0,86.0,0.6,0.0,0.0,106.0,660.7706083291998
9.228452162162162,45.479396639344266,1,8,34,0,0,0,1,0,0,0,0,1,0,0.19555923855938948,0,0,1,0,26,719,0,0,1,0,0,0,3,12,30,0.0,0.0,0.11629533786549266,0,0,0,0,0,0,0,0,0,0.06908961113509594,0,1,1.9354389699915886,0,4,5,10,46.68176968391638,28.23553133602289,1.4733810660013769,0.0,0.0,372.1278499614643,517.4754037528702,15.12294232464044,754.1670791150711,1.0,86.0,0.6,0.0,0.0,106.0,660.8892881320871
9.228775945945946,45.479396639344266,1,9,34,0,0,0,1,0,0,0,1,1,0,0.2158206589718884,0,0,1,0,28,748,0,0,1,0,0,0,3,12,30,0.0,0.0,0.11097917544348558,0,0,0,0,0,0,0,0,0,0.07042768975365897,0,1,1.6245053631653477,0,4,4,10,39.93558433095226,27.70309469211405,1.516871664362671,0.0,0.0,372.1278499614643,677.7125802731596,46.19291874565097,680.536462358731,1.0,86.0,0.6,0.0,0.0,106.0,660.5877141231358
9.229099729729729,45.479396639344266,1,10,34,0,0,0,1,0,0,0,2,1,0,0.23300619551137658,0,0,1,0,32,765,0,0,1,0,0,0,2,13,31,0.0,0.0,0.10632944762173047,0,0,0,0,0,0,0,0,0,0.07321078161783816,0,1,1.3545993284539293,0,0,4,9,55.20827865238862,29.143120820879243,1.406522108159599,0.0,0.0,372.1278499614643,546.2433435166914,37.94211565701461,625.550910418401,1.0,86.0,0.6,0.0,0.0,106.0,660.2371847720055
9.229423513513513,45.479396639344266,1,11,34,0,0,0,1,0,0,2,6,1,0,0.24584554471016476,0,0,1,0,25,778,0,0,1,0,0,0,0,12,31,0.0,0.0,0.09985988415767494,0,0,0,0,0,0,0,0,0,0.07591030043174149,0,1,1.2548664109740921,0,8,4,10,21.489456679846402,28.60948796603763,1.437187790433153,0.0,0.0,372.1278499614643,740.3053275452177,35.05047672948753,534.8701866560042,1.0,86.0,0.6,0.0,0.0,106.0,660.350003489515
9.229747297297298,45.479396639344266,1,12,34,0,0,0,1,0,0,3,7,1,0,0.2571161947639527,0,0,1,0,18,798,0,0,1,0,0,0,1,11,31,0.0,0.0,0.09134069434776154,0,0,0,0,0,0,0,0,0,0.07632312976264748,0,1,1.1104773568478588,4,24,4,9,16.148897982764783,36.33994845727581,1.6060703592281806,0.0,0.0,407.5282875032173,1347.279697109363,35.05047672948753,526.5955175385916,1.0,86.0,0.6,0.0,0.0,106.0,660.817879681355
9.23007108108108,45.479396639344266,1,13,34,0,0,0,1,0,1,4,8,1,0,0.2672188749225167,0,0,1,0,24,806,0,0,1,0,0,0,2,11,31,0.0,0.0,0.08232132121027612,0,0,0,0,0,0,0,0,1,0.0769281797698138,0,3,1.1177788767581385,8,24,4,9,17.55009991724254,40.14978370134428,1.5843007099118447,0.0,26.79028582183856,413.1152600383513,1508.7894816896612,0.0,467.51472654887067,1.0,86.0,0.6,0.0,0.0,106.0,661.7273599187157
9.230394864864865,45.479396639344266,1,14,34,0,0,0,1,0,1,2,10,1,1,0.2762031567094254,0,0,1,0,33,802,0,0,1,0,0,0,2,12,31,0.0,0.0,0.06960560445560866,0,0,0,0,0,0,0,0,1,0.0739201245553484,0,3,0.699371537561179,0,12,4,7,16.543797411388027,38.655917560594915,1.6067905945976495,0.0,0.0,167.38507621452544,727.3384998433654,0.0,355.9010821202708,1.0,86.0,0.6,0.0,0.0,106.0,663.3114512186787
9.230718648648649,45.479396639344266,1,15,34,0,0,0,1,0,0,4,8,1,1,0.28408298340075405,0,0,1,0,38,791,0,0,1,0,0,0,2,11,31,0.0,0.0,0.057966439384329126,0,0,0,0,0,0,0,0,1,0.07328245618560027,0,3,0.508181860234416,0,0,4,7,59.940500094944895,34.11577340249986,1.0,0.0,0.0,123.9846084658156,452.98109655334554,0.0,351.87484061449896,1.0,86.0,0.6,0.0,0.0,106.0,664.2663073892084
9.231042432432432,45.479396639344266,1,16,34,0,0,0,1,0,1,3,5,1,1,0.3048421317126331,0,0,0,0,34,779,0,0,1,0,0,0,2,11,31,0.0,0.0,0.046948820081804975,0,0,0,0,0,0,0,0,1,0.07565672142072036,0,3,1.506136395175812,0,0,4,7,59.425597963349766,34.11577340249986,1.0,0.0,0.0,178.35934411452564,447.31717310579916,0.0,408.8989918163528,1.0,86.0,0.6,0.0,0.0,106.0,664.2314164660318
9.231366216216216,45.479396639344266,1,17,34,0,0,0,1,0,1,3,3,1,1,0.33339692490480466,0,0,1,0,27,741,0,0,1,0,0,0,1,10,30,0.0,0.0,0.038326286017712013,0,0,0,0,0,0,0,0,0,0.08067923443153376,0,3,1.5048435911654174,0,0,4,12,25.3803389493609,33.9436876235457,1.0,0.0,0.0,92.11127994987355,669.0555603593081,0.0,602.1208925990559,1.0,86.0,0.6,0.0,0.0,106.0,661.4105248821393
9.23169,45.479396639344266,1,18,34,0,0,0,1,0,0,1,3,1,0,0.3661268666966056,0,0,1,1,27,704,0,0,1,0,0,0,1,9,31,0.0,0.0,0.035255654590483555,0,0,0,0,0,0,0,0,0,0.08392672825197778,0,2,1.7820831921470375,0,0,3,13,23.38685201593652,33.93718682895269,1.0,0.0,0.0,150.5654771666431,608.1297210469509,0.0,732.107595274188,1.0,86.0,0.6,0.0,0.0,106.0,661.4500700573121
9.232013783783783,45.479396639344266,1,19,34,0,0,0,0,0,0,0,1,1,0,0.4025420421064035,0,0,1,1,23,669,0,0,1,0,0,0,1,9,31,0.0,0.0,0.03543716581028745,0,0,0,0,0,0,0,0,1,0.09014584753716957,0,2,2.167762233388725,0,0,1,13,11.971905309231346,32.30639578370844,1.1292010898844682,0.0,0.0,124.65613364396444,291.60299756318295,10.587678119423058,819.3916439016388,1.0,86.0,0.6,0.0,0.0,106.0,661.9863808999853
9.232337567567567,45.479396639344266,1,20,34,0,0,0,0,0,0,0,0,1,0,0.44182280956049674,0,0,0,1,17,636,0,0,1,0,0,0,1,8,31,0.0,0.0,0.03422330080397497,0,0,0,0,0,0,0,0,2,0.0963739188667629,0,2,1.8509143514448858,0,16,0,13,10.542161065612998,27.429039013415426,1.409655108320062,0.0,0.0,63.05876915345844,400.1210449620762,92.18805628311428,840.2188877576405,1.0,86.0,0.6,0.0,0.0,106.0,663.6267671341272
9.23266135135135,45.479396639344266,1,21,34,0,0,0,0,0,0,0,0,1,0,0.48345807510521877,0,0,0,1,5,598,0,0,1,0,0,0,1,7,31,0.0,0.0,0.03250677274807563,0,0,0,1,0,0,0,0,4,0.10118583438756552,0,2,2.2203867833807904,0,8,0,13,10.530316154792875,29.778798721811967,1.2510334072869038,0.0,0.0,0.0,487.61305001859347,90.24491084019974,908.9185748066925,1.0,86.0,0.6,0.0,0.0,106.0,665.5410703159514
9.232985135135134,45.479396639344266,1,22,34,0,0,0,0,0,0,0,0,1,0,0.5256396040727571,0,0,0,1,2,565,0,0,1,0,0,0,0,8,31,0.0,0.0,0.03288384151982437,0,0,0,1,0,0,0,1,5,0.10298556787982996,0,4,2.4436045750817352,0,4,2,13,15.087377495259897,31.294628956393797,1.0,0.0,0.0,238.2142563636054,424.53377238778876,43.17492996526812,783.9095428495605,1.0,86.0,0.6,0.0,0.0,106.0,665.4787544833198
9.233308918918919,45.479396639344266,1,23,34,0,0,0,0,0,0,0,1,1,0,0.5656854750503645,0,0,0,1,2,531,0,0,1,0,0,0,0,9,31,0.0,0.0,0.03424448828599082,0,0,0,1,0,0,0,1,7,0.10321795082788358,0,3,1.1540617857118496,0,0,2,13,21.579134557408143,31.29954825208936,1.0,0.0,0.0,293.01225622593927,350.34820473891284,38.076217294433675,756.99508813287,1.0,86.0,0.6,0.0,0.0,106.0,666.4245007935554
9.233632702702701,45.479396639344266,1,24,34,0,1,0,0,0,0,0,4,1,0,0.601559635749309,0,0,0,1,4,521,0,0,0,0,0,0,0,9,29,0.0,0.0,0.03593790555553423,0,0,0,0,0,0,1,1,5,0.10192823883589013,0,3,0.7097465596872164,0,0,3,10,97.67075207531309,30.370758534903082,0.0,0.0,0.0,293.01225622593927,293.01225622593927,0.0,703.9176313135009,1.0,86.0,0.6,0.0,0.0,106.0,665.3555463499481
9.233956486486486,45.479396639344266,1,25,34,0,1,0,0,0,0,2,4,1,0,0.6295467038491439,0,0,0,1,4,489,0,0,1,0,0,0,2,8,28,0.0,0.0,0.03758910753863642,0,0,0,0,0,0,0,1,7,0.09844169344029415,0,3,0.938771903718495,0,8,5,9,24.250161883926854,30.370758534903082,0.0,0.0,0.0,293.01225622593927,824.505504053513,0.0,690.7741912331321,1.0,86.0,0.6,0.0,0.0,106.0,666.3459188469888
9.23428027027027,45.479396639344266,1,26,34,1,1,0,0,0,0,2,3,1,1,0.656955478566728,0,0,0,0,3,448,0,0,1,0,0,0,2,8,28,0.0,0.0,0.03853709300126146,0,0,0,0,0,0,0,1,11,0.09479697657545236,1,2,1.1584536136839716,8,8,5,10,28.830843339190505,30.370758534903082,0.0,0.0,242.6410042429378,741.7979525282989,1095.5720468892391,0.0,578.9770278484824,1.0,86.0,0.6,0.0,0.0,106.0,667.1910534231156
9.234604054054053,45.479396639344266,1,27,34,0,1,0,0,0,0,2,3,1,1,0.6823972085830284,0,0,0,0,1,419,0,0,1,0,0,0,2,7,28,0.0,0.0,0.03854693669779786,0,0,0,0,0,0,0,1,18,0.09282447442870302,1,2,1.3054794904364098,0,8,5,11,28.830843339190505,30.370758534903082,0.0,0.0,242.6410042429378,0.0,1095.5720468892391,0.0,411.2848225737289,1.0,86.0,0.6,0.0,0.0,106.0,665.3601261198522
9.234927837837837,45.479396639344266,1,28,34,0,1,0,0,0,0,0,3,1,1,0.6902253359833422,0,0,1,0,0,384,0,0,1,0,0,0,2,7,27,0.0,0.02224025981949256,0.03854693669779786,0,0,0,0,0,0,0,0,24,0.08732346884131026,1,2,0.47417378234600677,0,0,4,11,218.5785260382492,30.370758534903082,0.0,0.0,235.10172699148404,0.0,437.1570520764984,0.0,302.48348075706014,1.0,86.0,0.6,0.0,0.0,106.0,664.8810763014026
9.235251621621622,45.479396639344266,1,29,34,0,0,0,0,1,0,0,0,1,1,0.6872532695984735,0,0,1,0,0,342,0,0,1,0,0,0,1,7,25,0.0035134475581730835,0.07888805374964908,0.03793799051736277,0,0,0,0,0,0,0,0,22,0.08256862157012168,1,4,0.28276674179675726,0,0,2,11,95.27890754012441,30.505193817888706,1.0,227.49558364897115,235.10172699148404,437.1570520764984,915.8513068325217,0.0,253.80607994067793,1.0,86.0,0.6,0.0,0.0,106.0,661.4081186974454
9.235575405405404,45.479396639344266,1,30,34,0,0,0,0,1,0,0,0,1,1,0.677455233061726,0,1,1,0,0,307,0,0,1,0,0,0,1,7,23,0.06857544524057017,0.12458432725057918,0.03423314332932786,0,0,0,0,0,0,0,0,22,0.07793705544450046,0,3,0.2889712795298474,0,0,1,11,60.5153312291519,30.505193817888706,1.0,227.49558364897115,789.4757362856637,347.43757429399034,982.811040934067,0.0,366.62540411522605,1.0,86.0,0.6,0.0,0.0,106.0,662.2608478821221
9.235899189189189,45.479396639344266,1,31,34,0,0,0,0,1,0,0,0,1,1,0.6631439441419354,0,1,1,0,0,278,0,0,1,0,0,0,1,7,21,0.07748653252661863,0.16345378127251614,0.0306463947394695,0,0,0,0,0,0,0,0,23,0.07510327126970306,0,3,0.16138626435064746,0,0,0,11,173.71878714699517,30.370758534903082,0.0,0.0,789.4757362856637,0.0,347.43757429399034,0.0,285.06725272393385,1.0,86.0,0.6,0.0,0.0,106.0,662.435737789606
9.236222972972971,45.479396639344266,1,32,34,0,0,0,0,0,0,0,0,0,1,0.645376883054265,0,0,1,0,0,256,0,0,1,0,0,0,1,6,20,0.008169268286888331,0.1540762485820538,0.028375630573324602,0,0,0,0,0,0,0,0,23,0.07078829119581756,0,3,0.16091657299209608,0,0,0,12,50.56977558225818,20.0,1.742373344007113,228.31488548848208,781.8695929431508,0.0,463.6159751276746,16.04599753545802,154.0308715433036,1.0,86.0,0.6,0.0,0.0,106.0,666.2888537784836
9.236546756756756,45.479396639344266,1,33,34,0,0,0,0,0,0,0,0,0,1,0.624821877854305,0,0,1,0,0,227,0,0,1,0,0,0,1,6,18,0.0,0.08721179928390502,0.02536743628037651,0,0,0,0,0,0,0,0,22,0.0673412524462258,0,3,0.1535663905588332,0,4,0,12,42.99386663567132,18.0,1.7012316383776072,554.3740092941796,781.8695929431508,129.14215475281864,857.1001587288924,136.3050308610955,154.0308715433036,1.0,86.0,0.6,0.0,0.0,106.0,666.5724536872461
9.23687054054054,45.479396639344266,1,34,34,0,0,0,0,0,0,0,0,0,1,0.6020081069179665,0,1,1,0,0,216,0,0,1,0,0,0,1,6,17,0.0,0.022355665870427272,0.023306265689223112,0,0,1,0,0,0,0,0,20,0.06241911205102128,0,2,0.12130747535620764,0,4,0,13,40.4533720344118,18.0,1.7012316383776072,554.3740092941796,554.3740092941796,0.0,927.455841221197,136.3050308610955,154.0308715433036,1.0,86.0,0.6,0.0,0.0,106.0,667.9152562742565
9.237194324324323,45.479396639344266,1,35,34,0,0,0,0,0,0,0,0,0,1,0.5773226625180224,0,1,1,0,0,209,0,0,1,0,0,0,1,5,17,0.0,7.893067576891331e-05,0.022343578786723835,0,0,0,0,0,0,0,0,16,0.057714083207682336,0,2,0.12293905158828378,0,0,0,11,10.133606237448776,0.0,1.2534975383710703,0.0,554.3740092941796,0.0,287.626587965003,137.98487400784558,154.0308715433036,1.0,86.0,0.6,0.0,0.0,106.0,668.350984990089
9.237518108108107,45.479396639344266,1,36,34,0,0,0,0,0,0,0,0,0,1,0.5507481911454745,1,0,1,0,0,192,0,0,1,0,0,0,1,5,16,0.0,0.0,0.021326580953597206,1,0,0,0,0,0,0,0,12,0.05225624634652303,0,2,0.014179517185740073,0,0,0,7,8.852625441917397,0.0,1.2534975383710703,0.0,554.3740092941796,17.11794116237442,198.41489278501552,137.98487400784558,154.0308715433036,1.0,86.0,0.6,0.0,0.0,106.0,669.5194337035279
9.225861891891892,45.47962204918033,1,0,35,0,0,0,0,0,0,0,2,0,0,0.15630386232805854,0,0,1,0,0,440,0,0,1,0,0,0,2,8,22,0.0,0.04441241326836623,0.11568283839945503,0,0,0,0,0,0,0,0,10,0.044183451946184914,0,2,1.5808527530915193,0,8,4,6,17.146764343240775,50.0,1.0,0.0,0.0,198.57596801936018,477.68851111827206,0.0,240.19898906859933,1.0,86.0,0.6,0.0,0.0,106.0,665.3721644599696
9.226185675675676,45.47962204918033,1,1,35,0,0,0,0,0,0,0,3,0,0,0.16148578354566762,0,0,1,0,7,505,0,0,1,0,0,0,2,9,23,0.0,0.06995904728195547,0.11570401293277882,0,0,0,0,0,0,0,0,10,0.0474041849986181,0,2,1.5361717720844794,0,0,4,7,47.09612559947695,41.95549499947221,1.0,0.0,21.683719721864048,0.0,705.4929602882571,0.0,424.5900566498734,1.0,86.0,0.6,0.0,0.0,106.0,664.2595377803718
9.226509459459459,45.47962204918033,1,2,35,0,0,0,0,0,0,0,2,0,0,0.16408517846316636,0,0,1,0,13,556,0,0,1,0,0,0,2,9,24,0.0,0.0770670578963137,0.11537875780018689,1,0,1,0,0,0,0,0,10,0.05152386037085358,0,2,1.2700211851907484,0,4,4,9,24.514464069623045,33.85830657414933,1.0,0.0,21.683719721864048,370.93469226032386,989.3415729905254,0.0,445.98260890510323,1.0,86.0,0.6,0.0,0.0,106.0,663.5896866181598
9.226833243243243,45.47962204918033,1,3,35,0,0,0,0,0,0,2,2,0,0,0.1722846409766339,0,0,1,0,16,584,0,0,1,0,0,0,2,11,25,0.0,0.05924002304925176,0.11523709114695199,0,0,1,0,0,0,0,0,8,0.05720250586378725,0,2,1.7397041177009867,0,4,4,10,19.92043553842437,33.87782510324972,1.0,0.0,21.683719721864048,0.0,1062.8740203443251,0.0,537.6480663099437,1.0,86.0,0.6,0.0,0.0,106.0,662.2653981020486
9.227157027027028,45.47962204918033,1,4,35,0,0,0,0,0,0,0,2,0,0,0.1854206944144214,0,0,1,0,4,613,0,0,1,0,0,0,2,11,26,0.0,0.030629611648131876,0.11577994249087044,0,0,0,0,0,1,0,0,7,0.06288156501960841,0,2,2.2416404232125813,0,4,4,10,25.382168267400605,22.78668892185957,2.1276242581451816,0.0,0.0,52.11209401895781,782.6405489488186,127.47472493552345,522.2836148029296,1.0,86.0,0.6,0.0,0.0,106.0,662.942989283704
9.22748081081081,45.47962204918033,1,5,35,0,0,0,0,0,0,0,2,0,0,0.1986763746554429,0,0,1,0,4,642,0,0,1,0,0,0,2,11,28,0.0,0.005778025958879925,0.11893534513178426,0,0,0,0,0,1,0,0,5,0.06856342423426455,0,2,2.595822467495504,0,4,4,10,33.10424854215781,22.859113729132254,2.1276242581451816,0.0,0.0,0.0,646.0629893343763,127.47472493552345,410.14990794816083,1.0,86.0,0.6,0.0,0.0,106.0,663.3643106500685
9.227804594594595,45.47962204918033,1,6,35,0,0,0,0,0,0,0,0,1,0,0.21193431167529578,0,0,1,0,4,671,0,0,1,0,0,0,2,11,28,0.0,2.5728355003280165e-05,0.12113649818166705,0,0,0,0,0,0,0,0,3,0.07320468006651702,0,2,2.396344659058566,0,0,2,10,68.80260316230783,22.089863189181226,2.2182398777777648,0.0,0.0,0.0,455.1129673526741,115.86390573637863,453.1229398351412,1.0,86.0,0.6,0.0,0.0,106.0,663.0238107626999
9.228128378378377,45.47962204918033,1,7,35,0,0,0,1,0,0,0,0,1,0,0.22703638597973078,0,0,1,0,11,688,0,0,1,0,0,0,2,11,30,0.0,0.0,0.11784817972388344,0,0,0,0,0,0,0,0,1,0.07906954101960148,0,2,2.3895967367543407,0,0,3,10,128.19294580980153,34.629042324268596,1.0,0.0,0.0,0.0,455.1129673526741,0.0,569.4408692334613,1.0,86.0,0.6,0.0,0.0,106.0,661.1636072876156
9.228452162162162,45.47962204918033,1,8,35,0,0,0,1,0,0,0,0,1,0,0.24301006363788247,0,1,1,0,11,704,0,0,1,0,0,0,2,12,30,0.0,0.0,0.11226170151859387,0,0,0,0,0,0,0,0,0,0.08300367133374062,0,1,2.099217589992883,0,0,4,10,185.99320388593256,34.629042324268596,1.0,0.0,0.0,0.0,372.1278499614643,0.0,588.0319543723776,1.0,86.0,0.6,0.0,0.0,106.0,661.478376155866
9.228775945945946,45.47962204918033,1,9,35,0,0,0,1,0,0,0,0,1,0,0.2596880508595269,0,0,1,0,11,721,0,0,1,0,0,0,1,11,30,0.0,0.0,0.10762207007327915,0,0,0,0,0,0,0,0,0,0.08642460363718821,0,1,1.7382903549879003,0,0,4,10,77.16509270235979,34.629042324268596,1.0,0.0,0.0,0.0,508.63407262490466,0.0,551.5758752697851,1.0,86.0,0.6,0.0,0.0,106.0,660.7750422155694
9.229099729729729,45.47962204918033,1,10,35,0,0,0,0,0,0,0,2,1,0,0.27747558473380934,0,0,1,0,9,746,0,0,1,0,0,0,2,11,30,0.0,0.0,0.10319345045079682,0,0,0,0,0,0,0,0,0,0.08699783128693188,0,1,1.517448874800925,0,0,4,9,77.16509270235979,34.629042324268596,1.0,0.0,0.0,0.0,508.63407262490466,0.0,344.04651212856606,1.0,86.0,0.6,0.0,0.0,106.0,662.0088393726073
9.229423513513513,45.47962204918033,1,11,35,0,0,0,0,0,0,0,3,1,0,0.29461454134227355,0,0,1,0,12,772,0,0,1,0,0,0,2,11,30,0.0,0.0,0.09508124146985954,0,0,0,0,0,0,0,0,1,0.08891523567603306,0,1,0.9651661013394675,0,0,4,8,74.44012055169075,34.629042324268596,1.0,0.0,133.8333756886825,0.0,632.9895643722648,0.0,329.13717910466136,1.0,86.0,0.6,0.0,0.0,106.0,662.4786221981694
9.229747297297298,45.47962204918033,1,12,35,0,0,0,0,0,0,0,4,1,0,0.3064866777270869,0,0,1,0,19,789,0,0,1,0,0,0,1,11,30,0.0,0.0,0.08568438308369326,0,0,0,0,0,0,0,0,1,0.0907133622150648,0,3,1.0223769797833906,0,8,4,6,25.685084257532427,40.58644631931869,1.6666666666666667,0.0,133.8333756886825,113.50957052647308,803.2012997156365,0.0,260.6619044680706,1.0,86.0,0.6,0.0,0.0,106.0,662.5238041505479
9.23007108108108,45.47962204918033,1,13,35,0,0,1,1,0,0,2,5,1,1,0.3162255615238641,0,0,1,0,17,791,0,0,1,0,0,0,1,11,30,0.0,0.0,0.07708704316814788,0,0,0,0,0,0,0,0,1,0.09101658179319855,0,3,0.9427731430806223,0,12,4,6,21.556760995316807,39.7821978249041,1.588235294117647,0.0,133.8333756886825,174.33223874544092,936.318156566153,0.0,165.68890390419025,1.0,86.0,0.6,0.0,0.0,106.0,662.8929577787117
9.230394864864865,45.47962204918033,1,14,35,0,0,1,1,0,0,2,8,1,1,0.3247821748374799,0,0,1,0,19,795,0,0,1,0,0,0,1,12,30,0.0,0.0,0.06612645548333387,0,0,0,0,0,0,0,0,2,0.088062189901775,0,3,1.451435183934352,0,4,4,4,19.6508779825827,38.92635838642608,1.5,0.0,133.8333756886825,0.0,393.1110801319091,0.0,170.43587052094674,1.0,86.0,0.6,0.0,0.0,106.0,662.5359180262453
9.230718648648649,45.47962204918033,1,15,35,0,0,0,1,0,0,3,5,1,1,0.33218608631835744,0,0,0,0,15,790,0,0,1,0,0,0,2,11,30,0.0,0.0,0.055184721470323224,0,0,0,0,0,0,0,0,3,0.08670320080658246,0,3,1.5044038078270088,0,0,4,5,40.55717527023482,34.08662627912507,1.0,0.0,133.8333756886825,0.0,221.75981186323548,0.0,197.1813956733705,1.0,86.0,0.6,0.0,0.0,106.0,663.80674519905
9.231042432432432,45.47962204918033,1,16,35,0,0,0,1,0,0,3,4,1,1,0.3508769471163558,0,0,1,0,9,792,0,0,1,0,0,0,2,9,30,0.0,0.0,0.04534820995122689,0,0,0,0,0,0,0,0,4,0.08648819529782878,0,3,1.3376425171534925,0,0,4,8,39.77629810064111,34.03803180753039,1.0,0.0,104.2365183708833,0.0,216.09588841568913,0.0,406.8565095973615,1.0,86.0,0.6,0.0,0.0,106.0,663.7228492028562
9.231366216216216,45.47962204918033,1,17,35,0,0,0,1,0,0,2,3,1,1,0.37595409547181746,0,0,1,0,9,749,0,0,1,0,0,0,2,10,30,0.0,0.0,0.03944669830714349,0,0,0,0,0,0,0,0,5,0.09176832052836172,0,2,1.719518031699341,0,0,4,11,18.486452130524185,33.89507431231692,1.0,0.0,0.0,0.0,221.93997707255744,0.0,508.64031638416697,1.0,86.0,0.6,0.0,0.0,106.0,662.6125343702603
9.23169,45.47962204918033,1,18,35,0,0,0,0,0,0,0,3,1,1,0.4061130101285697,0,0,1,0,14,696,0,0,1,0,0,0,1,10,30,0.0,0.0,0.03612673288831478,0,0,0,0,0,0,0,0,6,0.09644858629913783,0,2,1.437806400221199,0,0,2,13,14.757752661095099,26.858037821148695,1.1819315115446665,0.0,0.0,0.0,188.3020214678066,33.70018285397678,553.9760591691512,1.0,86.0,0.6,0.0,0.0,106.0,662.2018076336474
9.232013783783783,45.47962204918033,1,19,35,0,0,0,0,0,0,0,1,1,1,0.4399194519320455,0,0,1,1,21,653,0,0,1,0,0,0,2,9,30,0.0,0.0,0.03376415225938241,0,0,0,0,0,0,0,0,7,0.10432780066362475,0,2,1.6875473647504187,0,12,0,13,17.49806754717271,23.744067098536284,1.3610851066057816,0.0,0.0,99.67915338906893,677.4037637576456,162.5982475725515,706.3023173580261,1.0,86.0,0.6,0.0,0.0,106.0,663.4936021986773
9.232337567567567,45.47962204918033,1,20,35,0,0,0,0,0,0,0,0,1,0,0.4765932564320131,0,0,1,1,21,617,0,0,1,0,0,0,1,8,30,0.0,0.0,0.03228548103125728,0,0,0,0,0,0,0,0,8,0.10632975901991366,0,2,1.6836556528173254,12,16,0,13,14.72672298323815,26.052482249573014,1.4214926840916962,0.0,0.0,76.42667103533773,683.9505871148667,113.99304666006002,706.3023173580261,1.0,86.0,0.6,0.0,0.0,106.0,663.5369537522483
9.23266135135135,45.47962204918033,1,21,35,0,0,0,0,0,0,0,0,1,0,0.515563597567399,0,0,0,1,18,587,0,0,1,0,0,0,1,9,31,0.0,0.0,0.03312278290388756,0,0,1,1,0,0,0,0,8,0.10631436532240213,0,3,2.024952852369,0,20,1,13,13.111652419762208,30.525010221342857,1.1961648245726386,0.0,0.0,57.495723390625514,905.0560319850375,108.09211445017326,731.6652745388146,1.0,86.0,0.6,0.0,0.0,106.0,664.4924423681643
9.232985135135134,45.47962204918033,1,22,35,0,0,0,0,0,0,0,3,1,0,0.5564411683220623,0,0,0,1,21,562,0,0,1,0,0,0,0,9,30,0.0,0.0,0.03512617118857189,0,0,1,1,0,0,0,1,7,0.10936078259461053,0,3,1.6533705027886623,4,8,2,13,15.919658352783095,32.2517197743157,1.0,0.0,0.0,52.49057001210945,549.1309020002199,45.33574278498412,629.7261675880221,1.0,86.0,0.6,0.0,0.0,106.0,664.4085766917588
9.233308918918919,45.47962204918033,1,23,35,0,0,0,0,0,0,0,3,1,0,0.596347428284389,0,0,0,1,7,549,0,0,1,0,0,0,1,9,29,0.0,0.0,0.03739638104183588,0,0,0,1,0,0,0,1,8,0.11141948157341969,0,3,0.8267265283408296,0,8,4,12,14.758720461384264,32.04717037562576,1.0,0.0,0.0,0.0,487.12494378904785,44.587528190358,601.6514181329194,1.0,86.0,0.6,0.0,0.0,106.0,665.462553604184
9.233632702702701,45.47962204918033,1,24,35,0,1,0,0,0,0,0,7,1,0,0.6320527996165839,0,0,0,1,1,538,0,0,1,0,0,0,1,9,29,0.0,0.0,0.039037438786717366,0,0,0,0,0,0,1,1,8,0.11259482318120768,0,3,0.7349972436116599,0,0,5,10,72.79827449387696,30.370758534903082,0.0,0.0,38.2970188999434,0.0,363.99137246938477,0.0,551.6660810867243,1.0,86.0,0.6,0.0,0.0,106.0,664.8857519502952
9.233956486486486,45.47962204918033,1,25,35,0,1,0,0,0,0,0,9,1,0,0.658024774681789,0,0,0,0,1,496,0,0,1,0,0,0,2,9,28,0.0,0.0,0.0392049336841525,0,0,0,0,0,0,1,1,12,0.11232168561586832,0,3,1.1385646873473,0,4,6,10,31.113350361010546,30.370758534903082,0.0,0.0,52.44117106986766,0.0,560.0403064981898,0.0,478.8107476550137,1.0,86.0,0.6,0.0,0.0,106.0,664.0421648863736
9.23428027027027,45.47962204918033,1,26,35,1,1,0,0,0,0,1,8,1,1,0.6827783041070384,0,0,0,0,1,463,0,0,1,0,0,0,2,9,28,0.0,0.0,0.03868349855894491,1,0,0,0,0,0,0,1,17,0.11063061181223559,1,2,1.0134089845166245,0,12,6,11,24.867802476487245,28.172132000848507,1.7478569808601516,0.0,291.83488411850766,235.2584922668895,1119.7950791298206,73.85943974156716,393.86217662517174,1.0,86.0,0.6,0.0,0.0,106.0,662.2903755846844
9.234604054054053,45.47962204918033,1,27,35,0,1,0,0,0,0,1,5,1,1,0.7060984184732156,0,0,0,0,2,417,0,0,1,0,0,0,2,8,28,0.0,0.0,0.03865145357293485,1,0,0,0,0,0,0,1,26,0.10614608000800106,1,2,1.3054794904364098,0,8,6,11,20.726427720161443,28.197742089724468,1.7482068510687965,0.0,279.9367547188388,0.0,697.850980076855,151.93255644976426,327.38281722550585,1.0,86.0,0.6,0.0,0.0,106.0,663.1998841580269
9.234927837837837,45.47962204918033,1,28,35,0,1,0,0,0,0,0,5,1,1,0.7117653713272939,0,0,1,0,1,374,0,0,1,0,0,0,2,7,28,0.0,0.0006472263285235433,0.038459687003310296,0,0,0,0,0,0,0,0,26,0.10052862113616126,1,1,0.3352188342282703,0,0,5,11,56.29513696236397,28.42115722390177,1.7512590192977942,0.0,265.79260254891454,0.0,437.1570520764984,125.79431754714125,327.38281722550585,1.0,86.0,0.6,0.0,0.0,106.0,664.0313866654599
9.235251621621622,45.47962204918033,1,29,35,0,0,0,0,0,0,0,0,1,1,0.7059374419796562,0,0,1,0,0,328,0,0,1,0,0,0,2,7,24,0.0,0.02119518172980611,0.036377650660440575,0,0,0,0,0,0,0,0,26,0.09511337346649518,1,3,0.28955082260243326,0,0,5,11,190.41725219942492,30.74083528044433,1.0,167.49163462663586,227.49558364897115,437.1570520764984,784.5946263704889,0.0,327.38281722550585,1.0,86.0,0.6,0.0,0.0,106.0,664.7111406594547
9.235575405405404,45.47962204918033,1,30,35,0,0,0,0,0,0,0,0,1,1,0.693236053205078,0,0,1,0,0,301,0,0,1,0,0,0,2,7,22,0.0,0.046386403591134495,0.03287791877437349,0,0,0,0,0,0,0,0,26,0.0892227830061468,0,3,0.18903319898219453,0,0,4,11,190.41725219942492,30.74083528044433,1.0,167.49163462663586,781.8695929431508,347.43757429399034,784.5946263704889,0.0,453.38768838789514,1.0,86.0,0.6,0.0,0.0,106.0,664.5336042343256
9.235899189189189,45.47962204918033,1,31,35,0,0,0,0,0,0,0,0,1,1,0.6757294101874939,0,0,1,0,0,273,0,0,1,0,0,0,1,6,21,0.0,0.04972963326234117,0.03181058125800164,0,0,0,0,0,0,0,0,27,0.08360872242985963,0,3,0.19595933375817462,0,0,1,13,173.71878714699517,30.370758534903082,0.0,0.0,781.8695929431508,0.0,347.43757429399034,0.0,313.3691232493831,1.0,86.0,0.6,0.0,0.0,106.0,664.9638790729159
9.236222972972971,45.47962204918033,1,32,35,0,0,0,0,0,0,0,0,0,1,0.6545726303559264,0,0,1,0,0,255,0,0,1,0,0,0,1,6,19,0.0,0.03189425607560119,0.029961128210241588,0,0,0,0,0,0,0,0,27,0.07890848137989172,0,3,0.17425756421977903,0,4,0,14,60.36697512782399,30.0,2.0,370.2943860369471,781.8695929431508,0.0,474.8432657525888,0.0,213.48212442222245,1.0,86.0,0.6,0.0,0.0,106.0,665.7408626369819
9.236546756756756,45.47962204918033,1,33,35,0,0,0,0,0,0,0,0,0,1,0.6305123872928706,0,0,1,0,0,228,0,0,1,0,0,0,1,6,18,0.0,0.004229109411982831,0.02738722548130838,0,0,0,0,0,0,0,0,27,0.07353519042351872,0,3,0.16265949397301369,4,4,0,14,36.425883033610866,18.0,1.7012316383776072,554.3740092941796,781.8695929431508,474.8432657525888,984.9115793908247,136.3050308610955,154.0308715433036,1.0,86.0,0.6,0.0,0.0,106.0,666.6235879342543
9.23687054054054,45.47962204918033,1,34,35,0,0,0,0,0,0,0,0,0,1,0.6042582852325608,0,1,1,0,0,217,0,0,1,0,0,0,1,6,17,0.0,0.0,0.023755245723641953,0,0,1,0,0,0,0,0,24,0.06902900022838517,0,2,0.1291950460079119,0,4,0,14,30.758308750789798,18.0,1.7012316383776072,554.3740092941796,554.3740092941796,94.9973468503776,1154.8194848921125,136.3050308610955,154.0308715433036,1.0,86.0,0.6,0.0,0.0,106.0,667.845992885417
9.237194324324323,45.47962204918033,1,35,35,0,0,0,0,0,0,0,0,0,1,0.5762506260122943,0,1,1,0,0,211,0,0,1,0,0,0,1,6,16,0.0,0.0,0.021165924155958242,0,0,0,0,0,0,0,0,21,0.06380538890441523,0,2,0.16692391039312626,0,0,0,14,11.017143619996782,0.0,1.2534975383710703,0.0,554.3740092941796,71.98059121371332,545.0780304319551,137.98487400784558,154.0308715433036,1.0,86.0,0.6,0.0,0.0,106.0,668.1942851015388
9.237518108108107,45.47962204918033,1,36,35,0,0,0,0,0,0,0,0,0,1,0.5464854937850525,1,0,1,0,0,197,0,0,1,0,0,0,1,5,15,0.0,0.0,0.01995422992330039,1,0,0,0,0,0,0,0,15,0.057894974922157845,0,2,0.011378900368552913,0,0,0,10,10.53306165675667,0.0,1.2534975383710703,0.0,554.3740092941796,147.4120292312789,346.53596220296123,137.98487400784558,154.0308715433036,1.0,86.0,0.6,0.0,0.0,106.0,669.248287391302
9.225861891891892,45.4798474590164,1,0,36,0,0,0,0,0,0,0,0,0,0,0.19746718780333652,0,0,1,0,0,436,0,0,1,0,0,0,2,6,22,0.0,0.0,0.11832796562003078,0,0,0,0,0,0,0,0,10,0.050880719436409316,0,2,2.4646822024732153,0,0,4,6,21.608482721309763,30.0,1.6990077042367975,0.0,121.07358564401646,198.57596801936018,367.6387336800876,64.5309207461076,155.6816346710208,1.0,86.0,0.6,0.0,0.0,106.0,665.2061637941091
9.226185675675676,45.4798474590164,1,1,36,0,0,0,0,0,0,0,1,0,0,0.20519924858357502,0,0,1,0,3,489,0,0,1,0,0,0,3,8,23,0.0,0.0,0.11824218902884746,0,0,0,0,0,0,0,0,10,0.05493839044628424,0,2,2.3107930995706525,0,0,4,6,62.49712541557621,30.0,1.7284153964553592,0.0,121.07358564401646,0.0,575.8047849166686,49.166469239093445,415.02298926974646,1.0,86.0,0.6,0.0,0.0,106.0,665.7318043829554
9.226509459459459,45.4798474590164,1,2,36,0,0,0,0,0,0,0,2,0,0,0.21034200732200228,0,0,1,0,11,548,0,0,1,0,0,0,3,8,24,0.0,0.006675776387933996,0.11769728453021396,1,0,0,0,0,0,0,0,10,0.06050641350211269,0,2,1.9980492566521746,0,0,4,8,17.786518464173085,30.370758534903082,0.0,0.0,121.07358564401646,370.93469226032386,924.8989601370005,0.0,438.91055920317257,1.0,86.0,0.6,0.0,0.0,106.0,665.2938306504384
9.226833243243243,45.4798474590164,1,3,36,0,0,0,0,0,0,0,2,0,0,0.2231580853615256,0,0,1,0,9,582,0,0,1,0,0,0,3,8,25,0.0,0.0387410435377293,0.116894899255993,0,0,0,0,0,0,0,0,12,0.06650277717891578,0,2,2.1789495071158673,0,0,4,10,17.655581782930625,30.370758534903082,0.0,0.0,121.07358564401646,208.3362324322182,988.712579844115,0.0,445.98260890510323,1.0,86.0,0.6,0.0,0.0,106.0,664.549621765327
9.227157027027028,45.4798474590164,1,4,36,0,0,0,0,0,0,0,2,0,0,0.2376863395056155,0,0,1,0,0,609,0,0,1,0,0,0,2,8,27,0.0,0.07952138588968954,0.11604371241886606,0,0,0,0,0,0,0,0,11,0.0719655184425049,0,2,2.222940343608546,0,0,4,10,10.70571106994239,25.747058970591905,2.2567940774192774,0.0,121.07358564401646,240.91010064607946,494.77750895996627,168.97657737646202,522.2836148029296,1.0,86.0,0.6,0.0,0.0,106.0,663.2804730980517
9.22748081081081,45.4798474590164,1,5,36,0,0,0,0,0,0,0,1,0,0,0.2514840251607256,0,0,1,0,0,636,0,0,1,0,0,0,2,9,27,0.0,0.1026149214268473,0.11627456315565753,0,0,0,0,0,0,0,0,10,0.07864995158225437,0,2,2.667076092672035,0,0,4,10,17.982283056806043,25.747058970591905,2.2567940774192774,0.0,21.683719721864048,0.0,262.598215986883,168.97657737646202,473.1171455638362,1.0,86.0,0.6,0.0,0.0,106.0,663.4275353043968
9.227804594594595,45.4798474590164,1,6,36,0,0,0,0,0,0,0,0,1,0,0.26443794901588424,0,0,1,0,1,669,0,0,1,0,0,0,2,9,27,0.0,0.07648627913660022,0.11728719719352278,0,0,0,0,0,0,0,0,5,0.0852870408032789,0,2,3.2,0,0,2,10,22.44752035924726,25.747058970591905,2.2567940774192774,0.0,0.0,0.0,55.49862621601059,168.97657737646202,397.0893739635634,1.0,86.0,0.6,0.0,0.0,106.0,663.5947609270395
9.228128378378377,45.4798474590164,1,7,36,0,0,0,0,0,0,0,0,1,0,0.27872214982713617,0,0,1,0,8,686,0,0,1,0,0,0,2,10,27,0.0,0.035886106834512724,0.11385358989304786,0,0,0,0,0,1,0,0,1,0.09139285680100581,0,2,2.6794229813143584,0,0,2,10,28.56336444662606,30.370758534903082,0.0,0.0,0.0,0.0,0.0,0.0,343.6419959869954,1.0,86.0,0.6,0.0,0.0,106.0,662.6649675965061
9.228452162162162,45.4798474590164,1,8,36,0,0,0,0,0,0,0,0,1,0,0.29374417123548346,0,0,1,0,8,710,0,0,1,0,0,0,2,11,29,0.0,0.005458233275753922,0.10830574330417793,0,0,0,0,0,0,0,0,0,0.09645765010332712,0,1,2.639350853978653,0,0,2,10,28.56336444662606,30.370758534903082,0.0,0.0,0.0,0.0,0.0,0.0,433.1505390093371,1.0,86.0,0.6,0.0,0.0,106.0,661.7654293442545
9.228775945945946,45.4798474590164,1,9,36,0,0,0,0,0,0,0,0,1,0,0.3090434425422181,0,0,1,0,7,722,0,0,1,0,0,0,2,11,30,0.0,0.0,0.10404068055174118,0,0,0,0,0,0,0,0,1,0.09919151356048715,0,1,2.302115261689889,0,0,4,10,22.751037110573392,30.370758534903082,0.0,0.0,0.0,25.730925083142306,136.50622266344035,0.0,364.0709410009689,1.0,86.0,0.6,0.0,0.0,106.0,661.9198982388626
9.229099729729729,45.4798474590164,1,10,36,0,0,0,0,0,0,0,0,1,0,0.3248102695402504,0,0,1,0,5,740,0,0,1,0,0,0,2,11,30,0.0,0.0,0.09663718045024967,0,0,0,0,0,0,0,0,1,0.10242410895084682,0,1,1.7910057607427916,0,0,4,10,21.534945523740276,30.370758534903082,0.0,0.0,133.8333756886825,83.2619174939702,172.2795641899222,0.0,236.8454121004085,1.0,86.0,0.6,0.0,0.0,106.0,662.3653518494475
9.229423513513513,45.4798474590164,1,11,36,0,0,0,0,0,0,0,2,1,0,0.34118269195667605,0,0,1,0,7,759,0,0,1,0,0,0,2,11,30,0.0,0.0,0.08780078348798094,0,0,0,0,0,0,0,0,1,0.10260020114305836,0,1,1.3482733066989347,0,0,4,9,27.001487752874077,30.370758534903082,0.0,0.0,133.8333756886825,119.03525902045205,270.0148775287408,0.0,222.52327309836213,1.0,86.0,0.6,0.0,0.0,106.0,663.1483134581978
9.229747297297298,45.4798474590164,1,12,36,0,0,1,0,0,0,0,4,1,0,0.3546927398680799,0,0,0,0,20,776,0,0,1,0,0,0,1,11,30,0.0,0.0,0.08002066542461486,0,0,0,0,0,0,0,0,1,0.10505712902418188,0,3,1.2419063525510294,0,0,4,6,53.854901115680995,44.14356405469978,2.0,0.0,133.8333756886825,177.59979691683026,676.2655658147498,0.0,203.6310195612049,1.0,86.0,0.6,0.0,0.0,106.0,663.617732631368
9.23007108108108,45.4798474590164,1,13,36,0,0,1,0,0,0,0,4,1,1,0.3667126613029725,0,0,0,0,23,783,0,0,1,0,0,0,1,12,30,0.0,0.0,0.07163528726917094,0,0,0,0,0,0,0,0,2,0.1037099768556019,0,3,1.3827937926412548,0,0,4,6,55.60117859692326,44.14356405469978,2.0,0.0,165.05643595761993,174.33223874544092,593.0036483207796,0.0,170.43587052094674,1.0,86.0,0.6,0.0,0.0,106.0,663.566812599803
9.230394864864865,45.4798474590164,1,14,36,0,0,1,0,0,0,0,4,1,1,0.3757658670956921,0,0,0,0,11,797,0,0,1,0,0,0,1,11,30,0.0,0.0,0.06153896814078578,0,0,0,0,0,0,0,0,4,0.10139939335317388,0,3,1.67705839018834,0,0,4,4,89.93627269539675,44.14356405469978,2.0,0.0,297.1703123212109,0.0,174.33223874544092,0.0,163.48121281939373,1.0,86.0,0.6,0.0,0.0,106.0,664.1426213298887
9.230718648648649,45.4798474590164,1,15,36,0,0,1,0,0,0,0,5,1,1,0.3827957556663033,0,0,0,0,2,799,0,0,1,0,0,0,1,10,30,0.0,0.0,0.051663425792619046,0,0,0,0,0,0,0,0,6,0.10176930684160973,0,3,1.8120455667404176,0,0,4,5,28.56336444662606,30.370758534903082,0.0,0.0,314.5666714821734,0.0,0.0,0.0,314.51807090438285,1.0,86.0,0.6,0.0,0.0,106.0,664.8179374479322
9.231042432432432,45.4798474590164,1,16,36,0,0,0,0,0,0,0,3,1,1,0.3980632605020853,0,0,1,0,1,784,0,0,1,0,0,0,1,9,30,0.0,0.0,0.04420542025831084,0,0,0,0,0,0,0,0,8,0.10060389435849677,0,3,2.3433713056170147,0,0,4,10,28.56336444662606,30.370758534903082,0.0,0.0,314.5666714821734,0.0,0.0,0.0,456.4716228384009,1.0,86.0,0.6,0.0,0.0,106.0,663.8812292156931
9.231366216216216,45.4798474590164,1,17,36,0,0,0,0,0,0,0,3,1,1,0.42048133113952785,0,0,1,0,2,754,0,0,1,0,0,0,2,10,30,0.0,0.0,0.040680696315570926,0,0,0,0,0,0,0,0,9,0.10518846732929661,0,2,2.507960482365163,0,0,3,13,28.56336444662606,30.370758534903082,0.0,0.0,284.96981416437416,0.0,0.0,0.0,508.64031638416697,1.0,86.0,0.6,0.0,0.0,106.0,663.2692743043624
9.23169,45.4798474590164,1,18,36,0,0,0,0,0,0,0,2,1,1,0.44804375824721854,0,1,1,0,6,713,0,0,1,0,0,0,2,9,29,0.0,0.0,0.039290419949907986,0,0,0,0,0,0,0,0,13,0.10754937190168865,0,2,3.011614280243209,0,0,2,13,18.66139066900984,12.852803276301472,1.5475992851606568,0.0,180.73329579349084,0.0,0.0,149.29112535207872,542.276727310293,1.0,86.0,0.6,0.0,0.0,106.0,663.6679476831728
9.232013783783783,45.4798474590164,1,19,36,0,0,0,0,0,0,0,0,1,1,0.47923980529575105,0,0,1,0,9,668,0,0,1,0,0,0,1,9,29,0.0,0.0,0.035073539035458325,0,0,0,0,0,0,0,0,15,0.11377666419913661,0,2,2.5299023723272995,0,8,0,13,25.334588833397433,21.208045655897372,1.451356383257227,0.0,125.59186835237179,0.0,490.0481613920551,162.5982475725515,553.9760591691512,1.0,86.0,0.6,0.0,0.0,106.0,662.2026318647387
9.232337567567567,45.4798474590164,1,20,36,0,0,0,0,0,0,0,0,1,1,0.5132804147717671,0,0,1,0,13,613,0,0,1,0,0,0,1,13,29,0.0,0.0,0.032773027079553964,0,0,0,0,0,0,0,0,16,0.11855778322857845,0,2,2.5166352349126666,0,12,1,13,17.081689423471452,23.40076299123302,1.4115726590466788,0.0,125.59186835237179,0.0,541.240668507819,173.7657138745965,553.9760591691512,1.0,86.0,0.6,0.0,0.0,106.0,662.7429370357154
9.23266135135135,45.4798474590164,1,21,36,0,0,0,0,0,0,0,0,1,1,0.549589909525535,0,0,1,0,19,589,0,0,1,0,0,0,1,11,29,0.0,0.0,0.033937579265479155,0,0,0,0,0,0,0,0,14,0.1184907610930437,0,3,1.6973319227786678,0,12,2,13,14.738324713305499,32.03296201274825,1.088832731741539,0.0,125.59186835237179,345.42690664329643,570.7521144882307,44.80387722817092,553.9760591691512,1.0,86.0,0.6,0.0,0.0,106.0,662.058097061265
9.232985135135134,45.4798474590164,1,22,36,0,0,0,0,0,0,0,3,1,0,0.5878508383103077,0,0,0,0,28,571,0,0,1,0,0,0,1,11,28,0.0,0.0,0.036966328630056396,0,0,0,1,0,0,0,1,12,0.11676595025532947,0,3,1.0881050941834778,4,8,4,13,23.762084827081637,32.7794315828507,1.0,0.0,0.0,5.442772581424082,556.6037365837299,33.63641092612589,480.52280213943453,1.0,86.0,0.6,0.0,0.0,106.0,663.7442122462116
9.233308918918919,45.4798474590164,1,23,36,0,0,0,0,0,0,3,4,1,0,0.6271801712931093,0,0,0,0,24,562,0,0,1,0,0,0,2,11,28,0.0,0.0,0.03913767052962167,0,0,0,1,0,0,0,1,13,0.11771736985975272,0,3,0.44451782568266396,0,8,7,12,25.918021502863233,32.879557682325704,1.0,0.0,38.2970188999434,70.97911624344547,570.2622915105857,33.63641092612589,415.07713686345346,1.0,86.0,0.6,0.0,0.0,106.0,663.5043490263096
9.233632702702701,45.4798474590164,1,24,36,0,1,0,0,0,0,3,8,1,0,0.6627293051434601,0,0,0,0,18,544,0,0,1,0,0,0,2,11,28,0.0,0.0,0.03956066108299489,0,0,0,0,0,0,0,1,11,0.1207344781752753,0,3,1.5834852830768564,0,0,7,11,41.463139649607264,34.10978688496061,1.0,0.0,113.26623307344903,0.0,170.89997093412603,0.0,362.5481782097846,1.0,86.0,0.6,0.0,0.0,106.0,661.7133554571519
9.233956486486486,45.4798474590164,1,25,36,0,1,0,0,0,0,3,8,1,0,0.686490752188683,0,0,0,0,4,504,0,0,0,0,0,0,2,11,27,0.0,0.0,0.039557274826764056,0,0,0,0,0,0,0,1,18,0.12139672214959411,0,3,1.5522615461980134,0,0,9,11,34.891229494353325,30.94222262086344,1.3719175395740508,0.0,113.26623307344903,0.0,453.8849852035367,16.54682208867051,372.7185600104899,1.0,86.0,0.6,0.0,0.0,106.0,661.8280129381532
9.23428027027027,45.4798474590164,1,26,36,1,1,0,0,0,0,3,10,1,1,0.7086379092268942,0,0,0,0,2,462,0,0,1,0,0,0,2,11,27,0.0,0.0,0.039412412383277105,0,0,0,0,0,0,0,1,24,0.11892040476663224,1,1,1.6825026422788143,4,4,9,11,25.073506636335424,28.172132000848507,1.7478569808601516,0.0,280.7578677000849,282.98501426941067,527.904719530483,73.85943974156716,334.8550022982506,1.0,86.0,0.6,0.0,0.0,106.0,657.4727286396394
9.234604054054053,45.4798474590164,1,27,36,0,1,0,0,0,0,3,7,1,1,0.7298165981600025,0,0,0,0,3,413,0,0,1,0,0,0,2,11,27,0.0,0.0,0.03883432001557656,0,0,0,0,0,0,0,1,32,0.11538712845526625,1,1,0.023413156747136402,4,4,9,11,21.581692593432194,28.153221505562968,1.7475986366207712,0.0,340.7618167224202,0.0,516.8662989569905,216.9112492197042,327.38281722550585,1.0,86.0,0.6,0.0,0.0,106.0,661.1970072725289
9.234927837837837,45.4798474590164,1,28,36,0,1,0,0,0,0,0,3,1,1,0.733043848594274,0,0,0,0,2,367,0,0,1,0,0,0,2,8,24,0.0,0.0,0.037413062022168334,0,0,0,0,0,0,0,0,32,0.11220152639672548,1,1,0.19524213198878013,0,0,8,11,27.12210846841494,27.983018999289303,1.7452734285096143,0.0,351.25865868437137,0.0,437.1570520764984,213.77355116546008,327.38281722550585,1.0,86.0,0.6,0.0,0.0,106.0,664.1068272535741
9.235251621621622,45.4798474590164,1,29,36,0,0,0,0,0,0,0,2,1,1,0.7242876803476916,0,0,1,0,0,337,0,0,1,0,0,0,2,7,23,0.0,0.0,0.034166699915815855,0,0,0,0,0,0,0,0,31,0.10578780241816675,0,3,0.1857576637464035,0,0,7,12,60.093044895855,27.930866273804188,1.684334092930128,167.49163462663586,305.77864499089367,437.1570520764984,784.5946263704889,69.49550223241032,327.38281722550585,1.0,86.0,0.6,0.0,0.0,106.0,664.9449120042536
9.235575405405404,45.4798474590164,1,30,36,0,0,0,0,0,0,0,0,1,1,0.7083057071872508,0,0,1,0,0,304,0,0,1,0,0,0,2,7,20,0.0,0.0,0.03215516765436823,0,0,0,0,0,0,0,0,28,0.10015728755005862,0,3,0.21490946787320991,0,0,5,14,190.41725219942492,30.74083528044433,1.0,167.49163462663586,807.7114832152055,347.43757429399034,784.5946263704889,0.0,463.68784808660126,1.0,86.0,0.6,0.0,0.0,106.0,664.8007415847884
9.235899189189189,45.4798474590164,1,31,36,0,0,0,0,0,0,0,0,1,1,0.6875420726969789,0,0,1,0,0,283,0,0,1,0,0,0,2,6,20,0.0,0.0,0.03184390697726698,0,0,0,0,0,0,0,0,27,0.09161896792608774,0,3,0.2186254626231413,0,0,2,14,173.71878714699517,30.370758534903082,0.0,0.0,792.3664349051019,0.0,347.43757429399034,0.0,427.2494494852722,1.0,86.0,0.6,0.0,0.0,106.0,665.3160867424851
9.236222972972971,45.4798474590164,1,32,36,0,0,0,0,0,0,0,0,0,1,0.6632024430657412,0,0,1,0,0,267,0,0,1,0,0,0,1,6,17,0.0,0.0,0.030801111009314687,0,0,0,0,0,0,0,0,27,0.08584536904374981,0,3,0.21970209416883002,0,0,0,14,161.5623969462175,30.0,2.0,326.0591238056975,781.8695929431508,0.0,320.1904639791725,0.0,195.75628374001434,1.0,86.0,0.6,0.0,0.0,106.0,665.7230593113501
9.236546756756756,45.4798474590164,1,33,36,0,0,0,0,0,0,0,0,0,1,0.6365211880728072,0,0,1,0,0,247,0,0,1,0,0,0,1,6,17,0.0,0.0,0.027774160901844088,0,0,0,0,0,0,0,0,27,0.0803000185060625,0,3,0.17671368550319583,0,4,0,14,35.25708985714883,30.0,2.0,370.2943860369471,721.8656439208155,320.1904639791725,1039.989208249006,0.0,154.0308715433036,1.0,86.0,0.6,0.0,0.0,106.0,666.0677489015436
9.23687054054054,45.4798474590164,1,34,36,0,0,0,0,0,0,0,0,0,1,0.6077540841130349,0,1,1,0,0,233,0,0,1,0,0,0,1,6,17,0.0,0.0,0.023536004203316526,0,0,0,0,0,0,0,0,27,0.0745951091787074,0,2,0.16763268633396478,0,0,0,14,33.223465587671896,30.0,2.0,326.0591238056975,554.3740092941796,121.28024870866929,1069.3264308765224,0.0,154.0308715433036,1.0,86.0,0.6,0.0,0.0,106.0,667.0964315027462
9.237194324324323,45.4798474590164,1,35,36,0,0,0,0,0,0,0,0,0,1,0.5770124735941307,0,1,1,0,0,222,0,0,1,0,0,0,1,6,15,0.0,0.0,0.020721409931376347,0,0,0,0,0,0,0,0,24,0.06890897311457149,0,2,0.14338085282667273,0,0,0,14,11.2804321446057,30.370758534903082,0.0,0.0,554.3740092941796,131.91177330869374,473.77815007343935,0.0,154.0308715433036,1.0,86.0,0.6,0.0,0.0,106.0,667.358596008167
9.237518108108107,45.4798474590164,1,36,36,0,0,0,0,0,0,0,0,0,1,0.5442484362867532,1,1,1,0,0,211,0,0,1,0,0,0,1,4,15,0.0,0.0,0.01982916292762433,0,0,0,0,0,0,0,0,17,0.06367950357175861,0,2,0.01417951718574007,0,0,0,12,11.295701756156861,30.370758534903082,0.0,0.0,554.3740092941796,55.69685063453871,316.2796491723921,0.0,154.0308715433036,1.0,86.0,0.6,0.0,0.0,106.0,668.128391934298
9.225861891891892,45.48007286885246,1,0,37,0,0,0,0,0,0,0,0,0,0,0.23998805196599193,0,1,1,0,3,422,0,0,1,0,0,0,3,7,21,0.0,0.0,0.11825809694607016,0,0,0,0,0,0,0,0,14,0.05766387774401644,0,2,2.8316796131721236,0,0,5,6,11.377852197748464,30.0,1.6990077042367975,0.0,121.07358564401646,154.92731982418067,549.8730979323096,64.5309207461076,155.6816346710208,1.0,86.0,0.6,0.0,0.0,106.0,666.3917312721156
9.226185675675676,45.48007286885246,1,1,37,0,0,0,0,0,0,0,0,0,0,0.2502764491003173,0,1,1,0,5,482,0,0,1,0,0,0,3,8,22,0.0,0.00043547315806595786,0.11853551957272201,0,0,0,0,0,0,0,0,15,0.06367608548882436,0,2,2.4429271996183575,0,0,5,6,7.0166500851888545,27.57734603722545,1.7335796467541746,0.0,121.07358564401646,0.0,832.7735845760485,114.4741769244469,280.8148628935223,1.0,86.0,0.6,0.0,0.0,106.0,666.1492522857708
9.226509459459459,45.48007286885246,1,2,37,0,0,0,0,0,0,0,0,0,0,0.2579853902027271,0,1,1,0,7,530,0,0,1,0,0,0,3,8,23,0.0,0.04251854144179881,0.11883706371579178,1,0,0,1,0,0,0,0,14,0.07053987429135003,0,2,2.5606604428564057,0,0,5,8,6.508929808185676,27.819828622199918,1.6349155374225666,0.0,121.07358564401646,555.2414039066712,1090.1590259179957,120.50191840454,351.5922801218286,1.0,86.0,0.6,0.0,0.0,106.0,666.6932752951905
9.226833243243243,45.48007286885246,1,3,37,0,0,0,0,0,0,0,0,0,0,0.27446609339809486,0,0,1,0,5,578,0,0,1,0,0,0,3,9,25,0.028195179619908,0.11564163223352576,0.11922225165676427,0,0,0,0,0,0,0,0,13,0.07655777279829933,0,2,2.5425858707522306,0,0,5,10,9.622747328334642,27.347731174045034,1.7365944940067224,0.0,121.07358564401646,170.46766286871173,1068.8097191209113,28.18347630923787,430.4374794745585,1.0,86.0,0.6,0.0,0.0,106.0,665.0848397015917
9.227157027027028,45.48007286885246,1,4,37,0,0,0,0,0,0,0,0,0,0,0.2905671687273505,0,0,1,0,4,605,0,0,1,0,0,0,3,10,27,0.1251781745960782,0.19295353447735245,0.11887048538512884,0,0,0,0,0,0,0,0,13,0.0848708483965683,0,2,2.7784958991641013,0,0,5,10,10.262510835463612,30.87333965856998,2.0572131225404724,0.0,121.07358564401646,54.90031046791639,449.56737856346075,125.13322822250139,445.98260890510323,1.0,86.0,0.6,0.0,0.0,106.0,663.9733597713148
9.22748081081081,45.48007286885246,1,5,37,0,0,0,0,0,0,0,0,0,0,0.30468253429412057,0,0,0,0,6,632,0,0,1,0,0,0,3,11,27,0.16487320223803126,0.20344527783704844,0.1158723941279002,0,0,0,0,0,0,0,0,12,0.09151534838816201,0,2,2.667076092672035,0,0,2,10,15.941949491083196,30.87333965856998,2.0572131225404724,0.0,121.07358564401646,0.0,129.93796363482977,125.13322822250139,351.7729580453591,1.0,86.0,0.6,0.0,0.0,106.0,663.3658975600991
9.227804594594595,45.48007286885246,1,6,37,0,0,0,0,0,0,0,0,1,0,0.31782307848505154,0,0,1,0,5,669,0,0,1,0,0,0,2,11,27,0.11862567486673872,0.17147818798754774,0.1114236274168305,0,0,0,0,0,0,0,0,9,0.09788931325513252,0,1,2.302466198265919,0,0,2,10,18.063185443851197,30.87333965856998,2.0572131225404724,0.0,0.0,0.0,55.49862621601059,125.13322822250139,249.01734039309522,1.0,86.0,0.6,0.0,0.0,106.0,662.3528952481712
9.228128378378377,45.48007286885246,1,7,37,0,0,0,0,0,0,0,0,1,0,0.33160751039786357,0,0,1,0,6,678,0,0,1,0,0,0,2,13,27,0.023433301422366545,0.09474732708809742,0.10574594435774279,0,0,0,0,0,1,0,0,6,0.10346224568574754,0,1,3.014350853978653,0,0,1,10,28.56336444662606,30.370758534903082,0.0,0.0,0.0,0.0,0.0,0.0,197.11062964196316,1.0,86.0,0.6,0.0,0.0,106.0,663.2425536574976
9.228452162162162,45.48007286885246,1,8,37,0,0,0,0,0,0,0,0,1,0,0.34624537119254645,0,0,1,0,10,704,0,0,0,0,0,0,1,12,27,0.0,0.0330352427633132,0.10083232895470513,0,0,0,0,0,0,0,0,4,0.10903119981479394,0,1,2.346325482139686,0,0,2,10,28.56336444662606,30.370758534903082,0.0,0.0,0.0,0.0,0.0,0.0,221.016918946798,1.0,86.0,0.6,0.0,0.0,106.0,662.3679424189072
9.228775945945946,45.48007286885246,1,9,37,0,0,0,0,0,0,0,0,1,0,0.3608865325066795,0,0,1,0,7,726,0,0,0,0,0,0,2,11,29,0.0,0.0001450982919579272,0.09553028212133122,0,0,0,0,0,0,0,0,4,0.11238587756509093,0,1,1.7910057607427916,0,0,3,11,27.248210644278128,30.370758534903082,0.0,0.0,17.013390211195578,0.0,108.99284257711251,0.0,165.47872414346733,1.0,86.0,0.6,0.0,0.0,106.0,662.1719158314763
9.229099729729729,45.48007286885246,1,10,37,0,0,0,0,0,0,0,0,1,0,0.3754649045436459,0,0,1,0,4,733,0,0,0,0,0,0,2,11,29,0.0,0.0,0.08860534412581775,0,0,0,0,0,0,0,0,3,0.11584827235849672,0,1,1.6132346114371157,0,0,4,11,24.12769735059906,30.370758534903082,0.0,0.0,133.8333756886825,0.0,144.76618410359436,0.0,53.95435125377116,1.0,86.0,0.6,0.0,0.0,106.0,662.7896257032357
9.229423513513513,45.48007286885246,1,11,37,0,0,0,0,0,0,0,0,1,0,0.39012742273513146,0,0,0,0,8,745,0,0,1,0,0,0,2,11,29,0.0,0.0,0.08101988987917659,0,0,0,0,0,0,0,0,4,0.11731812300860017,0,2,1.380009909869285,0,0,4,9,38.84237565428357,30.370758534903082,0.0,0.0,133.8333756886825,0.0,388.42375654283575,0.0,35.05047672948753,1.0,86.0,0.6,0.0,0.0,106.0,664.1935378058611
9.229747297297298,45.48007286885246,1,12,37,0,0,1,0,0,0,0,0,1,0,0.4043921036248296,0,0,0,0,18,756,0,0,1,0,0,0,1,10,29,0.0,0.0007395019852850344,0.07429810383611687,0,0,0,0,0,0,0,0,4,0.11862734173365092,0,2,1.017506722552113,0,0,4,8,51.87664062240874,42.7318523041491,2.0,17.013390211195578,165.05643595761993,231.91844954056808,676.2655658147498,0.0,35.05047672948753,1.0,86.0,0.6,0.0,0.0,106.0,664.185701737844
9.23007108108108,45.48007286885246,1,13,37,0,0,1,0,0,0,0,0,1,1,0.41454348659521173,0,0,0,0,12,774,0,0,1,0,0,0,1,11,29,0.0,0.0026919852124957025,0.0652194262906806,0,0,0,0,0,0,0,0,6,0.1166875020472017,0,3,1.2736103125814897,0,4,4,7,37.183079428711935,41.37330127725543,2.0,133.8333756886825,314.5666714821734,174.33223874544092,711.7713096078697,0.0,88.30632976777416,1.0,86.0,0.6,0.0,0.0,106.0,664.1598710318736
9.230394864864865,45.48007286885246,1,14,37,0,0,1,0,0,0,0,0,1,1,0.42362218219437586,0,0,0,0,7,797,0,0,1,0,0,0,1,10,29,0.0,0.0026919852124957025,0.056444491769701476,0,0,0,0,0,0,0,0,8,0.11458162408118873,0,3,1.9387998383941532,0,0,4,5,37.77270328438889,41.41233259670519,2.0,107.04308986684394,455.2151873745548,0.0,311.9073106472322,0.0,73.4950943521001,1.0,86.0,0.6,0.0,0.0,106.0,664.4881154202925
9.230718648648649,45.48007286885246,1,15,37,0,0,1,0,0,0,0,0,1,1,0.43301320829510825,0,0,1,0,3,804,0,0,1,0,0,0,1,10,29,0.0,0.0026919852124957025,0.04913081260871357,0,0,0,0,0,0,0,0,9,0.11505928625117624,0,3,1.2411793396865711,0,0,4,6,28.56336444662606,30.370758534903082,0.0,0.0,455.2151873745548,0.0,0.0,0.0,345.0321564830676,1.0,86.0,0.6,0.0,0.0,106.0,664.3262201693956
9.231042432432432,45.48007286885246,1,16,37,0,0,0,0,0,0,0,1,1,1,0.44602626242177856,0,0,1,0,3,778,0,0,1,0,0,0,2,9,29,0.0,0.0,0.042924390358734334,0,0,0,0,0,0,0,0,11,0.1151785829928935,0,2,2.3433713056170147,0,0,4,13,36.74754717605005,14.171902236866622,1.565620051538756,0.0,455.2151873745548,0.0,0.0,73.4950943521001,456.4716228384009,1.0,86.0,0.6,0.0,0.0,106.0,663.7554261487721
9.231366216216216,45.48007286885246,1,17,37,0,0,0,0,0,0,0,0,1,1,0.46655908596252893,0,0,1,0,0,751,0,0,1,0,0,0,2,9,29,0.0,0.0,0.04136048949409881,0,0,0,0,0,0,0,0,14,0.11910717043722814,0,2,2.507960482365163,0,0,2,13,36.74754717605005,14.171902236866622,1.565620051538756,0.0,455.2151873745548,0.0,0.0,73.4950943521001,467.639089140446,1.0,86.0,0.6,0.0,0.0,106.0,663.9078573743532
9.23169,45.48007286885246,1,18,37,0,0,0,0,0,0,0,0,1,1,0.4915356743770197,0,1,1,0,4,724,0,0,1,0,0,0,2,11,29,0.0,0.0,0.03986346975913148,0,0,0,1,0,0,0,0,16,0.12337582192169128,0,2,3.343011900202674,0,0,1,13,17.25160782415338,12.749981923155,1.546194599356842,0.0,425.6183300567556,0.0,0.0,345.0321564830676,512.6961658480711,1.0,86.0,0.6,0.0,0.0,106.0,664.6873425486189
9.232013783783783,45.48007286885246,1,19,37,0,0,0,0,0,0,0,0,1,1,0.5201210064421752,0,0,1,0,8,673,0,0,1,0,0,0,2,13,29,0.0,0.0,0.03630330514605486,0,0,0,1,0,0,0,0,20,0.12803500357070932,0,2,3.3532682482181997,0,0,0,13,14.049533009778326,12.516441228223503,1.5430041015784675,0.0,289.6520887841432,0.0,0.0,280.99066019556653,553.9760591691512,1.0,86.0,0.6,0.0,0.0,106.0,664.1905054946537
9.232337567567567,45.48007286885246,1,20,37,0,0,0,0,0,0,0,0,1,1,0.5515046477564566,0,0,1,0,5,652,0,0,1,0,0,0,1,12,29,0.0,0.0,0.03691969185251132,0,0,0,0,0,0,0,0,20,0.12809231225255222,0,2,2.8133072117158173,0,0,1,13,33.14734562178028,12.636932075191684,1.5446501777780748,0.0,234.51066134302414,0.0,345.42690664329643,251.2253145487486,553.9760591691512,1.0,86.0,0.6,0.0,0.0,106.0,663.7584035404373
9.23266135135135,45.48007286885246,1,21,37,0,0,0,0,0,0,0,0,1,1,0.5851634272273064,0,0,1,0,8,629,0,0,1,0,0,0,1,11,28,0.0,0.0,0.03916069660915482,0,0,0,0,0,0,0,0,19,0.1298332045970308,0,2,2.1260356022728013,0,0,3,13,126.9273262620655,34.169935777274794,1.0,0.0,234.51066134302414,0.0,345.42690664329643,0.0,553.9760591691512,1.0,86.0,0.6,0.0,0.0,106.0,662.0796435352919
9.232985135135134,45.48007286885246,1,22,37,0,0,0,0,0,0,0,3,1,1,0.620753647212564,0,0,0,0,22,591,0,0,1,0,0,0,2,12,28,0.0,0.0,0.03926548868477426,0,0,0,0,0,0,0,0,18,0.13011030800059234,0,4,1.6374438945477756,0,0,7,13,44.73081419082807,34.01405766522957,1.0,0.0,234.51066134302414,345.42690664329643,443.0154418012587,0.0,480.480964817051,1.0,86.0,0.6,0.0,0.0,106.0,662.5295034261868
9.233308918918919,45.48007286885246,1,23,37,0,0,0,0,0,0,3,5,1,1,0.6581894430792443,0,0,0,0,27,561,0,0,1,0,0,0,2,11,28,0.0,0.0,0.037819132773258705,0,0,0,0,0,0,0,1,16,0.1318396784470015,0,4,1.410747002959733,0,0,9,12,47.521530158908874,34.04080683288954,1.0,0.0,347.7768944164732,345.42690664329643,501.89367695762485,0.0,508.0700741455132,1.0,86.0,0.6,0.0,0.0,106.0,662.2373298202206
9.233632702702701,45.48007286885246,1,24,37,0,1,0,0,0,1,4,8,1,0,0.6935720829996435,0,0,0,0,27,529,0,0,1,0,0,0,2,11,28,0.0,0.0,0.038249559420898,0,0,0,0,0,0,0,1,15,0.1299852598105771,0,4,1.410747002959733,0,0,9,12,58.980672644293946,34.10978688496061,1.0,0.0,256.6010025020167,60.66829606728685,564.4804584634818,0.0,319.9382649452892,1.0,86.0,0.6,0.0,0.0,106.0,661.9352109060367
9.233956486486486,45.48007286885246,1,25,37,0,1,0,0,0,1,6,10,1,0,0.7147304612773536,0,0,0,0,19,495,0,0,0,0,0,0,2,11,28,0.0,2.0797427031480788e-05,0.038555451961892216,0,0,0,0,0,1,0,1,21,0.1285388092784242,0,3,1.1549220583687307,0,8,9,11,23.547554301749823,34.01270536187665,1.0,0.0,286.3695671063438,99.92085469068056,927.4255202569568,0.0,369.35440498671846,1.0,86.0,0.6,0.0,0.0,106.0,661.2861846771216
9.23428027027027,45.48007286885246,1,26,37,1,1,0,0,0,1,6,10,1,1,0.7342231557969994,0,0,0,0,8,452,0,0,1,0,0,0,3,11,26,0.0,0.0044802589386126485,0.03875028998170445,0,0,0,0,0,1,0,1,28,0.1280855917987325,0,2,1.147921686761469,0,16,9,11,13.899880294016837,32.1871571941488,1.6044593552578,22.951455636669902,546.032385100427,239.84730291198275,944.1850039817843,129.27935223023638,327.38281722550585,1.0,86.0,0.6,0.0,0.0,106.0,658.5874661175861
9.234604054054053,45.48007286885246,1,27,37,0,1,0,0,0,0,3,10,1,1,0.753236661694552,0,0,0,0,4,409,0,0,1,0,0,0,2,11,25,0.0,0.007154686953204245,0.037867102770220415,0,0,0,0,0,0,0,0,36,0.12532548500455193,0,2,2.022509720731112,0,12,9,11,14.543274126931728,29.282944662824907,1.6934404423830205,15.145420593966689,564.935070792593,0.0,723.1197529042375,288.0116461947315,327.38281722550585,1.0,86.0,0.6,0.0,0.0,106.0,661.1008406720343
9.234927837837837,45.48007286885246,1,28,37,0,1,0,0,0,0,0,7,1,1,0.7536917399024526,0,0,0,0,3,364,0,0,1,0,0,0,2,10,23,0.0,0.0,0.034646985401609404,0,0,0,0,0,0,0,0,40,0.12205020614064371,0,2,0.2273026067378957,0,0,9,13,26.885786898792574,28.070132484007647,1.7464635225081864,0.0,446.56905625148255,0.0,437.1570520764984,261.87340729210854,327.38281722550585,1.0,86.0,0.6,0.0,0.0,106.0,663.9018653631792
9.235251621621622,45.48007286885246,1,29,37,0,0,0,0,0,0,0,2,1,1,0.7414783234792973,0,0,0,0,0,341,0,0,1,0,0,0,2,9,23,0.0,0.0,0.03179259470338233,0,0,0,0,0,0,0,0,38,0.1171559944430558,0,3,0.21997100193471902,0,0,9,14,67.43583425840289,27.983641302843786,1.6741047375101739,167.49163462663586,404.054808070374,437.1570520764984,784.5946263704889,59.45125287891886,327.38281722550585,1.0,86.0,0.6,0.0,0.0,106.0,665.1879275864878
9.235575405405404,45.48007286885246,1,30,37,0,0,0,0,0,0,0,0,1,1,0.7223523420084119,0,0,0,0,0,323,0,0,1,0,0,0,2,7,20,0.0,0.0,0.03074676545158095,0,0,0,0,0,0,0,0,33,0.10958931245650827,0,3,0.22796451300082057,0,0,7,14,190.41725219942492,30.74083528044433,1.0,167.49163462663586,684.034416670542,347.43757429399034,784.5946263704889,0.0,327.38281722550585,1.0,86.0,0.6,0.0,0.0,106.0,665.5440469825227
9.235899189189189,45.48007286885246,1,31,37,0,0,0,0,0,0,0,0,1,1,0.6988204436571639,0,0,1,0,0,287,0,0,1,0,0,0,2,6,19,0.0,0.0,0.030302440886604613,0,0,0,0,0,0,0,0,30,0.10203166227845462,0,3,0.23819602646773144,0,0,4,14,173.71878714699517,30.370758534903082,0.0,0.0,785.1586352687692,0.0,347.43757429399034,0.0,437.54960918397836,1.0,86.0,0.6,0.0,0.0,106.0,665.1548484865527
9.236222972972971,45.48007286885246,1,32,37,0,0,0,0,0,0,0,0,0,1,0.6724560220263506,0,0,1,0,0,274,0,0,1,0,0,0,2,6,17,0.0,0.0,0.029764987207667546,0,0,0,0,0,0,0,0,30,0.09413663731479718,0,3,0.24237929622901294,0,0,1,14,161.5623969462175,30.0,2.0,326.0591238056975,747.7075341928702,0.0,320.1904639791725,0.0,195.75628374001434,1.0,86.0,0.6,0.0,0.0,106.0,665.9519039742289
9.236546756756756,45.48007286885246,1,33,37,0,0,0,0,0,0,0,0,0,1,0.6434629266544428,0,0,1,0,0,256,0,0,1,0,0,0,2,6,17,0.0,0.0,0.027631796611138133,0,0,0,0,0,0,0,0,29,0.08716563360413453,0,3,0.22704483153581434,0,0,1,14,61.374770255458834,30.0,2.0,326.0591238056975,721.8656439208155,320.1904639791725,778.6867407925615,0.0,154.0308715433036,1.0,86.0,0.6,0.0,0.0,106.0,666.4061875858505
9.23687054054054,45.48007286885246,1,34,37,0,0,0,0,0,0,0,0,0,1,0.6120892768666238,0,1,1,0,0,245,0,0,1,0,0,0,1,5,17,0.0,0.0,0.0246663595621762,0,0,0,0,0,0,0,0,27,0.07948103984339462,0,2,0.21438076497820419,0,0,1,14,47.33650760721559,30.0,2.0,326.0591238056975,554.3740092941796,0.0,904.6900739819079,0.0,154.0308715433036,1.0,86.0,0.6,0.0,0.0,106.0,667.2459560144624
9.237194324324323,45.48007286885246,1,35,37,0,0,0,0,0,0,0,0,0,1,0.5785612796945309,0,1,1,0,0,239,0,0,1,0,0,0,1,5,15,0.0,0.0,0.021372181529027378,0,0,0,0,0,0,0,0,26,0.07483725841204868,0,2,0.1964332741502027,0,0,1,14,13.546355264070547,30.370758534903082,0.0,0.0,554.3740092941796,0.0,216.74168422512875,0.0,154.0308715433036,1.0,86.0,0.6,0.0,0.0,106.0,667.4532345627431
9.237518108108107,45.48007286885246,1,36,37,0,0,0,0,0,0,0,0,0,1,0.5428967854623185,1,1,1,0,0,228,0,0,1,0,0,0,0,5,15,0.0,0.0,0.01985526135471753,0,0,0,0,0,0,0,0,19,0.06967228679238839,0,2,0.006992302996845285,0,0,0,13,21.985295551448957,30.370758534903082,0.0,0.0,554.3740092941796,0.0,131.91177330869374,0.0,154.0308715433036,1.0,86.0,0.6,0.0,0.0,106.0,667.8377087435722
9.225861891891892,45.48029827868853,1,0,38,0,0,0,0,0,0,0,0,0,0,0.2835702892793763,0,1,1,0,6,400,0,0,1,0,0,0,3,8,21,0.0,0.0,0.11557306667033904,0,0,0,0,0,0,0,0,16,0.0638688468883651,0,1,3.098634479656522,0,0,6,6,7.213865420015487,30.0,1.6990077042367975,0.0,175.7147061987938,90.53746800342475,389.9426007148681,64.5309207461076,155.6816346710208,1.0,86.0,0.6,0.0,0.0,106.0,666.8030440050346
9.226185675675676,45.48029827868853,1,1,38,0,0,0,0,0,0,0,0,0,0,0.29642441616732473,0,1,1,0,5,448,0,0,1,0,0,0,3,8,21,0.0,0.007281536378079649,0.11786575539598308,0,0,0,0,0,0,0,0,17,0.0711245285565956,0,2,3.098634479656522,0,0,6,6,4.393259445632258,28.243127065198156,1.6534304718095314,21.683719721864048,299.4630184976342,132.44385418095527,604.6348269296573,155.6816346710208,218.44540014145642,1.0,86.0,0.6,0.0,0.0,106.0,666.5951714329541
9.226509459459459,45.48029827868853,1,2,38,0,0,0,0,0,0,0,0,0,0,0.3067010689770105,0,1,1,0,4,496,0,0,1,0,0,0,3,8,21,0.0,0.09091360848075519,0.11901784521528877,0,0,0,1,0,0,0,0,17,0.07827149515771045,0,2,3.0539203936501385,0,4,6,7,7.880222320361327,28.550620167326866,1.6634425926574636,121.07358564401646,335.97403323719755,398.27380824575806,1188.570138138461,140.31718316400665,330.50563487216783,1.0,86.0,0.6,0.0,0.0,106.0,667.2661005058828
9.226833243243243,45.48029827868853,1,3,38,0,0,0,0,0,0,0,0,0,0,0.3251269874151411,0,0,1,0,4,541,0,0,1,0,0,1,3,9,25,0.15189508251764688,0.20526795407294005,0.11872734507774967,0,0,0,0,0,0,0,0,17,0.0855091492958614,0,1,3.083871924373076,0,0,6,8,7.263715679992713,28.129780424243197,1.6504900052013205,21.683719721864048,299.4630184976342,0.0,1020.305212432086,91.15071392491319,330.50563487216783,1.0,86.0,0.6,0.0,0.0,106.0,665.9866191552633
9.227157027027028,45.48029827868853,1,4,38,0,0,0,0,0,0,0,0,0,0,0.34350209079239136,0,0,1,0,12,582,0,0,1,0,0,1,3,9,27,0.41311407441073594,0.2906597224567723,0.11667266355128775,0,0,0,0,0,0,0,0,17,0.09393025523242994,0,1,3.2505425731311206,0,0,4,10,17.08405279158038,36.31000948785497,1.8545188995843243,0.0,294.8465030908447,0.0,108.07676244536816,62.763765470435615,345.9201250769799,1.0,86.0,0.6,0.0,0.0,106.0,664.5841266381133
9.22748081081081,45.48029827868853,1,5,38,0,0,0,0,0,0,0,0,0,0,0.3579552376603941,0,0,1,0,14,608,0,0,1,0,0,1,3,9,27,0.5985675958585776,0.3032330447031234,0.11220175309817193,0,0,0,0,0,0,0,0,16,0.10043332982165443,0,1,2.5006141390080527,0,0,3,10,19.3233695746479,36.31000948785497,1.8545188995843243,0.0,388.38368047058833,0.0,53.17645197745178,62.763765470435615,281.3892043308723,1.0,86.0,0.6,0.0,0.0,106.0,664.0199836671493
9.227804594594595,45.48029827868853,1,6,38,0,0,0,0,0,0,0,0,1,0,0.3713874996931877,0,0,0,0,11,649,0,0,1,0,0,1,3,11,27,0.3526566188590206,0.2744114042713276,0.1054442549141576,0,0,0,0,0,0,0,0,13,0.10811382886294083,0,1,2.023452677572287,0,0,1,10,15.690941367608904,36.31000948785497,1.8545188995843243,0.0,350.8110146682377,0.0,0.0,62.763765470435615,262.3173253876388,1.0,86.0,0.6,0.0,0.0,106.0,664.0855761384379
9.228128378378377,45.48029827868853,1,7,38,0,0,0,0,0,0,0,0,1,0,0.38484454479756836,0,0,1,0,7,666,0,0,1,0,0,1,1,12,27,0.1135381903218116,0.16743437683370743,0.09927518445638095,0,0,0,0,0,0,0,0,12,0.11525550801815694,0,1,3.019134471971537,0,0,0,11,28.56336444662606,30.370758534903082,0.0,0.0,241.25884107342924,0.0,0.0,0.0,174.82400020114704,1.0,86.0,0.6,0.0,0.0,106.0,662.684626708913
9.228452162162162,45.48029827868853,1,8,38,0,0,0,0,0,0,0,0,1,0,0.3990311123324395,0,0,1,0,6,682,0,0,0,0,0,0,1,12,27,0.0,0.06075135507810928,0.0942734244364927,0,0,0,0,0,0,0,0,8,0.11939515805229027,0,0,2.1595613341795965,0,0,0,12,28.56336444662606,30.370758534903082,0.0,0.0,389.8857546998063,0.0,0.0,0.0,125.13322822250139,1.0,86.0,0.6,0.0,0.0,106.0,662.7622906522499
9.228775945945946,45.48029827868853,1,9,38,0,0,0,0,0,0,0,0,1,0,0.41234585034937693,0,0,1,0,5,710,0,0,0,0,0,0,2,11,27,0.0,0.004510255796099901,0.08864612154859587,0,0,0,0,0,0,0,0,7,0.12382917462396631,0,1,1.5165432642963943,0,0,2,12,28.56336444662606,30.370758534903082,0.0,0.0,271.16355427565094,0.0,0.0,0.0,62.763765470435615,1.0,86.0,0.6,0.0,0.0,106.0,663.3452682490963
9.229099729729729,45.48029827868853,1,10,38,0,0,0,0,0,0,0,0,1,0,0.42524515595602386,0,0,0,0,6,727,0,0,0,0,0,0,2,11,29,0.0,0.0,0.08152856259020301,0,0,0,0,0,0,0,0,7,0.1280322740576557,0,1,1.5134468621799109,0,0,3,12,28.56336444662606,30.370758534903082,0.0,0.0,376.94088220993575,0.0,0.0,0.0,0.0,1.0,86.0,0.6,0.0,0.0,106.0,663.1951374189089
9.229423513513513,45.48029827868853,1,11,38,0,0,0,0,0,0,0,0,1,0,0.43813650965084094,0,0,0,0,7,741,0,0,1,0,0,0,2,11,29,0.0,0.0,0.07431255656173714,0,0,0,0,0,0,0,0,4,0.13292599177766923,0,2,1.3749236467976402,0,0,3,10,115.95922477028404,30.370758534903082,0.0,0.0,376.94088220993575,0.0,231.91844954056808,0.0,0.0,1.0,86.0,0.6,0.0,0.0,106.0,664.4095525802147
9.229747297297298,45.48029827868853,1,12,38,0,0,1,0,0,0,0,0,1,0,0.45156166045884044,0,0,0,0,17,749,0,0,1,0,0,0,1,10,29,0.0,0.0026919852124957025,0.0673756746980837,0,0,0,0,0,0,0,0,6,0.13318158755436843,0,2,1.145215038115025,0,4,4,10,33.71777571514839,41.37330127725543,2.0,133.8333756886825,323.3978592480094,231.91844954056808,668.3171422041337,0.0,0.0,1.0,86.0,0.6,0.0,0.0,106.0,663.2583190490211
9.23007108108108,45.48029827868853,1,13,38,0,0,1,0,0,0,0,0,1,1,0.4622668670223171,0,0,0,0,15,760,0,0,1,0,0,0,1,10,29,0.0033673045743562954,0.0026919852124957025,0.05908534113415038,0,0,0,0,0,0,0,0,9,0.13023669749507535,0,3,1.146461532066136,4,4,4,7,33.71777571514839,41.37330127725543,2.0,133.8333756886825,529.1645698879577,328.87324155901297,668.3171422041337,0.0,73.4950943521001,1.0,86.0,0.6,0.0,0.0,106.0,664.7599635835288
9.230394864864865,45.48029827868853,1,14,38,0,0,1,0,0,0,0,0,1,1,0.470377247786407,0,0,1,0,6,768,0,0,1,0,0,0,1,10,29,0.01076794084994674,0.0026919852124957025,0.052296615335896156,0,0,0,0,0,0,0,0,10,0.12754321471178334,0,3,1.606943645914823,0,4,4,6,24.689322277205157,41.37330127725543,2.0,133.8333756886825,529.1645698879577,114.8207808609384,509.4856589772944,0.0,162.17384042236165,1.0,86.0,0.6,0.0,0.0,106.0,664.0150671495328
9.230718648648649,45.48029827868853,1,15,38,0,0,0,0,0,0,0,0,1,1,0.47693451620088706,0,0,1,0,6,778,0,0,1,0,0,0,1,10,29,0.0,0.0026919852124957025,0.046619460094293054,0,0,0,0,0,0,0,0,11,0.12922148972032446,0,2,1.1191320346481093,0,0,2,8,71.02540461178418,36.819718910475565,1.6666666666666667,135.45957863982073,465.3037394924444,0.0,432.7436582544526,0.0,345.0321564830676,1.0,86.0,0.6,0.0,0.0,106.0,664.5405084043113
9.231042432432432,45.48029827868853,1,16,38,0,0,0,0,0,0,0,0,1,1,0.4866452659916427,0,0,1,0,6,754,0,0,1,0,0,0,2,10,29,0.0,0.0026919852124957025,0.042293893000151093,0,0,0,1,0,0,0,0,14,0.12999237417525475,0,2,1.1726153582061423,0,0,2,15,75.22341650016747,19.495722058058817,1.3770800343591707,31.223060268937427,455.2151873745548,0.0,421.8457608801348,73.4950943521001,443.1645006179282,1.0,86.0,0.6,0.0,0.0,106.0,664.9533081296067
9.231366216216216,45.48029827868853,1,17,38,0,0,0,0,0,0,0,0,1,1,0.5075566186820146,0,0,1,0,2,729,0,0,1,0,0,0,2,11,29,0.0,0.0,0.040745271543170425,0,0,0,1,0,0,0,0,16,0.13507284601932978,0,2,1.4474043433912513,0,0,2,15,48.53554031495248,13.117547940956452,1.55121607350954,0.0,455.2151873745548,0.0,307.0249800191964,178.33042313032837,456.4716228384009,1.0,86.0,0.6,0.0,0.0,106.0,664.6570870956792
9.23169,45.48029827868853,1,18,38,0,0,0,0,0,0,0,0,1,1,0.5328759183944511,0,1,1,0,5,706,0,0,1,0,0,0,2,12,29,0.0,0.0,0.03811917231034995,0,0,0,1,0,0,0,0,19,0.13812205551810855,0,2,1.9750067007449637,0,0,0,14,17.29622075717171,12.753235730759137,1.5462390509927135,0.0,534.5371230474079,0.0,0.0,311.3319736290908,467.639089140446,1.0,86.0,0.6,0.0,0.0,106.0,664.5553178785584
9.232013783783783,45.48029827868853,1,19,38,0,0,0,0,0,0,0,0,1,1,0.5617837417727358,0,1,1,0,6,680,0,0,1,0,0,0,2,12,29,0.0,0.0008580702496653403,0.03733499990289028,0,0,0,1,0,0,0,0,22,0.14348463934403266,0,2,2.1667002306978556,0,0,0,13,18.047354343506512,12.808019041552347,1.5469874688709297,0.0,534.5371230474079,0.0,0.0,360.94708687013025,542.276727310293,1.0,86.0,0.6,0.0,0.0,106.0,664.3038320185601
9.232337567567567,45.48029827868853,1,20,38,0,0,0,0,0,0,0,0,1,1,0.5909657874466836,0,0,1,0,3,667,0,0,1,0,0,0,1,12,28,0.0,0.010284033120710986,0.03803049841568854,0,0,0,1,0,0,0,0,22,0.14478308148689006,0,2,2.151545664270778,0,0,1,13,18.199316074555462,12.81910224551524,1.5471388811874482,0.0,289.6520887841432,0.0,0.0,254.79042504377645,542.276727310293,1.0,86.0,0.6,0.0,0.0,106.0,664.4310580666515
9.23266135135135,45.48029827868853,1,21,38,0,0,0,0,0,0,0,0,1,1,0.621973127199096,0,0,1,0,0,639,0,0,1,0,0,0,1,11,28,0.0,0.016672202357720264,0.04132550022533799,0,0,0,0,0,0,0,0,20,0.144526523328713,0,3,2.0048955010359903,0,0,5,13,28.56336444662606,30.370758534903082,0.0,0.0,234.51066134302414,0.0,0.0,0.0,553.9760591691512,1.0,86.0,0.6,0.0,0.0,106.0,663.3468681292188
9.232985135135134,45.48029827868853,1,22,38,0,0,0,0,0,0,0,3,1,1,0.6548911778090973,0,0,0,0,0,612,0,0,1,0,0,0,2,11,28,0.0,0.008080078145007765,0.04190915405063057,0,0,0,0,0,0,0,0,22,0.1432023238592632,0,4,2.2690783292660432,0,0,9,13,153.28910931272995,34.31593719784136,1.0,0.0,272.80768024296754,0.0,345.42690664329643,0.0,553.9760591691512,1.0,86.0,0.6,0.0,0.0,106.0,663.770793323127
9.233308918918919,45.48029827868853,1,23,38,0,0,0,0,0,0,0,5,1,1,0.6896805915954811,0,0,0,0,11,577,0,0,1,0,0,0,2,11,27,0.0,0.0001612482541964605,0.04145089333924472,0,0,0,0,0,0,0,0,20,0.14185607976271136,0,4,1.7530145782492206,0,0,9,12,153.28910931272995,34.31593719784136,1.0,0.0,390.82800756779005,0.0,345.42690664329643,0.0,323.8231100945774,1.0,86.0,0.6,0.0,0.0,106.0,663.1907076040584
9.233632702702701,45.48029827868853,1,24,38,0,1,0,0,0,0,5,9,1,1,0.7240515161123188,0,0,0,0,22,526,0,0,1,0,0,0,2,11,27,0.0,0.0,0.03900440715408786,0,0,0,0,0,0,0,0,18,0.14423400759960583,0,4,1.6183305728014308,0,0,9,11,58.84479317814897,34.0472471930868,1.0,0.0,609.4844954422531,345.42690664329643,493.50134222003635,0.0,309.04016034545765,1.0,86.0,0.6,0.0,0.0,106.0,662.2628376497428
9.233956486486486,45.48029827868853,1,25,38,0,1,0,0,0,1,3,11,1,0,0.7424518386256865,0,0,0,0,16,482,0,0,0,0,0,0,2,11,27,0.0,0.016361659003174284,0.03697275654527969,0,0,0,0,0,0,0,0,23,0.14436886790831932,0,4,1.0780822175584879,0,12,9,11,17.102226710944688,37.15263759229793,1.5333333333333334,52.44117106986766,483.8926270898813,393.5804875293559,950.7617447042635,0.0,361.0192281516317,1.0,86.0,0.6,0.0,0.0,106.0,661.8278683574249
9.23428027027027,45.48029827868853,1,26,38,1,1,0,0,0,1,7,13,1,1,0.7592394968042718,0,0,0,0,14,453,0,0,0,0,0,0,2,11,25,0.0,0.0414712574396983,0.036261582545390914,0,0,0,0,0,1,0,0,32,0.1402742616056125,0,2,1.6135943416526688,8,24,9,11,14.377065331340884,35.36798912844142,1.6110389693064249,113.26623307344903,677.2261519885719,114.09006089359747,1255.6307261487611,84.80931490382088,327.38281722550585,1.0,86.0,0.6,0.0,0.0,106.0,660.2527524860946
9.234604054054053,45.48029827868853,1,27,38,0,1,0,0,0,0,5,11,1,1,0.7759069472206228,0,0,0,0,13,409,0,0,1,0,0,0,2,11,24,0.0,0.05788628912636302,0.03423329675746018,0,0,0,0,0,0,0,0,38,0.13556896132142546,0,2,2.4800349064133718,0,20,9,11,9.364231912878104,32.829047555143084,1.5951681672886937,52.44117106986766,714.677253064471,86.97029752681998,533.193505410951,152.48235646004446,327.38281722550585,1.0,86.0,0.6,0.0,0.0,106.0,660.7407896336528
9.234927837837837,45.48029827868853,1,28,38,0,1,0,0,0,0,0,10,1,1,0.7729296820824086,0,0,0,0,8,371,0,0,1,0,0,0,2,10,23,0.0,0.06459280976445085,0.03142996695109201,0,0,0,0,0,0,0,0,43,0.1305679828178625,0,2,0.9771257311188997,0,4,9,14,22.827354860749516,28.368399502529126,1.6815762789122661,0.0,877.4073094735596,0.0,604.8856542497542,175.45026077574155,327.38281722550585,1.0,86.0,0.6,0.0,0.0,106.0,664.123526326053
9.235251621621622,45.48029827868853,1,29,38,0,0,0,0,0,0,0,6,1,1,0.7574869331518793,0,0,0,0,0,343,0,0,1,0,0,0,2,10,22,0.0,0.029128503698167905,0.02957142581086744,0,0,0,0,0,0,0,0,41,0.12559046572799853,0,3,0.26583384288351225,0,4,9,14,39.30908695198228,28.255738530081146,1.6620048184126097,167.49163462663586,969.3501863563913,437.1570520764984,977.5133235999871,73.57673728482789,327.38281722550585,1.0,86.0,0.6,0.0,0.0,106.0,664.4215850224102
9.235575405405404,45.48029827868853,1,30,38,0,0,0,0,0,0,0,0,1,1,0.7357994469610774,0,0,0,0,0,313,0,0,1,0,0,0,2,7,22,0.0,0.0,0.029399304713423283,0,0,0,0,0,0,0,0,40,0.11965758123048267,0,3,0.2540601113995997,0,0,10,14,190.41725219942492,30.74083528044433,1.0,167.49163462663586,906.7098402699883,347.43757429399034,784.5946263704889,0.0,327.38281722550585,1.0,86.0,0.6,0.0,0.0,106.0,664.929033698851
9.235899189189189,45.48029827868853,1,31,38,0,0,0,0,0,0,0,1,1,1,0.7103941421468241,0,0,0,0,0,290,0,0,1,0,0,0,2,7,18,0.0,0.0,0.029399304713423283,0,0,0,0,0,0,0,0,36,0.11176142467136649,0,3,0.2549125227785891,0,0,8,14,173.71878714699517,30.370758534903082,0.0,0.0,885.8366102593311,0.0,347.43757429399034,0.0,301.2445783228828,1.0,86.0,0.6,0.0,0.0,106.0,665.6242841359649
9.236222972972971,45.48029827868853,1,32,38,0,0,0,0,0,0,0,0,0,1,0.6816210676548337,0,0,1,0,0,271,0,0,1,0,0,0,2,6,17,0.0,0.0,0.029336931625874058,0,0,0,0,0,0,0,0,33,0.1037921791854504,0,3,0.2712722722823448,0,0,3,14,161.5623969462175,30.0,2.0,326.0591238056975,698.7783270673722,0.0,320.1904639791725,0.0,133.02799016374675,1.0,86.0,0.6,0.0,0.0,106.0,666.1190584288333
9.236546756756756,45.48029827868853,1,33,38,0,0,0,0,0,0,0,0,0,1,0.6500403518785248,0,0,1,0,0,253,0,0,1,0,0,0,2,5,17,0.0,0.0,0.028720311129932685,0,0,0,0,0,0,0,0,33,0.09646369553983297,0,3,0.2901962488559179,0,0,2,14,155.1834315200649,30.0,2.0,326.0591238056975,826.2004520456386,320.1904639791725,605.0414653146919,0.0,136.3050308610955,1.0,86.0,0.6,0.0,0.0,106.0,666.3277430950061
9.23687054054054,45.48029827868853,1,34,38,0,0,0,0,0,0,0,0,0,1,0.6160152940581827,0,0,1,0,0,246,0,0,1,0,0,0,0,5,17,0.0,0.0,0.02586166288674752,0,0,0,0,0,0,0,0,32,0.08940521858928929,0,2,0.2681463635545045,0,0,2,14,155.1834315200649,30.0,2.0,326.0591238056975,616.765267467196,0.0,605.0414653146919,0.0,154.0308715433036,1.0,86.0,0.6,0.0,0.0,106.0,666.4875291775243
9.237194324324323,45.48029827868853,1,35,38,0,0,0,0,0,0,0,0,0,1,0.579785883592789,0,0,1,0,0,238,0,0,1,0,0,0,0,5,15,0.0,0.0,0.022045882375496227,0,0,0,0,0,0,0,0,29,0.0829605505605581,0,2,0.16605271987791326,0,0,2,14,28.56336444662606,30.370758534903082,0.0,0.0,408.25089166135854,0.0,0.0,0.0,137.98487400784558,1.0,86.0,0.6,0.0,0.0,106.0,667.8263706098614
9.237518108108107,45.48029827868853,1,36,38,0,0,0,0,0,0,0,0,0,1,0.5413668866934788,1,0,1,0,0,224,0,0,0,0,0,0,0,5,15,0.0,0.0,0.02010945467594019,0,0,0,0,0,0,0,0,23,0.07577356135728999,0,2,0.010197798568254679,0,0,1,14,28.56336444662606,30.370758534903082,0.0,0.0,326.0591238056975,0.0,0.0,0.0,137.98487400784558,1.0,86.0,0.6,0.0,0.0,106.0,668.6114396495377
9.225861891891892,45.48052368852459,1,0,39,0,0,0,0,0,0,0,4,0,0,0.3279461171792855,0,0,1,0,1,371,0,0,1,0,0,0,2,7,21,0.0,0.0,0.11275928990009854,0,0,0,0,0,0,0,0,19,0.0705764383359385,0,1,4.308044543343089,0,0,4,6,6.446916704052561,30.370758534903082,0.0,0.0,341.0351452691663,0.0,141.83216748915635,0.0,155.6816346710208,1.0,86.0,0.6,0.0,0.0,106.0,665.9333110650696
9.226185675675676,45.48052368852459,1,1,39,0,0,0,0,0,0,0,2,0,0,0.3433646210980821,0,0,1,0,5,421,0,0,1,0,0,0,2,8,21,0.0,0.011908184847826688,0.11472765256570563,0,0,0,0,0,0,0,0,20,0.07819249234775873,0,1,4.214612790247155,0,4,5,6,8.351394656702915,29.81486907089489,1.5761727972535422,121.07358564401646,347.78569989214014,0.0,741.6390830977116,55.94074349559262,218.44540014145642,1.0,86.0,0.6,0.0,0.0,106.0,664.9680128388993
9.226509459459459,45.48052368852459,1,2,39,0,0,0,0,0,0,0,1,0,0,0.35611528239342727,0,0,1,0,2,464,0,0,1,0,0,0,2,8,21,0.0,0.1397048012878405,0.11510703211894245,0,0,0,0,0,0,0,0,22,0.0854965377922002,0,1,3.8851019477055355,4,4,4,6,7.072895881616101,28.72131074717436,1.6475115949286039,121.07358564401646,366.5143859713459,293.1965487301254,716.1226278334028,82.28025113267384,280.8148628935223,1.0,86.0,0.6,0.0,0.0,106.0,664.5321764376954
9.226833243243243,45.48052368852459,1,3,39,0,0,0,0,0,0,0,0,0,0,0.37503288761007736,0,0,1,0,6,503,0,0,1,0,0,1,2,9,25,0.24397400786937531,0.2732551532432438,0.11392000327955727,0,0,0,0,0,0,0,0,23,0.09335130353604644,0,1,3.3675596517149873,0,4,3,8,8.674966747711641,31.031416062837593,1.4957294047614345,121.07358564401646,353.6802852325081,0.0,514.3663629309176,41.20745774657391,280.8148628935223,1.0,86.0,0.6,0.0,0.0,106.0,664.2306926395039
9.227157027027028,45.48052368852459,1,4,39,0,0,0,0,0,0,0,0,0,0,0.3959387773335652,0,0,1,0,16,540,0,1,1,0,0,1,2,9,26,0.6708811194176407,0.3414534284002962,0.110536524060982,0,0,0,0,0,0,0,0,24,0.10118694417842734,0,1,3.3084614405407655,0,0,3,10,24.087476371200726,30.370758534903082,0.0,0.0,476.13221223386455,0.0,144.52485822720436,0.0,315.1411833651537,1.0,86.0,0.6,0.0,0.0,106.0,664.111250853093
9.22748081081081,45.48052368852459,1,5,39,0,0,0,0,0,0,0,0,1,0,0.41084328030364037,0,0,0,0,21,575,0,1,1,0,0,1,2,10,26,0.902802891416444,0.3455407130257659,0.1046193851251745,0,0,0,0,0,0,0,0,21,0.10958405806885875,0,1,1.7960254941444813,0,0,2,10,23.407816008174954,30.370758534903082,0.0,0.0,434.2589072616824,0.0,93.63126403269982,0.0,265.9747141260603,1.0,86.0,0.6,0.0,0.0,106.0,663.5682742058505
9.227804594594595,45.48052368852459,1,6,39,0,0,0,0,0,0,0,0,1,0,0.42443470574270437,0,0,0,0,12,621,0,1,1,0,0,1,2,10,26,0.5300370354161285,0.33837616212812066,0.0970039430960185,0,0,0,0,0,0,0,0,18,0.11852611299169202,0,1,1.7960254941444813,0,0,2,11,28.56336444662606,30.370758534903082,0.0,0.0,381.49889121406216,0.0,0.0,0.0,227.82376004295426,1.0,86.0,0.6,0.0,0.0,106.0,663.4743517342213
9.228128378378377,45.48052368852459,1,7,39,0,0,0,0,0,0,0,0,1,0,0.4364455946128385,0,0,0,0,4,646,0,1,1,0,0,0,2,12,27,0.12527440344764862,0.22932319965763323,0.09176926507329422,0,0,0,0,0,0,0,0,15,0.12540859322579406,0,0,1.4382375063878081,0,0,0,12,28.56336444662606,30.370758534903082,0.0,0.0,389.8857546998063,0.0,0.0,0.0,125.13322822250139,1.0,86.0,0.6,0.0,0.0,106.0,664.0429141342345
9.228452162162162,45.48052368852459,1,8,39,0,0,0,0,0,0,0,0,1,0,0.4490252724232964,0,0,0,0,4,665,0,1,0,0,0,0,1,12,27,0.0,0.0945390018904637,0.08898983469251288,0,0,0,0,0,0,0,0,13,0.1292453828020001,0,0,1.551014506595837,0,0,0,12,28.56336444662606,30.370758534903082,0.0,0.0,389.8857546998063,0.0,0.0,0.0,125.13322822250139,1.0,86.0,0.6,0.0,0.0,106.0,664.3266447801138
9.228775945945946,45.48052368852459,1,9,39,0,0,0,0,0,0,0,0,1,0,0.4617971783933966,0,0,0,0,4,692,0,0,0,0,0,0,2,12,27,0.0,0.0014967388656334894,0.08375278480086862,0,0,0,0,0,0,0,0,14,0.1350940723886228,0,0,1.2523439333644397,0,0,0,12,28.56336444662606,30.370758534903082,0.0,0.0,426.76459263953444,0.0,0.0,0.0,0.0,1.0,86.0,0.6,0.0,0.0,106.0,664.9381027599788
9.229099729729729,45.48052368852459,1,10,39,0,0,0,0,0,0,0,0,1,0,0.4745807258780291,0,0,0,0,4,714,0,0,1,0,0,0,2,10,27,0.0,0.0,0.07732603864089507,0,0,0,0,0,0,0,0,12,0.1402526265003399,0,0,1.2523439333644397,0,0,1,10,28.56336444662606,30.370758534903082,0.0,0.0,388.2951962603845,0.0,0.0,0.0,0.0,1.0,86.0,0.6,0.0,0.0,106.0,665.9227658732996
9.229423513513513,45.48052368852459,1,11,39,0,0,0,0,0,0,0,0,1,0,0.48733473487289003,0,0,0,0,8,735,0,0,1,0,0,0,2,10,29,0.0,0.00036952419466232644,0.070103284717282,0,0,0,0,0,0,0,0,10,0.1454266634873223,0,1,0.8513130826619333,0,0,1,10,115.95922477028404,30.370758534903082,0.0,0.0,408.1639424788732,0.0,231.91844954056808,0.0,0.0,1.0,86.0,0.6,0.0,0.0,106.0,665.3744095658483
9.229747297297298,45.48052368852459,1,12,39,0,0,0,0,0,0,0,0,1,0,0.5001754740616855,0,0,0,0,17,740,0,0,1,0,0,0,1,10,29,0.0,0.0026919852124957025,0.061611521130179224,0,0,0,0,0,0,0,0,9,0.14850012236664323,0,1,0.8456395396006153,0,0,2,9,35.09443377242504,42.036593482029204,2.0,26.79028582183856,566.208817532217,231.91844954056808,471.222268294133,0.0,0.0,1.0,86.0,0.6,0.0,0.0,106.0,664.0010915919972
9.23007108108108,45.48052368852459,1,13,39,0,0,0,0,0,0,0,0,1,1,0.5118264673278758,0,0,1,0,14,740,0,0,1,0,1,0,1,11,29,0.01076794084994674,0.0026919852124957025,0.05376466395691814,0,0,0,0,0,0,0,0,11,0.14500765142519356,0,1,0.9393636542864667,0,4,2,6,26.157264343504195,41.37330127725543,2.0,133.8333756886825,535.4485484209324,49.28692679376007,882.0905137513063,0.0,73.4950943521001,1.0,86.0,0.6,0.0,0.0,106.0,663.9074409204942
9.230394864864865,45.48052368852459,1,14,39,0,0,0,0,0,0,0,0,1,1,0.5194935525986729,0,0,1,0,11,751,0,0,1,1,1,0,1,10,29,0.01076794084994674,0.0026919852124957025,0.04825088901202985,0,0,0,0,0,0,0,0,14,0.14205212077394289,0,2,0.8338394397342338,0,4,2,6,26.468659674229986,39.84871353800989,1.9090909090909092,165.05643595761993,529.1645698879577,126.06583892171415,1158.3475014131755,0.0,162.17384042236165,1.0,86.0,0.6,0.0,0.0,106.0,664.3560359019408
9.230718648648649,45.48052368852459,1,15,39,0,0,0,0,0,0,0,0,1,1,0.5245028755408246,0,0,1,0,9,754,0,0,1,0,0,0,2,12,29,0.01076794084994674,0.0026919852124957025,0.043928751944646065,0,0,0,0,0,0,0,0,14,0.143523384669481,0,2,0.9980004351419637,0,8,2,8,27.101812451259917,34.11539081245962,1.4,159.37794581200237,529.1645698879577,432.7436582544526,1005.9999895921741,0.0,212.75836204726477,1.0,86.0,0.6,0.0,0.0,106.0,664.7107816552284
9.231042432432432,45.48052368852459,1,16,39,0,0,0,0,0,0,0,0,1,1,0.5296170594225897,0,0,1,0,4,712,0,0,1,0,0,0,2,12,29,0.0,0.0026919852124957025,0.04075859851625536,0,0,0,0,0,0,0,0,16,0.1437247240257807,0,2,0.8868818477374864,0,8,1,15,43.65816654252782,28.900113765755595,1.3479155670086125,425.6183300567556,465.3037394924444,307.0249800191964,1465.5040700048962,73.4950943521001,394.64726972410705,1.0,86.0,0.6,0.0,0.0,106.0,663.8920831277779
9.231366216216216,45.48052368852459,1,17,39,0,0,0,0,0,0,0,0,1,1,0.5453721154792869,0,0,1,0,1,688,0,0,1,0,0,0,2,10,29,0.0,0.0,0.039381180811705795,0,0,0,1,0,0,0,0,20,0.14892133922264705,0,2,1.1648114253484376,0,4,0,15,37.37658102767708,20.159679982827015,1.3335619690426816,180.73329579349084,455.2151873745548,307.0249800191964,628.8839705037515,162.17384042236165,443.1645006179282,1.0,86.0,0.6,0.0,0.0,106.0,664.2424161057099
9.23169,45.48052368852459,1,18,39,0,0,0,0,0,0,0,0,1,1,0.5670161439082148,0,0,1,0,1,666,0,0,1,0,0,0,2,12,29,0.0,0.0025102656297143968,0.037266993821073055,0,0,0,1,0,0,0,0,22,0.15382702252524,0,2,1.4144801726293312,0,0,0,15,52.09373654530242,14.112617925229785,1.504082030282071,125.59186835237179,534.5371230474079,0.0,554.2557616040795,205.74589131368987,456.4716228384009,1.0,86.0,0.6,0.0,0.0,106.0,665.2841463494447
9.232013783783783,45.48052368852459,1,19,39,0,0,0,0,0,0,0,0,1,1,0.5940244020519899,0,0,1,0,3,667,0,0,1,0,0,0,2,12,28,0.0,0.027794769855668117,0.03750011740015455,0,0,0,1,0,0,0,0,28,0.15806831684178144,0,2,1.573416221937684,0,0,0,15,44.867671678321685,13.738889392049877,1.513265335249506,125.59186835237179,534.5371230474079,0.0,554.2557616040795,262.37347528830423,456.4716228384009,1.0,86.0,0.6,0.0,0.0,106.0,665.1866339560412
9.232337567567567,45.48052368852459,1,20,39,0,0,0,0,0,0,0,0,1,1,0.6253491999461485,0,0,1,0,3,645,0,0,1,0,0,0,1,12,27,2.090360780897029e-06,0.06231888308907101,0.03780598539783631,0,0,0,1,0,0,0,0,28,0.159362995117664,0,3,1.5734162219376837,0,0,1,13,89.07072272238503,17.081339266332307,1.4474740013663496,125.59186835237179,430.3006046765246,0.0,554.2557616040795,121.78887454501398,463.7311483289514,1.0,86.0,0.6,0.0,0.0,106.0,664.8243912329092
9.23266135135135,45.48052368852459,1,21,39,0,0,0,0,0,0,0,0,1,1,0.6592602868397395,0,0,1,0,0,625,0,0,1,0,0,0,2,11,27,0.0,0.08699303059553617,0.04133787775413649,0,0,0,0,0,0,0,0,27,0.15679838072552546,0,3,1.4992557208426616,0,4,6,13,56.93287410062163,30.520572725327966,1.0,234.51066134302414,234.51066134302414,0.0,562.5495760656786,0.0,490.10803376452685,1.0,86.0,0.6,0.0,0.0,106.0,663.1129206090999
9.232985135135134,45.48052368852459,1,22,39,0,0,0,0,0,0,0,0,1,1,0.6899827647357001,0,0,0,0,0,602,0,0,1,0,0,0,2,11,27,0.0,0.08283609269131438,0.04190915405063057,0,0,0,0,0,0,0,0,24,0.15640825118548105,0,4,1.787577708066578,0,0,9,11,73.0874978137359,30.48402093019491,1.0,108.91879299065234,353.5444746581082,0.0,548.8686873329707,0.0,476.8009115440541,1.0,86.0,0.6,0.0,0.0,106.0,664.0832568477646
9.233308918918919,45.48052368852459,1,23,39,0,0,0,0,0,0,0,5,1,1,0.7221140793194195,0,0,0,0,0,567,0,0,1,0,0,0,2,11,27,0.0,0.049946999687670274,0.04190915405063057,0,0,0,0,0,0,0,0,24,0.15516793797156742,0,4,1.8539914231883552,0,0,9,12,113.80070590131693,30.370758534903082,0.0,0.0,609.4844954422531,0.0,227.60141180263386,0.0,186.92518544868514,1.0,86.0,0.6,0.0,0.0,106.0,664.0944263635804
9.233632702702701,45.48052368852459,1,24,39,0,1,0,0,0,0,0,6,1,1,0.7537470388539204,0,0,0,0,2,551,0,0,1,0,0,0,2,11,27,0.0,0.022492431217018213,0.041196380859068314,0,0,0,0,0,0,0,0,23,0.15599630017053734,0,4,1.863116959239083,0,0,9,11,137.49374794816475,34.31593719784136,1.0,0.0,609.4844954422531,0.0,573.0283184459303,0.0,228.50260902132763,1.0,86.0,0.6,0.0,0.0,106.0,664.1888635936116
9.233956486486486,45.48052368852459,1,25,39,0,1,0,0,0,0,2,13,1,1,0.7693444143875107,0,0,0,0,6,515,0,0,0,0,0,0,2,11,26,0.0,0.04006715444925253,0.03855766235922137,1,0,0,0,0,0,0,0,30,0.15447153397290922,0,4,2.1636656390074944,0,12,9,11,17.643032389582647,38.20174660814799,1.7058823529411764,113.26623307344903,609.4844954422531,0.0,589.3954445123412,0.0,327.38281722550585,1.0,86.0,0.6,0.0,0.0,106.0,663.4277961886429
9.23428027027027,45.48052368852459,1,26,39,1,1,0,0,0,0,5,11,1,1,0.7834302805871176,0,0,0,0,12,474,0,0,0,0,0,1,2,11,24,0.06609164359593195,0.061666335504357905,0.03472808620796282,1,0,0,0,0,0,0,0,37,0.1540916752910707,0,2,2.5152917379290307,12,24,9,11,13.40735005110967,37.60588504379285,1.608695652173913,127.03240521496576,714.677253064471,480.57900160729685,1043.6598880161819,0.0,327.38281722550585,1.0,86.0,0.6,0.0,0.0,106.0,658.4451136334311
9.234604054054053,45.48052368852459,1,27,39,0,1,0,0,0,1,5,10,1,0,0.7970413012101307,0,0,0,0,22,404,0,0,1,0,0,1,2,10,23,0.1370513492144927,0.07104769356034135,0.03171043016564163,0,0,0,0,0,0,0,0,42,0.15030969901453645,0,2,3.4112743696255605,4,20,9,13,11.068045014493972,33.98858282160751,1.6162008964515802,113.26623307344903,877.4073094735596,51.93680650119862,1131.2911633093645,124.18048593459517,327.38281722550585,1.0,86.0,0.6,0.0,0.0,106.0,661.5979235236312
9.234927837837837,45.48052368852459,1,28,39,0,1,0,0,0,0,5,8,1,1,0.7906734105449806,0,0,0,0,26,370,0,0,1,0,0,0,2,9,22,0.07132113100902061,0.07104769356034135,0.03034237165136666,0,0,0,0,0,0,0,0,45,0.1413801489474261,0,2,1.686408409883524,4,4,9,14,14.280391530339354,29.976808767909247,1.4968418214141483,0.0,877.4073094735596,154.05578589800666,886.5583668705605,97.06244397137525,327.38281722550585,1.0,86.0,0.6,0.0,0.0,106.0,662.1360497975506
9.235251621621622,45.48052368852459,1,29,39,0,0,0,0,0,0,0,6,1,1,0.7724955332221408,0,0,0,0,15,337,0,0,1,0,0,0,1,8,22,0.0,0.0691352532464637,0.029834019920396134,0,0,0,0,0,0,0,0,44,0.135043397217668,0,2,0.3303867142750895,0,8,10,14,30.93409257742499,29.175305827890583,1.4579125176074679,193.33352489869065,1203.4664332792572,462.34714713274093,1048.614772024695,73.57673728482789,327.38281722550585,1.0,86.0,0.6,0.0,0.0,106.0,664.5430577709715
9.235575405405404,45.48052368852459,1,30,39,0,0,0,0,0,0,0,6,1,1,0.7489432967001096,0,0,0,0,0,300,0,0,1,0,0,0,1,7,21,0.0,0.026869216293713607,0.029399304713423283,0,0,0,0,0,0,0,0,41,0.12931774734148013,0,3,0.332365526487582,0,4,11,14,37.01249285648066,29.195495656915156,1.2280928193343328,193.33352489869065,980.9580455274909,347.43757429399034,996.7640266454815,0.0,301.2445783228828,1.0,86.0,0.6,0.0,0.0,106.0,664.979076699853
9.235899189189189,45.48052368852459,1,31,39,0,0,0,0,0,0,0,3,0,1,0.7211042633381713,0,0,0,0,0,291,0,0,1,0,0,0,1,7,17,0.0,0.0005595021849796964,0.029399304713423283,0,0,0,0,0,0,0,0,39,0.12207898290020676,0,3,0.307115386479686,0,0,9,14,173.71878714699517,30.370758534903082,0.0,0.0,878.1192863063798,0.0,347.43757429399034,0.0,211.93360933896332,1.0,86.0,0.6,0.0,0.0,106.0,666.1123916299025
9.236222972972971,45.48052368852459,1,32,39,0,0,0,0,0,0,0,4,0,1,0.689797810706259,0,0,0,0,0,274,0,0,1,0,0,0,1,7,17,0.0,0.0,0.029399304713423283,0,0,0,0,0,0,0,0,37,0.11476271765214732,0,3,0.3192685024947964,0,0,3,14,161.5623969462175,30.0,2.0,326.0591238056975,906.9421347358592,0.0,320.1904639791725,0.0,73.57673728482789,1.0,86.0,0.6,0.0,0.0,106.0,666.186600288112
9.236546756756756,45.48052368852459,1,33,39,0,0,0,0,0,0,0,3,0,1,0.6556557611648988,0,0,1,0,0,252,0,0,1,0,0,0,1,6,17,0.0,0.0,0.02930457068750212,0,0,0,0,0,0,0,0,36,0.10702125085179734,0,2,0.32793453064821354,0,0,2,14,155.1834315200649,30.0,2.0,326.0591238056975,777.7744393385653,320.1904639791725,605.0414653146919,0.0,0.0,1.0,86.0,0.6,0.0,0.0,106.0,666.3808701209713
9.23687054054054,45.48052368852459,1,34,39,0,0,0,0,0,0,0,0,0,1,0.6190756755910871,0,0,1,0,0,249,0,0,1,0,0,0,1,5,16,0.0,0.0,0.026603563903227205,0,0,0,0,0,0,0,0,34,0.09916444888238445,0,2,0.28374927532136957,0,0,2,14,155.1834315200649,30.0,2.0,326.0591238056975,465.5835345076152,0.0,605.0414653146919,0.0,0.0,1.0,86.0,0.6,0.0,0.0,106.0,667.0971148224954
9.237194324324323,45.48052368852459,1,35,39,0,0,0,0,0,0,0,0,0,1,0.5802702764100323,0,0,1,0,0,235,0,0,0,0,0,0,0,5,15,0.0,0.0,0.022876016133343544,0,0,0,0,0,0,0,0,31,0.09232776883369642,0,2,0.26506799696558986,0,0,3,14,28.56336444662606,30.370758534903082,0.0,0.0,425.9023252963721,0.0,0.0,0.0,0.0,1.0,86.0,0.6,0.0,0.0,106.0,668.1516259547157
9.237518108108107,45.48052368852459,1,36,39,0,0,0,0,0,0,0,0,0,1,0.539246922060757,1,0,1,0,0,222,0,0,0,0,0,0,0,5,15,0.0,0.0,0.02053021889127565,0,0,0,0,0,0,0,0,25,0.0849040999700958,0,2,-0.0808875507555172,0,0,3,14,28.56336444662606,30.370758534903082,0.0,0.0,388.45038197871395,0.0,0.0,0.0,0.0,1.0,86.0,0.6,0.0,0.0,106.0,668.94466657961
9.225861891891892,45.48074909836066,1,0,40,0,0,0,0,0,0,1,5,0,0,0.37286220468766584,0,0,1,0,0,339,0,0,1,0,0,0,2,7,21,0.0,0.0015674632383877083,0.10737974041347609,0,0,0,0,0,0,0,0,22,0.07766033763357448,0,1,3.4403659769080126,0,0,2,6,11.67207570482365,40.0632544563364,1.0,0.0,366.5143859713459,0.0,0.0,0.0,155.6816346710208,1.0,86.0,0.6,0.0,0.0,106.0,666.0156907197565
9.226185675675676,45.48074909836066,1,1,40,0,0,0,0,0,0,0,5,0,0,0.39085167667475973,0,0,1,0,0,375,0,0,1,0,0,0,2,7,21,0.0,0.022787301675835352,0.10761444284805768,0,0,0,0,0,0,0,0,24,0.08632113398967785,0,1,3.2367981254086344,0,4,2,6,23.19470797087794,40.06209614825862,2.0,121.07358564401646,474.3346627272999,0.0,250.0417418900306,0.0,155.6816346710208,1.0,86.0,0.6,0.0,0.0,106.0,665.9572661494761
9.226509459459459,45.48074909836066,1,2,40,0,0,1,0,0,0,0,4,0,0,0.4056025951577957,0,0,1,0,0,428,0,0,1,0,0,0,2,8,21,0.0,0.13908617739036688,0.10588707558370547,0,0,0,0,0,0,0,0,24,0.09493734463837779,0,1,3.829098113253449,0,8,2,6,13.557753809763152,33.00844218223756,1.4571266661126403,170.35241596617502,474.3346627272999,190.81181017905536,411.7998966049139,14.388855058489835,218.44540014145642,1.0,86.0,0.6,0.0,0.0,106.0,664.4263239328595
9.226833243243243,45.48074909836066,1,3,40,0,0,1,0,0,0,0,2,0,0,0.42477712630193665,0,0,1,0,6,466,0,1,1,0,0,1,2,8,24,0.23966189289098863,0.27402665684418304,0.10235199092621151,0,0,0,0,0,0,0,0,26,0.10374608338476698,0,1,3.097093639726015,0,8,2,6,18.81039222670576,35.10674120002613,1.5,253.2866135058901,609.4317296919982,0.0,574.3706444691633,0.0,280.8148628935223,1.0,86.0,0.6,0.0,0.0,106.0,664.662535905018
9.227157027027028,45.48074909836066,1,4,40,0,0,0,0,0,0,0,0,0,0,0.4471971449103864,0,0,1,0,14,515,0,1,1,0,0,1,2,8,25,0.6356927314426318,0.34659267648606507,0.09735653268229283,0,0,0,0,0,0,0,0,30,0.11313181464450384,0,1,2.6165123676712176,0,0,2,8,34.141167935350346,30.42141672900302,1.0,94.64036205952291,528.9006992079977,91.34840624975257,349.1948211000316,0.0,265.45041138650805,1.0,86.0,0.6,0.0,0.0,106.0,663.8365734134552
9.22748081081081,45.48074909836066,1,5,40,0,0,0,0,0,0,0,0,0,0,0.4626903982688541,0,0,0,0,16,545,0,1,1,0,0,1,2,9,26,0.8463331682088067,0.3455407130257659,0.09156499570160538,0,0,0,0,0,0,0,0,28,0.12256733480080406,0,1,1.0155901089996395,0,0,2,11,41.42090820418996,30.42141672900302,1.0,94.64036205952291,511.3280822896325,0.0,278.1478117781868,0.0,216.2839421474146,1.0,86.0,0.6,0.0,0.0,106.0,665.2134285389459
9.227804594594595,45.48074909836066,1,6,40,0,0,0,0,0,0,0,0,1,0,0.4745559676494859,0,0,0,0,9,574,0,1,1,0,0,1,2,9,26,0.4878472841932098,0.3339453014913817,0.08591431162383391,0,0,0,0,0,0,0,0,23,0.13130142959235616,0,1,1.0784642994578693,0,4,2,12,35.1768731654849,30.22686249235565,1.0,100.53494739989081,594.1744024619865,0.0,321.58753058592794,0.0,139.52208328099124,1.0,86.0,0.6,0.0,0.0,106.0,664.9939312959414
9.228128378378377,45.48074909836066,1,7,40,0,0,0,0,0,0,0,0,1,0,0.4850939437961859,0,0,0,0,5,615,0,1,1,0,0,0,2,10,26,0.10152851612118349,0.2238790980933114,0.08293693121392247,0,0,0,0,0,0,0,0,19,0.1367683814179422,0,0,0.7780004868008283,0,0,1,12,36.03870392478482,30.129558853792986,1.0,84.2249427782273,410.6215151804327,0.0,312.20080039440575,0.0,125.13322822250139,1.0,86.0,0.6,0.0,0.0,106.0,665.3112967574842
9.228452162162162,45.48074909836066,1,8,40,0,0,0,0,0,0,0,0,1,0,0.49763585384419284,0,0,0,0,4,648,0,1,0,0,0,0,1,11,26,0.0,0.08972134437870187,0.0828158705753074,0,0,0,0,0,0,0,0,17,0.14001414221306185,0,0,0.4494522503217751,0,0,0,12,80.93192968939556,30.32596669167274,1.0,72.87062872777855,400.78287569364295,0.0,169.92516034040813,0.0,62.763765470435615,1.0,86.0,0.6,0.0,0.0,106.0,665.5724794968169
9.228775945945946,45.48074909836066,1,9,40,0,0,0,0,0,0,0,0,1,0,0.5112352537251307,0,0,0,0,2,676,0,1,0,0,0,0,2,11,26,0.0,5.3646272402763616e-05,0.08011654873593889,0,0,0,0,0,0,0,0,15,0.1474455371501047,0,0,0.4227698262695386,0,0,0,12,53.60716696364584,30.32596669167274,1.0,72.87062872777855,416.98769702889143,0.0,302.3795400177423,0.0,0.0,1.0,86.0,0.6,0.0,0.0,106.0,665.5527452723136
9.229099729729729,45.48074909836066,1,10,40,0,0,0,0,0,0,0,0,1,0,0.5244133229414949,0,0,0,0,1,697,0,1,1,0,0,0,2,11,26,0.0,0.0,0.07388621643537635,0,0,0,0,0,0,0,0,16,0.1531483933831606,0,0,0.17404841390160353,0,4,0,10,32.133408699341416,30.16023926350474,1.0,70.14480892848803,533.8076825063783,0.0,315.45609546360896,0.0,0.0,1.0,86.0,0.6,0.0,0.0,106.0,666.3683962371471
9.229423513513513,45.48074909836066,1,11,40,0,0,0,0,0,0,0,0,1,0,0.5372636403282669,0,0,0,0,6,708,0,0,1,0,0,0,2,10,26,0.0,0.0,0.06682794251438817,0,0,0,0,0,0,0,0,18,0.15819444834989743,0,1,0.224435088279064,0,0,0,10,84.7171410229211,30.286462965373126,1.0,63.86083039551327,376.94088220993575,0.0,359.7248747190922,0.0,0.0,1.0,86.0,0.6,0.0,0.0,106.0,665.5303348117626
9.229747297297298,45.48074909836066,1,12,40,0,0,0,0,0,0,0,0,1,0,0.5499386802494052,0,0,0,0,12,711,0,0,1,0,0,0,1,10,27,0.0,0.0026919852124957025,0.05807718970734434,0,0,0,0,0,0,0,0,16,0.16208273384941904,0,1,0.1983524665786053,0,4,1,9,38.377782934203836,37.1269457130841,1.5,73.9493825134029,566.208817532217,231.91844954056808,534.7652717845905,0.0,0.0,1.0,86.0,0.6,0.0,0.0,106.0,664.8178094706404
9.23007108108108,45.48074909836066,1,13,40,0,0,0,0,0,0,0,0,1,1,0.562251787795661,0,0,1,0,20,712,0,0,1,0,0,0,1,11,28,0.01076794084994674,0.0026919852124957025,0.04999921991629931,0,0,0,0,0,0,0,0,17,0.15967451377608533,0,1,0.09369373338038793,0,0,1,6,23.437348924915177,41.1545064784806,1.8,10.088552117889623,698.322693895808,105.44149209167985,633.8084935880246,0.0,73.4950943521001,1.0,86.0,0.6,0.0,0.0,106.0,664.5220915512198
9.230394864864865,45.48074909836066,1,14,40,0,0,0,0,0,0,0,0,1,1,0.5698495842616353,0,0,1,0,16,720,0,0,1,0,1,0,1,13,28,0.01076794084994674,0.0026919852124957025,0.04426845296500209,0,0,0,0,0,0,0,0,19,0.15777157287130344,0,1,0.7345080541082571,0,0,0,6,27.35232478934233,39.72595595835054,1.8,135.45957863982073,529.1645698879577,0.0,690.3831093904198,0.0,73.4950943521001,1.0,86.0,0.6,0.0,0.0,106.0,664.259368552275
9.230718648648649,45.48074909836066,1,15,40,0,0,0,0,0,0,0,0,1,1,0.5737008887952013,0,0,1,0,11,711,0,0,1,0,0,0,2,12,28,0.005230078927207447,0.0026919852124957025,0.04115968727455124,0,0,0,0,0,0,0,0,18,0.1582644970577872,0,2,0.7755700325112351,4,8,0,8,32.056630200593595,33.53334914960102,1.3333333333333333,300.0264617043838,529.1645698879577,414.6022919803594,1302.8050483252962,0.0,191.93918606917958,1.0,86.0,0.6,0.0,0.0,106.0,664.8724843300604
9.231042432432432,45.48074909836066,1,16,40,0,0,0,0,0,0,0,0,1,1,0.5752242577010388,0,1,1,0,4,678,0,0,1,0,0,0,2,11,28,0.0,0.0026919852124957025,0.03954514025479726,0,0,0,0,0,0,0,0,21,0.15819991190367785,0,2,0.7797317813117405,4,8,0,15,43.979590699108186,33.108174202581026,1.2857142857142858,425.6183300567556,529.1645698879577,361.08271597212183,1465.5040700048962,0.0,360.94708687013025,1.0,86.0,0.6,0.0,0.0,106.0,664.5213022919053
9.231366216216216,45.48074909836066,1,17,40,0,0,0,0,0,0,0,0,1,1,0.5876476439993835,0,0,1,0,0,663,0,0,1,0,0,0,2,10,27,0.0,0.0,0.0388388391790692,1,0,0,0,0,0,0,0,24,0.1633428941239258,0,2,1.0875601099871182,0,4,0,15,61.03106680364119,30.288284877416732,1.0,321.38181168587226,438.2017971633592,247.23078158488306,1265.4259252087984,0.0,360.94708687013025,1.0,86.0,0.6,0.0,0.0,106.0,665.1493065369558
9.23169,45.48074909836066,1,18,40,0,0,0,0,0,0,0,0,1,1,0.6055553377730385,0,0,1,0,2,666,0,0,1,0,0,0,2,12,27,0.0,0.022912605900080745,0.03765720970607855,0,0,0,0,0,0,0,0,27,0.16763796714623286,0,2,1.0643141660890878,0,0,0,15,135.96952599129025,30.557124520461024,1.0,125.59186835237179,534.5371230474079,247.23078158488306,554.2557616040795,0.0,416.4522601010528,1.0,86.0,0.6,0.0,0.0,106.0,664.8699745175923
9.232013783783783,45.48074909836066,1,19,40,0,0,0,0,0,0,0,0,1,1,0.627626241326355,0,0,1,0,3,654,0,0,1,0,0,0,2,12,27,0.008977260100735598,0.06935370401273455,0.03645522647537566,0,0,0,0,0,0,0,0,30,0.17099624549854597,0,2,1.0705779666773274,0,0,0,15,135.96952599129025,30.557124520461024,1.0,125.59186835237179,534.5371230474079,247.23078158488306,554.2557616040795,0.0,416.4522601010528,1.0,86.0,0.6,0.0,0.0,106.0,665.0277279602951
9.232337567567567,45.48074909836066,1,20,40,0,0,0,0,0,0,0,0,1,1,0.653327811159307,0,0,1,0,1,644,0,0,1,0,0,1,1,12,27,0.10359933753691447,0.13026112100163323,0.03677718697431678,0,0,0,0,0,0,0,0,34,0.17109465172934976,0,3,1.0448110554304273,0,4,0,15,64.79994215203652,30.520572725327966,1.0,234.51066134302414,430.3006046765246,554.2557616040795,931.8882973936333,0.0,416.4522601010528,1.0,86.0,0.6,0.0,0.0,106.0,664.7827304717672
9.23266135135135,45.48074909836066,1,21,40,0,0,0,0,0,0,0,0,1,1,0.6828653094026513,0,0,1,0,0,627,0,0,1,0,0,1,2,11,27,0.20133724169328734,0.1539778761250503,0.03960459157285556,0,0,0,0,0,0,0,0,34,0.16913631209925994,0,3,1.1325394355655058,4,4,6,12,64.79994215203652,30.520572725327966,1.0,234.51066134302414,234.51066134302414,562.5495760656786,931.8882973936333,0.0,360.94708687013025,1.0,86.0,0.6,0.0,0.0,106.0,663.7684257935387
9.232985135135134,45.48074909836066,1,22,40,0,0,0,0,0,0,0,0,1,1,0.7193566703802312,0,0,0,0,0,591,0,0,1,0,0,1,2,11,27,0.17277604317185952,0.1421338053578621,0.04149021211309694,0,0,0,0,0,0,0,0,34,0.16942161744269899,0,3,1.2658727688988392,0,4,9,11,64.79994215203652,30.520572725327966,1.0,234.51066134302414,338.3868364979225,227.60141180263386,931.8882973936333,0.0,287.4519925180302,1.0,86.0,0.6,0.0,0.0,106.0,664.5265345039224
9.233308918918919,45.48074909836066,1,23,40,0,0,0,0,0,0,0,0,1,1,0.7545168131159412,0,0,0,0,0,574,0,0,1,0,0,0,2,11,27,0.06460628774515767,0.10385562592379784,0.040885024617618115,1,0,0,0,0,0,0,0,33,0.1666691490357805,0,4,2.014293008309861,0,0,9,11,53.834981806643356,30.48402093019491,1.0,108.91879299065234,609.4844954422531,227.60141180263386,483.2660068824246,0.0,121.78887454501398,1.0,86.0,0.6,0.0,0.0,106.0,664.9998884452767
9.233632702702701,45.48074909836066,1,24,40,0,1,0,0,0,0,0,2,1,1,0.7823428235995018,0,0,0,0,0,554,0,0,1,0,0,0,2,11,26,0.0,0.05781905461742085,0.039684371821955944,1,0,0,0,0,0,0,0,32,0.16678786428733702,0,4,2.1305390657307557,0,0,9,11,53.834981806643356,30.48402093019491,1.0,108.91879299065234,780.2426745749485,227.60141180263386,483.2660068824246,0.0,124.18048593459517,1.0,86.0,0.6,0.0,0.0,106.0,664.9574427177613
9.233956486486486,45.48074909836066,1,25,40,0,1,0,0,0,0,0,7,1,1,0.7951203638268548,0,0,0,0,0,534,0,0,0,0,0,0,2,11,25,0.0,0.056548116701161805,0.03747654910312216,0,0,0,0,0,0,0,0,36,0.16726007690286762,0,3,2.596335593474122,0,8,9,11,27.276425744929913,37.307951218557044,1.7272727272727273,212.79496814555054,780.2426745749485,0.0,960.0913388864357,0.0,152.48235646004446,1.0,86.0,0.6,0.0,0.0,106.0,664.7101718186811
9.23428027027027,45.48074909836066,1,26,40,1,1,0,0,0,0,4,7,1,1,0.8062926822659703,0,0,0,0,6,500,0,0,1,0,0,1,2,11,24,0.14698066039817714,0.06828524623773063,0.03449187022425292,0,0,0,0,0,0,0,0,41,0.1646959664105139,0,2,3.0053242804865974,0,24,9,12,13.333736687589631,36.766702969442775,1.6153846153846154,355.58929483712126,1048.1654886062554,84.70970640292045,1650.0037440435635,0.0,317.3385678720143,1.0,86.0,0.6,0.0,0.0,106.0,664.2438048903639
9.234604054054053,45.48074909836066,1,27,40,0,1,0,0,0,1,5,7,1,1,0.8162885707652742,0,0,0,0,23,436,0,0,1,0,0,1,2,11,22,0.24525156244352522,0.07104769356034135,0.03194267231415791,0,0,1,0,0,0,0,0,45,0.15973200945121668,0,2,2.982454098437653,0,16,9,14,9.429432978194779,35.79596841718177,1.5617269200244313,211.4793612670722,1048.1654886062554,89.53214067579177,1271.3126056409274,10.300159698706118,327.38281722550585,1.0,86.0,0.6,0.0,0.0,106.0,662.4604113719973
9.234927837837837,45.48074909836066,1,28,40,0,1,0,0,0,0,4,5,1,1,0.8068982308786462,0,0,0,0,27,383,0,0,1,0,0,1,3,9,22,0.24780338457748746,0.07104769356034135,0.030249668304997496,0,0,1,0,0,0,0,0,46,0.15352511657452403,0,2,2.545736626936316,0,4,9,14,7.220172003679861,30.25768331498726,1.4047980280072965,73.86980100716346,920.7748832066709,97.40948935493574,637.2101409992982,39.37117103077429,301.2445783228828,1.0,86.0,0.6,0.0,0.0,106.0,663.1739928303474
9.235251621621622,45.48074909836066,1,29,40,0,0,0,0,0,0,0,8,1,1,0.7867285205082126,0,0,0,0,19,325,0,0,1,0,0,1,2,8,22,0.09416948914360841,0.07104769356034135,0.03014936924335383,0,0,0,0,0,0,0,0,45,0.14699757817056477,0,2,1.1178119673088338,0,12,11,14,24.402779286349997,29.014401532291288,1.2565058601647716,304.65442698175315,1224.1356172399921,0.0,1253.9359946426553,0.0,253.52337748393865,1.0,86.0,0.6,0.0,0.0,106.0,664.0957747756102
9.235575405405404,45.48074909836066,1,30,40,0,0,1,0,0,0,1,8,1,1,0.7607504011102116,0,0,0,0,13,302,0,0,1,0,0,0,2,8,20,0.002539829464454638,0.0376291977235412,0.0296034620219863,0,0,0,0,0,0,0,0,42,0.1392348905980704,0,3,0.5814810383606062,4,12,11,14,24.827608030345758,28.92667179497895,1.2736062508424233,230.7846259745897,1068.1259643275878,452.50294614554747,1184.6002090050933,0.0,211.93360933896332,1.0,86.0,0.6,0.0,0.0,106.0,664.7558581859834
9.235899189189189,45.48074909836066,1,31,40,0,0,1,0,0,0,3,5,0,1,0.7304005686502241,0,0,1,0,13,293,0,0,1,0,0,0,2,7,18,0.0,0.008804579178906981,0.029399304713423283,0,0,0,0,0,0,0,0,41,0.13172156893600573,0,2,0.34024817820153574,0,4,10,14,19.778432334786228,33.93963962364081,1.0,0.0,934.8309776407489,0.0,527.2819448812064,0.0,97.06244397137525,1.0,86.0,0.6,0.0,0.0,106.0,664.6541569824544
9.236222972972971,45.48074909836066,1,32,40,0,0,0,0,0,0,3,5,0,1,0.6966435638890466,0,0,0,0,0,283,0,0,1,0,0,0,2,7,17,0.0,0.0,0.029399304713423283,0,0,0,0,0,0,0,0,39,0.12411879674023943,0,1,0.3038861740140988,0,0,4,14,69.25011580616734,31.978439470135825,1.5,326.0591238056975,1168.3013892950376,0.0,439.8455921794755,0.0,29.071011332068174,1.0,86.0,0.6,0.0,0.0,106.0,667.1129640679087
9.236546756756756,45.48074909836066,1,33,40,0,0,0,0,0,0,0,5,0,1,0.6600393910981868,0,0,0,0,0,253,0,0,1,0,0,0,2,7,17,0.0,0.0,0.029399304713423283,0,0,0,0,0,0,0,0,36,0.1166478440223872,0,1,0.2931464947113099,0,0,3,14,66.7951128003932,30.0,1.705688946023357,364.0156294301089,1168.3013892950376,320.1904639791725,637.9110625757892,0.0,0.0,1.0,86.0,0.6,0.0,0.0,106.0,667.1915001103084
9.23687054054054,45.48074909836066,1,34,40,0,0,0,0,0,0,0,3,0,1,0.6209988759811698,0,0,0,0,0,247,0,0,1,0,0,0,2,7,16,0.0,0.0,0.02730123547955579,0,0,0,0,0,0,0,0,35,0.10821468538589528,0,1,0.3016020592011145,0,0,4,14,155.1834315200649,30.0,2.0,326.0591238056975,726.9427890667935,0.0,605.0414653146919,0.0,0.0,1.0,86.0,0.6,0.0,0.0,106.0,667.137641118635
9.237194324324323,45.48074909836066,1,35,40,0,0,0,0,0,0,0,0,0,1,0.5797152471467164,0,0,0,0,0,235,0,0,1,0,0,0,0,5,15,0.0,0.0,0.023667938592810207,0,0,0,0,0,0,0,0,31,0.10011860036774443,0,1,1.231934497344891,0,0,5,14,28.56336444662606,30.370758534903082,0.0,0.0,489.03739295410077,0.0,0.0,0.0,6.6340824575606,1.0,86.0,0.6,0.0,0.0,106.0,668.457104445878
9.237518108108107,45.48074909836066,1,36,40,0,0,0,0,0,0,0,0,0,1,0.5362133866250325,1,0,0,0,0,224,0,0,1,0,0,0,0,5,15,0.0,0.0,0.020896478657008066,0,0,0,0,0,0,0,0,24,0.09204500055187667,0,1,3.980308739168109,0,0,5,14,28.56336444662606,30.370758534903082,0.0,0.0,449.01986216131667,0.0,0.0,0.0,6.6340824575606,1.0,86.0,0.6,0.0,0.0,106.0,668.8988205548911
9.225861891891892,45.480974508196724,1,0,41,0,0,0,0,0,1,5,5,0,0,0.41807968000411355,0,0,0,0,0,300,0,0,1,0,0,0,2,7,21,0.0,0.01066751283439165,0.09212967197094264,0,0,0,0,0,0,0,0,23,0.08600956592288574,0,1,3.2919738356524197,0,0,2,6,12.900899904991629,37.22214391483046,1.0,0.0,474.3346627272999,0.0,152.44455748675975,0.0,155.6816346710208,1.0,86.0,0.6,0.0,0.0,106.0,666.9405956960518
9.226185675675676,45.480974508196724,1,1,41,0,0,1,0,0,0,4,5,0,0,0.4386611360063364,0,0,0,0,1,341,0,0,1,0,0,0,2,8,21,0.004926312896965224,0.017266154059974836,0.09144808350744929,0,0,0,0,0,0,0,0,26,0.09475122308496123,0,1,2.9691820988485222,0,12,2,6,12.71127395186802,36.46729803303989,1.08,152.4510601704227,474.3346627272999,0.0,446.5998277516697,0.0,155.6816346710208,1.0,86.0,0.6,0.0,0.0,106.0,666.1467362308942
9.226509459459459,45.480974508196724,1,2,41,0,0,1,0,0,0,2,5,0,1,0.4550851218167328,0,0,0,0,6,380,0,1,1,0,0,1,2,8,21,0.04273990515507233,0.09304522834777555,0.08987534604592678,0,0,1,0,0,0,0,0,28,0.10305901159804805,0,1,3.371176255346678,4,24,2,6,13.830756524111258,36.08650736707678,1.1606016846176794,319.3514255473023,474.3346627272999,297.6039175024501,706.3607915815298,0.0,140.31718316400665,1.0,86.0,0.6,0.0,0.0,106.0,666.2825071305839
9.226833243243243,45.480974508196724,1,3,41,0,0,1,0,0,0,0,4,0,1,0.4745113903396069,0,0,0,0,8,425,0,1,1,0,0,1,2,8,23,0.17292306012310513,0.20013085355209953,0.08687815254006061,0,0,0,0,0,0,0,0,29,0.11198293359861163,0,1,2.3962043400268502,0,12,2,6,20.986581847445372,31.76166755557416,1.1666666666666667,277.47812057512016,609.4317296919982,69.11164945587198,1023.689953966493,0.0,153.91447939534882,1.0,86.0,0.6,0.0,0.0,106.0,665.103482927509
9.227157027027028,45.480974508196724,1,4,41,0,0,1,0,0,0,0,2,0,1,0.49714236794559785,0,0,0,0,10,458,0,1,1,0,0,1,2,9,24,0.36239849675799635,0.276907623775934,0.08276767740536138,0,0,0,0,0,0,0,0,31,0.12265849833135316,0,1,1.358460463672978,0,0,2,9,37.6873887810115,30.189631724405114,1.0,125.32823860534748,630.1674901726245,255.56355706733177,515.357370671848,0.0,153.91447939534882,1.0,86.0,0.6,0.0,0.0,106.0,665.0560636609312
9.22748081081081,45.480974508196724,1,5,41,0,0,0,0,0,0,0,1,0,1,0.5112893970756031,0,0,0,0,12,505,0,1,1,0,0,1,2,9,25,0.5052789905040238,0.28765280025363626,0.07893570402268096,0,0,0,0,0,0,0,0,31,0.13279152907652755,0,0,0.19451319330633346,0,0,2,11,47.92631804264597,30.42141672900302,1.0,94.64036205952291,638.185065654654,133.6229535509824,432.54913640958273,0.0,100.56119715140673,1.0,86.0,0.6,0.0,0.0,106.0,666.5294822769819
9.227804594594595,45.480974508196724,1,6,41,0,0,0,0,0,0,0,0,1,1,0.5218531994801807,0,0,0,0,7,539,0,1,1,0,0,1,2,9,26,0.2857243217838422,0.25424479384966275,0.0746909132927694,0,0,0,0,0,0,0,0,28,0.14110887441457673,0,0,0.17313026434569362,4,8,2,12,33.25170303247226,30.207921378122883,1.0,229.7374290242212,660.2914126368564,133.6229535509824,867.5687710473633,0.0,62.763765470435615,1.0,86.0,0.6,0.0,0.0,106.0,666.1862205683904
9.228128378378377,45.480974508196724,1,7,41,0,0,0,0,0,0,0,0,1,0,0.5327411672128565,0,0,0,0,4,570,0,1,0,0,0,0,2,10,26,0.07559075379253441,0.15138744039331045,0.0736496076172156,0,0,0,0,0,0,0,0,24,0.14691216950566183,0,0,0.17524907107317583,0,8,2,12,33.25170303247226,30.207921378122883,1.0,229.7374290242212,434.2655135697584,169.92516034040813,867.5687710473633,0.0,62.763765470435615,1.0,86.0,0.6,0.0,0.0,106.0,665.8673959370258
9.228452162162162,45.480974508196724,1,8,41,0,0,0,0,0,0,0,0,1,0,0.5452026029430997,0,0,0,0,4,604,0,1,0,0,0,0,2,10,26,0.0,0.0484782383874609,0.07443535915372897,0,0,0,0,0,0,0,0,25,0.15221198289704693,0,0,0.17311170608990145,0,0,0,12,44.724626632966526,30.32596669167274,1.0,72.87062872777855,427.20352398579706,169.92516034040813,597.9987707667194,0.0,0.0,1.0,86.0,0.6,0.0,0.0,106.0,666.020877270589
9.228775945945946,45.480974508196724,1,9,41,0,0,0,0,0,0,0,0,1,0,0.5591991780949276,0,0,0,0,3,624,0,1,0,0,0,0,2,11,26,0.0,0.0013489999031500906,0.07324989849797624,0,0,0,0,0,0,0,0,24,0.1600262190912583,0,0,0.10961140993934117,0,8,0,10,36.41729129256927,30.210798967068634,1.0,233.0189544033636,446.2301934741196,169.92516034040813,968.7516582514221,0.0,0.0,1.0,86.0,0.6,0.0,0.0,106.0,666.3111596394153
9.229099729729729,45.480974508196724,1,10,41,0,0,0,0,0,0,0,0,1,0,0.5734335703475106,0,0,0,0,2,646,0,1,0,0,0,0,2,11,26,0.0,0.0,0.06885739116869183,0,0,0,0,0,0,0,0,22,0.16594684433127718,0,0,0.09923491169680478,4,8,0,10,36.41729129256927,30.210798967068634,1.0,233.0189544033636,434.4902477226593,315.45609546360896,968.7516582514221,0.0,0.0,1.0,86.0,0.6,0.0,0.0,106.0,666.9294666699757
9.229423513513513,45.480974508196724,1,11,41,0,0,0,0,0,0,0,0,1,0,0.5869272182541416,0,0,0,0,3,660,0,1,1,0,0,0,2,11,26,0.0,0.0,0.06151095622055329,0,0,0,0,0,0,0,0,18,0.17199983951358241,0,1,0.1430383754475539,0,8,0,9,32.120136537921375,30.12372511788225,1.0,80.23336104637765,376.94088220993575,127.80642517852412,915.4908716291849,0.0,0.0,1.0,86.0,0.6,0.0,0.0,106.0,666.59234882845
9.229747297297298,45.480974508196724,1,12,41,0,0,0,0,0,0,0,0,1,0,0.599914525336168,0,0,0,0,12,675,0,1,1,0,0,0,1,10,26,0.0,0.0026919852124957025,0.05348697612843463,0,0,0,0,0,0,0,0,22,0.1751739101168936,0,1,0.13222636646742672,4,8,0,8,41.06786760610913,40.55878047797742,1.75,73.9493825134029,566.208817532217,367.64235211085014,1096.4978615995947,0.0,0.0,1.0,86.0,0.6,0.0,0.0,106.0,665.5175555630848
9.23007108108108,45.480974508196724,1,13,41,0,0,0,0,0,0,0,0,1,1,0.6125875903303952,0,0,0,0,18,673,0,0,1,0,0,0,1,13,27,0.0,0.0026919852124957025,0.04621255357180199,0,0,0,0,0,0,0,0,23,0.17575827258360804,0,1,0.19634731596565794,0,8,0,7,41.06786760610913,40.55878047797742,1.75,73.9493825134029,698.322693895808,105.44149209167985,1096.4978615995947,0.0,0.0,1.0,86.0,0.6,0.0,0.0,106.0,665.7845023723204
9.230394864864865,45.480974508196724,1,14,41,0,0,0,0,0,0,0,0,1,1,0.6205873095475621,0,0,1,0,17,676,0,0,1,0,0,0,1,13,27,0.0,0.0026919852124957025,0.04157818969514867,0,0,0,0,0,0,0,0,27,0.17402019170071487,0,1,0.2785225424572392,0,0,0,6,39.51495105643293,41.1545064784806,1.8,10.088552117889623,529.1645698879577,0.0,327.1956449496214,0.0,73.4950943521001,1.0,86.0,0.6,0.0,0.0,106.0,664.9055996105948
9.230718648648649,45.480974508196724,1,15,41,0,0,0,0,0,0,0,0,1,1,0.6237921226098506,0,0,1,0,12,671,0,0,1,0,0,0,3,13,28,0.0,0.0026919852124957025,0.039035173384413695,0,0,0,0,0,0,0,0,26,0.1729578956946099,0,1,0.8994206261487457,0,0,0,9,52.37402532921095,30.35293947864056,1.0,158.0448750533439,529.1645698879577,0.0,732.3135555432425,0.0,162.17384042236165,1.0,86.0,0.6,0.0,0.0,106.0,665.3033673747218
9.231042432432432,45.480974508196724,1,16,41,0,0,0,0,0,0,0,0,1,1,0.6222155074698562,0,0,1,0,4,651,0,0,1,0,0,0,3,10,27,0.0,0.001177456195727894,0.03876962321234252,0,0,0,0,0,0,0,0,26,0.17238173680715335,0,2,0.7417060348467743,0,4,0,15,51.043992193371146,30.246979388726473,1.0,164.56688306456306,529.1645698879577,350.08744763259733,958.4009451896021,0.0,191.93918606917958,1.0,86.0,0.6,0.0,0.0,106.0,665.5970541349293
9.231366216216216,45.480974508196724,1,17,41,0,0,0,0,0,0,0,0,1,1,0.6315107234362406,0,0,1,0,1,644,0,0,1,0,0,0,3,11,27,0.0,0.0,0.03918764105733347,0,0,0,0,0,0,0,0,28,0.17826405473471016,0,2,0.6943916574561829,0,0,0,15,97.16024526303121,30.35293947864056,1.0,158.0448750533439,425.6183300567556,265.6624101390873,910.7178228399995,0.0,360.94708687013025,1.0,86.0,0.6,0.0,0.0,106.0,665.7176433735369
9.23169,45.480974508196724,1,18,41,0,0,0,0,0,0,0,0,1,1,0.6462087690861014,0,0,1,0,3,655,0,0,1,0,0,0,3,11,27,0.0,0.040680018882704165,0.03779619838869673,0,0,0,0,0,0,0,0,33,0.18170055524535897,0,2,0.9634921788651715,0,0,0,15,129.85559599478725,30.590132677884522,1.0,266.2403842447532,540.0860148316319,0.0,512.8931917239704,0.0,360.94708687013025,1.0,86.0,0.6,0.0,0.0,106.0,665.6166780860622
9.232013783783783,45.480974508196724,1,19,41,0,0,0,0,0,0,0,0,1,1,0.6648997071875419,0,0,1,0,3,646,0,0,1,0,0,0,3,12,27,0.06690334039535899,0.14573282638234716,0.03495791775669146,0,0,0,0,0,0,0,0,35,0.18449773221943275,0,2,0.9656396977554556,0,0,0,15,124.27421664575161,30.557124520461024,1.0,125.59186835237179,447.7064029569189,0.0,247.23078158488306,0.0,360.94708687013025,1.0,86.0,0.6,0.0,0.0,106.0,665.5494926341651
9.232337567567567,45.480974508196724,1,20,41,0,0,0,0,0,0,0,0,1,1,0.6868044160652139,0,0,0,0,2,639,0,0,1,0,0,1,1,12,27,0.23770174678828407,0.22470802211482205,0.033651007636395974,0,0,0,0,0,0,0,0,40,0.18171326190337195,0,3,1.0448110554304275,0,0,1,14,89.96969987402338,30.557124520461024,1.0,125.59186835237179,447.7064029569189,0.0,684.1354305138386,0.0,360.94708687013025,1.0,86.0,0.6,0.0,0.0,106.0,665.9593548840753
9.23266135135135,45.480974508196724,1,21,41,0,0,0,0,0,0,0,0,1,1,0.7115175203863693,0,0,0,0,0,612,0,0,1,0,0,1,2,11,27,0.4193003239592811,0.23666320765249893,0.03567415849545191,0,0,0,0,0,0,0,0,40,0.18301864495773085,0,3,1.0082575637074782,0,4,6,13,64.79994215203652,30.520572725327966,1.0,234.51066134302414,499.1652309114864,0.0,931.8882973936333,0.0,360.94708687013025,1.0,86.0,0.6,0.0,0.0,106.0,666.2677760994752
9.232985135135134,45.480974508196724,1,22,41,0,0,0,0,0,0,0,0,1,1,0.7386636482244121,0,0,0,0,0,586,0,0,1,0,0,1,2,11,27,0.3712052371521467,0.21534072665772605,0.037700372164551396,0,0,0,0,0,0,0,0,43,0.18284456123102877,0,3,1.2658727688988394,0,4,9,10,64.79994215203652,30.520572725327966,1.0,234.51066134302414,588.2471101992495,0.0,931.8882973936333,0.0,153.28877452255927,1.0,86.0,0.6,0.0,0.0,106.0,665.8902792439387
9.233308918918919,45.480974508196724,1,23,41,0,0,0,0,0,0,0,0,1,1,0.7711644122963806,0,0,0,0,0,566,0,0,1,0,0,1,2,11,26,0.14523343352798254,0.15619696655066423,0.03841136181420862,0,0,0,0,0,0,0,0,39,0.1814583616656397,0,3,2.0321089226504037,0,0,9,11,53.834981806643356,30.48402093019491,1.0,108.91879299065234,780.2426745749485,122.10793974307177,483.2660068824246,0.0,0.0,1.0,86.0,0.6,0.0,0.0,106.0,665.4670261216704
9.233632702702701,45.480974508196724,1,24,41,0,1,0,0,0,0,0,0,1,1,0.8030602661236543,0,0,0,0,0,554,0,0,0,0,0,0,2,11,25,0.009381969692273182,0.07918653372651722,0.03739773011170163,0,0,0,0,0,0,0,0,36,0.18025824836168547,0,2,2.7559241022086693,0,0,9,11,53.834981806643356,30.48402093019491,1.0,108.91879299065234,950.157898109987,133.55665533671896,483.2660068824246,0.0,0.0,1.0,86.0,0.6,0.0,0.0,106.0,665.8274011458531
9.233956486486486,45.480974508196724,1,25,41,0,1,0,0,0,0,0,5,1,1,0.8189661046629544,0,0,0,0,0,545,0,0,0,0,0,0,2,11,24,0.0,0.06768390590801636,0.03599588607138423,0,0,0,0,0,0,0,0,38,0.1791500906941085,0,2,2.621983973273414,0,12,9,11,20.053798235882287,37.54222480028936,1.75,341.46014032738583,950.157898109987,109.30351662794192,621.1221749949639,0.0,124.18048593459517,1.0,86.0,0.6,0.0,0.0,106.0,666.4688333213143
9.23428027027027,45.480974508196724,1,26,41,1,1,0,0,0,0,0,5,1,1,0.8274108505535777,0,0,0,0,1,498,0,0,1,0,0,1,3,11,23,0.08616270667073234,0.06940662861040924,0.03420833273029379,1,0,0,0,0,0,0,0,42,0.17629657333731535,0,2,2.797377344148137,16,16,9,14,16.038493464834435,36.723940290357014,1.6666666666666667,419.5533266203448,1218.0807121412934,318.6879072875725,1184.2960198630988,0.0,152.48235646004446,1.0,86.0,0.6,0.0,0.0,106.0,675.7716851228279
9.234604054054053,45.480974508196724,1,27,41,0,1,0,0,0,0,2,5,1,1,0.8337758584197507,0,0,0,0,5,438,0,0,1,0,0,1,4,10,22,0.2370892442832032,0.07104769356034135,0.0330335241826623,1,0,0,0,0,0,0,0,48,0.1717982552580899,0,2,3.526802883722088,0,16,9,14,10.706313910872577,37.09099437036655,1.7058823529411764,310.63453362969244,1218.0807121412934,289.37957888400626,1391.669378199047,0.0,152.48235646004446,1.0,86.0,0.6,0.0,0.0,106.0,667.9035948570797
9.234927837837837,45.480974508196724,1,28,41,0,1,0,0,0,0,1,5,1,1,0.8217349817045787,0,0,0,0,10,395,0,0,1,0,0,1,4,9,22,0.19639511643436397,0.07104769356034135,0.031673259753532856,1,0,0,0,0,0,0,0,48,0.16328816952943276,0,2,2.6420575135459066,0,0,11,14,6.322838000926156,32.20698444715924,1.0,73.86980100716346,1218.0807121412934,89.34333391784978,509.6046190704358,0.0,152.48235646004446,1.0,86.0,0.6,0.0,0.0,106.0,665.317034259916
9.235251621621622,45.480974508196724,1,29,41,0,0,1,0,0,0,0,7,1,1,0.7992889909274212,0,0,1,0,14,353,0,0,1,0,0,1,3,9,20,0.08595513181695814,0.06863566560927023,0.030337243192904133,1,0,0,0,0,0,0,0,46,0.1554965876372996,0,2,1.435103836990381,0,16,11,14,22.03124155175853,29.16994405549313,1.2160049348755972,299.89284876420595,1301.187251724003,182.3897998513261,1065.915614417859,0.0,124.18048593459517,1.0,86.0,0.6,0.0,0.0,106.0,664.3484385023194
9.235575405405404,45.480974508196724,1,30,41,0,0,1,0,0,0,3,6,1,1,0.7708266485003729,0,0,1,0,15,321,0,0,1,0,0,0,3,8,20,0.012553115869634132,0.03449729448437991,0.02985982589818351,0,0,0,0,0,0,0,0,43,0.14988240150236526,0,1,0.9601270359278272,8,16,10,14,25.55062046533963,29.63163223568302,1.1954330363160166,299.89284876420595,1192.2125734092444,53.69970604407077,1631.7749963197018,0.0,97.06244397137525,1.0,86.0,0.6,0.0,0.0,106.0,664.8104038729413
9.235899189189189,45.480974508196724,1,31,41,0,0,1,0,0,1,4,5,0,1,0.7380248933412696,0,0,1,0,23,295,0,0,1,0,0,0,3,7,18,0.0,0.009484781115074553,0.029399304713423283,0,0,0,0,0,0,0,0,43,0.1423418359183773,0,1,0.5609591169009853,0,12,9,14,14.886582672077395,32.981455626259674,1.0,35.30805688281888,1168.3013892950376,89.18993261335743,437.494923072655,0.0,73.57673728482789,1.0,86.0,0.6,0.0,0.0,106.0,665.0939100784764
9.236222972972971,45.480974508196724,1,32,41,0,0,1,0,0,1,5,7,0,1,0.7018371570723698,0,0,1,0,18,283,0,0,1,0,0,0,3,7,17,0.0,0.0,0.029399304713423283,0,0,0,0,0,0,0,0,38,0.13347492308866957,0,1,0.3020806800885912,0,8,6,14,24.725059824014792,31.826757100192896,1.271418825393599,400.2427477998375,1168.3013892950376,71.55520596901049,691.4471289212441,0.0,0.0,1.0,86.0,0.6,0.0,0.0,106.0,665.3882888107514
9.236546756756756,45.480974508196724,1,33,41,0,0,0,0,0,0,3,8,0,1,0.6628976576890601,0,0,1,0,2,260,0,0,1,0,0,0,3,7,17,0.0,0.0,0.029399304713423283,0,0,0,0,0,0,0,0,37,0.1256788483383086,0,1,0.29148473954749776,0,12,5,14,21.85590345055589,31.1109076651691,1.47021753771705,404.55204165846584,1168.3013892950376,331.0238620330608,1014.1328848492486,0.0,0.0,1.0,86.0,0.6,0.0,0.0,106.0,666.6605189889507
9.23687054054054,45.480974508196724,1,34,41,0,0,0,0,0,0,0,6,0,1,0.6215735767130746,0,0,0,0,0,245,0,0,1,0,0,0,3,7,16,0.0,0.0,0.027838969472955596,0,0,0,0,0,0,0,0,34,0.11785188704291577,0,1,1.5720450358832914,0,8,5,14,29.77507412422025,30.0,1.6319572969511547,388.45038197871395,726.9427890667935,0.0,862.1027312385365,0.0,6.6340824575606,1.0,86.0,0.6,0.0,0.0,106.0,666.8755347286292
9.237194324324323,45.480974508196724,1,35,41,0,0,0,0,0,0,0,3,0,1,0.5779819584723765,0,0,0,0,1,232,0,0,1,0,0,0,2,6,15,0.0,0.0,0.024193048980827452,0,0,0,0,0,0,0,0,27,0.10876886351862443,0,1,2.4402542242749226,0,0,5,14,28.56336444662606,30.370758534903082,0.0,0.0,700.9169059041956,0.0,0.0,0.0,6.6340824575606,1.0,86.0,0.6,0.0,0.0,106.0,667.2950629808759
9.237518108108107,45.480974508196724,1,36,41,0,0,0,0,0,0,0,0,0,1,0.5321299902126944,1,0,0,0,0,214,0,0,1,0,0,0,1,5,15,0.0,0.0,0.02113590988920209,0,0,0,0,0,0,0,0,22,0.09997262284736637,0,1,3.980308739168109,0,0,5,13,28.56336444662606,30.370758534903082,0.0,0.0,503.2931484538077,0.0,0.0,0.0,6.6340824575606,1.0,86.0,0.6,0.0,0.0,106.0,668.4911750220047
9.225861891891892,45.48119991803279,1,0,42,0,0,0,0,0,1,5,5,0,1,0.4633787154764215,0,0,0,0,0,277,0,0,1,0,0,0,2,5,21,0.0,0.010684976288803874,0.07686653496558314,0,0,0,0,0,0,0,0,24,0.09372287701351788,0,0,2.3530350697364337,0,0,2,6,12.547529144156885,37.57124932498428,1.0,5.3622902326188155,474.3346627272999,120.73606548754071,152.44455748675975,0.0,26.553758997673754,1.0,86.0,0.6,0.0,0.0,106.0,668.426842413523
9.226185675675676,45.48119991803279,1,1,42,0,0,1,0,0,1,4,5,0,0,0.4865554676371029,0,0,0,0,3,314,0,0,1,0,0,0,2,7,21,0.020004523014356256,0.01080066750412754,0.07575414797527331,1,0,0,0,0,0,0,0,26,0.10227933007584095,0,0,2.3927345808267324,0,16,2,6,17.247108480981325,37.52621762890455,1.1022010720294324,195.71262953295985,474.3346627272999,0.0,1082.4095934480372,0.0,54.51437480315961,1.0,86.0,0.6,0.0,0.0,106.0,667.2668977661299
9.226509459459459,45.48119991803279,1,2,42,0,0,1,0,0,1,3,5,0,1,0.5045521509605136,0,0,0,0,6,353,0,1,1,0,0,1,2,8,21,0.04273990515507233,0.04583997403950355,0.07376958516886595,0,0,1,0,0,0,0,0,30,0.11236724124742302,0,0,2.5264478215042345,12,36,2,6,20.181741665776745,38.54969985294738,1.116297771619699,344.8306662494819,474.3346627272999,135.21839757971907,1975.7487349580144,0.0,59.18797690181663,1.0,86.0,0.6,0.0,0.0,106.0,666.7939050208132
9.226833243243243,45.48119991803279,1,3,42,0,0,1,0,0,0,2,4,0,1,0.5242229107990611,0,0,0,0,6,388,0,1,1,0,0,1,2,8,23,0.05612566270672227,0.11190083980229373,0.07128805110856712,0,0,0,0,0,0,0,0,33,0.12300324925488564,0,0,2.177140530694918,4,24,2,7,17.835874378217156,38.43931036403292,1.1249124213693062,328.0779828599105,625.2187783582757,228.97212125806163,1177.4144483025345,0.0,51.20748578545881,1.0,86.0,0.6,0.0,0.0,106.0,666.5579549614664
9.227157027027028,45.48119991803279,1,4,42,0,0,1,0,0,0,1,2,0,1,0.5455254955003491,0,0,0,0,1,422,0,1,1,0,0,0,2,9,24,0.0806851336622201,0.18019028622399236,0.06893462519241036,0,0,0,0,0,0,0,0,40,0.13378929028994657,0,0,1.285904731479803,0,4,2,8,41.76350178554021,35.140395855796015,1.0,123.66061381627057,653.8114885619503,0.0,871.7854346250875,0.0,29.32541191611239,1.0,86.0,0.6,0.0,0.0,106.0,667.2274451864213
9.22748081081081,45.48119991803279,1,5,42,0,0,0,0,0,0,0,2,0,1,0.5569620238701106,0,0,0,0,2,453,0,1,1,0,0,0,2,9,24,0.10277808907583681,0.18799759959519663,0.06675470956934063,0,0,0,0,0,0,0,0,37,0.14402442481128527,0,0,0.6174603200209394,0,0,2,10,81.83125899676324,30.42141672900302,1.0,94.64036205952291,669.2231764642843,0.0,478.17845091781976,0.0,0.0,1.0,86.0,0.6,0.0,0.0,106.0,667.0453527142145
9.227804594594595,45.48119991803279,1,6,42,0,0,0,0,0,0,0,0,1,1,0.5674345565031379,0,0,0,0,2,494,0,1,1,0,0,0,2,10,25,0.07405729710382755,0.147053877909038,0.06424680656328349,0,0,0,0,0,0,0,0,33,0.15223121358728378,0,0,0.17701300826877572,0,8,2,11,33.25170303247226,30.207921378122883,1.0,229.7374290242212,738.4782803991777,97.8747523286089,867.5687710473633,0.0,0.0,1.0,86.0,0.6,0.0,0.0,106.0,666.665783295809
9.228128378378377,45.48119991803279,1,7,42,0,0,0,0,0,0,0,0,1,1,0.5784050346877648,0,0,0,0,5,530,0,1,1,0,0,0,2,10,26,0.007701716617254265,0.07606864781776536,0.06518918819253566,0,0,0,0,0,0,0,0,28,0.15875250135291352,0,0,0.1861217538141803,0,8,2,12,33.25170303247226,30.207921378122883,1.0,229.7374290242212,494.7346394906717,124.27282389259405,867.5687710473633,0.0,0.0,1.0,86.0,0.6,0.0,0.0,106.0,666.8353084285912
9.228452162162162,45.48119991803279,1,8,42,0,0,0,0,0,0,0,0,1,1,0.5909016341276302,0,0,0,0,8,565,0,1,1,0,0,0,2,10,26,0.0,0.02186856440739948,0.06682795906742814,0,0,0,0,0,0,0,0,29,0.1645838255425048,0,0,0.17140181410328195,0,0,0,10,45.10884523006057,30.277740145952585,1.0,123.74275291424954,472.5172585317912,0.0,597.9987707667194,0.0,0.0,1.0,86.0,0.6,0.0,0.0,106.0,666.9923213085804
9.228775945945946,45.48119991803279,1,9,42,0,0,0,0,0,0,0,0,1,1,0.604880767289062,0,0,0,0,4,589,0,1,1,0,0,0,2,10,26,0.0,0.0,0.06524256464384132,0,0,0,0,0,0,0,0,31,0.17168190495713012,0,0,0.14474066478812903,0,8,0,10,36.41729129256927,30.210798967068634,1.0,233.0189544033636,482.60581064968073,167.57623251796045,968.7516582514221,0.0,0.0,1.0,86.0,0.6,0.0,0.0,106.0,667.1833389471375
9.229099729729729,45.48119991803279,1,10,42,0,0,0,0,0,0,0,0,1,1,0.6202888425274492,0,0,0,0,1,614,0,1,1,0,0,0,2,11,26,0.0,0.0,0.06002283850998179,0,0,0,0,0,0,0,0,31,0.1784979230354536,0,0,0.10501006153093168,0,8,0,9,36.41729129256927,30.210798967068634,1.0,233.0189544033636,451.56769984005035,209.92274338165052,968.7516582514221,0.0,0.0,1.0,86.0,0.6,0.0,0.0,106.0,667.3828710285611
9.229423513513513,45.48119991803279,1,11,42,0,0,0,0,0,0,0,0,1,1,0.6352561815035739,0,0,0,0,2,628,0,1,1,0,0,0,2,11,26,0.0,0.0,0.053202257409693386,0,0,0,0,0,0,0,0,26,0.18589418594120571,0,0,0.14458219772438555,0,0,0,8,34.83750371906033,30.286462965373126,1.0,63.86083039551327,265.9475635809519,0.0,737.4017551428743,0.0,0.0,1.0,86.0,0.6,0.0,0.0,106.0,667.2418141371551
9.229747297297298,45.48119991803279,1,12,42,0,0,0,0,0,0,0,0,1,1,0.6491655438462642,0,0,0,0,11,634,0,1,1,0,0,0,1,12,26,0.0,0.0,0.04781452135884284,0,0,0,0,0,0,0,0,28,0.19058687756924708,0,1,0.10180806212587726,0,8,1,8,41.06786760610913,40.55878047797742,1.75,73.9493825134029,575.7614415416027,236.38467204337562,1096.4978615995947,0.0,0.0,1.0,86.0,0.6,0.0,0.0,106.0,665.5814248877696
9.23007108108108,45.48119991803279,1,13,42,0,0,0,0,0,0,0,0,1,1,0.6623866801221567,0,0,0,0,12,633,0,1,1,0,0,0,1,13,26,0.0,1.5102745785492472e-05,0.04391110096589825,0,0,0,0,0,0,0,0,30,0.1914697899073466,0,1,0.22356172860161236,4,8,1,8,41.06786760610913,40.55878047797742,1.75,73.9493825134029,722.825773912398,327.1956449496214,1096.4978615995947,0.0,0.0,1.0,86.0,0.6,0.0,0.0,106.0,665.4289707064529
9.230394864864865,45.48119991803279,1,14,42,0,0,0,0,0,0,0,0,1,1,0.6710042993340938,0,0,1,0,8,638,0,0,1,0,0,0,2,12,26,0.0,0.0007560520360919045,0.04080680542649403,0,0,0,0,0,0,0,0,33,0.1878687977563007,0,1,0.3099030650194614,0,4,1,6,41.08370111103785,43.99061524287074,2.0,0.0,679.2595182569194,0.0,343.88109502146375,0.0,0.0,1.0,86.0,0.6,0.0,0.0,106.0,666.0015359560789
9.230718648648649,45.48119991803279,1,15,42,0,0,0,0,0,0,0,0,1,1,0.674291334113609,0,0,1,0,8,634,0,0,1,0,0,0,3,11,26,0.0,0.0,0.03850613966482191,0,0,0,0,0,0,0,0,32,0.18655088358624355,0,1,0.3868482044173388,0,0,0,7,28.56336444662606,30.370758534903082,0.0,0.0,639.3164965294767,0.0,0.0,0.0,0.0,1.0,86.0,0.6,0.0,0.0,106.0,666.3011154256425
9.231042432432432,45.48119991803279,1,16,42,0,0,0,0,0,0,0,0,1,1,0.6701662750687456,0,0,1,0,0,622,0,0,1,0,0,0,3,11,26,0.0,0.0,0.03683680021884247,0,0,0,0,0,0,0,0,32,0.18847335598604745,0,1,0.3868482044173388,0,0,0,14,151.27967473281322,30.62314083530802,1.0,140.64851589238143,636.509925033516,0.0,615.7498577716847,0.0,162.17384042236165,1.0,86.0,0.6,0.0,0.0,106.0,666.5709282292256
9.231366216216216,45.48119991803279,1,17,42,0,0,0,0,0,0,0,0,1,1,0.676453189425854,0,0,1,0,0,631,0,0,1,0,0,0,3,11,27,0.0,0.0,0.037547098601191854,0,0,0,0,0,0,0,0,34,0.1917703639528776,0,1,0.3654745545845951,0,0,0,15,151.27967473281322,30.62314083530802,1.0,140.64851589238143,605.0861460551465,615.7498577716847,615.7498577716847,0.0,227.94553637136784,1.0,86.0,0.6,0.0,0.0,106.0,665.7573182147437
9.23169,45.48119991803279,1,18,42,0,0,0,0,0,0,0,0,1,1,0.6881076126929881,0,0,0,0,2,639,0,0,1,0,0,0,3,11,27,0.0,0.060434982230749924,0.03546281419386942,0,0,0,0,0,0,0,0,39,0.19314502131402703,0,2,0.6619168144786716,0,0,0,15,151.27967473281322,30.62314083530802,1.0,140.64851589238143,780.2856598558739,0.0,615.7498577716847,0.0,241.55429931021905,1.0,86.0,0.6,0.0,0.0,106.0,667.0886698704448
9.232013783783783,45.48119991803279,1,19,42,0,0,0,0,0,0,0,0,1,1,0.7036732953406751,0,0,0,0,3,631,0,0,1,0,0,0,2,11,27,0.09639450127724318,0.17715616284397787,0.03214233169566297,0,0,0,0,0,0,0,0,42,0.196826998333052,0,2,0.8340961765422477,0,0,0,13,132.83120506954364,30.370758534903082,0.0,0.0,825.546077152639,0.0,265.6624101390873,0.0,255.36100455472933,1.0,86.0,0.6,0.0,0.0,106.0,665.7896430418753
9.232337567567567,45.48119991803279,1,20,42,0,0,0,0,0,0,0,0,1,1,0.7224027215094668,0,0,0,0,0,615,0,0,1,0,0,1,2,12,27,0.3851600197406386,0.23405026102696158,0.029353053470781636,0,0,0,0,0,0,0,0,47,0.19675385559399136,0,3,0.933484614792227,0,0,0,13,28.56336444662606,30.370758534903082,0.0,0.0,642.0141527658682,0.0,0.0,0.0,227.94553637136784,1.0,86.0,0.6,0.0,0.0,106.0,666.4822200726574
9.23266135135135,45.48119991803279,1,21,42,0,0,0,0,0,0,0,0,1,1,0.7438460469256497,0,0,0,0,0,596,0,0,1,0,0,1,2,11,26,0.6322652756882499,0.23705828640297386,0.030811197563230835,0,0,0,0,0,0,0,0,50,0.19982517754683804,0,3,0.7352684438283602,0,0,3,12,28.56336444662606,30.370758534903082,0.0,0.0,590.9791333725285,0.0,0.0,0.0,121.78887454501398,1.0,86.0,0.6,0.0,0.0,106.0,666.7704387511114
9.232985135135134,45.48119991803279,1,22,42,0,0,0,0,0,0,0,0,1,1,0.7661544999835019,0,0,0,0,0,582,0,0,1,0,0,1,2,11,26,0.5329028249375898,0.23705828640297386,0.032535078605581254,0,0,0,0,0,0,0,0,52,0.1991054798579447,0,3,1.2659581405369202,0,0,8,10,28.56336444662606,30.370758534903082,0.0,0.0,716.8189145916758,0.0,0.0,0.0,0.0,1.0,86.0,0.6,0.0,0.0,106.0,667.0198467445359
9.233308918918919,45.48119991803279,1,23,42,0,0,0,0,0,0,0,0,1,1,0.7881991899670449,0,0,0,0,0,567,0,0,1,0,0,1,2,11,25,0.1544784492974965,0.1747806858039824,0.034327706918988884,0,0,0,0,0,0,0,0,48,0.19601373240152492,0,2,2.232108922650404,0,0,9,11,31.95807438497384,30.370758534903082,0.0,0.0,926.0185611882756,0.0,255.66459507979073,0.0,0.0,1.0,86.0,0.6,0.0,0.0,106.0,665.7348423265884
9.233632702702701,45.48119991803279,1,24,42,0,1,0,0,0,0,0,0,1,1,0.8110515056191475,0,0,0,0,0,563,0,0,1,0,0,0,2,11,24,0.0,0.0905678237204594,0.03512678288646807,0,0,0,0,0,0,0,0,42,0.19304986248869296,0,2,3.0544567254554904,0,0,9,11,40.50926534116034,30.48402093019491,1.0,108.91879299065234,935.0124775160202,0.0,255.66459507979073,0.0,0.0,1.0,86.0,0.6,0.0,0.0,106.0,668.0029770110268
9.233956486486486,45.48119991803279,1,25,42,0,1,0,0,0,0,0,0,1,1,0.8261397927979877,0,0,0,0,0,537,0,0,0,0,0,0,2,10,23,0.0,0.04681954937484078,0.03527599962779706,0,0,0,0,0,0,0,0,43,0.19126073338372515,0,1,3.0886506399400813,0,8,9,11,33.54650203601476,36.746353635348115,1.6666666666666667,255.78390452854492,950.157898109987,0.0,717.064654515883,0.0,10.300159698706118,1.0,86.0,0.6,0.0,0.0,106.0,667.3936765053129
9.23428027027027,45.48119991803279,1,26,42,1,1,0,0,0,0,0,3,1,1,0.840039242772948,0,0,0,0,0,489,0,0,1,0,0,0,4,10,23,0.0,0.06427156930364902,0.03477453731263186,1,0,0,0,0,0,0,0,43,0.18900332271110967,0,1,3.2472110208871863,0,12,9,14,26.298760020852587,35.78846511230853,1.5714285714285714,356.86022187491545,1050.589077514658,257.2224627219469,905.4802591260087,0.0,97.06244397137525,1.0,86.0,0.6,0.0,0.0,106.0,672.2524021509059
9.234604054054053,45.48119991803279,1,27,42,0,1,0,0,0,0,0,4,1,1,0.8490209343280553,0,0,0,0,0,436,0,0,1,0,0,0,4,10,22,0.0014927944555888787,0.07104769356034135,0.03376027501347218,1,0,0,0,0,0,0,0,47,0.18562736873220492,0,1,3.0690521201278536,0,8,9,14,24.749561089625722,36.72826627396633,1.6666666666666667,218.65648787446304,1218.0807121412934,0.0,598.0790280831857,0.0,97.06244397137525,1.0,86.0,0.6,0.0,0.0,106.0,667.5737238685683
9.234927837837837,45.48119991803279,1,28,42,0,1,0,0,0,0,0,4,1,1,0.8345490830833984,0,0,1,0,0,408,0,0,1,0,0,0,4,9,21,0.030752241239915434,0.06900890383298244,0.03258699143058611,1,0,0,0,0,0,0,0,49,0.17671555099485559,0,1,2.467036503048981,0,0,11,14,46.339445684028945,30.330347591976512,1.0,73.86980100716346,1218.0807121412934,0.0,621.2218842532707,0.0,97.06244397137525,1.0,86.0,0.6,0.0,0.0,106.0,665.8860926266698
9.235251621621622,45.48119991803279,1,29,42,0,0,1,0,0,0,0,4,1,1,0.8097351634074854,0,0,1,0,1,375,0,0,1,0,0,0,3,9,20,0.02036539782589663,0.04892718087270236,0.031435639699626504,1,0,1,0,0,0,0,0,47,0.1672439146220734,0,1,1.6864932470093272,4,12,10,14,28.982593974905416,29.95288791009341,1.124414653684268,266.9121659975515,1264.4593723511907,511.44384949862433,993.6310087436741,0.0,73.57673728482789,1.0,86.0,0.6,0.0,0.0,106.0,665.5177222366981
9.235575405405404,45.48119991803279,1,30,42,0,0,1,0,0,0,0,5,1,1,0.7788569243219704,0,0,1,0,13,347,0,0,1,0,0,0,3,9,19,0.0,0.022222151831161708,0.030128031566196974,0,0,0,0,0,0,0,0,47,0.15856136572893095,0,1,1.1626944734339872,0,12,9,14,27.158905949511656,30.295185936416704,1.1140467658772457,266.9121659975515,1350.371609072019,253.55811589927922,1041.8564991404442,0.0,73.57673728482789,1.0,86.0,0.6,0.0,0.0,106.0,664.5961482178344
9.235899189189189,45.48119991803279,1,31,42,0,0,1,0,0,0,5,8,0,1,0.7438190049873283,0,0,1,0,23,326,0,0,1,0,0,0,3,8,18,0.0,0.004491808515711194,0.029515064912442105,1,0,0,0,0,0,0,0,44,0.14878760593538776,0,1,0.6121682088079401,0,4,6,14,23.225226370129647,32.679474189675155,1.0,35.30805688281888,1168.3013892950376,167.56120263968364,559.0964046411159,0.0,0.0,1.0,86.0,0.6,0.0,0.0,106.0,665.4660439980166
9.236222972972971,45.48119991803279,1,32,42,0,0,1,0,0,1,5,10,0,0,0.7054989079252667,0,0,1,0,17,288,0,0,1,0,0,0,3,7,18,0.0,0.0,0.029399304713423283,0,0,0,0,0,0,0,0,42,0.14112151640947468,0,0,0.7502293728219962,0,16,6,14,16.284570360637524,31.368027350997114,1.4189918190658137,451.9282084589699,1168.3013892950376,43.987826455873424,807.9378215623368,0.0,0.0,1.0,86.0,0.6,0.0,0.0,106.0,665.2993140823406
9.236546756756756,45.48119991803279,1,33,42,0,0,0,0,0,1,3,10,0,1,0.6643631457974475,0,0,1,0,11,265,0,0,1,0,0,0,3,7,16,0.0,0.0,0.029399304713423283,0,0,0,0,0,0,0,0,37,0.13399044794575263,0,0,1.2235639657520707,12,28,5,14,15.588921108796798,31.309178174598493,1.4700908774394688,467.44649424990706,1000.8097546684015,129.8034758683276,1279.6459111706768,0.0,6.6340824575606,1.0,86.0,0.6,0.0,0.0,106.0,665.9193306390464
9.23687054054054,45.48119991803279,1,34,42,0,0,0,0,0,0,3,8,0,1,0.6208023198873691,0,0,1,0,10,245,0,0,1,0,0,0,3,7,16,0.0,0.0,0.02805356324144489,0,0,0,0,0,0,0,0,32,0.12580800557460306,0,0,1.8391501124203704,0,20,5,14,13.814126789803412,31.253742854702722,1.446558871339763,449.01986216131667,726.9427890667935,151.149962256593,701.5999057321781,0.0,6.6340824575606,1.0,86.0,0.6,0.0,0.0,106.0,665.946076283675
9.237194324324323,45.48119991803279,1,35,42,0,0,0,0,0,0,0,5,0,1,0.5749878398879706,0,0,0,0,7,230,0,0,1,0,0,0,2,7,15,0.0,0.0,0.024422036003114513,0,0,0,0,0,0,0,0,24,0.11562974424063084,0,0,2.67033895142165,0,0,5,14,76.15398971049932,34.153146570671176,1.0,0.0,700.9169059041956,0.0,151.149962256593,0.0,6.6340824575606,1.0,86.0,0.6,0.0,0.0,106.0,666.9219527872524
9.237518108108107,45.48119991803279,1,36,42,0,0,0,0,0,0,0,2,0,1,0.5268994474824255,1,0,0,0,2,212,0,0,1,0,0,0,2,5,15,0.0,0.0,0.021180777754974154,0,0,0,0,0,0,0,0,20,0.10680050362168583,0,0,3.840140740996939,0,0,5,13,75.5749811282965,30.370758534903082,0.0,0.0,700.9169059041956,0.0,151.149962256593,0.0,6.6340824575606,1.0,86.0,0.6,0.0,0.0,106.0,668.7461211423586
9.225861891891892,45.481425327868855,1,0,43,0,0,0,0,0,0,3,5,0,1,0.5085290686102646,0,0,0,0,0,247,0,0,1,0,0,0,3,6,21,0.0,0.008302950439785106,0.06169562804978809,0,0,0,0,0,0,0,0,27,0.0997635478412326,0,0,2.4122835253820147,0,0,2,6,18.42498137522115,36.954894154687054,1.0,0.0,452.65094300543586,0.0,120.73606548754071,0.0,0.0,1.0,86.0,0.6,0.0,0.0,106.0,669.0175576187464
9.226185675675676,45.481425327868855,1,1,43,0,0,1,0,0,0,3,5,0,1,0.5343031507095505,0,0,0,0,0,290,0,1,1,0,0,0,2,7,21,0.0,0.010684976288803874,0.061100974023978946,1,0,0,0,0,0,0,0,30,0.10897057545011546,0,0,2.15138574359881,0,16,2,6,21.11009258126553,40.402169477939296,1.0762575209428482,162.77343850589693,544.3551748229538,0.0,916.7624884664742,0.0,0.0,1.0,86.0,0.6,0.0,0.0,106.0,667.7800700962903
9.226509459459459,45.481425327868855,1,2,43,0,0,1,0,0,1,2,5,0,1,0.5540011919416604,0,0,0,0,4,323,0,1,1,0,0,0,2,7,21,0.02786059545315832,0.013871608997480094,0.060010404002829684,0,0,0,0,0,0,0,0,32,0.120691214553957,0,0,1.9635965434580378,12,36,2,6,20.841234873845973,39.479970694940725,1.0571931407071362,220.7940282081699,645.000686412314,845.0148952415304,1885.6325342372475,0.0,0.0,1.0,86.0,0.6,0.0,0.0,106.0,667.9216602659908
9.226833243243243,45.481425327868855,1,3,43,0,0,1,0,0,1,2,4,0,1,0.573273474565773,0,0,0,0,3,349,0,1,1,0,0,0,2,7,23,0.020620953419084674,0.03875731669102243,0.05869780344377414,0,0,0,0,0,0,0,0,37,0.13136188705011814,0,0,1.2841334774266615,4,28,2,8,22.999892056055312,39.42905045571658,1.0623925171350577,203.97959446898312,800.8335138576388,210.2641769574432,1843.5180651669432,0.0,0.0,1.0,86.0,0.6,0.0,0.0,106.0,667.3812419042761
9.227157027027028,45.481425327868855,1,4,43,0,0,1,0,0,0,2,2,0,1,0.5927435690293938,0,0,0,0,0,382,0,1,1,0,0,0,2,8,24,0.0,0.072854177823768,0.05777180658197527,0,0,0,0,0,0,0,0,41,0.14298161400427134,0,0,0.9996745690231688,0,4,2,8,35.720006069488264,42.0179734241597,1.0,17.548194438957374,775.739855656592,377.83409498202957,670.2545149670093,0.0,0.0,1.0,86.0,0.6,0.0,0.0,106.0,667.9242959392116
9.22748081081081,45.481425327868855,1,5,43,0,0,0,0,0,0,0,2,0,1,0.6022026122735699,0,0,0,0,0,411,0,1,1,0,0,0,2,9,24,0.0,0.08304480419652831,0.05691534161462845,0,0,0,0,0,0,0,0,40,0.15383538783092665,0,0,0.6046485358207394,0,4,2,8,44.05276996466357,50.0,1.0,0.0,775.739855656592,167.56991802458637,636.8286652830802,0.0,0.0,1.0,86.0,0.6,0.0,0.0,106.0,668.0312458175594
9.227804594594595,45.481425327868855,1,6,43,0,0,0,0,0,0,0,0,1,1,0.6103512594640134,0,0,0,0,1,451,1,1,1,0,0,0,2,10,24,0.0,0.055206758349871723,0.05590245645220163,0,0,0,0,0,0,0,0,37,0.1625682307006412,0,0,0.4607905537399319,0,12,2,9,20.63105153840879,38.619974281550036,1.0,71.6078846670974,897.7358190105672,97.8747523286089,746.7551754012622,0.0,0.0,1.0,86.0,0.6,0.0,0.0,106.0,667.8984445349345
9.228128378378377,45.481425327868855,1,7,43,0,0,0,0,0,0,0,0,1,1,0.621324595627731,0,0,0,0,5,492,1,1,1,0,0,0,2,10,25,0.0,0.02314528155695083,0.057169390581739095,0,0,0,0,0,0,0,0,37,0.17019528320974847,0,0,0.2158590057553889,0,8,2,9,11.833907916873487,30.084954992712568,1.0,71.6078846670974,676.0040640130095,124.27282389259405,472.751879509083,0.0,0.0,1.0,86.0,0.6,0.0,0.0,106.0,668.1391825257311
9.228452162162162,45.481425327868855,1,8,43,0,0,0,0,0,0,0,0,1,1,0.6339581624094913,0,0,0,0,6,519,0,1,1,0,0,0,2,10,26,0.0,0.0016611604400312413,0.05871006213080863,0,0,0,0,0,0,0,0,37,0.17726357097749132,0,0,0.1557950405957993,0,0,0,8,68.5442361194051,30.22951360023243,1.0,50.87212418647098,522.8010138780689,0.0,291.8490564105545,0.0,0.0,1.0,86.0,0.6,0.0,0.0,106.0,667.3364506612013
9.228775945945946,45.481425327868855,1,9,43,0,0,0,0,0,0,0,0,1,1,0.648014826126189,0,0,0,0,4,545,0,1,1,0,0,0,1,10,26,0.0,0.0,0.05677489064306056,0,0,0,0,0,0,0,0,37,0.18513472831201683,0,0,0.15897386986722245,0,0,0,9,92.45301182609494,30.37812266249135,1.0,84.76608323086377,532.8895659959585,167.57623251796045,377.49897589961097,0.0,0.0,1.0,86.0,0.6,0.0,0.0,106.0,667.4925237893435
9.229099729729729,45.481425327868855,1,10,43,0,0,0,0,0,0,0,0,1,1,0.6634920927694155,0,0,0,0,0,561,0,1,1,0,0,0,3,10,26,0.0,0.0,0.05241795184551146,0,0,0,0,0,0,0,0,37,0.1915348276583414,0,0,0.16579349432110382,0,0,1,8,92.45301182609494,30.37812266249135,1.0,84.76608323086377,518.4874145767512,209.92274338165052,377.49897589961097,0.0,0.0,1.0,86.0,0.6,0.0,0.0,106.0,667.8367530002597
9.229423513513513,45.481425327868855,1,11,43,0,0,0,0,0,0,0,0,1,1,0.6803829301252158,0,0,0,0,0,586,0,1,1,0,0,0,3,9,25,0.0,0.0,0.04780604612330614,0,0,0,0,0,0,0,0,37,0.19891201571606326,0,0,0.2235597249892752,0,0,2,8,111.57685385625653,30.370758534903082,0.0,0.0,438.77137997138004,0.0,446.30741542502614,0.0,0.0,1.0,86.0,0.6,0.0,0.0,106.0,667.9808213703099
9.229747297297298,45.481425327868855,1,12,43,0,0,0,0,0,0,0,0,1,1,0.6964706684888156,0,0,0,0,7,602,0,1,1,0,0,0,2,11,25,0.0,0.0,0.04347765311951204,0,0,0,0,0,0,0,0,36,0.2046724550714244,0,0,0.20444340839022,0,0,2,8,56.430423077992394,44.20562423302162,2.0,0.0,416.04251194991366,236.38467204337562,463.44351868287634,0.0,0.0,1.0,86.0,0.6,0.0,0.0,106.0,667.1099381298293
9.23007108108108,45.481425327868855,1,13,43,0,0,0,0,0,0,0,0,1,1,0.7109886996234857,0,0,0,0,8,605,0,1,1,0,0,0,3,12,25,0.0,0.0,0.041736082107928306,0,0,0,0,0,0,0,0,39,0.20421894236847354,0,1,0.26509453794160376,0,4,2,8,50.722280474869095,43.99061524287074,2.0,0.0,568.7498806373268,200.54126591033435,580.2657670648392,0.0,0.0,1.0,86.0,0.6,0.0,0.0,106.0,666.7113346876397
9.230394864864865,45.481425327868855,1,14,43,0,0,0,0,0,0,0,0,1,1,0.7203278421770077,0,0,0,0,5,598,0,1,1,0,0,0,3,11,25,0.0,0.0,0.04178107587241311,0,0,0,0,0,0,0,0,41,0.20124563910299487,0,1,0.33188739056171207,0,0,2,6,103.5657060408417,44.20562423302162,2.0,0.0,524.0707925867484,0.0,200.54126591033435,0.0,0.0,1.0,86.0,0.6,0.0,0.0,106.0,666.9113683490004
9.230718648648649,45.481425327868855,1,15,43,0,0,0,0,0,0,0,0,1,1,0.7241795763414887,0,0,0,0,5,596,0,0,1,0,0,0,4,11,25,0.0,0.0,0.039275351830894104,0,0,0,0,0,0,0,0,36,0.19961107976361417,0,1,0.38684820441733886,0,0,1,7,28.56336444662606,30.370758534903082,0.0,0.0,649.6626609391202,0.0,0.0,0.0,0.0,1.0,86.0,0.6,0.0,0.0,106.0,667.3395297817842
9.231042432432432,45.481425327868855,1,16,43,0,0,0,0,0,0,0,0,1,1,0.7187917251530928,0,0,0,0,6,591,0,0,1,0,0,0,4,11,26,0.0,0.0,0.03607691452527924,0,0,0,0,0,0,0,0,37,0.20371339414661943,0,1,0.3593677974895254,0,0,1,13,175.04372381629867,30.370758534903082,0.0,0.0,706.3252436309006,0.0,350.08744763259733,0.0,0.0,1.0,86.0,0.6,0.0,0.0,106.0,666.9743265837187
9.231366216216216,45.481425327868855,1,17,43,0,0,0,0,0,0,0,0,1,1,0.7222069694507925,0,0,0,0,2,604,0,0,1,0,0,0,3,12,26,0.0,0.0005795361288952522,0.035311722685125335,0,0,0,0,0,0,0,0,41,0.2053767429971736,0,1,0.3982695093470025,0,0,0,15,151.27967473281322,30.62314083530802,1.0,140.64851589238143,567.1303484943383,350.08744763259733,615.7498577716847,0.0,0.0,1.0,86.0,0.6,0.0,0.0,106.0,667.4194859006649
9.23169,45.481425327868855,1,18,43,0,0,0,0,0,0,0,0,1,1,0.7308269122301205,0,0,1,0,0,617,0,0,1,0,0,0,3,11,26,0.0,0.06125456751322739,0.0325265991759818,0,0,0,0,0,0,0,0,41,0.20631296628339502,0,1,0.3972312088988513,0,0,0,13,151.27967473281322,30.62314083530802,1.0,140.64851589238143,734.5451448483956,265.6624101390873,615.7498577716847,0.0,0.0,1.0,86.0,0.6,0.0,0.0,106.0,666.4591675963916
9.232013783783783,45.481425327868855,1,19,43,0,0,0,0,0,0,0,0,1,1,0.7433794426362144,0,0,1,0,0,615,0,0,1,0,0,0,2,11,26,0.124626697926438,0.14775054165518864,0.029122902301362063,0,0,0,0,0,0,0,0,48,0.2109731054957724,0,1,0.3972312088988513,0,0,0,13,151.27967473281322,30.62314083530802,1.0,140.64851589238143,853.2469940378934,0.0,615.7498577716847,0.0,0.0,1.0,86.0,0.6,0.0,0.0,106.0,665.4020788203575
9.232337567567567,45.481425327868855,1,20,43,0,0,0,0,0,0,0,0,1,1,0.7590839888126836,0,0,1,0,0,599,0,0,1,0,0,1,2,11,26,0.36446432320165995,0.2118979078962679,0.026305152989883892,0,0,0,0,0,0,0,0,48,0.21274706277323238,0,2,0.4229159570986718,0,0,0,12,28.56336444662606,30.370758534903082,0.0,0.0,853.2469940378934,0.0,0.0,0.0,0.0,1.0,86.0,0.6,0.0,0.0,106.0,665.7518139556018
9.23266135135135,45.481425327868855,1,21,43,0,0,0,0,0,0,0,0,1,1,0.7762539103463986,0,0,1,0,0,590,0,0,1,0,0,1,2,11,26,0.5302978648771156,0.23691056464907792,0.02632447672548906,0,0,0,0,0,0,0,0,54,0.21384547819933655,0,2,0.4306447612446717,0,0,2,11,28.56336444662606,30.370758534903082,0.0,0.0,853.2469940378934,0.0,0.0,0.0,0.0,1.0,86.0,0.6,0.0,0.0,106.0,666.3236175542963
9.232985135135134,45.481425327868855,1,22,43,0,0,0,0,0,0,0,0,1,1,0.7930176033102545,0,0,0,0,0,574,0,0,1,0,0,1,3,11,25,0.35712397221686903,0.22942421061423215,0.02777122648304031,0,0,0,0,0,0,0,0,58,0.2133858036073058,0,2,0.5458698895005761,0,0,5,11,28.56336444662606,30.370758534903082,0.0,0.0,866.4405148800004,0.0,0.0,0.0,0.0,1.0,86.0,0.6,0.0,0.0,106.0,666.8033920455916
9.233308918918919,45.481425327868855,1,23,43,0,0,0,0,0,0,0,0,1,1,0.8079892630885497,0,0,0,0,0,565,0,0,1,0,0,1,2,10,24,0.10796707955951566,0.17141050868385754,0.02976761016696969,0,0,0,0,0,0,0,0,54,0.21128667312794172,0,2,1.4216641415196967,0,0,7,11,138.53034187496118,30.53784676671294,1.0,121.19510151949203,1002.2921268476152,0.0,294.39592410539154,0.0,0.0,1.0,86.0,0.6,0.0,0.0,106.0,665.9330389721063
9.233632702702701,45.481425327868855,1,24,43,0,1,0,0,0,0,0,0,1,1,0.824528955014322,0,0,0,0,0,547,0,0,1,0,0,0,2,10,23,0.0,0.0685804233856115,0.032491343164918335,0,0,0,0,0,0,0,0,51,0.20964664903418231,0,1,2.4987755893170704,0,0,8,11,131.6911180428828,30.53784676671294,1.0,121.19510151949203,914.1204317886069,0.0,537.2604886949221,0.0,0.0,1.0,86.0,0.6,0.0,0.0,106.0,666.0783567602807
9.233956486486486,45.481425327868855,1,25,43,0,1,0,0,0,0,0,0,1,1,0.8329327458774669,0,0,0,0,0,518,0,0,1,0,0,0,4,10,23,0.0,0.011414070662600398,0.03444002172166779,0,0,0,0,0,0,0,0,49,0.20603689940004116,0,1,2.7707915298785815,0,4,9,12,46.007006732432274,35.84964805467682,1.5714285714285714,276.11005574878567,786.2690108576717,0.0,874.0651125620213,0.0,0.0,1.0,86.0,0.6,0.0,0.0,106.0,666.0396683341287
9.23428027027027,45.481425327868855,1,26,43,1,1,0,0,0,0,0,0,1,1,0.840156309732827,0,0,0,0,0,472,0,0,1,0,0,0,4,10,23,0.0,0.008618873409032142,0.03514714283819859,0,0,0,0,0,0,0,0,48,0.20260224354019332,0,1,3.091003828580508,0,8,9,14,44.05504749511615,36.83903351466826,1.6666666666666667,446.0252792838239,994.6569391113334,564.5394060915219,1272.1215730257056,0.0,0.0,1.0,86.0,0.6,0.0,0.0,106.0,654.9125884316442
9.234604054054053,45.481425327868855,1,27,43,0,1,0,0,0,0,0,0,1,1,0.8469949894677109,0,0,0,0,0,436,0,0,1,0,0,0,4,10,23,0.0,0.03323003700671062,0.03425281520349072,0,0,0,0,0,0,0,0,47,0.1977887691164185,0,1,2.508304607949336,0,0,8,14,47.97907350051777,38.07521239482226,1.8,148.71945034920148,1012.292058614714,0.0,570.9666521585652,0.0,10.300159698706118,1.0,86.0,0.6,0.0,0.0,106.0,664.6442230936284
9.234927837837837,45.481425327868855,1,28,43,0,1,0,0,0,0,0,0,1,1,0.8380726772208656,0,0,1,0,0,407,0,0,1,0,0,0,4,9,20,0.0,0.03489579804096167,0.03317486586509266,0,0,0,0,0,0,0,0,46,0.18674548152494402,0,1,2.8412466227544915,0,0,9,14,180.15429612415758,30.370758534903082,0.0,0.0,1223.484812898507,0.0,360.30859224831516,0.0,26.51029269137632,1.0,86.0,0.6,0.0,0.0,106.0,666.2036091372713
9.235251621621622,45.481425327868855,1,29,43,0,0,1,0,0,0,0,0,1,1,0.8167085910383458,0,0,1,0,0,380,0,0,1,0,0,0,3,9,20,0.0,0.038748564404342545,0.032161985785655434,0,0,0,0,0,0,0,0,48,0.1769438676893789,0,1,2.218246849945839,0,4,9,14,49.27206976595105,30.28580602855003,1.0,127.42199952626977,1311.2519797307662,360.30859224831516,562.386977197045,0.0,10.300159698706118,1.0,86.0,0.6,0.0,0.0,106.0,665.2046874325463
9.235575405405404,45.481425327868855,1,30,43,0,0,1,0,0,0,0,5,1,1,0.7848396743155897,0,0,1,0,2,356,0,0,1,0,0,0,3,9,19,0.0,0.05589530183943512,0.03109234208842756,0,0,0,0,0,0,0,0,47,0.1659812278492697,0,1,0.7297330978947469,0,0,8,14,43.771168109699616,30.53047995339292,1.0,119.51491819042134,1557.1056272908017,178.19476325036976,624.594939674472,0.0,0.0,1.0,86.0,0.6,0.0,0.0,106.0,666.6479132312068
9.235899189189189,45.481425327868855,1,31,43,0,0,1,0,0,0,0,9,0,1,0.7476990364908647,0,1,1,0,7,336,0,0,1,0,0,0,3,9,18,0.0,0.07020180528210263,0.029674138493392035,0,0,0,0,0,0,0,0,43,0.15530142965835428,0,1,1.1477508913684304,0,0,5,14,57.41849713519405,34.06046422597295,1.0,0.0,1226.1466611221188,0.0,345.7559658900534,0.0,0.0,1.0,86.0,0.6,0.0,0.0,106.0,666.1523247976459
9.236222972972971,45.481425327868855,1,32,43,0,0,1,0,0,0,4,10,0,1,0.7070705673489512,0,0,1,0,11,320,0,0,1,0,0,0,3,7,18,0.0,0.05704156185944656,0.029399304713423283,0,0,0,0,0,0,0,0,40,0.1451283453588306,0,0,0.7666624062972089,0,12,5,14,9.636332498056515,31.17342921693911,1.4582005513078058,115.58179086592546,1000.8097546684015,110.86204269482134,329.5016537572951,0.0,0.0,1.0,86.0,0.6,0.0,0.0,106.0,665.8466476054178
9.236546756756756,45.481425327868855,1,33,43,0,0,0,0,0,0,7,10,0,1,0.663723114816833,0,0,1,0,10,297,0,0,1,0,0,0,3,7,16,0.0,0.026340105277807963,0.029399304713423283,0,0,0,0,0,0,0,0,34,0.13594987678777323,0,0,1.1452073276477102,12,28,5,14,12.951517295604729,31.270287460082006,1.443997281665986,364.3898333448941,967.8290719017472,195.74027105520733,1283.209264574926,0.0,6.6340824575606,1.0,86.0,0.6,0.0,0.0,106.0,666.4076670118498
9.23687054054054,45.481425327868855,1,34,43,0,0,0,0,0,1,4,7,0,0,0.6180061936130797,0,0,1,0,14,257,0,0,1,0,0,0,3,7,15,0.0,0.0012126738933009753,0.02787315704300035,0,0,0,0,0,0,0,0,30,0.13082482963733993,0,0,1.8093650803964392,4,20,5,14,14.499030441299714,31.213214845007673,1.4705950385203375,326.70004126695585,726.9427890667935,39.68704257595206,1178.2148215813602,0.0,6.6340824575606,1.0,86.0,0.6,0.0,0.0,106.0,665.6272402681939
9.237194324324323,45.481425327868855,1,35,43,0,0,0,0,0,0,2,6,0,1,0.5700883056296873,0,0,0,0,21,225,0,0,1,0,0,0,2,7,15,0.0,0.0,0.024252542825279597,0,0,0,0,0,0,0,0,25,0.12321183181888114,0,0,2.060479434429523,0,0,5,13,22.794873484913502,33.012663420409844,1.0,9.462210816299248,700.9169059041956,151.149962256593,307.73296681194086,0.0,6.6340824575606,1.0,86.0,0.6,0.0,0.0,106.0,666.1192240878015
9.237518108108107,45.481425327868855,1,36,43,0,0,0,0,0,0,0,2,0,1,0.519908170270294,1,0,0,0,15,214,0,0,1,0,0,0,2,7,15,0.0,0.0,0.021193229772670585,0,0,0,0,0,0,0,0,21,0.11198818809933954,0,0,2.6557650658644296,0,4,5,12,22.73861503420385,32.65003031728957,1.0,0.0,700.9169059041956,0.0,174.52217563833193,6.6340824575606,6.6340824575606,1.0,86.0,0.6,0.0,0.0,106.0,666.9295215981065
9.225861891891892,45.481650737704925,1,0,44,0,0,0,0,0,0,0,5,0,1,0.5532937270917543,0,0,0,0,0,227,0,0,0,0,0,0,3,6,21,0.0,0.0,0.048670614313886064,0,0,0,0,0,0,0,0,28,0.10564798048651615,0,0,1.1051428198962048,0,0,2,6,28.56336444662606,30.370758534903082,0.0,0.0,623.31696669045,0.0,0.0,0.0,0.0,1.0,86.0,0.6,0.0,0.0,106.0,669.4893333902111
9.226185675675676,45.481650737704925,1,1,44,0,0,0,0,0,0,0,5,0,1,0.5816627336741632,0,0,0,0,0,268,0,1,0,0,0,0,3,7,21,0.0,0.008339344881408532,0.04941440619116626,0,0,0,0,0,0,0,0,33,0.11530409229804689,0,0,1.4423474236796308,0,8,2,6,36.535781132235996,30.116919412766084,1.0,125.96122453588036,623.31696669045,0.0,1006.6479905634355,0.0,0.0,1.0,86.0,0.6,0.0,0.0,106.0,669.2991348259529
9.226509459459459,45.481650737704925,1,2,44,0,0,1,0,0,0,1,3,0,1,0.6034120325805491,0,0,0,0,0,302,0,1,0,0,0,0,3,7,21,0.0,0.010684976288803874,0.04979826726985592,0,0,0,0,0,0,0,0,36,0.12736985840239717,0,0,1.4590498433738894,4,20,2,6,27.305975369605083,37.66213606768406,1.0980453840693762,169.81053219769692,623.31696669045,839.7041546129874,1503.3803707139466,0.0,0.0,1.0,86.0,0.6,0.0,0.0,106.0,669.0637079071649
9.226833243243243,45.481650737704925,1,3,44,0,0,1,0,0,0,1,2,0,1,0.6213117943247827,0,0,0,0,0,329,0,1,0,0,0,0,3,8,23,0.0,0.010684976288803874,0.0500460334130081,0,0,0,0,0,0,0,0,41,0.13857150101734111,0,0,1.0069966273529807,0,16,2,8,32.796352113809036,38.062323529797645,1.0,133.29951745813355,761.5354249740186,0.0,1357.7205854613435,0.0,0.0,1.0,86.0,0.6,0.0,0.0,106.0,668.5769220671851
9.227157027027028,45.481650737704925,1,4,44,0,0,0,0,0,0,0,2,0,1,0.640212324286392,0,0,0,0,0,340,0,1,1,0,0,0,2,8,23,0.0,0.005383843915954645,0.05036166484236681,0,0,0,0,0,0,0,0,45,0.1490710673471302,0,0,1.4340696913385782,0,0,2,8,46.128274663124756,45.00965955853651,1.0,7.338292922253202,913.7084813970396,191.07841752387606,617.7732086827525,0.0,0.0,1.0,86.0,0.6,0.0,0.0,106.0,667.8962771773101
9.22748081081081,45.481650737704925,1,5,44,0,0,0,0,0,0,0,2,0,1,0.6467622678531062,0,0,0,0,0,360,1,1,1,0,0,0,2,8,24,0.0,0.0,0.04987592260158051,0,0,0,0,0,0,0,0,44,0.16081982031093703,0,0,0.9635093900293192,0,8,2,6,26.337449769676244,50.0,1.0,0.0,847.2535104317194,210.2641769574432,687.0028548749605,0.0,0.0,1.0,86.0,0.6,0.0,0.0,106.0,669.1343014514321
9.227804594594595,45.481650737704925,1,6,44,0,0,0,0,0,0,0,0,0,1,0.6521223011175398,0,0,0,0,2,390,1,1,1,0,0,0,2,9,24,0.0,0.0,0.04873175108382564,0,0,0,0,0,0,0,0,41,0.17015183885635923,0,0,0.7071680453270945,8,24,2,5,17.658374458000306,40.615843580520995,1.0,95.25188305642317,792.1143126004796,484.9978586659711,1284.875930996482,0.0,0.0,1.0,86.0,0.6,0.0,0.0,106.0,668.923308883466
9.228128378378377,45.481650737704925,1,7,44,0,0,0,0,0,0,0,0,1,1,0.6611454846692344,0,0,0,0,7,425,1,1,1,0,0,0,2,9,23,0.0,0.0,0.04986558296333914,0,0,0,0,0,0,0,0,39,0.17833478818896809,0,0,0.6780480597898441,8,24,2,6,17.658374458000306,40.615843580520995,1.0,95.25188305642317,698.7329320344759,268.6956310542763,1284.875930996482,0.0,0.0,1.0,86.0,0.6,0.0,0.0,106.0,667.8925226227484
9.228452162162162,45.481650737704925,1,8,44,0,0,0,0,0,0,0,0,1,1,0.6733223561829369,0,0,0,0,6,453,0,1,1,0,0,0,1,9,24,0.0,0.0,0.051457740844455736,0,0,0,0,0,0,0,0,41,0.1860702697090807,0,0,0.4538534471167097,0,4,0,5,21.914285120896466,40.020626982300975,1.0,23.80462414830699,934.1283919502399,0.0,572.3969038783588,0.0,0.0,1.0,86.0,0.6,0.0,0.0,106.0,667.1766185339029
9.228775945945946,45.481650737704925,1,9,44,0,0,0,0,0,0,0,0,1,1,0.6875526235840878,0,0,0,0,2,473,0,1,1,0,0,0,2,9,24,0.0,0.0,0.05023041747404035,0,0,0,0,0,0,0,0,44,0.1951842782405085,0,0,0.19854234026128678,0,4,2,7,33.07232121840328,30.23066319218469,1.0,102.26863392463162,947.2811278558441,167.57623251796045,559.177790443434,0.0,0.0,1.0,86.0,0.6,0.0,0.0,106.0,667.9592927860994
9.229099729729729,45.481650737704925,1,10,44,0,0,0,0,0,0,0,1,1,1,0.7031547172222006,0,0,0,0,0,501,0,1,1,0,0,0,2,9,25,0.0,0.0,0.04772561265362883,0,0,0,0,0,0,0,0,46,0.2034323793602505,0,0,0.1825206985380337,0,0,2,7,48.2980023798654,30.23066319218469,1.0,102.26863392463162,819.7235910929658,209.92274338165052,429.0093922538877,0.0,0.0,1.0,86.0,0.6,0.0,0.0,106.0,668.0357564537304
9.229423513513513,45.481650737704925,1,11,44,0,0,0,0,0,0,0,3,1,1,0.7201383147935965,0,0,0,0,0,536,0,1,1,0,0,0,3,10,25,0.0,0.0,0.045590783167940574,0,0,0,0,0,0,0,0,44,0.20898276723384243,0,0,0.23263130717972316,0,0,2,7,111.57685385625653,30.370758534903082,0.0,0.0,779.330812985066,0.0,446.30741542502614,0.0,0.0,1.0,86.0,0.6,0.0,0.0,106.0,668.3799642097026
9.229747297297298,45.481650737704925,1,12,44,0,0,0,0,0,0,0,3,1,1,0.7385345830424859,0,0,0,0,2,560,0,1,1,0,0,0,3,11,25,0.0,0.0,0.04314143553657578,0,0,0,0,0,0,0,0,41,0.21679911732100302,0,0,0.802800265773484,0,0,2,7,108.44124936779042,44.20562423302162,2.0,0.0,538.8298183760442,236.38467204337562,436.92593795370993,0.0,0.0,1.0,86.0,0.6,0.0,0.0,106.0,667.9733916254183
9.23007108108108,45.481650737704925,1,13,44,0,0,0,0,0,0,0,0,1,1,0.7566127289474385,0,0,0,0,3,557,0,1,1,0,0,0,3,9,25,0.0,0.0,0.04170743218958568,0,0,0,0,0,0,0,0,45,0.21884479763550255,0,0,1.0269455522231739,0,0,2,6,108.44124936779042,44.20562423302162,2.0,0.0,431.7089095775913,200.54126591033435,436.92593795370993,0.0,0.0,1.0,86.0,0.6,0.0,0.0,106.0,667.8520665026987
9.230394864864865,45.481650737704925,1,14,44,0,0,0,0,0,0,0,0,1,1,0.7674990054057123,0,0,0,0,4,545,0,1,1,0,0,0,3,10,25,0.0,0.0,0.0426265616218325,0,0,0,0,0,0,0,0,45,0.21813733911301464,0,1,0.9105642162584765,0,0,2,5,103.5657060408417,44.20562423302162,2.0,0.0,471.89731062934794,0.0,200.54126591033435,0.0,0.0,1.0,86.0,0.6,0.0,0.0,106.0,667.2039878208438
9.230718648648649,45.481650737704925,1,15,44,0,0,0,0,0,0,0,0,1,1,0.7724865909506559,0,0,0,0,8,559,0,0,1,0,0,0,4,10,25,0.0,1.3837791613113388e-05,0.040993389715803887,0,0,0,0,0,0,0,0,45,0.21481457520541317,0,1,0.865957904309129,0,0,2,6,28.56336444662606,30.370758534903082,0.0,0.0,482.3671111733163,0.0,0.0,0.0,0.0,1.0,86.0,0.6,0.0,0.0,106.0,667.1903342795156
9.231042432432432,45.481650737704925,1,16,44,0,0,0,0,0,0,0,0,1,1,0.7671073658313645,0,0,0,0,7,562,0,0,1,0,0,0,4,12,25,0.0,0.009991984481761609,0.03699481380066373,0,0,0,0,0,0,0,0,43,0.21686660498104818,0,1,0.7328718765614096,0,0,2,8,28.56336444662606,30.370758534903082,0.0,0.0,407.2609738926511,0.0,0.0,0.0,0.0,1.0,86.0,0.6,0.0,0.0,106.0,667.1816368793043
9.231366216216216,45.481650737704925,1,17,44,0,0,0,0,0,0,0,0,1,1,0.7685767616238462,0,0,0,0,4,580,0,0,1,0,0,0,4,11,26,0.0,0.020287173812459366,0.03361702534097772,0,0,0,0,0,0,0,0,45,0.21878832516249844,0,1,0.8780469763160019,0,0,1,12,163.57865450832625,30.62314083530802,1.0,140.64851589238143,571.2082082158671,0.0,350.08744763259733,0.0,0.0,1.0,86.0,0.6,0.0,0.0,106.0,666.8972773315495
9.23169,45.481650737704925,1,18,44,0,0,0,0,0,0,0,0,1,1,0.7740788154931505,0,0,1,0,0,590,0,0,1,0,0,0,3,10,25,0.0,0.06258421526338334,0.029555466103655004,0,0,0,0,0,0,0,0,47,0.22150673572924368,0,1,1.225699553951821,0,0,0,13,97.36294119524385,30.318952776029093,1.0,142.54186482157516,618.7363326948692,350.08744763259733,636.3616647403757,0.0,0.0,1.0,86.0,0.6,0.0,0.0,106.0,666.1683859298861
9.232013783783783,45.481650737704925,1,19,44,0,0,0,0,0,0,0,0,1,1,0.7834206664899976,0,0,1,0,0,594,0,0,1,0,0,0,2,10,25,0.04785579057767781,0.10459931658894668,0.026423705452321544,0,0,0,0,0,0,0,0,50,0.22535139838193724,0,1,1.5202343559539155,0,5,0,11,31.09216765892566,30.077858707553858,1.0,179.1183729711766,744.328201047241,265.6624101390873,722.5544891376674,0.0,0.0,1.0,86.0,0.6,0.0,0.0,106.0,665.5669614933993
9.232337567567567,45.481650737704925,1,20,44,0,0,0,0,0,0,0,0,1,1,0.7939417648906848,0,0,1,0,0,578,0,0,1,0,0,1,2,9,25,0.20245985895848342,0.14802589926400725,0.025254822447803624,0,0,0,0,0,0,0,0,52,0.2271123518529986,0,2,1.6281758941954945,0,5,0,11,29.366518975098984,30.077377714885518,1.0,177.91164842094258,853.2469940378934,0.0,673.7174018569281,0.0,0.0,1.0,86.0,0.6,0.0,0.0,106.0,665.2994878524589
9.23266135135135,45.481650737704925,1,21,44,0,0,0,0,0,0,0,0,1,1,0.8058683295096448,0,0,1,0,0,568,0,0,1,0,0,1,2,9,23,0.27187599423544206,0.16878766932723768,0.025254822447803624,0,0,0,0,0,0,0,0,54,0.22700795821937222,0,2,0.39953854322807625,0,0,1,11,45.78406016893802,30.103022555588012,1.0,132.13634487959317,875.3519686051143,0.0,600.408617823415,0.0,15.375723430061129,1.0,86.0,0.6,0.0,0.0,106.0,665.9576799466661
9.232985135135134,45.481650737704925,1,22,44,0,0,0,0,0,0,0,0,1,1,0.8181028697124361,0,0,1,0,0,564,0,0,1,0,0,0,3,10,23,0.14366437904991586,0.16295748630125945,0.025648467885737086,0,0,0,0,0,0,0,0,59,0.22724920515898028,0,2,1.0232220760705943,0,0,4,11,131.6911180428828,30.53784676671294,1.0,121.19510151949203,1246.2218978721492,0.0,537.2604886949221,0.0,15.375723430061129,1.0,86.0,0.6,0.0,0.0,106.0,665.904036830645
9.233308918918919,45.481650737704925,1,23,44,0,0,0,0,0,0,0,0,1,1,0.8287063326850994,0,0,0,0,0,559,0,0,1,0,0,0,4,10,22,0.02143497471791205,0.10848888665791837,0.027079465727741676,0,0,0,0,0,0,0,0,57,0.22620423786287097,0,1,1.1128416202696307,0,0,4,12,131.6911180428828,30.53784676671294,1.0,121.19510151949203,1109.1130572481884,294.39592410539154,537.2604886949221,0.0,15.375723430061129,1.0,86.0,0.6,0.0,0.0,106.0,667.0990693276331
9.233632702702701,45.481650737704925,1,24,44,0,1,0,0,0,0,0,0,1,1,0.8398417557083542,0,0,0,0,0,530,0,1,1,0,0,0,3,10,22,0.0,0.0337650508895933,0.028573960709210748,0,0,0,0,0,0,0,0,56,0.22475835628104004,0,1,2.3397938761844443,0,0,7,11,98.03779221967226,30.53784676671294,1.0,121.19510151949203,1061.9987899023704,537.2604886949221,565.0694440182137,0.0,15.375723430061129,1.0,86.0,0.6,0.0,0.0,106.0,666.4889392771582
9.233956486486486,45.481650737704925,1,25,44,0,1,0,0,0,0,0,0,1,1,0.8451102050861999,0,0,0,0,0,489,0,1,1,0,0,0,5,10,22,0.0,7.359303844228744e-05,0.030599147806225784,0,0,0,0,0,0,0,0,54,0.22056391474288234,0,1,2.587409942709096,0,8,7,12,44.05504749511615,36.83903351466826,1.6666666666666667,446.0252792838239,1051.959336778507,270.67351991282226,1272.1215730257056,0.0,10.85619340022819,1.0,86.0,0.6,0.0,0.0,106.0,665.1530329795366
9.23428027027027,45.481650737704925,1,26,44,1,1,0,0,0,0,0,0,1,1,0.848318090396239,0,0,0,0,0,462,0,1,1,0,0,0,5,10,23,0.0,0.0,0.03287568411013448,0,0,0,0,0,0,0,0,51,0.2151477453365843,0,1,2.657384432229117,8,8,7,14,44.05504749511615,36.83903351466826,1.6666666666666667,446.0252792838239,953.9782457105426,611.0101716855173,1272.1215730257056,0.0,0.0,1.0,86.0,0.6,0.0,0.0,106.0,661.6390375910263
9.234604054054053,45.481650737704925,1,27,44,0,1,0,0,0,0,0,0,1,1,0.8461526860632327,0,0,0,0,0,433,0,1,1,0,0,0,4,10,21,0.0,0.0,0.033628011208730844,0,0,0,0,0,0,0,0,49,0.2089858573782052,0,1,2.522595881865339,0,8,7,14,29.84964421190862,37.62668185816267,1.75,324.83017776433195,1061.3424649392537,0.0,630.358437016744,0.0,0.0,1.0,86.0,0.6,0.0,0.0,106.0,664.7441449862592
9.234927837837837,45.481650737704925,1,28,44,0,1,0,0,0,0,0,0,1,1,0.8301929154831795,0,0,0,0,0,403,0,1,1,0,0,0,3,9,20,0.0,0.02448554875484041,0.03345240532781026,0,0,0,0,0,0,0,0,46,0.19616262366750598,0,1,2.5594048665901936,0,0,9,14,180.15429612415758,30.370758534903082,0.0,0.0,1065.802053701607,0.0,360.30859224831516,0.0,0.0,1.0,86.0,0.6,0.0,0.0,106.0,667.0201044354833
9.235251621621622,45.481650737704925,1,29,44,0,0,0,0,0,0,0,0,1,1,0.808494679944194,0,0,1,0,0,378,0,1,1,0,0,0,3,9,20,0.003417377473221011,0.08174891249647831,0.03265815919476551,0,0,0,0,0,0,0,0,47,0.18623065140878833,0,1,2.356102949039633,0,0,8,14,131.60365473782124,30.53047995339292,1.0,119.51491819042134,1105.2964890763303,360.30859224831516,538.5033554986849,0.0,0.0,1.0,86.0,0.6,0.0,0.0,106.0,666.3860846629594
9.235575405405404,45.481650737704925,1,30,44,0,0,1,0,0,0,0,0,0,1,0.7821249737945574,0,0,1,0,2,360,0,1,1,0,0,0,3,9,19,0.05677994283575158,0.13828952570534161,0.031686016496245556,0,0,0,0,0,0,0,0,45,0.17471322243530035,0,1,0.796671161964419,0,0,6,14,72.76473664945087,30.53047995339292,1.0,119.51491819042134,1377.2897003797227,178.19476325036976,680.8971849535383,0.0,0.0,1.0,86.0,0.6,0.0,0.0,106.0,666.8872645744393
9.235899189189189,45.481650737704925,1,31,44,0,0,0,0,0,0,0,6,0,1,0.7480202921118859,0,1,1,0,3,335,0,1,1,0,0,0,3,9,18,0.07849367564785527,0.17146764412631466,0.030251226441322863,0,0,0,0,0,0,0,0,42,0.1627532902745577,0,1,1.5656405613345994,0,0,7,14,68.16827989776554,30.370758534903082,0.0,0.0,1048.1581845335315,0.0,272.6731195910622,0.0,0.0,1.0,86.0,0.6,0.0,0.0,106.0,665.9474887575744
9.236222972972971,45.481650737704925,1,32,44,0,0,0,0,0,0,3,7,0,1,0.7061633374129714,0,1,1,0,2,315,0,0,1,0,0,0,3,7,17,0.053838252371766884,0.15871474923497003,0.029399304713423283,0,0,0,0,0,0,0,0,39,0.15295642453064381,0,0,0.857080803344685,0,4,5,14,20.491074095020505,30.0,1.6807893214590937,265.5523697915242,1110.964395052042,0.0,410.6530753441525,0.0,9.991219676678513,1.0,86.0,0.6,0.0,0.0,106.0,666.6537991822987
9.236546756756756,45.481650737704925,1,33,44,0,0,0,0,0,1,5,7,0,1,0.660789344520267,0,0,1,0,3,294,0,0,1,0,0,0,3,7,16,0.0027704906758569364,0.10217794235889452,0.029399304713423283,0,0,0,0,0,0,0,0,34,0.142359323207633,0,0,1.2114295334472345,0,16,5,14,12.86231370601116,31.03542407260544,1.4832036949266767,296.3648642457297,941.0299323006495,45.59165084476883,736.7572188809922,0.0,46.66758552008907,1.0,86.0,0.6,0.0,0.0,106.0,666.5466405157043
9.23687054054054,45.481650737704925,1,34,44,0,0,0,0,0,0,5,7,0,1,0.613055514198259,0,0,1,0,14,267,0,0,1,0,0,0,2,7,14,0.0,0.041600065880297764,0.02751953197385518,0,0,0,0,0,0,0,0,30,0.13401967450813035,0,0,1.6128315042456902,0,12,5,14,15.797609327899519,31.136330442564013,1.4376502780808458,275.0145806078234,812.2328403900071,104.25605870749433,745.3159286945236,0.0,69.30805455915313,1.0,86.0,0.6,0.0,0.0,106.0,665.2247139040146
9.237194324324323,45.481650737704925,1,35,44,0,0,0,0,0,0,2,5,0,1,0.5631542807160939,0,0,0,0,18,247,0,0,1,0,0,0,2,7,14,0.0,0.0008439456607540953,0.023407461463578753,0,0,0,0,0,0,0,0,22,0.1262839901431195,0,0,1.7057862906635002,0,8,5,13,14.237145598062082,32.7478008774517,1.0,9.462210816299248,700.9169059041956,92.66016581934132,399.57983859123345,6.6340824575606,58.59606854452518,1.0,86.0,0.6,0.0,0.0,106.0,666.4732535255857
9.237518108108107,45.481650737704925,1,36,44,0,0,0,0,0,0,0,2,0,1,0.5117434468038123,1,0,0,0,12,222,0,0,1,0,0,0,2,7,14,0.0,0.0,0.019676175694202904,0,0,0,0,0,0,0,0,19,0.1162446059127446,0,0,1.9345980726150336,4,12,5,11,12.871601646021238,33.049904895398456,1.0,0.0,700.9169059041956,12.639903271901439,372.50965884447305,6.6340824575606,29.27455149662466,1.0,86.0,0.6,0.0,0.0,106.0,667.582892193182
9.225861891891892,45.48187614754099,1,0,45,0,0,0,0,0,0,0,0,0,1,0.5974333533849221,0,0,0,0,0,206,0,0,0,0,0,0,3,6,20,0.0,0.0,0.04134536905283615,0,0,0,0,0,0,0,0,28,0.10954213066250376,0,0,0.998653573267088,0,0,2,2,28.56336444662606,30.370758534903082,0.0,0.0,414.3086627032503,0.0,0.0,0.0,0.0,1.0,86.0,0.6,0.0,0.0,106.0,669.9531470981005
9.226185675675676,45.48187614754099,1,1,45,0,0,0,0,0,0,0,1,0,1,0.6283899687977896,0,0,0,0,0,246,0,1,0,0,0,0,3,6,20,0.0,0.0,0.04260726068824914,0,0,0,0,0,0,0,0,33,0.12118122029434727,0,0,0.998653573267088,0,0,2,2,174.8081768632257,30.359553948918993,1.0,80.5310304840004,623.31696669045,0.0,793.5098538321281,0.0,0.0,1.0,86.0,0.6,0.0,0.0,106.0,669.7002390529603
9.226509459459459,45.48187614754099,1,2,45,0,0,0,0,0,0,0,2,0,1,0.6520526598857092,0,0,0,0,0,283,0,1,0,0,0,0,3,7,22,0.0,0.0,0.04350007822891571,0,0,0,0,0,0,0,0,38,0.1317533012558679,0,0,1.2497468169047972,0,0,2,5,72.97730176993767,30.165768966308445,1.0,109.00076839620235,623.31696669045,793.5098538321281,839.7041546129874,0.0,0.0,1.0,86.0,0.6,0.0,0.0,106.0,669.2442054069878
9.226833243243243,45.48187614754099,1,3,45,0,0,0,0,0,0,0,2,0,1,0.6687030593713977,0,0,0,0,0,307,0,1,1,0,0,0,3,8,22,0.0,0.0,0.043904243418654385,0,0,0,0,0,0,0,0,45,0.14409851813723365,0,0,2.1315986572102394,0,0,2,5,85.48566174006645,30.359553948918993,1.0,80.5310304840004,768.9584231770953,0.0,1030.7825721368633,0.0,0.0,1.0,86.0,0.6,0.0,0.0,106.0,668.285480316065
9.227157027027028,45.48187614754099,1,4,45,0,0,0,0,0,0,0,2,0,1,0.6867544456596582,0,0,0,0,0,333,0,1,1,0,0,0,3,8,22,0.0,0.0,0.044244137678524274,0,0,0,0,0,0,0,0,48,0.1554466147410389,0,0,2.144749352440064,0,0,2,4,99.95575452306304,50.0,1.0,0.0,705.880511958641,0.0,401.3425944813192,0.0,0.0,1.0,86.0,0.6,0.0,0.0,106.0,667.8950686794797
9.22748081081081,45.48187614754099,1,5,45,0,0,0,0,0,0,0,0,0,1,0.6900646906033002,0,0,0,0,0,346,0,1,1,0,0,0,2,8,23,0.0,0.0,0.04370551263347951,0,0,0,0,0,0,0,0,50,0.16822507225568284,0,0,1.560449788173259,0,0,2,4,30.47024218812328,50.0,1.0,0.0,759.6774949201098,0.0,470.1713640931844,0.0,0.0,1.0,86.0,0.6,0.0,0.0,106.0,668.0692442578342
9.227804594594595,45.48187614754099,1,6,45,0,0,0,0,0,0,0,0,0,1,0.6932044930309295,0,0,0,0,4,367,1,1,1,0,0,0,2,9,23,0.0,0.0,0.042484493643801274,0,0,0,0,0,0,0,0,48,0.1777404621960821,0,0,1.0761611668113444,4,32,2,4,19.374900961386547,40.02450789050272,1.0,87.34633409709765,742.561359502661,210.81080467655437,1920.849120850779,0.0,0.0,1.0,86.0,0.6,0.0,0.0,106.0,668.9172566942121
9.228128378378377,45.48187614754099,1,7,45,0,0,0,0,0,0,0,0,1,1,0.7000139508769604,0,0,1,0,9,390,1,1,1,0,0,0,2,9,23,0.0,0.0,0.04334619769867675,0,0,0,0,0,0,0,0,49,0.18613207366041182,0,0,0.9122365314451019,4,28,1,4,19.118435119111407,40.02450789050272,1.0,87.34633409709765,858.7461495055186,146.86478284844188,1794.9507868450037,0.0,0.0,1.0,86.0,0.6,0.0,0.0,106.0,667.1695405645719
9.228452162162162,45.48187614754099,1,8,45,0,0,0,0,0,0,0,0,1,1,0.7099287683982142,0,0,1,0,15,409,1,1,1,0,0,0,1,9,23,0.0,0.0,0.04509661507726202,0,0,0,0,0,0,0,0,52,0.19648474099698762,0,0,0.4778988031785464,0,12,1,4,15.434883921494112,42.01295208980066,1.0,23.643998389325773,934.1283919502399,232.99251757401532,744.7464573332436,0.0,0.0,1.0,86.0,0.6,0.0,0.0,106.0,666.1070585232549
9.228775945945946,45.48187614754099,1,9,45,0,0,0,0,0,0,0,3,1,1,0.722564527262523,0,0,1,0,11,432,1,1,1,0,0,0,2,9,24,0.0,0.0,0.045711482728681974,0,0,0,0,0,0,0,0,52,0.20554570186707397,0,0,0.24302130647618445,4,12,2,4,18.65187083936137,42.5613990138622,1.0,107.60614029056245,841.2864517458725,356.4889967406075,989.8931590088955,0.0,0.0,1.0,86.0,0.6,0.0,0.0,106.0,666.5336366346116
9.229099729729729,45.48187614754099,1,10,45,0,0,0,0,0,0,0,3,1,1,0.7375973266094803,0,0,0,0,3,453,1,1,1,0,0,0,2,9,24,0.0,0.0,0.04530909163367314,0,0,0,0,0,0,0,0,51,0.21211101671421329,0,0,0.23912505674001147,0,12,2,5,19.271667495400216,41.49874173012822,1.0,107.60614029056245,977.6415910245339,209.92274338165052,1026.1791800572764,0.0,0.0,1.0,86.0,0.6,0.0,0.0,106.0,667.737133260646
9.229423513513513,45.48187614754099,1,11,45,0,0,0,0,0,0,1,3,1,1,0.754677316477938,0,0,0,0,0,477,0,1,1,0,0,0,1,10,24,0.0,0.0,0.045167474097422645,0,0,0,0,0,0,0,0,53,0.21992382301982774,0,0,0.6171831563815565,0,0,2,5,69.53617967115,30.370758534903082,0.0,0.0,804.7032613325031,0.0,556.2894373692,0.0,0.0,1.0,86.0,0.6,0.0,0.0,106.0,667.5851194494664
9.229747297297298,45.48187614754099,1,12,45,0,0,0,0,0,0,0,3,1,1,0.7732359248344823,0,0,0,0,0,486,0,1,1,0,0,0,2,10,25,0.0,0.0,0.04388434150577944,0,0,0,0,0,0,0,0,49,0.227663007654221,0,0,0.7433785427226061,0,0,2,6,64.45406888804368,41.205650507739584,1.8,13.152735905604219,758.1264382993146,236.38467204337562,721.9890330786205,0.0,0.0,1.0,86.0,0.6,0.0,0.0,106.0,667.4830297021542
9.23007108108108,45.48187614754099,1,13,45,0,0,0,0,0,0,0,3,1,1,0.7920802114065003,0,0,0,0,1,502,0,1,1,0,0,0,2,10,25,0.0,0.0007110691520153134,0.04184160387190454,0,0,0,0,0,0,0,0,52,0.2302134836233812,0,0,0.8669212152717151,0,4,2,4,48.049972117935496,39.92500792374168,1.6666666666666667,150.09494836896175,552.0893599795124,200.54126591033435,1077.6008325515345,0.0,0.0,1.0,86.0,0.6,0.0,0.0,106.0,667.5691878432458
9.230394864864865,45.48187614754099,1,14,45,0,0,0,0,0,0,0,0,1,1,0.8087077264203139,0,0,0,0,1,502,0,1,1,0,0,0,2,10,25,0.0,0.0,0.04262325849706388,0,0,0,0,0,0,0,0,50,0.2299849753501144,0,0,0.7530906987602972,0,4,2,4,57.05456307759788,37.27056768387461,1.5,150.09494836896175,421.75435166748366,0.0,777.2747549299633,0.0,0.0,1.0,86.0,0.6,0.0,0.0,106.0,667.7599485328283
9.230718648648649,45.48187614754099,1,15,45,0,0,0,0,0,0,0,0,1,1,0.8178145686122303,0,0,0,0,3,515,0,0,1,0,0,0,3,10,25,0.0,0.010719346015006726,0.04293112502437585,0,0,0,0,0,0,0,0,48,0.2272991813900884,0,0,0.6922444390941835,0,0,2,4,136.9362475701925,30.606890438701548,1.0,136.94221246335752,531.9156555288741,0.0,547.7390253876049,0.0,0.0,1.0,86.0,0.6,0.0,0.0,106.0,667.892569243703
9.231042432432432,45.48187614754099,1,16,45,0,0,0,0,0,0,0,0,1,1,0.8142711787608299,0,0,0,0,3,516,0,0,1,0,0,0,3,12,24,0.0,0.020455866175047983,0.039142129576123535,0,0,0,0,0,0,0,0,55,0.22652171526450318,0,0,1.0931725248436355,0,0,2,5,136.9362475701925,30.606890438701548,1.0,136.94221246335752,590.7722762143572,0.0,547.7390253876049,0.0,0.0,1.0,86.0,0.6,0.0,0.0,106.0,667.699740452911
9.231366216216216,45.48187614754099,1,17,45,0,0,0,0,0,0,0,0,1,1,0.8146251044912703,0,0,1,0,3,543,0,0,1,0,0,0,3,11,24,0.013083804451829455,0.020455866175047983,0.03366400013420866,0,0,0,0,0,0,0,0,50,0.2309095761952749,0,0,1.1995395768377968,0,0,2,9,136.9362475701925,30.606890438701548,1.0,136.94221246335752,665.6157530230407,0.0,547.7390253876049,0.0,0.0,1.0,86.0,0.6,0.0,0.0,106.0,666.8985099057784
9.23169,45.48187614754099,1,18,45,0,0,0,0,0,0,0,0,1,1,0.8158142198720155,0,0,1,0,0,557,0,0,1,0,0,0,3,11,24,0.007116899945978619,0.032976001154784225,0.02795950834599146,0,0,0,0,0,0,0,0,51,0.2337375195788102,0,0,1.2959971061823992,0,13,0,11,30.27240652092493,30.109336783738947,1.0,351.942592311342,618.7363326948692,0.0,1313.0397663395286,0.0,0.0,1.0,86.0,0.6,0.0,0.0,106.0,666.837920503373
9.232013783783783,45.48187614754099,1,19,45,0,0,0,0,0,0,0,0,1,1,0.8192364839541801,0,0,1,0,6,559,0,0,1,0,0,0,3,10,25,0.0,0.07400776804418291,0.025798726302147468,0,0,0,1,0,0,0,0,54,0.2383160809230011,0,1,1.290823124412537,5,13,0,11,28.330642974242668,30.079706228576253,1.0,384.2118065032332,618.7363326948692,393.7396761476843,1797.2477025134526,0.0,0.0,1.0,86.0,0.6,0.0,0.0,106.0,667.2411652202611
9.232337567567567,45.48187614754099,1,20,45,0,0,0,0,0,0,0,0,1,1,0.8255313416306651,0,0,1,0,8,548,0,0,1,0,0,0,3,9,23,0.005467674662738345,0.09657743887714389,0.025254822447803624,0,0,0,1,0,0,0,0,56,0.23827173291251094,0,2,1.256805176584199,0,18,0,11,22.898468231285104,30.061734818207448,1.0,403.39321988038427,640.8413072620901,343.93324742956787,1703.2658573978456,0.0,15.375723430061129,1.0,86.0,0.6,0.0,0.0,106.0,667.190456859372
9.23266135135135,45.48187614754099,1,21,45,0,0,0,0,0,0,0,0,1,1,0.8326130477802623,0,0,1,0,5,559,0,0,1,0,0,0,4,9,22,0.0014980387922018479,0.1078707723634934,0.025254822447803624,0,0,0,1,0,0,0,0,60,0.24020460437379476,0,1,1.6233114798951445,0,9,0,11,25.21932470872955,30.064232791378267,1.0,184.46067449839683,809.0414225028484,537.2604886949221,975.6282621031626,0.0,15.375723430061129,1.0,86.0,0.6,0.0,0.0,106.0,666.8693210435076
9.232985135135134,45.48187614754099,1,22,45,0,0,0,0,0,0,0,0,1,1,0.8397120323245493,0,0,1,0,0,556,0,0,1,0,0,0,4,9,22,0.0,0.09300428839865361,0.025254822447803624,0,0,0,0,0,0,0,0,62,0.24102786679834245,0,1,1.7526116939851444,0,0,2,11,47.024854301531825,30.120423668002854,1.0,129.9573833727092,1028.5197236510903,242.86456458953057,575.4154311502681,0.0,15.375723430061129,1.0,86.0,0.6,0.0,0.0,106.0,666.1293361402861
9.233308918918919,45.48187614754099,1,23,45,0,0,0,0,0,0,0,0,1,1,0.84658679022898,0,0,1,0,0,531,0,1,1,0,0,0,4,10,22,0.0,0.04117765063731887,0.0253207380815523,0,0,0,0,0,0,0,0,59,0.23920512832764126,0,1,1.0402422786844017,0,0,3,13,131.6911180428828,30.53784676671294,1.0,121.19510151949203,1050.9927407370287,242.86456458953057,537.2604886949221,0.0,15.375723430061129,1.0,86.0,0.6,0.0,0.0,106.0,666.2711300373303
9.233632702702701,45.48187614754099,1,24,45,0,1,0,0,0,0,0,0,1,1,0.8544476386590857,0,0,0,0,0,493,0,1,1,0,0,0,4,10,22,0.0,0.005059453302205849,0.026125098384201496,0,0,0,0,0,0,0,0,59,0.2365903597995078,0,1,1.8669127844750837,0,0,4,11,131.6911180428828,30.53784676671294,1.0,121.19510151949203,947.7691971574233,0.0,537.2604886949221,0.0,15.375723430061129,1.0,86.0,0.6,0.0,0.0,106.0,666.2181255128196
9.233956486486486,45.48187614754099,1,25,45,0,1,0,0,0,0,0,0,1,1,0.8573740165988163,0,0,0,0,0,474,0,1,1,0,0,0,6,10,21,0.0,0.0,0.027297158178484687,0,0,0,0,0,0,0,0,59,0.23160921497365966,0,1,2.020829985438885,0,4,4,12,44.541135681924864,38.230811947115264,1.8,326.1610132181641,913.4336417329594,0.0,698.2851074661077,0.0,15.375723430061129,1.0,86.0,0.6,0.0,0.0,106.0,666.3166500894351
9.23428027027027,45.48187614754099,1,26,45,1,1,0,0,0,0,0,0,1,1,0.8570453635649758,0,0,0,0,0,451,0,1,1,0,0,0,6,10,20,0.0,0.0,0.0283722505192446,0,0,0,0,0,0,0,0,55,0.2254529073077406,0,1,2.1533994820137927,0,4,4,14,40.72464030668153,40.15405324221584,2.0,204.96591169867207,1399.5647706673428,368.32843618968593,853.8747362750478,0.0,15.375723430061129,1.0,86.0,0.6,0.0,0.0,106.0,673.7574497725373
9.234604054054053,45.48187614754099,1,27,45,0,1,0,0,0,0,0,0,1,1,0.848003070047696,0,0,0,0,0,429,0,1,1,0,0,0,6,9,20,0.0,0.0006002923712609827,0.029301780458907117,0,0,0,0,0,0,0,0,51,0.21849198050123322,0,1,1.9647703204479783,0,4,4,14,41.98567708723688,40.15405324221584,2.0,204.96591169867207,982.2290349389284,0.0,550.7762758715917,0.0,0.0,1.0,86.0,0.6,0.0,0.0,106.0,667.2711823634697
9.234927837837837,45.48187614754099,1,28,45,0,1,0,0,0,0,0,0,1,1,0.8274337465716551,0,0,0,0,0,397,0,1,1,0,0,0,3,9,19,0.0,0.054811411373868316,0.029873646344800026,0,0,0,0,0,0,0,0,52,0.20585649734841005,0,1,2.285838563809388,0,0,5,14,180.15429612415758,30.370758534903082,0.0,0.0,980.625259058007,0.0,360.30859224831516,0.0,0.0,1.0,86.0,0.6,0.0,0.0,106.0,666.7760893620396
9.235251621621622,45.48187614754099,1,29,45,0,0,0,0,0,0,0,0,1,1,0.799042149648933,0,0,1,0,2,373,0,1,1,0,0,0,3,9,18,0.0900399698386465,0.11470582299024036,0.030033394712530262,0,0,0,0,0,0,0,0,48,0.19488925220805117,0,1,2.0001252127729128,0,0,6,14,57.275252339755575,30.53047995339292,1.0,119.51491819042134,1000.3924825562044,360.30859224831516,854.1643715854234,0.0,0.0,1.0,86.0,0.6,0.0,0.0,106.0,666.0402050266432
9.235575405405404,45.48187614754099,1,30,45,0,0,0,0,0,0,0,0,0,1,0.7650374055961098,0,0,1,0,17,353,0,1,1,0,0,1,3,9,18,0.3074826650315106,0.16843394520603297,0.029793779735038946,0,0,0,0,0,0,0,0,48,0.18265161228611518,0,1,0.802982491905988,0,0,4,14,28.21542182271638,30.53047995339292,1.0,119.51491819042134,852.1732698619215,276.5762417289056,924.4556892500846,0.0,0.0,1.0,86.0,0.6,0.0,0.0,106.0,665.710762198705
9.235899189189189,45.48187614754099,1,31,45,0,0,0,0,0,0,0,3,0,1,0.7291015471962426,0,0,1,0,20,334,0,1,1,0,0,1,3,9,16,0.4759077281136166,0.17415195013086918,0.028816086805354087,0,0,0,0,0,0,0,0,43,0.1697341730253258,0,0,1.3789657503384933,0,0,4,14,11.94206357607373,30.370758534903082,0.0,0.0,784.6874324523486,94.47835634069243,477.6825430429492,0.0,40.03350306252847,1.0,86.0,0.6,0.0,0.0,106.0,666.0835166770821
9.236222972972971,45.48187614754099,1,32,45,0,0,0,0,0,0,2,5,0,1,0.6920812470631077,0,0,1,0,13,311,0,1,1,0,0,1,3,8,16,0.37303011223570137,0.17415195013086918,0.027360092476961903,0,0,0,0,0,0,0,0,39,0.15900444554354773,0,0,0.8443934219295698,0,0,5,14,10.859082311656678,30.0,1.7721231649401032,197.6237574503878,1006.782285463579,0.0,388.7666873790728,0.0,52.010190348527175,1.0,86.0,0.6,0.0,0.0,106.0,665.9118277750995
9.236546756756756,45.48187614754099,1,33,45,0,0,0,0,0,0,3,5,0,1,0.6503314756935179,0,0,1,0,0,292,0,0,1,0,0,1,2,7,15,0.15565904573736522,0.13542462215507195,0.02691032078485623,0,0,0,0,0,0,0,0,32,0.1485943260351915,0,0,0.7184916672934991,0,0,5,14,14.39164016080966,30.0,1.6571348497359257,251.897043742879,989.5930304075096,254.84967274291893,654.7762863881298,0.0,69.30805455915313,1.0,86.0,0.6,0.0,0.0,106.0,665.9837841588413
9.23687054054054,45.48187614754099,1,34,45,0,0,0,0,0,0,2,5,0,1,0.6019964251779322,0,0,1,0,0,269,0,0,1,0,0,0,2,7,14,0.0011097702385885226,0.07516948789029688,0.02387067888338694,0,0,0,0,0,0,0,0,28,0.13964293756574322,0,0,1.5919529698660317,0,0,5,13,20.00438773117744,30.806220109676552,1.6142924081559809,211.8795129500948,786.2069572274094,0.0,478.8064293747958,0.0,69.30805455915313,1.0,86.0,0.6,0.0,0.0,106.0,666.770015164132
9.237194324324323,45.48187614754099,1,35,45,0,0,0,0,0,0,0,5,0,1,0.5512608856832598,1,0,0,0,8,249,0,0,1,0,0,0,2,7,14,0.0,0.014922639695626275,0.018465340751652667,0,0,0,0,0,0,0,0,20,0.13102948284257837,0,0,1.667272017706575,0,8,5,12,9.270352947137203,33.895015675807855,1.0,0.0,786.2069572274094,0.0,204.3550092375442,0.0,69.30805455915313,1.0,86.0,0.6,0.0,0.0,106.0,668.4511504188449
9.237518108108107,45.48187614754099,1,36,45,0,0,0,0,0,0,0,2,0,1,0.5020851473890756,1,0,0,0,7,230,0,0,1,0,0,0,2,7,13,0.0,0.0,0.014258759677870428,0,0,0,0,0,0,0,0,16,0.11958195738003108,0,0,1.97961520623458,8,12,5,9,9.654264217261025,33.049904895398456,1.0,0.0,411.9900925901694,99.14408427000706,227.72722261928317,6.6340824575606,69.30805455915313,1.0,86.0,0.6,0.0,0.0,106.0,669.3726973241548
9.225861891891892,45.48210155737705,1,0,46,0,0,0,0,0,0,0,0,0,1,0.6406825421018426,0,0,0,0,0,177,0,0,0,0,0,0,3,6,20,0.0,0.005648916780738162,0.035027206144102034,0,0,0,0,0,0,0,0,30,0.11416962984072992,0,0,0.9250516370599696,0,0,2,3,28.56336444662606,30.370758534903082,0.0,0.0,506.9130746362398,0.0,0.0,0.0,0.0,1.0,86.0,0.6,0.0,0.0,106.0,670.12149758753
9.226185675675676,45.48210155737705,1,1,46,0,0,0,0,0,0,0,0,0,1,0.674224459912177,0,0,0,0,0,210,0,0,0,0,0,0,3,6,20,0.0,0.0,0.03631724825165187,0,0,0,0,0,0,0,0,34,0.1257808209406354,0,0,1.1395226035304977,0,0,2,3,174.8081768632257,30.359553948918993,1.0,80.5310304840004,641.6970248410153,0.0,793.5098538321281,0.0,0.0,1.0,86.0,0.6,0.0,0.0,106.0,669.3562501975528
9.226509459459459,45.48210155737705,1,2,46,0,0,0,0,0,0,0,0,0,1,0.6993862747530666,0,0,0,0,0,250,0,1,0,0,0,0,4,7,22,0.0,0.0,0.037217454723583177,0,0,0,0,0,0,0,0,41,0.13723724610874208,0,0,1.5053887628150633,0,4,2,5,71.31744271205913,30.28180849422142,1.0,251.19705416901462,658.5114585802021,793.5098538321281,1317.7866854962863,0.0,0.0,1.0,86.0,0.6,0.0,0.0,106.0,669.0905822364412
9.226833243243243,45.48210155737705,1,3,46,0,0,0,0,0,0,0,0,0,1,0.7164852554074562,0,0,0,0,0,281,0,1,1,0,0,0,4,8,22,0.0,0.0,0.03767974847977881,0,0,0,0,0,0,0,0,46,0.15029712761249525,0,0,2.8808181744813313,0,4,2,5,73.85762832708662,30.284302681761478,1.0,190.1043734363134,796.9914725829063,0.0,1213.1905647783324,0.0,0.0,1.0,86.0,0.6,0.0,0.0,106.0,667.9625396711633
9.227157027027028,45.48210155737705,1,4,46,0,0,0,0,0,0,0,0,0,1,0.7318973883982934,0,0,0,0,0,305,0,1,1,0,0,0,4,8,22,0.0,0.0,0.038047009560606894,0,0,0,0,0,0,0,0,50,0.16186070999092875,0,0,3.119881350698774,0,0,2,5,100.6447106154385,30.44774648408371,1.0,100.64551158936021,842.7147862548388,0.0,402.57804148783225,0.0,0.0,1.0,86.0,0.6,0.0,0.0,106.0,668.9269560336454
9.22748081081081,45.48210155737705,1,5,46,0,0,0,0,0,0,0,0,0,1,0.7323694347318965,0,0,0,0,0,325,0,1,1,0,0,0,3,8,22,0.0,0.0,0.037537075088499336,0,0,0,0,0,0,0,0,52,0.1754227672524065,0,0,2.2023432473893374,0,0,2,5,85.78644620958559,30.44774648408371,1.0,100.64551158936021,794.8879580554641,0.0,671.4325042969101,0.0,0.0,1.0,86.0,0.6,0.0,0.0,106.0,667.7250900852573
9.227804594594595,45.48210155737705,1,6,46,0,0,0,0,0,0,0,0,0,1,0.7334297084510758,0,0,1,0,1,350,1,1,1,0,0,0,3,8,23,0.0,0.0,0.03686495300278329,0,0,0,0,0,0,0,0,54,0.18577142991914167,0,0,1.617030164265451,0,16,2,5,27.567729160591902,35.54980114779733,1.0,227.18662336859558,1122.5265251536298,77.77604528520179,1493.6947556942027,0.0,0.0,1.0,86.0,0.6,0.0,0.0,106.0,668.5343548879355
9.228128378378377,45.48210155737705,1,7,46,0,0,0,0,0,0,0,0,0,1,0.7380947219938744,0,0,1,0,10,363,1,1,1,0,0,0,2,9,23,0.0,0.0,0.038273968275877694,0,0,0,0,0,0,0,0,55,0.1966062960329734,0,0,0.9989539892305151,4,20,0,4,25.272834980411652,37.22067351387985,1.0,235.20419885062498,964.6366896517225,624.8188784501668,1457.2030513767884,0.0,0.0,1.0,86.0,0.6,0.0,0.0,106.0,667.3713559308932
9.228452162162162,45.48210155737705,1,8,46,0,0,0,0,0,0,0,0,1,1,0.7458177830967534,0,0,1,0,13,381,1,1,1,0,0,0,3,9,23,0.0,0.0,0.041041616963985235,0,0,0,0,0,0,0,0,57,0.20569723018518887,0,0,0.7084724961380944,0,12,2,4,21.48364829186157,44.31447353720349,1.0,42.96657522714547,964.6366896517225,98.38060599025776,1114.700013251092,0.0,0.0,1.0,86.0,0.6,0.0,0.0,106.0,667.3657311418883
9.228775945945946,45.48210155737705,1,9,46,0,0,0,0,0,0,0,3,1,1,0.7562152995363584,0,0,1,0,12,400,1,1,1,0,0,0,1,8,23,0.0,0.0,0.04386440438572582,0,0,0,0,0,0,0,0,60,0.21470787334247413,0,0,0.564311502526136,4,20,2,4,21.61385179788445,40.816172101558735,1.0,130.33500831202875,704.053560248813,141.9193284765349,1724.2078668772042,0.0,0.0,1.0,86.0,0.6,0.0,0.0,106.0,666.5888074477509
9.229099729729729,45.48210155737705,1,10,46,0,0,0,0,0,0,3,3,1,1,0.7689664924334926,0,0,1,0,10,409,1,1,1,0,0,0,1,8,24,0.0,0.0,0.04507967985663845,0,0,0,0,0,0,0,0,60,0.22115075504716972,0,0,0.32879399772085355,4,24,2,4,20.51593591359776,41.472159808590256,1.0,130.33500831202875,909.3907457261754,455.06252185401854,1865.1645038886552,0.0,0.0,1.0,86.0,0.6,0.0,0.0,106.0,666.6643810121644
9.229423513513513,45.48210155737705,1,11,46,0,0,0,0,0,1,3,3,1,1,0.783827801585485,0,0,0,0,8,410,0,1,1,0,0,0,1,10,24,0.0,0.0016550098930870325,0.04516749018633539,0,0,0,0,0,0,0,0,61,0.23068336220577992,0,0,0.6137311469752361,0,8,2,4,22.06634821392043,46.28693154602801,1.0,0.0,684.1770557859116,109.98202194417381,966.7455690421548,0.0,0.0,1.0,86.0,0.6,0.0,0.0,106.0,666.9527066333578
9.229747297297298,45.48210155737705,1,12,46,0,0,0,0,0,0,3,3,1,1,0.8005838875484919,0,0,0,0,3,432,0,1,1,0,0,0,2,10,23,0.0,0.013437470005236212,0.044332766151931505,0,0,0,0,0,0,0,0,57,0.23959523387319356,0,0,0.6641495786547689,0,16,2,4,26.699509237649785,43.136674665862664,1.5263157894736843,150.09494836896175,720.8737303041268,236.38467204337562,1451.618004680238,0.0,0.0,1.0,86.0,0.6,0.0,0.0,106.0,666.858980754293
9.23007108108108,45.48210155737705,1,13,46,0,0,0,0,0,0,0,3,1,1,0.8164938071197837,0,0,0,0,0,451,0,1,1,0,0,0,2,10,23,0.0,0.02358140358861645,0.04232670139380937,0,0,0,0,0,0,0,0,54,0.24300106779006753,0,0,0.675987015740727,4,12,2,2,26.07128936671654,40.685487046527896,1.7142857142857142,150.09494836896175,727.0117085572383,841.2161605081587,1358.308134191953,0.0,0.0,1.0,86.0,0.6,0.0,0.0,106.0,667.6961254609812
9.230394864864865,45.48210155737705,1,14,46,0,0,0,0,0,0,0,1,1,1,0.8313610048725888,0,0,0,0,1,470,0,1,1,0,0,0,2,10,24,0.0,0.03330946259326561,0.04187536210888043,0,0,0,0,0,0,0,0,54,0.24474610714807385,0,0,0.6922444390941835,0,4,2,2,43.212567710780164,39.92500792374168,1.6666666666666667,150.09494836896175,470.56854259217465,547.7390253876049,841.2161605081587,0.0,0.0,1.0,86.0,0.6,0.0,0.0,106.0,667.5402181050613
9.230718648648649,45.48210155737705,1,15,46,0,0,0,0,0,0,0,0,1,1,0.8428443677352685,0,0,0,0,1,473,0,1,1,0,0,0,3,10,24,0.0,0.04366287305610648,0.04341293966450596,0,0,0,0,0,0,0,0,52,0.2403120744896251,0,0,0.6539043317793929,0,0,2,2,136.9362475701925,30.606890438701548,1.0,136.94221246335752,767.0627239284634,547.7390253876049,547.7390253876049,0.0,0.0,1.0,86.0,0.6,0.0,0.0,106.0,667.0811866428697
9.231042432432432,45.48210155737705,1,16,46,0,0,0,0,0,0,0,0,1,1,0.8462054523795058,0,0,0,0,1,479,0,0,1,0,0,1,3,11,24,0.03977311188382291,0.020455866175047983,0.03981825116521781,0,0,0,0,0,0,0,0,59,0.238403628839752,0,0,0.8642161988298868,0,0,2,4,136.9362475701925,30.606890438701548,1.0,136.94221246335752,818.2793398153561,547.7390253876049,547.7390253876049,0.0,0.0,1.0,86.0,0.6,0.0,0.0,106.0,667.2737331003193
9.231366216216216,45.48210155737705,1,17,46,0,0,0,0,0,0,0,0,1,1,0.848548000040498,0,0,1,0,0,491,0,0,1,0,0,1,3,11,24,0.08182346469991784,0.020455866175047983,0.03326579819150523,0,0,0,0,0,0,0,0,58,0.24071803344553575,0,0,1.0546017232118265,0,0,2,6,136.9362475701925,30.606890438701548,1.0,136.94221246335752,994.787385078611,547.7390253876049,547.7390253876049,0.0,0.0,1.0,86.0,0.6,0.0,0.0,106.0,666.7990802780342
9.23169,45.48210155737705,1,18,46,0,0,0,0,0,0,0,0,1,1,0.8486340915997697,0,0,1,0,0,518,0,0,1,0,0,1,3,11,22,0.07551237250714415,0.020455866175047983,0.026626378127430527,0,0,0,0,0,0,0,0,59,0.24410830357109048,0,0,1.0253797951618244,0,8,1,10,31.016954593596893,30.102724889168908,1.0,197.59350585490787,805.4935296922104,547.7390253876049,1074.1016324825646,0.0,0.0,1.0,86.0,0.6,0.0,0.0,106.0,666.9644066222534
9.232013783783783,45.48210155737705,1,19,46,0,0,0,0,0,0,0,0,1,1,0.8492457395946068,0,1,1,0,8,537,0,0,1,0,0,0,3,10,22,0.021050332339523345,0.026260538175299067,0.02539933538114578,0,0,0,1,0,0,0,0,59,0.24780910732459327,0,0,0.9866422906237631,8,13,0,11,21.638070538564357,30.07663081935251,1.0,400.08595717282464,742.6724009881208,145.12106164435366,1222.7693332195022,0.0,15.375723430061129,1.0,86.0,0.6,0.0,0.0,106.0,666.9959144580815
9.232337567567567,45.48210155737705,1,20,46,0,0,0,0,0,0,0,0,1,1,0.8516461889889058,0,1,1,0,8,537,0,0,1,0,0,0,5,9,21,0.0,0.03145980742474138,0.025254822447803624,0,0,0,1,0,0,0,0,62,0.24915398024318078,0,0,1.233110709683837,4,26,0,11,19.623000999544978,30.066117234788102,1.0,476.19446787329395,686.881058764793,62.48050509474769,1701.9586430761985,0.0,15.375723430061129,1.0,86.0,0.6,0.0,0.0,106.0,667.0566329704006
9.23266135135135,45.48210155737705,1,21,46,0,0,0,0,0,0,0,0,1,1,0.8548384286132484,0,0,1,0,6,528,0,0,1,0,0,0,5,9,21,0.0,0.022451628259403906,0.025254822447803624,0,0,0,1,0,0,0,0,59,0.25522384862518716,0,1,1.3513567679896,0,13,0,11,24.553010877729854,30.074124782547834,1.0,293.2056218379941,809.0414225028484,43.82954602091703,1204.5280417035272,0.0,15.375723430061129,1.0,86.0,0.6,0.0,0.0,106.0,666.7107997621456
9.232985135135134,45.48210155737705,1,22,46,0,1,0,0,0,0,0,0,1,1,0.8580561333602686,0,0,1,0,0,522,0,1,1,0,0,0,5,9,22,0.0,0.006955268279300288,0.025254822447803624,0,0,0,0,0,0,0,0,63,0.2549786590947865,0,1,1.4218438755316678,0,0,0,11,63.90412499610375,30.21355614969942,1.0,188.93053731604545,1009.3926037945113,0.0,961.3437126138219,0.0,15.375723430061129,1.0,86.0,0.6,0.0,0.0,106.0,666.677910284569
9.233308918918919,45.48210155737705,1,23,46,0,1,0,0,0,0,0,0,1,1,0.86115898292024,0,0,1,0,0,495,0,1,1,0,0,0,4,9,22,0.0,0.0,0.025254822447803624,0,0,0,0,0,0,0,0,66,0.24928752284637018,0,1,1.6055033726271821,0,0,1,13,72.92827840398883,27.690605218662007,1.3553159322057722,73.30439341596443,1122.2796984764523,0.0,499.26564041571805,10.85619340022819,15.375723430061129,1.0,86.0,0.6,0.0,0.0,106.0,667.31511908619
9.233632702702701,45.48210155737705,1,24,46,0,1,0,0,0,0,0,0,1,1,0.8677715501093143,0,0,0,0,0,474,0,1,1,0,0,0,3,9,21,0.0,0.0,0.025254822447803624,0,0,0,0,0,0,0,0,63,0.24606936232417181,0,1,1.8661883719812735,0,0,2,11,28.56336444662606,30.370758534903082,0.0,0.0,1200.426129851426,0.0,0.0,0.0,15.375723430061129,1.0,86.0,0.6,0.0,0.0,106.0,667.4906376192357
9.233956486486486,45.48210155737705,1,25,46,0,1,0,0,0,0,0,0,1,1,0.8689527564143544,0,0,0,0,0,459,0,1,1,0,0,0,5,10,20,0.0,0.0,0.025308815229035487,1,0,0,0,0,0,0,0,59,0.23991081712464335,0,1,1.787404016721521,0,0,3,12,89.70727662078737,40.30188262463829,2.0,169.9152235350383,1096.1510453294773,0.0,368.32843618968593,0.0,15.375723430061129,1.0,86.0,0.6,0.0,0.0,106.0,668.0572605734369
9.23428027027027,45.48210155737705,1,26,46,1,1,0,0,0,0,0,0,1,1,0.8637746730841968,0,0,0,0,0,434,0,1,1,0,0,0,6,10,20,0.0,0.0,0.025793076170902495,1,0,0,0,0,0,0,0,59,0.23343556442454833,0,1,1.9736302413131792,0,0,3,14,89.70727662078737,40.30188262463829,2.0,169.9152235350383,1256.97521839917,368.32843618968593,368.32843618968593,0.0,15.375723430061129,1.0,86.0,0.6,0.0,0.0,106.0,671.839889387385
9.234604054054053,45.48210155737705,1,27,46,0,1,0,0,0,0,0,0,1,1,0.847570639699944,0,0,0,0,0,411,0,1,1,0,0,0,6,9,20,0.0,0.0015734112436582603,0.026207503798250997,0,0,0,0,0,0,0,0,54,0.22704287165266032,0,1,1.9852193638173834,0,0,3,14,89.70727662078737,40.30188262463829,2.0,169.9152235350383,1237.167902286219,0.0,368.32843618968593,0.0,0.0,1.0,86.0,0.6,0.0,0.0,106.0,668.2999937503457
9.234927837837837,45.48210155737705,1,28,46,0,1,0,0,0,0,0,0,1,1,0.820154180357511,0,0,0,0,0,392,0,1,1,0,0,0,5,9,19,0.0,0.060534237412189676,0.025946381784718683,0,0,0,0,0,0,0,0,53,0.21483697162184537,0,1,1.4728506282671305,0,0,2,14,180.15429612415758,30.370758534903082,0.0,0.0,1145.4718739833163,0.0,360.30859224831516,0.0,0.0,1.0,86.0,0.6,0.0,0.0,106.0,667.6944978004317
9.235251621621622,45.48210155737705,1,29,46,0,0,0,0,0,0,0,0,0,1,0.7858049848446952,0,0,0,0,15,372,0,1,1,0,0,0,3,9,18,0.13737131267581706,0.12066226318969914,0.025541736867982612,0,0,0,0,0,0,0,0,49,0.20326563058275504,0,1,1.7144291120877557,0,0,2,14,37.9923495843065,30.39528376247444,1.0,177.36019001750248,984.1481837678264,360.30859224831516,886.4255983430795,0.0,0.0,1.0,86.0,0.6,0.0,0.0,106.0,666.3627028988519
9.235575405405404,45.48210155737705,1,30,46,0,0,0,0,0,0,0,0,0,1,0.7478836283665791,0,0,1,0,35,350,0,1,1,1,1,1,3,9,18,0.3782058145406127,0.17409303967379267,0.025194513095629683,0,0,0,0,0,0,0,0,48,0.19061396782975362,0,1,0.40986351056795645,0,0,2,14,25.388490271436407,30.39528376247444,1.0,177.36019001750248,843.446256481608,249.5407643658589,939.7333819256994,0.0,40.03350306252847,1.0,86.0,0.6,0.0,0.0,106.0,664.8653359694349
9.235899189189189,45.48210155737705,1,31,46,0,0,0,0,0,0,0,2,0,1,0.7071829545020634,0,0,1,0,47,328,0,1,1,1,1,1,3,9,16,0.6100175781431039,0.17415195013086918,0.024299478228798348,0,0,0,0,0,0,0,0,47,0.1773054752958151,0,0,0.41192399607020225,0,0,4,14,8.482497836462594,30.370758534903082,0.0,0.0,734.1005131291723,47.916134316777104,508.94987018775566,0.0,52.010190348527175,1.0,86.0,0.6,0.0,0.0,106.0,665.6559836853694
9.236222972972971,45.48210155737705,1,32,46,0,0,0,0,0,0,0,3,0,1,0.6645377544881935,0,0,1,0,30,304,0,1,1,1,1,1,2,8,16,0.4601134479901583,0.17415195013086918,0.022826147600533368,0,0,0,0,0,0,0,0,40,0.1655048345468024,0,0,1.451403308771825,0,0,5,14,11.370697440595414,30.0,1.7721231649401032,197.6237574503878,639.0407970932868,51.87147531855562,552.8422736289095,0.0,62.673972101592526,1.0,86.0,0.6,0.0,0.0,106.0,664.5526680876782
9.236546756756756,45.48210155737705,1,33,46,0,0,0,0,0,0,0,3,0,1,0.6219098005576006,0,0,1,0,12,287,0,1,1,0,1,1,2,7,16,0.22033483993343803,0.14110693879105982,0.021936820149071876,0,0,0,0,0,0,0,0,35,0.15442202613786235,0,0,1.2849290813389969,0,0,5,13,15.051251218660369,30.0,1.7721231649401032,197.6237574503878,667.6810924988326,428.93130719761314,615.1438083572721,0.0,69.30805455915313,1.0,86.0,0.6,0.0,0.0,106.0,664.9442622084536
9.23687054054054,45.48210155737705,1,34,46,0,0,0,0,0,0,0,4,0,1,0.5792801378078768,0,0,0,0,0,267,0,1,1,0,0,0,2,7,13,0.010436454022590124,0.08108689404127095,0.0183318732354248,0,0,0,0,0,0,0,0,28,0.14536121034002308,0,0,1.0664500304826585,0,0,5,12,32.36778861815626,30.0,1.7721231649401032,197.6237574503878,448.52184446418585,0.0,514.46759214905,0.0,69.30805455915313,1.0,86.0,0.6,0.0,0.0,106.0,668.210418566026
9.237194324324323,45.48210155737705,1,35,46,0,0,0,0,0,0,0,4,0,1,0.5343024508554501,1,0,0,0,0,249,0,1,1,0,0,0,2,7,13,0.0,0.02219835440124875,0.012713588209474725,0,0,0,0,0,0,0,0,18,0.1355590759869032,0,0,1.474305911042502,0,0,5,11,10.042177609013905,30.370758534903082,0.0,0.0,417.98719561400503,0.0,40.16871043605562,0.0,69.30805455915313,1.0,86.0,0.6,0.0,0.0,106.0,669.8257690372013
9.237518108108107,45.48210155737705,1,36,46,0,0,0,0,0,0,0,3,0,1,0.4877922646902114,1,0,0,0,0,232,0,1,1,0,0,0,2,6,13,0.0,0.0,0.0099855027705549,0,0,0,0,0,0,0,0,16,0.12338969460070924,0,0,2.0286151609579166,0,8,5,7,5.008875263249405,33.83710700525042,1.0,0.0,360.3046319310371,31.004228934115847,109.75021563157458,0.0,69.30805455915313,1.0,86.0,0.6,0.0,0.0,106.0,670.6457803954195
9.225861891891892,45.48232696721312,1,0,47,0,0,0,0,0,0,0,0,0,1,0.6827526260919541,0,0,0,0,0,138,0,0,0,0,0,0,3,5,19,0.0,0.06074539798288143,0.03037835721472834,0,0,0,0,0,0,0,0,26,0.11884431296578439,0,0,0.6255445406382555,0,0,2,3,28.56336444662606,30.370758534903082,0.0,0.0,556.9281002849385,0.0,0.0,0.0,0.0,1.0,86.0,0.6,0.0,0.0,106.0,670.680383479917
9.226185675675676,45.48232696721312,1,1,47,0,0,0,0,0,0,0,0,0,1,0.7188788145211479,0,0,0,0,0,169,0,0,0,0,0,0,3,5,19,0.0,0.02619022297807919,0.03107754804678848,0,0,0,0,0,0,0,0,30,0.13118154530586054,0,0,1.2973514730584736,0,4,2,3,71.31744271205913,30.28180849422142,1.0,251.19705416901462,571.0169478301656,0.0,1317.7866854962863,0.0,0.0,1.0,86.0,0.6,0.0,0.0,106.0,670.3302293080559
9.226509459459459,45.48232696721312,1,2,47,0,0,0,0,0,0,0,0,0,1,0.745480916056396,0,0,0,0,0,204,0,1,0,0,0,0,3,5,20,0.0,0.0003699229535747142,0.03177071910941324,0,0,0,0,0,0,0,0,38,0.14399389914571895,0,0,1.6023758799766485,4,4,2,5,71.31744271205913,30.28180849422142,1.0,251.19705416901462,607.527962569729,1317.7866854962863,1317.7866854962863,0.0,0.0,1.0,86.0,0.6,0.0,0.0,106.0,669.7312988089077
9.226833243243243,45.48232696721312,1,3,47,0,0,0,0,0,0,0,0,0,1,0.7631174480301551,0,0,0,0,0,238,0,1,1,0,0,0,3,7,21,0.0,0.0,0.03271459924705231,0,0,0,0,0,0,0,0,47,0.15620397400127403,0,0,2.5811071869012365,0,4,2,5,71.31744271205913,30.28180849422142,1.0,251.19705416901462,702.983514708956,402.57804148783225,1317.7866854962863,0.0,0.0,1.0,86.0,0.6,0.0,0.0,106.0,667.8670723702786
9.227157027027028,45.48232696721312,1,4,47,0,0,0,0,0,0,0,0,0,1,0.774836148853995,0,0,0,0,0,265,0,1,1,0,0,0,3,7,21,0.0,0.0,0.03392061195965846,0,0,0,0,0,0,0,0,49,0.16956432033692248,0,0,3.1100907688753363,0,0,2,5,100.6447106154385,30.44774648408371,1.0,100.64551158936021,903.701797999548,402.57804148783225,402.57804148783225,0.0,0.0,1.0,86.0,0.6,0.0,0.0,106.0,669.42030536339
9.22748081081081,45.48232696721312,1,5,47,0,0,0,0,0,0,0,0,0,1,0.7735763975853779,0,0,0,0,0,290,0,1,1,0,0,0,3,7,21,0.0,0.0,0.03470923095869882,0,0,0,0,0,0,0,0,55,0.18230019779745987,0,0,2.5654422559837373,0,4,1,5,39.39435886074642,30.243378055514842,1.0,108.06850979243666,908.5559898348596,402.57804148783225,601.0299497009989,0.0,0.0,1.0,86.0,0.6,0.0,0.0,106.0,667.7165429223228
9.227804594594595,45.48232696721312,1,6,47,0,0,0,0,0,0,0,0,0,1,0.7726314910741935,0,0,1,0,1,316,0,1,1,0,0,0,1,7,22,0.0,0.0,0.035364752519742255,0,0,0,0,0,0,0,0,60,0.19249368551499735,0,0,2.0821089226504035,4,4,0,5,48.50605107525109,30.19198165926226,1.0,211.56020046129922,1115.1882322313768,497.07889031370865,1195.1152807209824,0.0,0.0,1.0,86.0,0.6,0.0,0.0,106.0,666.5208732768037
9.228128378378377,45.48232696721312,1,7,47,0,0,0,0,0,0,0,0,0,1,0.7752265773688,0,0,1,0,1,334,0,1,1,0,0,0,1,8,22,0.0,0.0,0.03672690951383509,0,0,0,0,0,0,0,0,59,0.20106389322268942,0,0,1.4667963364885754,0,8,0,5,39.471964251766344,30.19198165926226,1.0,211.56020046129922,964.6366896517225,525.8041340633753,1327.8464053575876,0.0,0.0,1.0,86.0,0.6,0.0,0.0,106.0,666.4742941150167
9.228452162162162,45.48232696721312,1,8,47,0,0,0,0,0,0,0,0,0,1,0.7808421564756628,0,1,1,0,2,338,0,1,1,0,0,0,2,8,22,0.0,0.0,0.0395628860367039,0,0,0,0,0,0,0,0,62,0.2119482017576105,0,0,0.8941744359514137,0,4,2,5,56.80658052298557,43.37575949602384,1.0,27.55488732481145,964.6366896517225,0.0,1220.6202669681636,0.0,0.0,1.0,86.0,0.6,0.0,0.0,106.0,667.4659135454515
9.228775945945946,45.48232696721312,1,9,47,0,0,0,0,0,0,0,3,1,1,0.7890842990205207,0,0,1,0,8,339,1,1,1,0,0,0,2,8,22,0.0,0.0,0.04312294415793098,0,0,0,0,0,0,0,0,67,0.21904706766218546,0,0,0.8144734582704646,4,16,2,4,28.520741016201708,41.768303958413625,1.0,270.80012722541437,1026.97573977552,641.0565011433554,1749.0516414216258,0.0,0.0,1.0,86.0,0.6,0.0,0.0,106.0,667.4054342946629
9.229099729729729,45.48232696721312,1,10,47,0,0,0,0,0,0,3,3,1,1,0.7996414969214646,0,0,1,0,8,340,1,1,1,0,0,0,1,8,22,0.0,0.0,0.04488970166711912,0,0,0,0,0,0,0,0,66,0.22744809741739458,0,0,0.4349826017041517,8,16,2,4,28.296680366944315,42.401511346227956,1.0,270.80012722541437,919.3812546365366,233.61074486194116,2083.9762196986453,0.0,0.0,1.0,86.0,0.6,0.0,0.0,106.0,667.2252351212497
9.229423513513513,45.48232696721312,1,11,47,0,0,0,0,0,1,3,3,1,1,0.8122913890352332,0,0,1,0,9,344,1,1,1,0,0,0,1,10,23,0.0,0.010972007159500172,0.04516749018633539,0,0,0,0,0,0,0,0,61,0.2375463758731441,0,0,0.6999985090410898,0,12,2,5,22.413351685272204,46.69949470758045,1.0,0.0,720.8737303041268,142.6017979870089,1310.4579250783772,0.0,0.0,1.0,86.0,0.6,0.0,0.0,106.0,667.4073547428194
9.229747297297298,45.48232696721312,1,12,47,0,0,0,0,0,1,3,3,1,1,0.8263334591455916,0,0,0,0,5,344,0,1,1,0,0,0,2,10,23,0.00773925042247655,0.025482141589077058,0.044657093387841275,0,0,0,0,0,0,0,0,61,0.24613037521984155,0,0,0.7084239752040782,8,20,2,5,17.520034944838635,44.969587089386884,1.5185185185185186,113.21117431026846,720.8737303041268,286.0634743324453,1027.86954291673,0.0,0.0,1.0,86.0,0.6,0.0,0.0,106.0,668.1246532387687
9.23007108108108,45.48232696721312,1,13,47,0,0,0,0,0,0,1,6,1,1,0.8384518712415849,0,0,0,0,5,369,0,1,1,0,0,1,2,10,23,0.05250001465499306,0.038749041234746345,0.04274821828197633,1,0,0,0,0,0,0,0,60,0.2495523001333882,0,0,0.6359182643698115,4,28,2,3,22.608628609408548,44.456633637576694,1.5,265.27550141003803,843.6373037422206,261.8826166931781,1920.474078977668,0.0,0.0,1.0,86.0,0.6,0.0,0.0,106.0,667.9484727617141
9.230394864864865,45.48232696721312,1,14,47,0,0,0,0,0,0,0,4,1,1,0.8506634564270324,0,0,0,0,3,409,0,1,1,0,0,0,2,9,23,0.060588054176571746,0.05253500010018451,0.04170677056139559,1,0,0,0,0,0,0,0,57,0.25454310271593145,0,0,0.6335168386568323,0,12,2,3,28.381210726276276,41.97704462198497,1.5,239.90305306260115,690.2881772032098,0.0,1020.707702228946,0.0,0.0,1.0,86.0,0.6,0.0,0.0,106.0,667.415835697783
9.230718648648649,45.48232696721312,1,15,47,0,0,0,0,0,0,0,3,1,1,0.8594162291441751,0,0,0,0,0,424,0,1,1,0,0,0,2,10,23,0.0,0.07622183261257852,0.04164670362119732,0,0,0,0,0,0,0,0,58,0.25325645537101954,0,0,0.6029533770394568,0,0,2,2,120.95228404190868,30.606890438701548,1.0,136.94221246335752,737.170001483126,0.0,709.7237758300032,0.0,0.0,1.0,86.0,0.6,0.0,0.0,106.0,667.0235953292975
9.231042432432432,45.48232696721312,1,16,47,0,0,0,0,0,0,0,3,1,1,0.8605191265950515,0,0,0,0,0,426,0,0,1,0,0,1,3,11,21,0.03777395565357472,0.07807544066155249,0.03832869675766823,0,0,0,0,0,0,0,0,60,0.2522959969338655,0,0,1.0936005964673305,0,0,2,2,136.9362475701925,30.606890438701548,1.0,136.94221246335752,930.0578435659367,0.0,547.7390253876049,0.0,0.0,1.0,86.0,0.6,0.0,0.0,106.0,666.6139788242315
9.231366216216216,45.48232696721312,1,17,47,0,0,0,0,0,0,0,0,1,1,0.8664453957191597,0,0,1,0,0,465,0,0,1,0,0,1,3,11,21,0.08182346469991784,0.04893249414083925,0.03176419326533574,0,0,0,0,0,0,0,0,59,0.25416988092217424,0,0,1.2527880195833547,0,0,2,4,136.9362475701925,30.606890438701548,1.0,136.94221246335752,1020.8850814719264,0.0,547.7390253876049,0.0,0.0,1.0,86.0,0.6,0.0,0.0,106.0,665.9117098504004
9.23169,45.48232696721312,1,18,47,0,0,0,0,0,0,0,0,1,1,0.8736864835514296,0,0,1,0,0,485,0,0,1,0,0,1,3,11,21,0.07311816922122347,0.020455866175047983,0.026878801451279147,0,0,0,0,0,0,0,0,61,0.2567081643615111,0,0,0.9621869986601295,0,4,2,6,39.18427646424513,30.20589724797059,1.0,181.94333215975115,1076.7043402804122,0.0,680.1107500536417,0.0,0.0,1.0,86.0,0.6,0.0,0.0,106.0,667.3820995574191
9.232013783783783,45.48232696721312,1,19,47,0,0,0,0,0,0,0,0,1,1,0.8755189021524503,0,0,1,0,2,509,0,0,1,0,0,0,5,10,21,0.01936349013966263,0.020455866175047983,0.02530216690110185,0,0,0,0,0,0,0,0,62,0.2609921740455447,0,0,0.9375498215529069,0,4,0,9,30.325731661086948,30.095427087474285,1.0,202.90390456737268,1049.5199269688555,0.0,828.1709719095836,0.0,15.375723430061129,1.0,86.0,0.6,0.0,0.0,106.0,667.7915881532256
9.232337567567567,45.48232696721312,1,20,47,0,0,0,0,0,0,0,0,1,1,0.8741318219108793,0,0,1,0,7,504,0,0,1,0,0,0,5,9,21,0.0,0.010835603744258012,0.025254822447803624,0,0,0,1,0,0,0,0,64,0.26276766766534176,0,0,1.1488842463829856,0,8,0,10,20.01535796867981,30.089366814432772,1.0,132.3573708604988,1019.3684132738243,77.23521476607932,608.2108739806544,0.0,15.375723430061129,1.0,86.0,0.6,0.0,0.0,106.0,668.4787958939282
9.23266135135135,45.48232696721312,1,21,47,0,0,0,0,0,0,0,0,1,1,0.8735300990236028,0,0,1,0,1,484,0,0,1,0,0,0,5,9,21,0.0,0.0,0.025254822447803624,0,0,0,0,0,0,0,0,63,0.26888608172549666,0,1,1.3770825436519776,0,8,0,11,20.72956381930549,30.089366814432772,1.0,132.3573708604988,1019.3684132738243,129.5272056373663,593.1773628151933,0.0,15.375723430061129,1.0,86.0,0.6,0.0,0.0,106.0,666.253641674223
9.232985135135134,45.48232696721312,1,22,47,0,1,0,0,0,0,0,0,1,1,0.8730134661791468,0,0,1,0,0,485,0,1,1,0,0,0,5,9,21,0.0,0.0,0.025254822447803624,0,0,0,0,0,0,0,0,63,0.2676105772897482,0,1,1.5672841481567905,0,4,0,11,40.665708486463394,27.31411285517018,1.405900921243928,87.02945820718547,1049.9974744598203,385.92828146355373,426.2490286867775,15.375723430061129,15.375723430061129,1.0,86.0,0.6,0.0,0.0,106.0,666.8008789543212
9.233308918918919,45.48232696721312,1,23,47,0,1,0,0,0,0,0,0,1,1,0.8734743112970401,0,0,0,0,0,473,0,1,1,0,0,0,5,9,20,0.0,0.0011369140468049552,0.025254822447803624,0,0,0,1,0,0,0,0,65,0.26153602324098096,0,1,1.6803725740925104,0,8,0,12,34.70726996435786,28.60883615635348,1.2185620345159611,241.50450865672283,1121.1606934354916,256.4010758261875,680.2160569508784,15.375723430061129,15.375723430061129,1.0,86.0,0.6,0.0,0.0,106.0,667.9463313420138
9.233632702702701,45.48232696721312,1,24,47,1,1,0,0,0,0,0,0,1,1,0.8796376376812063,0,0,0,0,0,464,0,1,1,0,0,0,3,9,19,0.0,0.0016764296941321033,0.025254822447803624,0,0,0,0,0,0,0,0,67,0.25733058162868205,0,1,1.8017625820922571,0,8,0,11,31.735074474232782,28.60883615635348,1.2185620345159611,241.50450865672283,1183.699280413146,0.0,790.3772255628976,15.375723430061129,15.375723430061129,1.0,86.0,0.6,0.0,0.0,106.0,666.8824676896504
9.233956486486486,45.48232696721312,1,25,47,0,1,0,0,0,0,0,0,1,1,0.8789374712899082,0,0,0,0,0,446,0,1,1,0,0,0,5,9,19,0.0,0.001101845921083434,0.02525414062790442,1,0,0,0,0,0,0,0,66,0.2510142348498329,0,1,1.9850040800200504,0,4,0,12,27.206676393809374,34.55023422656593,1.4444444444444444,274.2045174573416,1093.3400931728884,0.0,841.2692146888428,0.0,15.375723430061129,1.0,86.0,0.6,0.0,0.0,106.0,667.5074147227883
9.23428027027027,45.48232696721312,1,26,47,1,1,0,0,0,0,0,0,1,0,0.8652274439181638,0,0,0,0,0,423,0,1,0,0,0,0,5,8,20,0.0,0.0,0.02514714303930399,1,0,0,0,0,0,0,0,61,0.2410003206976465,0,1,1.8189164165782488,0,12,1,14,24.823944517647483,35.519269764813814,1.5454545454545454,251.64620846384142,1288.3673211349626,368.32843618968593,865.4312948302954,0.0,15.375723430061129,1.0,86.0,0.6,0.0,0.0,106.0,662.9620280444444
9.234604054054053,45.48232696721312,1,27,47,0,1,0,0,0,0,0,0,1,1,0.8407820553353406,0,0,0,0,0,403,0,1,1,0,0,0,4,8,20,0.0,1.221048338869451e-05,0.024956943992828044,0,0,0,0,0,0,0,0,59,0.2325881460785837,0,1,1.6918092399222322,0,0,0,14,45.44845207410781,38.122038836309386,1.8,202.11907032639414,1345.326893265716,0.0,388.7108066370075,0.0,10.85619340022819,1.0,86.0,0.6,0.0,0.0,106.0,667.417036420547
9.234927837837837,45.48232696721312,1,28,47,0,1,0,0,0,0,0,0,0,1,0.8093771798148205,0,0,0,0,0,387,0,1,1,0,0,0,4,8,18,0.0,0.04276496592963794,0.024179634704516006,0,0,0,0,0,0,0,0,57,0.2217934973195516,0,1,1.118182510537392,0,0,0,14,180.15429612415758,30.370758534903082,0.0,0.0,1024.2767724638243,0.0,360.30859224831516,0.0,0.0,1.0,86.0,0.6,0.0,0.0,106.0,668.9004018535427
9.235251621621622,45.48232696721312,1,29,47,0,0,0,0,0,0,0,0,0,1,0.7730379643325046,0,0,0,0,11,364,0,1,1,0,0,0,3,9,18,0.03829777425049164,0.10316406559339335,0.023375916925825625,0,0,0,0,0,0,0,0,57,0.21027602873244564,0,1,0.8551710584433534,0,0,0,14,38.623248682781146,30.39528376247444,1.0,177.36019001750248,1111.0837970871032,360.30859224831516,595.1047836381205,0.0,0.0,1.0,86.0,0.6,0.0,0.0,106.0,668.2497521864282
9.235575405405404,45.48232696721312,1,30,47,0,0,0,0,0,0,0,0,0,1,0.733228451062966,0,0,0,0,28,341,0,1,1,0,1,0,2,9,15,0.1749378991639231,0.1634708202706567,0.022615304908225303,0,0,0,0,0,0,0,0,49,0.19763813972816,0,0,0.8218216740472111,0,0,1,14,25.788738673083795,30.39528376247444,1.0,177.36019001750248,895.7341808378704,163.79148716946693,647.8794475211789,0.0,40.03350306252847,1.0,86.0,0.6,0.0,0.0,106.0,666.1753179155348
9.235899189189189,45.48232696721312,1,31,47,0,0,0,0,0,0,0,0,0,1,0.6906309431177551,0,0,0,0,42,323,0,1,1,0,1,0,2,9,15,0.27143736071894053,0.17415195013086918,0.02146962146935686,0,0,0,0,0,0,0,0,46,0.18535062411425,0,0,1.3513882048306147,0,0,3,14,8.085563654889253,30.370758534903082,0.0,0.0,803.1564929277179,0.0,274.9091642662346,0.0,52.010190348527175,1.0,86.0,0.6,0.0,0.0,106.0,665.515360523762
9.236222972972971,45.48232696721312,1,32,47,0,0,0,0,0,0,0,1,0,1,0.645657563760668,0,0,0,0,26,303,0,1,1,0,1,0,2,8,15,0.23323681846133637,0.17173840554154327,0.020067855640268386,0,0,0,0,0,0,0,0,44,0.17228847073604284,0,0,1.8056288760189652,0,0,5,13,10.534026683372375,30.0,1.7721231649401032,197.6237574503878,863.5120495683929,0.0,329.07757671823083,0.0,62.673972101592526,1.0,86.0,0.6,0.0,0.0,106.0,665.0224263757137
9.236546756756756,45.48232696721312,1,33,47,0,0,0,0,0,0,0,1,0,1,0.5988247178586855,0,0,0,0,11,286,0,1,1,0,1,0,2,6,15,0.09559682041982577,0.1234597569482563,0.018396131155435768,0,0,0,0,0,0,0,0,38,0.1615327269948873,0,0,1.3816720860289868,0,4,5,12,20.807561863114245,32.8085581739994,1.4397227819058465,282.9138087736015,816.2277832861685,390.44798057489237,571.7778482777826,40.03350306252847,62.673972101592526,1.0,86.0,0.6,0.0,0.0,106.0,666.0322423203631
9.23687054054054,45.48232696721312,1,34,47,0,0,0,0,0,0,0,1,0,1,0.55185207782109,0,0,0,0,0,263,0,1,1,0,0,0,2,6,13,0.0,0.06370535112039581,0.01492249442798113,0,0,0,0,0,0,0,0,31,0.15127044518768562,0,0,1.2390117933954432,0,4,5,11,59.23258291398962,33.26234772731411,1.3847574341676157,282.9138087736015,618.846596620245,0.0,494.3321616737261,52.010190348527175,69.30805455915313,1.0,86.0,0.6,0.0,0.0,106.0,667.7241837155453
9.237194324324323,45.48232696721312,1,35,47,0,0,0,0,0,0,0,3,0,1,0.5088389223266793,1,0,0,0,0,248,0,1,1,0,0,0,2,6,13,0.0,0.011534695275105415,0.011338224755386943,0,0,0,0,0,0,0,0,23,0.13814348244683333,0,0,1.1229793853162666,0,0,5,7,17.320662028988192,36.88593788611778,1.0,0.0,417.8904197980114,0.0,0.0,51.96198608696457,69.30805455915313,1.0,86.0,0.6,0.0,0.0,106.0,670.8181353253688
9.237518108108107,45.48232696721312,1,36,47,0,0,0,0,0,0,1,3,0,1,0.4687278319397663,1,0,0,0,0,232,0,1,1,0,0,0,2,5,12,0.0,0.0,0.009895796077327839,0,0,0,0,0,0,0,0,19,0.12588241285604634,0,0,0.7275263519482047,0,0,4,5,13.411174493294975,36.383957437780936,1.0,0.0,317.40018463861816,0.0,31.004228934115847,22.640469039064058,69.30805455915313,1.0,86.0,0.6,0.0,0.0,106.0,671.3598466130882
9.225861891891892,45.48255237704918,1,0,48,0,0,0,0,0,0,0,0,0,1,0.723309766121588,0,0,0,0,0,118,0,0,0,0,1,0,2,5,19,0.10104949571179588,0.08650144991889702,0.030416351531395006,0,0,0,0,0,0,0,0,27,0.12314774111890403,0,0,0.6096314515568609,0,0,1,3,28.56336444662606,30.370758534903082,0.0,0.0,518.2484608560325,0.0,0.0,0.0,0.0,1.0,86.0,0.6,0.0,0.0,106.0,669.5891860445649
9.226185675675676,45.48255237704918,1,1,48,0,0,0,0,0,0,0,0,0,1,0.7620238903987002,0,0,0,0,0,138,0,0,0,0,0,0,2,5,19,0.0011413390605671072,0.06357532290205199,0.031143670333543014,0,0,0,0,0,0,0,0,28,0.1354820207122659,0,0,1.3413595429640508,0,0,1,3,128.2776710606294,30.226495830933988,1.0,150.5515425796544,518.2484608560325,0.0,747.3921548447512,0.0,0.0,1.0,86.0,0.6,0.0,0.0,106.0,669.7768833387922
9.226509459459459,45.48255237704918,1,2,48,0,0,0,0,0,0,0,0,0,1,0.7894363769512202,0,0,0,0,0,162,0,1,0,0,0,0,2,5,19,0.0,0.014865494542630602,0.03186762294303336,0,0,0,0,0,0,0,0,35,0.1479069273430293,0,0,1.9391807108185841,0,4,1,5,68.14891109912202,30.28180849422142,1.0,251.19705416901462,546.7181987682344,747.3921548447512,1520.6746344081575,0.0,0.0,1.0,86.0,0.6,0.0,0.0,106.0,669.2260283078863
9.226833243243243,45.48255237704918,1,3,48,0,0,0,0,0,0,0,0,0,1,0.8054273622465171,0,0,0,0,0,185,0,1,1,0,0,0,2,7,21,0.0,0.0023487012249050307,0.03267637273222208,0,0,0,0,0,0,0,0,43,0.1597186200909463,0,0,3.2390890258001637,0,4,1,5,73.76126997383346,30.28180849422142,1.0,251.19705416901462,813.3041067784364,0.0,1519.0734252029886,0.0,0.0,1.0,86.0,0.6,0.0,0.0,106.0,668.8576914847843
9.227157027027028,45.48255237704918,1,4,48,0,0,0,0,0,0,0,0,0,1,0.8164232384409028,0,0,0,0,0,201,0,1,1,0,0,0,2,7,21,0.0,0.003188956034767372,0.03401867733744325,0,0,0,0,0,0,0,0,47,0.17368118240239439,0,0,3.2372206590360024,0,0,1,5,100.64432754055636,30.44774648408371,1.0,100.64551158936021,828.9305296857328,0.0,603.8647811945344,0.0,0.0,1.0,86.0,0.6,0.0,0.0,106.0,668.9712613655813
9.22748081081081,45.48255237704918,1,5,48,0,0,0,0,0,0,0,0,0,1,0.8135207499197601,0,0,0,0,0,217,0,1,1,0,0,0,2,7,21,0.0,0.0026222602640180253,0.0348701594029799,0,0,0,0,0,0,0,0,55,0.1834268428736413,0,0,2.7702815079611005,0,0,0,5,89.82903913013166,30.44774648408371,1.0,100.64551158936021,846.7867446545521,0.0,707.8158405818247,0.0,0.0,1.0,86.0,0.6,0.0,0.0,106.0,667.3328706216593
9.227804594594595,45.48255237704918,1,6,48,0,0,0,0,0,0,0,0,0,1,0.8106448433177137,0,0,1,0,2,234,0,1,1,0,0,0,1,7,21,0.0,0.0005283053777236282,0.03553261188069687,0,0,0,0,0,0,0,0,63,0.1967803662975355,0,0,2.3019172024094576,0,4,0,5,63.51122233458506,30.221468005989603,1.0,196.1485125589652,970.8575552289849,103.95105938729017,1328.1208234710766,0.0,0.0,1.0,86.0,0.6,0.0,0.0,106.0,666.1474167526203
9.228128378378377,45.48255237704918,1,7,48,0,0,0,0,0,0,0,0,0,1,0.8112524916946549,0,0,1,0,2,247,0,1,1,0,0,0,1,8,22,0.0,0.0,0.035930906727364535,0,0,0,0,0,0,0,0,65,0.20510295185911506,0,0,1.6864702315163211,0,4,0,5,60.13557256015179,30.221468005989603,1.0,196.1485125589652,913.7645654652515,525.8041340633753,1126.8340837643743,0.0,0.0,1.0,86.0,0.6,0.0,0.0,106.0,666.4404482642412
9.228452162162162,45.48255237704918,1,8,48,0,0,0,0,0,0,0,0,0,1,0.8148296891469926,0,1,1,0,0,251,0,1,1,0,0,0,2,8,22,0.0,0.0,0.038380241046400566,0,0,0,0,0,0,0,0,66,0.21532322572006588,0,0,1.1395881618303931,0,0,2,6,262.0555049702167,30.370758534903082,0.0,0.0,902.8674444714148,0.0,1048.2220198808668,0.0,0.0,1.0,86.0,0.6,0.0,0.0,106.0,667.5763211815549
9.228775945945946,45.48255237704918,1,9,48,0,0,0,0,0,0,0,3,0,1,0.8210008580933538,0,0,1,0,0,260,1,1,1,0,0,0,2,8,22,0.0,0.0,0.041768019283026606,0,0,0,0,0,0,0,0,69,0.2230823400466758,0,0,0.6632502900532933,0,4,2,6,48.22657487555738,30.389368988935264,1.0,261.9932554094908,1023.3158818605414,522.4178858174915,1233.0305657327883,0.0,0.0,1.0,86.0,0.6,0.0,0.0,106.0,668.1552542262191
9.229099729729729,45.48255237704918,1,10,48,0,0,0,0,0,0,0,3,1,1,0.8294725479182767,0,0,1,0,2,269,1,1,1,0,0,0,2,8,22,0.0,0.0,0.04412474572596049,0,0,0,0,0,0,0,0,69,0.23453721419094736,0,0,0.49665437363422477,0,8,2,5,48.14972959330068,38.233621393361155,1.0,261.9932554094908,1180.493101231165,484.4270955766771,1249.2141724785345,0.0,0.0,1.0,86.0,0.6,0.0,0.0,106.0,667.9345360171932
9.229423513513513,45.48255237704918,1,11,48,0,0,0,0,0,0,1,3,1,1,0.8399763853817722,0,0,1,0,6,274,0,1,1,0,0,0,1,10,22,0.0,0.015492655536141254,0.04516749018633539,0,0,0,0,0,0,0,0,68,0.2429327718164608,0,0,0.7325317855887351,0,8,2,5,36.85280794346678,47.875201804470116,1.0,0.0,720.8737303041268,111.07566198442701,1343.4519573942396,0.0,0.0,1.0,86.0,0.6,0.0,0.0,106.0,666.855451360211
9.229747297297298,45.48255237704918,1,12,48,0,0,0,0,0,0,1,6,1,1,0.849895451433084,0,0,0,0,6,285,0,1,1,0,0,0,2,10,22,0.03384837956037725,0.03248554404515861,0.044865812569029356,0,0,0,0,0,0,0,0,66,0.2495924079322249,0,0,0.7490874322464562,4,28,2,3,20.50058878784012,45.107042827736514,1.48,130.28707687591628,741.80621001619,152.3564450014427,1402.6107489448405,0.0,0.0,1.0,86.0,0.6,0.0,0.0,106.0,667.4353635972687
9.23007108108108,45.48255237704918,1,13,48,0,0,0,0,0,0,1,6,1,0,0.8590979764775111,0,0,0,0,10,294,0,1,1,0,0,1,2,10,22,0.10014907223589972,0.04819046482884911,0.04301103982481639,1,0,0,0,0,0,0,0,63,0.25372045609908794,0,0,0.717673023400266,8,28,2,3,23.650966878697467,45.30978399362733,1.5,161.0133462669039,961.088304428624,203.5435095284888,1878.3259841806444,0.0,0.0,1.0,86.0,0.6,0.0,0.0,106.0,666.9777484003139
9.230394864864865,45.48255237704918,1,14,48,0,0,0,0,0,0,3,4,1,1,0.8686580427148011,0,0,0,0,12,297,0,1,1,0,0,1,2,9,21,0.15638772006625842,0.06265922299178615,0.040899752007440233,1,0,0,0,0,0,0,0,63,0.25993051265410594,0,0,0.6296689760052913,0,12,2,3,13.62596374568197,45.024293768779216,1.3076923076923077,197.71002078511904,690.2881772032098,313.0515450885241,594.3632001046823,0.0,0.0,1.0,86.0,0.6,0.0,0.0,106.0,667.1005408425253
9.230718648648649,45.48255237704918,1,15,48,0,0,1,0,0,0,3,3,1,1,0.8746788973435855,0,0,0,0,13,308,0,1,1,0,0,1,2,10,20,0.14735618015110655,0.08578451996349015,0.03787286559580082,0,0,0,0,0,0,0,0,61,0.2615712476630565,0,0,0.5856222321481392,0,4,2,3,36.83954255758525,50.0,1.0,141.46207524258762,698.8646288179842,161.9847504423983,595.3287759091173,0.0,0.0,1.0,86.0,0.6,0.0,0.0,106.0,666.577536039223
9.231042432432432,45.48255237704918,1,16,48,0,0,1,0,0,0,0,3,1,1,0.8727437534301232,0,0,0,0,4,345,0,0,1,0,0,0,2,10,20,0.06337787887015132,0.1024079245946511,0.03444241619721446,0,0,0,0,0,0,0,0,62,0.26379742608661705,0,0,0.8228881910840881,0,4,2,3,46.07337106852117,50.0,1.0,186.7571969973413,750.9394705947601,0.0,780.7835954416033,0.0,0.0,1.0,86.0,0.6,0.0,0.0,106.0,667.5039558088546
9.231366216216216,45.48255237704918,1,17,48,0,0,0,0,0,0,0,1,1,1,0.8776053873980829,0,0,0,0,0,396,0,0,1,0,0,0,3,11,20,0.0002485360394358086,0.09273342128043549,0.030501079506204024,0,0,0,0,0,0,0,0,62,0.2646228514173339,0,0,1.0513364292109026,0,0,2,3,48.46459488676916,30.370758534903082,0.0,0.0,1128.7602746951782,0.0,387.7167590941533,0.0,0.0,1.0,86.0,0.6,0.0,0.0,106.0,667.963609063681
9.23169,45.48255237704918,1,18,48,0,0,0,0,0,0,0,0,1,1,0.8842269743930811,0,0,1,0,0,429,0,0,1,0,0,0,3,11,20,0.0009602727966496086,0.07779343935701954,0.027341973275615147,0,0,0,0,0,0,0,0,62,0.26688579150351555,0,0,0.9733995337926825,0,0,2,5,28.56336444662606,30.370758534903082,0.0,0.0,1288.7183994051961,0.0,0.0,0.0,0.0,1.0,86.0,0.6,0.0,0.0,106.0,667.0862527064835
9.232013783783783,45.48255237704918,1,19,48,0,0,0,0,0,0,0,0,1,1,0.8903993700324709,0,0,1,0,0,454,0,0,1,0,0,0,5,10,20,0.0,0.04667409045146988,0.025640314248176595,0,0,0,0,0,0,0,0,63,0.26944153697901696,0,0,0.9733995337926826,0,0,0,6,28.56336444662606,30.370758534903082,0.0,0.0,1394.254222054406,0.0,0.0,0.0,15.375723430061129,1.0,86.0,0.6,0.0,0.0,106.0,667.7934306642693
9.232337567567567,45.48255237704918,1,20,48,0,0,0,0,0,0,0,0,1,1,0.8930183011221811,0,0,1,0,0,460,0,0,1,0,0,0,5,9,20,0.0,0.005309692875746488,0.025254822447803624,0,0,0,0,0,0,0,0,68,0.27270245436592133,0,0,1.1032612865869735,0,0,0,9,27.338704663917333,30.370758534903082,0.0,0.0,1306.2457820988336,0.0,218.70963731133867,0.0,15.375723430061129,1.0,86.0,0.6,0.0,0.0,106.0,667.8088754265159
9.23266135135135,45.48255237704918,1,21,48,0,1,0,0,0,0,0,0,1,1,0.8890268731895995,0,0,1,0,0,450,0,1,1,0,0,0,5,9,19,0.0,0.0,0.025254822447803624,0,0,0,0,0,0,0,0,65,0.27719520445188417,0,0,1.5021472889440397,0,0,0,9,48.61292231933272,30.148794928471517,1.0,64.92448363996456,1300.107803845722,0.0,129.5272056373663,0.0,15.375723430061129,1.0,86.0,0.6,0.0,0.0,106.0,666.9171192166357
9.232985135135134,45.48255237704918,1,22,48,0,1,0,0,0,0,0,0,1,1,0.8843881837280958,0,0,1,0,0,456,0,1,1,0,0,0,5,9,19,0.0,0.002195258242427423,0.025254822447803624,0,0,0,0,0,0,0,0,71,0.2769604082961866,0,1,1.8238219420868704,0,4,0,10,42.910762127733584,26.855358127095414,1.4735510747845824,73.30439341596443,1172.092082659917,0.0,426.2490286867775,15.375723430061129,15.375723430061129,1.0,86.0,0.6,0.0,0.0,106.0,666.8400491388898
9.233308918918919,45.48255237704918,1,23,48,0,1,0,0,0,0,0,0,1,1,0.8835007359122499,0,0,0,0,0,452,0,1,1,0,0,0,5,9,18,0.0,0.002195258242427423,0.025254822447803624,0,0,0,1,0,0,0,0,69,0.27033197487570826,0,1,1.6409318643880573,4,8,0,11,36.06625781031734,28.60883615635348,1.2185620345159611,241.50450865672283,1115.4681932216624,40.320747223223705,933.3062756536881,15.375723430061129,15.375723430061129,1.0,86.0,0.6,0.0,0.0,106.0,667.851511835471
9.233632702702701,45.48255237704918,1,24,48,1,1,0,0,0,0,0,0,1,1,0.8887420606618918,0,0,0,0,0,438,0,1,1,0,0,0,4,9,18,0.0032754868263015617,0.002195258242427423,0.025254822447803624,0,0,0,0,0,0,0,0,64,0.26158210750915023,0,1,1.6927266126808862,4,8,0,11,33.64709140374513,28.803065782835173,1.189420429913833,268.4606884732211,1008.6689783207179,76.69396210837516,1028.4001528427775,15.375723430061129,15.375723430061129,1.0,86.0,0.6,0.0,0.0,106.0,666.5591239500951
9.233956486486486,45.48255237704918,1,25,48,1,1,0,0,0,0,0,0,1,1,0.8841947774219607,0,0,0,0,0,422,0,1,1,0,0,0,4,8,18,0.0,0.002195258242427423,0.02514714303930399,0,0,0,0,0,0,0,0,61,0.2542735760172688,0,1,1.9858695940140396,0,16,0,11,24.161102149121476,33.550478938116214,1.3478260869565217,485.57062401564724,959.7507623160074,351.4949530152767,1471.4786500631926,0.0,15.375723430061129,1.0,86.0,0.6,0.0,0.0,106.0,666.4266897131132
9.23428027027027,45.48255237704918,1,26,48,1,1,0,0,0,0,0,0,1,0,0.8613415453204322,0,0,0,0,0,401,1,1,0,0,0,0,4,8,18,0.0,0.0018635290177165735,0.02514714303930399,0,0,1,0,0,0,0,0,66,0.24497603017297548,0,1,1.9342240108572224,12,20,0,13,25.194961009238884,35.368353957095664,1.5263157894736843,603.6499533504817,1104.2675256805642,271.5720306581495,1588.3116544533011,0.0,15.375723430061129,1.0,86.0,0.6,0.0,0.0,106.0,666.2902675170192
9.234604054054053,45.48255237704918,1,27,48,0,1,0,0,0,0,0,0,0,1,0.8301550003248381,0,0,0,0,0,393,1,1,0,0,0,0,4,8,18,0.0,0.0,0.024989620050236167,0,0,0,0,0,0,0,0,64,0.2363574068371047,0,1,1.3677835763872819,0,16,0,14,17.691071365096875,35.068191424985585,1.5,365.8976072040961,1053.0681068318208,0.0,837.0952456224915,0.0,0.0,1.0,86.0,0.6,0.0,0.0,106.0,668.9405942070225
9.234927837837837,45.48255237704918,1,28,48,0,1,0,0,0,0,0,0,0,1,0.7970655922183548,0,0,0,0,0,373,0,1,1,0,0,0,4,8,16,0.0,0.009263285681700375,0.024229824505524383,0,0,0,0,0,0,0,0,62,0.22456969492284862,0,1,0.6980617467889062,0,0,0,14,65.01487720425558,30.316151678100134,1.0,70.6320729964282,878.4093514730815,0.0,644.5315762503832,0.0,0.0,1.0,86.0,0.6,0.0,0.0,106.0,668.950936727254
9.235251621621622,45.48255237704918,1,29,48,0,0,0,0,0,0,0,0,0,1,0.7591476670149894,0,0,0,0,2,354,1,1,1,0,0,0,4,8,15,0.0,0.04912741334201218,0.02346623056306871,0,0,0,0,0,0,0,0,59,0.2113042071932331,0,0,1.0016871196057144,0,0,0,14,34.302282186234045,30.16648690203289,1.0,72.99466480104924,1331.4143388053503,360.30859224831516,750.2601076685678,0.0,7.780621533949821,1.0,86.0,0.6,0.0,0.0,106.0,669.9810631434002
9.235575405405404,45.48255237704918,1,30,48,0,0,0,0,0,0,0,0,0,1,0.7176861254828932,0,0,0,0,10,338,0,1,1,0,0,0,2,8,14,0.0,0.10105254154809747,0.02269027044749881,0,0,0,0,0,0,0,0,56,0.19928206891450267,0,0,0.7611406679622963,0,0,0,13,64.85638393100885,30.16648690203289,1.0,72.99466480104924,1377.7975548316417,163.79148716946693,575.5691745090392,0.0,40.03350306252847,1.0,86.0,0.6,0.0,0.0,106.0,668.6983898364058
9.235899189189189,45.48255237704918,1,31,48,0,0,0,0,0,0,0,0,0,1,0.6733396741925696,0,0,0,0,6,319,0,1,1,0,0,0,2,8,14,0.0,0.13876847397093922,0.021537063867847775,0,0,0,0,0,0,0,0,55,0.18706346669060955,0,0,1.3110481540732757,0,0,1,12,81.89574358473347,30.370758534903082,0.0,0.0,1001.3081168860374,0.0,163.79148716946693,0.0,62.673972101592526,1.0,86.0,0.6,0.0,0.0,106.0,668.1862732784269
9.236222972972971,45.48255237704918,1,32,48,0,0,0,0,0,0,0,0,0,1,0.6268231909373468,0,0,0,0,6,300,0,1,1,0,0,0,2,7,14,0.0,0.12159485884584659,0.020173623030325244,0,0,0,0,0,0,0,0,45,0.17468145078780298,0,0,1.3345543551867345,0,4,3,12,65.66316303849628,31.961668072534053,1.5130099122234875,282.9138087736015,1081.3933630114825,0.0,494.3321616737261,10.71198601462795,62.673972101592526,1.0,86.0,0.6,0.0,0.0,106.0,667.8570886153369
9.236546756756756,45.48255237704918,1,33,48,0,0,0,0,0,0,0,0,0,1,0.579462615360112,0,0,0,0,5,282,0,1,1,0,0,0,2,7,14,0.0,0.07047298425099165,0.01732973663337848,0,0,0,0,0,0,0,0,42,0.1638070791961414,0,0,0.9944915519838194,4,4,4,11,62.86765180845046,32.8085581739994,1.4397227819058465,282.9138087736015,1010.7612900150541,494.3321616737261,494.3321616737261,40.03350306252847,62.673972101592526,1.0,86.0,0.6,0.0,0.0,106.0,667.5781062554329
9.23687054054054,45.48255237704918,1,34,48,0,0,0,0,0,0,0,2,0,1,0.5327184298722701,0,0,0,0,3,259,0,1,1,0,0,0,2,6,12,0.0,0.02445378081473355,0.012912643104494081,0,0,0,0,0,0,0,0,36,0.15442141350030436,0,0,0.9295727332275556,0,4,4,9,55.99466283659467,33.60309134372863,1.3420066081489916,282.9138087736015,808.3863772880729,0.0,494.3321616737261,62.673972101592526,62.673972101592526,1.0,86.0,0.6,0.0,0.0,106.0,668.4462932950703
9.237194324324323,45.48255237704918,1,35,48,0,0,0,0,0,0,0,6,0,1,0.48685241436334653,1,0,0,0,4,244,0,1,1,0,0,0,2,6,12,0.0,5.958468016996118e-05,0.01038351342030201,0,0,0,0,0,0,0,0,30,0.14200195469240887,0,0,0.8789500304826585,0,0,4,7,17.320662028988192,36.88593788611778,1.0,0.0,578.8368283126716,0.0,0.0,51.96198608696457,62.673972101592526,1.0,86.0,0.6,0.0,0.0,106.0,670.0029429877461
9.237518108108107,45.48255237704918,1,36,48,0,0,0,0,0,0,3,6,0,1,0.44470777185757676,1,0,0,0,1,233,0,1,0,0,0,0,2,5,12,0.0,0.0,0.009895796077327839,0,0,0,0,0,0,0,0,25,0.12878566836509747,0,0,0.8030816272471705,0,0,3,5,17.320662028988192,36.88593788611778,1.0,0.0,450.02722086914525,0.0,0.0,51.96198608696457,67.21631159317923,1.0,86.0,0.6,0.0,0.0,106.0,670.9561397920712
9.225861891891892,45.48277778688525,1,0,49,0,0,0,0,0,0,0,0,0,1,0.7619474827730737,0,0,0,0,0,103,0,0,1,0,1,0,2,5,16,0.24024911723797854,0.08650144991889702,0.03040530371198948,0,0,0,0,0,0,0,0,24,0.12672293855163566,0,0,1.1035144750802075,0,0,0,3,28.56336444662606,30.370758534903082,0.0,0.0,518.2484608560325,0.0,0.0,0.0,0.0,1.0,86.0,0.6,0.0,0.0,106.0,669.7383876759017
9.226185675675676,45.48277778688525,1,1,49,0,0,0,0,0,0,0,0,0,1,0.8027794624994209,0,0,0,0,0,119,0,0,1,0,0,0,2,5,17,0.027172662158839234,0.07957247968377153,0.03116851404364085,0,0,0,0,0,0,0,0,28,0.1378383584503195,0,0,1.5663024250717645,0,0,0,3,91.11392931903357,30.338999432660348,1.0,227.52919948622994,518.2484608560325,0.0,956.9518816612066,0.0,0.0,1.0,86.0,0.6,0.0,0.0,106.0,669.9105985599209
9.226509459459459,45.48277778688525,1,2,49,0,0,0,0,0,0,0,0,0,1,0.82722080985585,0,0,0,0,0,134,0,0,1,0,0,0,2,5,18,0.0,0.061263909489863995,0.03190565400987761,0,0,0,0,0,0,0,0,37,0.1485948094733034,0,0,2.1889398671353297,0,4,0,5,75.41068603076964,30.366152627935783,1.0,328.144087419719,518.2484608560325,747.3921548447512,1330.8910052572132,0.0,0.0,1.0,86.0,0.6,0.0,0.0,106.0,669.7729650457354
9.226833243243243,45.48277778688525,1,3,49,0,0,0,0,0,0,0,0,0,1,0.8439545649585862,0,0,0,0,0,160,0,1,1,0,0,0,2,6,21,0.0,0.07497199648830094,0.032662744711044786,0,0,0,0,0,0,0,0,40,0.16143763287163443,0,0,3.2292384138923524,0,4,0,5,75.41068603076964,30.366152627935783,1.0,328.144087419719,797.8924188761024,201.28673970670218,1330.8910052572132,0.0,0.0,1.0,86.0,0.6,0.0,0.0,106.0,668.7135717639019
9.227157027027028,45.48277778688525,1,4,49,0,0,0,0,0,0,0,0,0,1,0.8558977071545514,0,0,0,0,0,187,0,1,1,0,0,0,2,7,21,0.0,0.11106931296593744,0.03396206648435338,0,0,0,0,0,0,0,0,42,0.17206360233849738,0,0,3.888260985974566,0,0,0,5,100.61504470089665,30.447612213762078,1.0,100.6148879334891,813.3041067784364,201.28673970670218,402.4603355709942,0.0,0.0,1.0,86.0,0.6,0.0,0.0,106.0,668.1766133087356
9.22748081081081,45.48277778688525,1,5,49,0,0,0,0,0,0,0,0,0,1,0.8520338589657745,0,0,0,0,0,195,0,1,1,0,0,0,2,7,21,0.0,0.10074048752307145,0.034975815187300044,0,0,0,0,0,0,0,0,57,0.18396831457340723,0,0,3.270068076656502,0,0,0,5,55.990923790484956,30.447612213762078,1.0,100.6148879334891,820.3660963623979,201.28673970670218,515.2852737618455,0.0,0.0,1.0,86.0,0.6,0.0,0.0,106.0,667.9482901866941
9.227804594594595,45.48277778688525,1,6,49,0,0,0,0,0,0,0,0,0,1,0.8472945388947831,0,0,1,0,2,207,0,1,1,0,0,0,1,7,21,0.0,0.057032771730664074,0.035597348400536424,0,0,0,0,0,0,0,0,61,0.1967733600906285,0,0,2.4024979459138556,0,4,0,5,79.06656617859136,30.384936909112042,1.0,345.28096042567125,1010.3927546112232,305.23779909399235,1394.1834955033385,0.0,0.0,1.0,86.0,0.6,0.0,0.0,106.0,665.9970039518698
9.228128378378377,45.48277778688525,1,7,49,0,0,0,0,0,0,0,0,0,1,0.8460021462907434,0,0,1,0,2,230,0,1,1,0,0,0,1,8,21,0.0,0.01744300859780829,0.03559734844427732,0,0,0,0,0,0,0,0,65,0.20753008915685411,0,0,1.8386479066803088,0,4,0,6,79.06656617859136,30.384936909112042,1.0,345.28096042567125,790.7601710599935,525.8041340633753,1394.1834955033385,0.0,0.0,1.0,86.0,0.6,0.0,0.0,106.0,666.0891181082708
9.228452162162162,45.48277778688525,1,8,49,0,0,0,0,0,0,0,0,0,1,0.8476685537839815,0,0,1,0,0,239,0,1,1,0,0,0,2,8,21,0.0,0.0,0.03727638428805285,0,0,0,0,0,0,0,0,66,0.21687188370938293,0,0,0.9708644933397357,0,0,2,6,262.0555049702167,30.370758534903082,0.0,0.0,798.0454643333069,0.0,1048.2220198808668,0.0,0.0,1.0,86.0,0.6,0.0,0.0,106.0,667.20326876217
9.228775945945946,45.48277778688525,1,9,49,0,0,0,0,0,0,0,0,0,1,0.8518744069447169,0,0,1,0,0,245,0,1,1,0,0,0,2,8,21,0.0,0.0,0.03980879243126315,0,0,0,0,0,0,0,0,71,0.2271019319263949,0,0,0.6478093605103263,0,0,2,6,249.91574684643714,31.07073656506936,1.0,242.73375283801727,920.8837584530165,522.4178858174915,1006.8449813941687,0.0,0.0,1.0,86.0,0.6,0.0,0.0,106.0,666.5890718980388
9.229099729729729,45.48277778688525,1,10,49,0,0,0,0,0,0,0,2,0,1,0.8583435537872355,0,0,1,0,0,250,0,1,1,0,0,0,2,8,19,0.0,0.0,0.043032634342333335,0,0,0,0,0,0,0,0,72,0.23732525895117285,0,0,0.4940206979514282,0,0,2,6,249.91574684643714,31.07073656506936,1.0,242.73375283801727,1028.1392008654734,484.4270955766771,1006.8449813941687,0.0,0.0,1.0,86.0,0.6,0.0,0.0,106.0,666.5555994013469
9.229423513513513,45.48277778688525,1,11,49,0,0,0,0,0,0,0,3,0,1,0.8654179199313108,0,0,0,0,0,261,0,1,1,0,0,0,2,10,19,0.0,0.013904577730775844,0.0448153559593431,0,0,0,0,0,0,0,0,70,0.2446267713780831,0,0,0.4518953514084795,0,0,2,4,107.76154984854313,30.370758534903082,0.0,0.0,636.107647073263,0.0,1077.6154984854313,0.0,0.0,1.0,86.0,0.6,0.0,0.0,106.0,668.1304697352006
9.229747297297298,45.48277778688525,1,12,49,0,0,0,0,0,0,0,6,1,1,0.8714928740756214,0,0,0,0,0,272,0,1,1,0,0,0,2,10,19,0.003443377681117539,0.034296599830865235,0.04493343702938501,0,0,0,0,0,0,0,0,71,0.25125710142365126,0,0,0.6610972829843049,0,16,2,3,31.329061458644137,43.73496293861651,1.5714285714285714,51.365944120202684,867.2979240185539,462.46290814282753,1181.2271886782962,0.0,0.0,1.0,86.0,0.6,0.0,0.0,106.0,667.7114625282707
9.23007108108108,45.48277778688525,1,13,49,0,0,0,0,0,0,3,4,1,1,0.8780480828413486,0,0,0,0,7,280,0,1,1,0,0,0,2,10,19,0.10365110749078481,0.05272510490745501,0.04218594427223183,0,0,0,0,0,0,0,0,69,0.25650213382250686,0,0,0.7241032344823111,4,20,2,3,30.437911812754223,45.12719339670174,1.4444444444444444,197.71002078511904,952.2814326127004,503.1299315536592,1409.3271979303245,0.0,0.0,1.0,86.0,0.6,0.0,0.0,106.0,666.8054897480865
9.230394864864865,45.48277778688525,1,14,49,0,0,1,0,0,1,3,3,1,1,0.8849664132898871,0,0,0,0,14,276,0,1,0,0,0,1,2,9,20,0.17102716097878148,0.06966954150676583,0.038274356813802535,0,0,0,0,0,0,0,0,70,0.2626245321079699,0,0,0.6139660758126975,0,8,2,3,34.28581791207879,44.28186890362496,1.3636363636363635,186.6900411096787,690.2881772032098,61.77980870448279,962.8233317133015,0.0,0.0,1.0,86.0,0.6,0.0,0.0,106.0,666.3087868267091
9.230718648648649,45.48277778688525,1,15,49,0,0,1,0,0,0,3,3,1,0,0.888211672166237,0,0,0,0,14,266,0,0,1,0,0,1,2,8,20,0.18386395742353825,0.08533297990412937,0.03362406750646508,0,0,0,0,0,0,0,0,67,0.26468179978245193,0,0,0.5690909703478606,0,8,2,3,32.0486882506033,47.50346090224322,1.0,356.71869463309713,690.2881772032098,151.0667946461258,1181.618341395861,0.0,0.0,1.0,86.0,0.6,0.0,0.0,106.0,666.4779943403408
9.231042432432432,45.48277778688525,1,16,49,0,0,1,0,0,0,1,3,1,1,0.8840296707622636,0,0,0,0,12,267,0,0,1,0,0,1,2,9,20,0.17671195786893357,0.09841994725830566,0.030112561448362187,0,0,0,0,0,0,0,0,62,0.26949017623212324,0,0,0.4734858460177256,4,12,2,3,30.70697427943775,42.00919286617435,1.0,347.10891585219474,703.7617254429241,780.7835954416033,1372.481643796319,0.0,0.0,1.0,86.0,0.6,0.0,0.0,106.0,667.5573223047033
9.231366216216216,45.48277778688525,1,17,49,0,0,1,0,0,0,0,2,1,1,0.8875607670907647,0,0,0,0,10,326,0,0,1,0,0,1,2,11,20,0.14665636840412102,0.10739360468576006,0.02932329697162836,0,0,0,0,0,0,0,0,64,0.27085878173716676,0,0,0.5224909114826362,0,4,2,3,40.37448116391776,46.67128120299096,1.0,300.1827226618202,1031.577807389191,215.5603664352291,991.8006745835482,0.0,0.0,1.0,86.0,0.6,0.0,0.0,106.0,667.2148330092858
9.23169,45.48277778688525,1,18,49,0,0,0,0,0,0,0,0,1,1,0.8915241506878632,0,0,0,0,5,382,0,0,1,0,0,0,2,10,20,0.06210854076041101,0.09657331069300623,0.02777892739216553,0,0,0,0,0,0,0,0,65,0.27377255773322673,0,0,0.9768550332597781,0,0,1,5,106.77577045463138,50.0,1.0,101.83109372603063,1103.374616194765,0.0,432.04775854712625,0.0,0.0,1.0,86.0,0.6,0.0,0.0,106.0,668.5479794760638
9.232013783783783,45.48277778688525,1,19,49,0,0,0,0,0,0,0,0,1,1,0.895046520093,0,0,0,0,0,412,0,0,1,0,0,0,5,10,19,0.0,0.06418890759012055,0.026018355238833096,0,0,0,0,0,0,0,0,71,0.2755531178377791,0,0,1.025753138093349,0,0,0,6,107.78018321761455,30.370758534903082,0.0,0.0,1248.1431938111039,0.0,215.5603664352291,0.0,15.375723430061129,1.0,86.0,0.6,0.0,0.0,106.0,668.3067986815925
9.232337567567567,45.48277778688525,1,20,49,0,0,0,0,0,0,0,0,1,1,0.897702609739868,0,0,1,0,0,423,0,0,1,0,0,0,5,9,19,0.0,0.038669255251560716,0.025254822447803624,0,0,0,0,0,0,0,0,72,0.2752543570876385,0,0,0.9982942396453444,0,0,0,6,28.56336444662606,30.370758534903082,0.0,0.0,1315.8550772664278,0.0,0.0,0.0,15.375723430061129,1.0,86.0,0.6,0.0,0.0,106.0,667.8283347510564
9.23266135135135,45.48277778688525,1,21,49,0,1,0,0,0,0,0,0,1,1,0.8991923515442006,0,0,0,0,0,423,0,1,1,0,0,0,5,9,18,0.0,0.009554644004995142,0.025254822447803624,0,0,0,0,0,0,0,0,71,0.28057106545992333,0,0,1.3981596688059854,0,0,0,7,28.56336444662606,30.370758534903082,0.0,0.0,1271.5354736239135,0.0,0.0,0.0,15.375723430061129,1.0,86.0,0.6,0.0,0.0,106.0,668.7531579306581
9.232985135135134,45.48277778688525,1,22,49,0,1,0,0,0,0,0,0,1,1,0.8964945639379894,0,0,0,0,1,430,0,1,1,0,0,0,5,9,18,0.0,0.002195258242427423,0.025254822447803624,0,0,0,0,0,0,0,0,70,0.2792116863419376,0,0,1.6956234994801669,0,0,0,9,28.56336444662606,30.370758534903082,0.0,0.0,1603.8750433113864,0.0,0.0,0.0,15.375723430061129,1.0,86.0,0.6,0.0,0.0,106.0,669.3284207722254
9.233308918918919,45.48277778688525,1,23,49,1,1,0,0,0,0,0,0,1,1,0.8911763962119996,0,0,0,0,2,438,0,1,1,0,0,0,4,9,18,0.008781032969680278,0.002195258242427423,0.025254822447803624,0,0,0,0,0,0,0,0,70,0.2743620261632013,0,0,1.3490972862626827,0,4,0,9,37.115747936440606,27.729567536963692,1.3550106799711015,122.16036373805537,1547.2434135473068,0.0,541.4035690880426,4.51953002983294,15.375723430061129,1.0,86.0,0.6,0.0,0.0,106.0,669.4690339855983
9.233632702702701,45.48277778688525,1,24,49,1,1,0,0,0,0,0,0,1,1,0.8929356909051116,0,0,0,0,0,425,0,1,1,0,0,1,3,8,18,0.008781032969680278,0.002195258242427423,0.02514714303930399,0,0,0,0,0,0,0,0,67,0.26614001915067637,0,0,1.5211406018008133,0,4,0,8,31.066100124994307,30.110763056875474,1.0,190.3050898079793,1038.229886850964,212.96456934252882,617.4135134418727,0.0,15.375723430061129,1.0,86.0,0.6,0.0,0.0,106.0,668.9350847791202
9.233956486486486,45.48277778688525,1,25,49,0,1,0,0,0,0,0,0,1,1,0.8843732113983443,0,0,0,0,0,402,0,1,1,0,0,0,3,8,18,0.007858980670868,0.002195258242427423,0.02514714303930399,0,0,0,0,0,0,0,0,68,0.2575743310898226,0,1,1.6894248049737381,0,20,0,9,22.68384544321899,34.81730588332974,1.4705882352941178,547.5987338250321,937.440073510543,0.0,1244.425056189268,0.0,15.375723430061129,1.0,86.0,0.6,0.0,0.0,106.0,667.947481642227
9.23428027027027,45.48277778688525,1,26,49,1,1,0,0,0,0,0,0,0,0,0.8537193862621094,0,0,0,0,0,383,1,1,1,0,0,0,4,8,18,0.0,0.002195258242427423,0.02514714303930399,0,0,0,0,0,0,0,0,68,0.245955077705075,0,0,1.5644222543164654,8,20,0,11,23.785980220197196,35.368353957095664,1.5263157894736843,603.6499533504817,974.3322173487395,531.8435127605636,1418.15836536628,0.0,15.375723430061129,1.0,86.0,0.6,0.0,0.0,106.0,672.1134954607172
9.234604054054053,45.48277778688525,1,27,49,0,1,0,0,0,0,0,0,0,1,0.8183110142182579,0,0,0,0,0,377,1,1,1,0,0,0,4,8,17,0.0,0.0,0.024957751778649562,0,0,0,0,0,0,0,0,64,0.23610804916135483,0,0,1.2709926154751003,0,12,0,12,24.153746023770854,36.75163070544386,1.6666666666666667,355.48799667114815,1163.7258046437926,299.40546435768374,1093.7367647551032,0.0,0.0,1.0,86.0,0.6,0.0,0.0,106.0,670.5765509165027
9.234927837837837,45.48277778688525,1,28,49,0,1,0,0,0,0,0,0,0,1,0.7836692287048999,0,0,0,0,0,359,1,1,1,0,0,0,4,8,15,0.0,0.0,0.02422990742733471,0,0,0,0,0,0,0,0,60,0.22385860008665162,0,0,0.8901902962223803,0,4,0,12,28.906743643915455,30.18992961382423,1.0,83.68804111695205,1032.4315158770994,241.20853375472518,899.1412427761735,0.0,0.0,1.0,86.0,0.6,0.0,0.0,106.0,670.1077103500265
9.235251621621622,45.48277778688525,1,29,49,0,0,0,0,0,0,0,0,0,1,0.7446683312742652,0,0,0,0,4,345,1,1,1,0,0,0,4,8,15,0.0,0.0018488439547800308,0.02349902117979847,0,0,0,0,0,0,0,0,62,0.2113148578585401,0,0,0.9816283468052219,4,8,0,12,31.05465997162091,30.14227659066242,1.0,216.82901969005567,1212.3533586851277,577.0307582933403,1118.5213590896435,0.0,0.0,1.0,86.0,0.6,0.0,0.0,106.0,670.3456182674589
9.235575405405404,45.48277778688525,1,30,49,0,0,0,0,0,0,0,0,0,1,0.7022610674231533,0,0,0,0,7,331,1,1,1,0,0,0,2,8,14,0.0,0.012214621886143926,0.02274066122102193,0,0,0,0,0,0,0,0,60,0.19922206926481756,0,0,1.2047463786028152,0,8,0,12,31.05465997162091,30.14227659066242,1.0,216.82901969005567,1298.7746671089014,163.79148716946693,1118.5213590896435,0.0,40.03350306252847,1.0,86.0,0.6,0.0,0.0,106.0,669.0706932508041
9.235899189189189,45.48277778688525,1,31,49,0,0,0,0,0,0,0,0,0,1,0.657319526278477,0,0,0,0,7,315,0,1,1,0,0,0,2,8,14,0.0,0.018675808809640763,0.021548100309297654,0,0,0,0,0,0,0,0,55,0.1867538260341375,0,0,1.5449537735177834,0,0,0,11,39.48919565802177,30.24304927579601,1.0,53.95926857872753,1172.5283263196088,0.0,459.4002749755555,0.0,52.010190348527175,1.0,86.0,0.6,0.0,0.0,106.0,668.2566966164993
9.236222972972971,45.48277778688525,1,32,49,0,0,0,0,0,0,0,0,0,1,0.6110183939597381,0,0,0,0,3,296,0,1,1,0,0,0,2,7,14,0.0,0.017107352382258953,0.019315469967245775,0,0,0,0,0,0,0,0,52,0.17506707282546724,0,0,1.709490170692179,0,0,0,10,26.96910722537801,30.0,1.3834532858651798,105.52067168852338,1172.5283263196088,0.0,487.7996872697928,0.0,62.673972101592526,1.0,86.0,0.6,0.0,0.0,106.0,668.5077656510933
9.236546756756756,45.48277778688525,1,33,49,0,0,0,0,0,0,0,0,0,1,0.5637874887231497,0,0,0,0,5,275,0,1,1,0,0,0,2,7,13,0.0,0.00645901372457269,0.015525948449755427,0,0,0,0,0,0,0,0,45,0.16421797357303214,0,0,1.1625751220219347,0,12,2,9,30.869233910333413,31.78726429254507,1.2798235884855387,333.7560617939548,1063.8774544974706,294.4147214346983,583.1566863638526,40.03350306252847,62.673972101592526,1.0,86.0,0.6,0.0,0.0,106.0,668.558557356838
9.23687054054054,45.48277778688525,1,34,49,0,0,0,0,0,0,0,5,0,1,0.5161325636582866,0,0,0,0,15,256,0,1,1,0,0,0,2,6,12,0.0,0.0,0.01145756897447771,0,0,0,0,0,0,0,0,40,0.15525900736099957,0,0,1.039803596934171,0,8,3,7,36.92969448088406,32.37261652895571,1.2798235884855387,319.44556064761787,901.0077033861423,0.0,551.7866110259565,52.010190348527175,62.673972101592526,1.0,86.0,0.6,0.0,0.0,106.0,667.6681522514376
9.237194324324323,45.48277778688525,1,35,49,0,0,0,0,0,0,1,6,0,1,0.46892255391972537,1,0,0,0,14,243,0,1,0,0,0,0,2,5,12,0.0,0.0,0.009895796077327839,0,0,0,1,0,1,0,0,31,0.1434544977343338,0,0,0.97407544638953,0,0,3,5,17.502374695606328,36.88593788611778,1.0,0.0,901.0077033861423,0.0,35.549887391067074,51.96198608696457,62.673972101592526,1.0,86.0,0.6,0.0,0.0,106.0,669.3178763143601
9.237518108108107,45.48277778688525,1,36,49,0,0,0,0,0,1,5,6,0,1,0.4241361182756362,1,0,0,0,5,235,0,1,0,0,0,0,2,5,12,0.0,0.0,0.009895796077327839,0,0,0,1,0,0,0,0,30,0.12964046161555218,0,0,0.9232059380867143,0,0,3,5,13.200703494415103,36.383957437780936,1.0,0.0,547.382994692314,0.0,109.366565905087,22.640469039064058,62.673972101592526,1.0,86.0,0.6,0.0,0.0,106.0,670.9298184948093
9.225861891891892,45.48300319672131,1,0,50,0,0,0,0,0,0,0,0,0,1,0.796102725517736,0,0,0,0,0,92,0,0,1,0,1,0,2,5,15,0.17603715207668202,0.08650144991889702,0.0303433259395322,0,0,0,0,0,0,0,0,25,0.12899959204319394,0,0,1.2942992161620974,0,0,0,3,28.56336444662606,30.370758534903082,0.0,0.0,518.2484608560325,0.0,0.0,0.0,0.0,1.0,86.0,0.6,0.0,0.0,106.0,669.6047351942435
9.226185675675676,45.48300319672131,1,1,50,0,0,0,0,0,0,0,0,0,1,0.8357424484024144,0,0,0,0,0,106,0,0,1,0,0,0,2,5,16,0.010071865020794038,0.10406438045022523,0.031131840857467855,0,0,0,0,0,0,0,0,27,0.1373904497535387,0,0,1.5547913147607182,0,0,0,3,95.71264286223337,30.338999432660348,1.0,227.52919948622994,518.2484608560325,0.0,1016.7351577228037,0.0,0.0,1.0,86.0,0.6,0.0,0.0,106.0,669.9844683025126
9.226509459459459,45.48300319672131,1,2,50,0,0,0,0,0,0,0,0,0,1,0.8600247948193367,0,0,0,0,0,121,0,0,1,0,0,0,2,5,16,0.013001285890962767,0.1226075894723053,0.03189496275321699,0,0,0,0,0,0,0,0,33,0.14832258809994944,0,0,2.0721460718167495,0,4,0,5,71.83748424664769,30.366152627935783,1.0,328.144087419719,518.2484608560325,807.91132246623,1395.9555344998257,0.0,0.0,1.0,86.0,0.6,0.0,0.0,106.0,669.6419415513137
9.226833243243243,45.48300319672131,1,3,50,0,0,0,0,0,0,0,0,0,1,0.8782775110672079,0,0,0,0,0,136,0,0,1,0,0,1,2,5,18,0.11377961756628402,0.1832638864428165,0.03265651616053867,0,0,0,0,0,0,0,0,41,0.16055909288483175,0,0,3.237070879351102,0,4,0,5,71.83748424664769,30.366152627935783,1.0,328.144087419719,762.9145333482146,201.17359586429197,1395.9555344998257,0.0,0.0,1.0,86.0,0.6,0.0,0.0,106.0,667.8018951425784
9.227157027027028,45.48300319672131,1,4,50,0,0,0,0,0,0,0,0,0,1,0.8913213794783986,0,0,0,0,0,161,0,1,1,0,0,0,2,6,18,0.19158469990426033,0.23095438944133426,0.033840622330668986,0,0,0,0,0,0,0,0,49,0.1712194674111277,0,0,3.9300453844376677,0,0,0,5,100.61504470089665,30.447612213762078,1.0,100.6148879334891,797.8924188761024,201.17359586429197,402.4603355709942,0.0,0.0,1.0,86.0,0.6,0.0,0.0,106.0,667.1088854964316
9.22748081081081,45.48300319672131,1,5,50,0,0,0,0,0,0,0,0,0,1,0.8883592784074247,0,0,0,0,0,184,0,1,1,0,0,0,2,7,18,0.17066470904696626,0.22003977922108756,0.034944899743280924,0,0,0,0,0,0,0,0,57,0.18287978583817555,0,0,3.2730396403921,0,4,0,6,52.03811635747278,30.24375406219327,1.0,108.24002497146915,717.3613883921021,201.17359586429197,828.4460694630407,0.0,0.0,1.0,86.0,0.6,0.0,0.0,106.0,666.8242956481978
9.227804594594595,45.48300319672131,1,6,50,0,0,0,0,0,0,0,0,0,1,0.8824442961510689,0,0,1,0,2,188,0,1,1,0,0,0,1,7,18,0.0673237542547184,0.1488030878160527,0.035597348400536424,0,0,0,0,0,0,0,0,64,0.19482648712045555,0,0,2.2611312546278093,4,4,0,6,69.45024398635904,30.384936909112042,1.0,345.28096042567125,966.5789977695005,547.8180325543552,1460.4253832196641,0.0,0.0,1.0,86.0,0.6,0.0,0.0,106.0,665.6609593091487
9.228128378378377,45.48300319672131,1,7,50,0,0,0,0,0,0,0,0,0,1,0.8793867315322511,0,0,1,0,2,202,0,1,1,0,0,0,1,7,18,0.0,0.06800497557126212,0.035597348400536424,0,0,0,0,0,0,0,0,69,0.2088131609710926,0,0,1.5468704165842437,0,4,0,6,79.06656617859136,30.384936909112042,1.0,345.28096042567125,761.7786663047369,525.8041340633753,1394.1834955033385,0.0,0.0,1.0,86.0,0.6,0.0,0.0,106.0,666.460344618448
9.228452162162162,45.48300319672131,1,8,50,0,0,0,0,0,0,0,0,0,1,0.8792104672856593,0,0,1,0,0,212,0,1,1,0,0,0,2,8,19,0.0,0.009683047220117251,0.0360905556865716,0,0,0,0,0,0,0,0,69,0.21719320056200395,0,0,0.9593938420387962,0,0,2,6,262.0555049702167,30.370758534903082,0.0,0.0,746.366978402403,0.0,1048.2220198808668,0.0,0.0,1.0,86.0,0.6,0.0,0.0,106.0,667.329454343125
9.228775945945946,45.48300319672131,1,9,50,0,0,0,0,0,0,0,0,0,1,0.8815202978861938,0,0,1,0,0,225,0,1,1,0,0,0,2,8,19,0.0,0.0,0.03827229721808577,0,0,0,0,0,0,0,0,72,0.22607081988074954,0,0,0.5863347887244987,0,0,2,6,249.91574684643714,31.07073656506936,1.0,242.73375283801727,771.7238359482677,522.4178858174915,1006.8449813941687,0.0,0.0,1.0,86.0,0.6,0.0,0.0,106.0,666.5097713445288
9.229099729729729,45.48300319672131,1,10,50,0,0,0,0,0,0,0,0,0,1,0.884784537759236,0,0,1,0,0,234,0,1,1,0,0,0,2,8,19,0.0,0.0,0.040986393924479544,0,0,0,0,0,0,0,0,76,0.2366995987607482,0,0,0.49875048824492335,0,0,2,5,249.91574684643714,31.07073656506936,1.0,242.73375283801727,771.7569275520586,484.4270955766771,1006.8449813941687,0.0,0.0,1.0,86.0,0.6,0.0,0.0,106.0,666.3103923177973
9.229423513513513,45.48300319672131,1,11,50,0,0,0,0,0,0,0,0,0,1,0.8875541427327124,0,0,0,0,0,242,0,1,1,0,0,0,2,10,19,0.0,0.0005859782655547855,0.04345799488327512,0,0,0,0,0,0,0,0,73,0.24350407269141616,0,0,0.4690537652222404,0,0,2,4,236.72250092987616,30.370758534903082,0.0,0.0,463.17264164460255,0.0,946.8900037195046,0.0,0.0,1.0,86.0,0.6,0.0,0.0,106.0,668.0256218308145
9.229747297297298,45.48300319672131,1,12,50,0,0,0,0,0,0,0,3,0,1,0.8908767514448289,0,0,0,0,0,254,0,1,1,0,0,0,1,10,19,0.0,0.02764729846025666,0.043274273867619846,0,0,0,0,0,0,0,0,75,0.2510254436918845,0,0,0.4735972829843049,0,0,2,3,126.47347066678357,41.40927208360149,1.8,15.10652383483996,818.8085855993359,462.46290814282753,914.1815844550563,0.0,0.0,1.0,86.0,0.6,0.0,0.0,106.0,667.83722942647
9.23007108108108,45.48300319672131,1,13,50,0,0,0,0,0,0,0,3,0,1,0.8947886436724715,0,0,0,0,0,252,0,1,1,0,0,0,2,10,19,0.0,0.05117650558747134,0.03899104211882159,1,0,0,0,0,0,0,0,73,0.2579422590726695,0,0,0.443078877102772,0,4,2,3,52.63072075912367,39.51675965664575,1.6666666666666667,25.99349577276578,933.021930041227,435.7762323535118,985.7466164379739,0.0,0.0,1.0,86.0,0.6,0.0,0.0,106.0,668.7283809193474
9.230394864864865,45.48300319672131,1,14,50,0,0,1,0,0,0,3,3,0,1,0.89906676336399,0,0,0,0,3,244,0,1,0,0,0,0,2,9,19,0.029253865643765104,0.07150444375653685,0.03350427115354225,1,0,0,0,0,0,0,0,75,0.26355167317346717,0,0,0.3813115100148459,0,0,2,3,53.77475472954377,47.34430051669888,1.5,56.535971971276936,690.2881772032098,0.0,584.9280402702066,0.0,0.0,1.0,86.0,0.6,0.0,0.0,106.0,668.6738927068532
9.230718648648649,45.48300319672131,1,15,50,0,0,1,0,0,0,3,3,1,1,0.8992093137677569,0,0,0,0,9,242,0,0,0,0,0,0,2,8,19,0.1322645576214373,0.0865913731718543,0.030043775759370533,0,0,0,0,0,0,0,0,74,0.26679317198043384,0,0,0.3534542393771374,0,12,2,3,30.433895179235,41.7153714074129,1.0,477.8073050386049,677.1354412976056,0.0,1043.8874539231451,0.0,0.0,1.0,86.0,0.6,0.0,0.0,106.0,666.8333450720656
9.231042432432432,45.48300319672131,1,16,50,0,0,1,0,0,0,0,3,1,1,0.8940870141875904,0,0,0,0,12,249,0,0,1,0,0,1,2,8,19,0.17089529014012675,0.09060929911588851,0.02816015737592122,0,0,0,0,0,0,0,0,68,0.2716053328601917,0,0,0.28537243099603266,4,12,2,3,35.192424576434,40.96222335354135,1.0,457.9680075855431,972.5803485043782,301.18287526956163,1548.0001932711948,0.0,0.0,1.0,86.0,0.6,0.0,0.0,106.0,667.0789748109055
9.231366216216216,45.48300319672131,1,17,50,0,0,1,0,0,0,0,1,1,0,0.8952841174923735,0,0,0,0,14,272,0,0,1,0,0,1,2,10,19,0.18352591080598835,0.09207470420045974,0.027256137358739812,0,0,0,0,0,0,0,0,66,0.273389295626424,0,0,0.2538381324910722,0,4,2,3,47.544610822386815,38.95382854321721,1.0,342.4832080491289,951.310035117913,216.48739211189715,1131.3997274448623,0.0,0.0,1.0,86.0,0.6,0.0,0.0,106.0,666.7784373854961
9.23169,45.48300319672131,1,18,50,0,0,0,0,0,0,0,0,1,1,0.8965849255131334,0,0,0,0,16,305,0,0,1,0,0,1,2,10,19,0.1762195700321132,0.07809863252343219,0.02739670560756462,0,0,0,0,0,0,0,0,67,0.27740187742702266,0,0,0.22928456180884127,0,0,0,3,98.62198599262749,50.0,1.0,195.62147413610091,957.0762489886515,432.04775854712625,593.354413804919,0.0,0.0,1.0,86.0,0.6,0.0,0.0,106.0,667.5740791501904
9.232013783783783,45.48300319672131,1,19,50,0,0,0,0,0,0,0,0,1,1,0.8974474985313362,0,0,0,0,14,357,0,0,1,0,0,1,4,10,19,0.14187431549780166,0.06152410750467192,0.02612903471391799,0,0,0,0,0,0,0,0,74,0.27977305874058156,0,0,0.2052392057470045,0,4,0,4,45.684639873793884,41.10337396629669,1.2286804176511965,304.1173711810461,1069.887409917714,215.5603664352291,792.3139857900072,0.0,0.0,1.0,86.0,0.6,0.0,0.0,106.0,667.6748161680657
9.232337567567567,45.48300319672131,1,20,50,0,0,0,0,0,0,0,0,1,1,0.8975415436488299,0,0,0,0,4,380,0,0,1,0,0,0,4,9,18,0.038786200653739396,0.04355923745038861,0.025254822447803624,0,0,0,0,0,0,0,0,78,0.2754975407343634,0,0,0.4369378106725876,0,4,0,5,40.06353910967573,39.32404875955602,1.274416501181436,210.32699077097584,1227.0143805462117,0.0,631.0073305322145,0.0,15.375723430061129,1.0,86.0,0.6,0.0,0.0,106.0,669.2826257084516
9.23266135135135,45.48300319672131,1,21,50,0,1,0,0,0,0,0,1,1,1,0.898157220968105,0,0,0,0,0,400,0,1,1,0,0,0,4,9,18,0.0,0.023860187894044177,0.025254822447803624,0,0,0,0,0,0,0,0,78,0.2779717554472432,0,0,0.9139864717349395,0,0,0,6,81.32734030905999,30.370758534903082,0.0,0.0,1195.5071080702933,0.0,162.65468061811998,0.0,15.375723430061129,1.0,86.0,0.6,0.0,0.0,106.0,669.2969206390744
9.232985135135134,45.48300319672131,1,22,50,0,1,0,0,0,0,0,3,1,1,0.8999676476361208,0,0,0,0,3,401,0,1,1,0,0,0,4,9,18,0.0,0.004146298750291076,0.025254822447803624,0,0,0,0,0,0,0,0,76,0.2794738006346686,0,0,1.263411569169493,0,0,0,6,28.56336444662606,30.370758534903082,0.0,0.0,1468.9610052477647,0.0,0.0,0.0,15.375723430061129,1.0,86.0,0.6,0.0,0.0,106.0,669.7762251412843
9.233308918918919,45.48300319672131,1,23,50,1,1,0,0,0,0,0,3,1,1,0.9003035474834602,0,0,0,0,3,407,0,1,1,0,0,0,3,8,18,0.008781032969680278,0.002195258242427423,0.02514714303930399,0,0,0,0,0,0,0,0,78,0.2741511399995473,0,0,1.4482328299755742,0,0,0,7,109.53175823957754,30.53271769373284,1.0,120.02529002293646,1752.4583938463916,0.0,427.6335011749513,0.0,15.375723430061129,1.0,86.0,0.6,0.0,0.0,106.0,669.5896238510534
9.233632702702701,45.48300319672131,1,24,50,1,1,0,0,0,0,0,3,0,1,0.8991608435435681,0,0,0,0,1,395,0,1,1,0,0,1,3,8,18,0.008781032969680278,0.002195258242427423,0.02514714303930399,0,0,0,0,0,0,0,0,75,0.2656174453071576,0,0,1.3542845297524886,0,0,0,6,109.53175823957754,30.53271769373284,1.0,120.02529002293646,1477.9122435872341,212.96456934252882,427.6335011749513,0.0,15.375723430061129,1.0,86.0,0.6,0.0,0.0,106.0,670.1607396738871
9.233956486486486,45.48300319672131,1,25,50,0,1,0,0,0,0,0,0,0,1,0.8799404073357627,0,0,0,0,1,374,0,1,1,0,0,0,3,8,18,0.008747771137516092,0.002195258242427423,0.02514714303930399,1,0,0,0,0,0,0,1,75,0.2582341080933143,0,0,1.3925351343638006,0,4,0,7,52.31148470820816,38.24920228751661,1.8,347.13286496465105,1510.2531471737602,0.0,646.7853444913042,0.0,15.375723430061129,1.0,86.0,0.6,0.0,0.0,106.0,671.3687111771401
9.23428027027027,45.48300319672131,1,26,50,0,1,0,0,0,0,0,0,0,0,0.8475935560375395,0,0,0,0,0,368,1,1,1,0,0,0,3,8,17,0.0,0.002195258242427423,0.02514714303930399,1,0,0,0,0,0,0,1,70,0.24588860652952177,0,0,1.4777796118859463,0,4,0,10,27.21287350801977,40.178323435962554,2.0,227.1075749417146,1384.8558853575837,382.544249931915,643.7043773149179,0.0,15.375723430061129,1.0,86.0,0.6,0.0,0.0,106.0,673.4614187781465
9.234604054054053,45.48300319672131,1,27,50,0,1,0,0,0,0,0,0,0,1,0.8081976342393685,0,0,0,0,0,359,1,1,1,0,0,0,4,8,16,0.0,0.0,0.024881456681225687,0,0,0,0,0,0,0,1,67,0.23530877164200845,0,0,1.1492452753485576,0,4,0,10,38.129113649370474,38.20588908439007,1.8,297.7396479381428,1228.5849769330337,0.0,731.7464205948598,0.0,0.0,1.0,86.0,0.6,0.0,0.0,106.0,671.3896936359879
9.234927837837837,45.48300319672131,1,28,50,0,1,0,0,0,0,0,0,0,1,0.7711791045112403,0,0,0,0,0,345,1,1,1,0,0,0,4,8,15,0.0,0.0,0.024186173393386752,0,0,0,0,0,0,0,1,65,0.22264185363321232,0,0,0.6837125162541077,0,4,0,11,20.15442003720899,30.18992961382423,1.0,83.68804111695205,1168.43555834212,0.0,480.6357199248998,0.0,0.0,1.0,86.0,0.6,0.0,0.0,106.0,670.3387980314976
9.235251621621622,45.48300319672131,1,29,50,0,0,0,0,0,0,0,0,0,1,0.7318742303323792,0,0,0,0,4,329,1,1,1,0,0,0,4,8,15,0.0,0.0,0.023467370547968065,0,0,0,0,0,0,0,1,63,0.2099697991837158,0,0,1.117290731724027,4,8,0,11,31.05465997162091,30.14227659066242,1.0,216.82901969005567,1272.231726538247,249.65092985870763,1118.5213590896435,0.0,0.0,1.0,86.0,0.6,0.0,0.0,106.0,669.4531832387595
9.235575405405404,45.48300319672131,1,30,50,0,0,0,0,0,0,0,0,0,1,0.6893370038978431,0,0,0,0,7,316,1,1,1,0,0,0,2,8,14,0.0,0.0,0.02272480908507134,0,0,0,0,0,0,0,0,64,0.19846062888312344,0,0,1.1540995951100392,0,8,0,9,29.414700233642158,30.14227659066242,1.0,216.82901969005567,1406.839247279879,235.55337692035033,989.1736898892727,0.0,40.03350306252847,1.0,86.0,0.6,0.0,0.0,106.0,670.1772678211667
9.235899189189189,45.48300319672131,1,31,50,0,0,0,0,0,0,0,0,0,1,0.6444754051204552,0,0,0,0,7,305,0,1,1,0,0,0,2,8,14,0.0,0.0,0.020817532893341196,0,0,0,0,0,0,0,0,63,0.18568335686577123,0,0,1.3760338296789416,0,4,0,9,16.22846669245151,30.045363657969315,1.0,97.59410726863592,1172.5283263196088,235.55337692035033,632.6868938916818,0.0,40.03350306252847,1.0,86.0,0.6,0.0,0.0,106.0,668.6124440728555
9.236222972972971,45.48300319672131,1,32,50,0,0,0,0,0,0,0,0,0,1,0.5979316447946811,0,0,0,0,2,292,0,1,1,0,0,0,2,7,14,0.0,0.0,0.017845723843157264,0,0,0,1,0,0,0,0,57,0.17342482993158914,0,0,1.264947413606197,0,25,0,7,17.36557752912299,30.047269544810014,1.0511271047820239,439.8464571747322,1062.3910917075273,47.85537246114612,1400.9047609123047,0.0,62.673972101592526,1.0,86.0,0.6,0.0,0.0,106.0,669.4161042695199
9.236546756756756,45.48300319672131,1,33,50,0,0,0,0,0,0,0,0,0,1,0.550309937478917,0,0,0,0,6,272,1,1,1,0,0,0,2,7,13,0.0,0.0,0.012896648242918606,0,0,0,0,0,0,0,0,44,0.16375113553284115,0,0,1.1131219313610454,8,20,0,7,10.744849521311757,30.017511898216796,1.041454409282722,288.0424724457944,1063.8774544974706,383.23924612482506,625.269736865705,0.0,62.673972101592526,1.0,86.0,0.6,0.0,0.0,106.0,669.1993377757415
9.23687054054054,45.48300319672131,1,34,50,0,0,0,0,0,0,0,4,0,1,0.502196748009197,0,0,0,0,20,257,1,1,0,0,0,0,2,6,12,0.0,0.0,0.01031212869459327,0,0,0,0,0,0,0,0,39,0.15346142952794445,0,0,0.9013517397485038,0,12,2,5,15.638539685804062,30.02200763295955,1.076690657173036,255.70804803243018,901.0077033861423,0.0,526.218936257773,0.0,62.673972101592526,1.0,86.0,0.6,0.0,0.0,106.0,668.1883242723036
9.237194324324323,45.48300319672131,1,35,50,0,0,0,0,0,0,3,7,0,1,0.45419369618908645,1,0,0,0,17,247,0,1,0,0,0,0,2,5,12,0.0,0.0,0.009895796077327839,0,0,0,1,0,1,0,0,33,0.1409536851284025,0,0,1.0330324399356035,0,0,2,5,24.73280647821232,30.370758534903082,0.0,0.0,901.0077033861423,0.0,197.86245182569857,0.0,62.673972101592526,1.0,86.0,0.6,0.0,0.0,106.0,669.36337473149
9.237518108108107,45.48300319672131,1,36,50,0,0,0,0,0,1,6,8,0,1,0.4073162663359971,1,0,0,0,11,229,0,1,0,0,0,0,2,5,12,0.0,0.0,0.00973331605316287,0,0,0,1,0,0,0,0,30,0.12696407356215303,0,0,1.0126523640612315,0,0,2,5,13.497567513410432,30.370758534903082,0.0,0.0,687.756712143139,59.33701135683157,188.96594518774606,0.0,62.673972101592526,1.0,86.0,0.6,0.0,0.0,106.0,670.3708124295982
9.225861891891892,45.48322860655738,1,0,51,0,0,0,0,0,0,0,0,0,1,0.821799023173005,0,0,0,0,0,82,0,0,1,0,0,0,2,5,14,0.014065099805541829,0.08609877856362973,0.028998960298357634,0,0,0,0,0,0,0,0,25,0.12901130471214087,0,0,1.0670533005605813,0,0,1,3,28.56336444662606,30.370758534903082,0.0,0.0,328.144087419719,0.0,0.0,0.0,0.0,1.0,86.0,0.6,0.0,0.0,106.0,670.8988771443597
9.226185675675676,45.48322860655738,1,1,51,0,0,0,0,0,0,0,0,0,1,0.8628943941825957,0,0,0,0,0,95,0,0,1,0,0,0,2,5,16,0.0,0.11275668708226531,0.03077644549908429,0,0,0,0,0,0,0,0,26,0.13634327741383623,0,0,1.7914052523239503,0,0,1,3,193.1075520222096,30.69758103355784,1.0,157.62643764481803,518.2484608560325,0.0,807.91132246623,0.0,0.0,1.0,86.0,0.6,0.0,0.0,106.0,669.2899020284514
9.226509459459459,45.48322860655738,1,2,51,0,0,0,0,0,0,0,0,0,1,0.8871388320693616,0,0,1,0,0,109,0,0,1,0,0,0,2,5,16,0.09432454278857025,0.17311474219396675,0.031833489817006975,0,0,0,0,0,0,0,0,35,0.14775369215931153,0,0,2.1592466765677583,0,0,1,4,112.04836470787171,30.69758103355784,1.0,157.62643764481803,518.2484608560325,807.91132246623,1074.9055741417703,0.0,0.0,1.0,86.0,0.6,0.0,0.0,106.0,668.2305431743638
9.226833243243243,45.48322860655738,1,3,51,0,0,0,0,0,0,0,0,0,1,0.9074062256681419,0,0,1,0,0,120,0,0,1,0,0,1,2,5,18,0.35984698610488064,0.27165448705924317,0.03262000036577597,0,0,0,0,0,0,0,0,41,0.1593693626942902,0,0,2.8938955976311727,0,0,1,5,83.70353250058835,30.69758103355784,1.0,157.62643764481803,762.9145333482146,65.06452924261227,1097.9265498640073,0.0,0.0,1.0,86.0,0.6,0.0,0.0,106.0,666.5807866587759
9.227157027027028,45.48322860655738,1,4,51,0,0,0,0,0,0,0,0,0,1,0.92164266159005,0,0,1,0,0,138,0,0,1,0,0,1,2,6,18,0.6007737006747529,0.30019338039992227,0.033666288368782646,0,0,0,0,0,0,0,0,51,0.17032967501904742,0,0,4.177369640883468,0,0,1,6,12.472642503748867,30.370758534903082,0.0,0.0,673.4556715012613,0.0,498.90570014995467,0.0,0.0,1.0,86.0,0.6,0.0,0.0,106.0,667.4093559820537
9.22748081081081,45.48322860655738,1,5,51,0,0,0,0,0,0,0,0,0,1,0.9199188731798311,0,0,0,0,0,160,0,0,1,0,0,1,2,6,18,0.5155501479317253,0.29616670350730234,0.034956389230855194,0,0,0,0,0,0,0,0,64,0.1836445314374272,0,0,3.129126277091442,0,0,0,6,23.3776732517006,30.370758534903082,0.0,0.0,680.8786697043379,58.01155663431697,794.8408905578204,0.0,0.0,1.0,86.0,0.6,0.0,0.0,106.0,667.782639697948
9.227804594594595,45.48322860655738,1,6,51,0,0,0,0,0,0,0,0,0,1,0.9148729661997653,0,0,0,0,1,176,0,1,1,0,0,1,1,6,18,0.24705040864540498,0.23076003936680933,0.03548966899203679,0,0,0,0,0,0,0,0,73,0.19405591869874228,0,0,2.0268753526213334,0,0,0,6,88.18863502230637,30.780402087204386,1.0,176.51582001248497,890.0746291344652,354.8747677720719,1146.3137053221108,0.0,0.0,1.0,86.0,0.6,0.0,0.0,106.0,666.4369363944686
9.228128378378377,45.48322860655738,1,7,51,0,0,0,0,0,0,0,0,0,1,0.9111922247984037,0,0,0,0,1,189,0,1,1,0,0,0,1,7,18,0.016603989885079246,0.12710549973948848,0.035597348400536424,0,0,0,0,0,0,0,0,79,0.205626887380189,0,0,1.432193822947521,0,0,0,6,151.02781740684745,30.780402087204386,1.0,176.51582001248497,723.6381103809366,525.8041340633753,880.6789018354473,0.0,0.0,1.0,86.0,0.6,0.0,0.0,106.0,667.5220549474388
9.228452162162162,45.48322860655738,1,8,51,0,0,0,0,0,0,0,0,0,1,0.9090310447685964,0,0,0,0,0,199,0,1,1,0,0,0,1,7,18,0.0,0.0302443325012221,0.035597243726271904,0,0,0,0,0,0,0,0,79,0.2158008239534526,0,0,0.9103181192202491,0,0,1,6,262.0555049702167,30.370758534903082,0.0,0.0,639.5388405112504,0.0,1048.2220198808668,0.0,0.0,1.0,86.0,0.6,0.0,0.0,106.0,668.4128740466683
9.228775945945946,45.48322860655738,1,9,51,0,0,0,0,0,0,0,0,0,1,0.9077889440149612,0,0,0,0,0,210,0,1,1,0,0,0,2,8,19,0.0,0.0,0.03653155122979189,0,0,0,0,0,0,0,0,78,0.22392591387961153,0,0,0.6444415082038718,0,0,2,5,249.91574684643714,31.07073656506936,1.0,242.73375283801727,619.6674788182025,522.4178858174915,1006.8449813941687,0.0,0.0,1.0,86.0,0.6,0.0,0.0,106.0,667.5056729619803
9.229099729729729,45.48322860655738,1,10,51,0,0,0,0,0,0,0,0,0,1,0.9067697044042956,0,0,0,0,0,223,0,1,1,0,0,0,2,8,19,0.0,0.0,0.03765939279351796,0,0,0,0,0,0,0,0,78,0.23287019302353135,0,0,0.49886320851170624,0,0,2,4,249.91574684643714,31.07073656506936,1.0,242.73375283801727,655.9268991035652,484.4270955766771,1006.8449813941687,0.0,0.0,1.0,86.0,0.6,0.0,0.0,106.0,667.3241348209639
9.229423513513513,45.48322860655738,1,11,51,0,0,0,0,0,0,0,0,0,1,0.9066074289871952,0,0,0,0,0,233,0,1,1,0,0,0,2,10,19,0.0,0.0,0.03843950273713729,0,0,0,0,0,0,0,0,78,0.24177508496351588,0,0,0.47018300028490084,0,0,2,4,236.72250092987616,30.370758534903082,0.0,0.0,456.99001534281035,0.0,946.8900037195046,0.0,0.0,1.0,86.0,0.6,0.0,0.0,106.0,668.0122846664287
9.229747297297298,45.48322860655738,1,12,51,0,0,0,0,0,0,0,0,0,1,0.9072913448373777,0,0,0,0,0,235,0,1,1,0,0,0,1,10,19,0.0,0.0,0.037896875099197404,0,0,0,0,0,0,0,0,78,0.2509735992077545,0,0,0.45827603818211615,0,0,2,3,222.0450371409552,44.68860103339775,2.0,0.0,581.1675292830528,462.46290814282753,898.2391404963394,0.0,0.0,1.0,86.0,0.6,0.0,0.0,106.0,668.1232771985019
9.23007108108108,45.48322860655738,1,13,51,0,0,0,0,0,0,0,3,0,1,0.9085712579077656,0,0,0,0,0,225,0,1,1,0,0,0,1,10,18,0.0,0.0149789484844361,0.03378600037416218,1,0,0,0,0,0,0,0,77,0.2584314608104962,0,0,0.5113464554039115,0,0,2,3,222.0450371409552,44.68860103339775,2.0,0.0,782.9269816722652,435.7762323535118,898.2391404963394,0.0,0.0,1.0,86.0,0.6,0.0,0.0,106.0,668.8617324741606
9.230394864864865,45.48322860655738,1,14,51,0,0,1,0,0,0,0,3,0,1,0.9102033946503019,0,0,0,0,0,226,0,0,0,0,0,0,2,8,18,0.0,0.051668706458872254,0.02986469456531172,0,0,0,0,0,0,0,0,74,0.26348505207851186,0,0,0.44285035264259526,0,0,2,3,217.4518286757259,44.68860103339775,2.0,0.0,540.193228834248,0.0,435.7762323535118,0.0,0.0,1.0,86.0,0.6,0.0,0.0,106.0,668.2752575232901
9.230718648648649,45.48322860655738,1,15,51,0,0,1,0,0,0,0,3,0,1,0.9074705183747441,0,0,0,0,0,228,0,0,0,0,0,0,2,8,18,0.0,0.06877112151626479,0.028177563106031134,0,0,0,0,0,0,0,0,75,0.2651057311853922,0,0,0.4317154061797561,0,0,2,3,28.91952725643398,30.139192417752277,1.0,121.08861040550782,640.807607914707,0.0,572.9800437489079,0.0,0.0,1.0,86.0,0.6,0.0,0.0,106.0,668.1537412739251
9.231042432432432,45.48322860655738,1,16,51,0,0,1,0,0,0,0,3,0,1,0.9014735988106006,0,0,0,0,3,234,0,0,0,0,0,0,2,8,18,0.030088924581234938,0.0795454025202616,0.027459477935533688,0,0,0,0,0,0,0,0,67,0.2715112660522091,0,0,0.40262740606396363,0,4,2,3,30.154993765676984,35.797779555564986,1.0,234.5141360699867,980.8700744029612,466.72126236933263,760.6006581973538,0.0,0.0,1.0,86.0,0.6,0.0,0.0,106.0,667.9337163748118
9.231366216216216,45.48322860655738,1,17,51,0,0,0,0,0,0,0,0,0,1,0.9000266479122325,0,0,0,0,12,254,0,0,1,0,0,0,2,9,18,0.13253404762198612,0.08327134383568126,0.026371305870193217,0,0,0,0,0,0,0,0,69,0.2734185509152039,0,0,0.31627449029527693,0,0,1,3,53.408840957406795,36.75946161183486,1.0,316.7100845416087,779.4263750498787,0.0,644.6490526917136,0.0,0.0,1.0,86.0,0.6,0.0,0.0,106.0,667.6732014743691
9.23169,45.48322860655738,1,18,51,0,0,0,0,0,0,0,0,0,1,0.8986734653728609,0,0,0,0,16,274,0,0,1,0,0,1,2,10,17,0.17078009220063559,0.07040502600272491,0.025002453213489716,0,0,0,0,0,0,0,0,68,0.27667973028323545,0,0,0.2997170218833172,0,0,0,3,98.62198599262749,50.0,1.0,195.62147413610091,753.4129147923157,161.3066552577927,593.354413804919,0.0,0.0,1.0,86.0,0.6,0.0,0.0,106.0,668.7387052349818
9.232013783783783,45.48322860655738,1,19,51,0,0,0,0,0,0,0,0,0,0,0.8972950257620713,0,0,0,0,14,293,0,0,1,0,0,1,4,10,18,0.13271400869769615,0.0562652869740769,0.02517003168886594,0,0,0,0,0,0,0,0,78,0.2814400525113854,0,0,0.22836933425470382,0,12,0,3,38.25805910129009,39.73815460642802,1.124734773264289,491.0663813428735,1055.5840388829831,216.48739211189715,1536.6107510255015,0.0,0.0,1.0,86.0,0.6,0.0,0.0,106.0,668.0227801266578
9.232337567567567,45.48322860655738,1,20,51,0,0,0,0,0,0,0,0,0,1,0.8967944352378024,0,0,0,0,12,310,0,0,1,0,0,1,4,9,18,0.06959987762486008,0.04094337897827125,0.025249810243796564,0,0,0,0,0,0,0,0,81,0.27574614273145104,0,0,0.21088503873427966,4,12,0,3,38.25805910129009,39.73815460642802,1.124734773264289,491.0663813428735,1061.2777845327323,403.5051389836309,1536.6107510255015,0.0,0.0,1.0,86.0,0.6,0.0,0.0,106.0,668.9666553644353
9.23266135135135,45.48322860655738,1,21,51,0,1,0,0,0,0,0,3,0,1,0.897317388309669,0,0,0,0,8,339,0,1,1,0,0,0,4,9,18,0.00045941653363230705,0.02438989185514162,0.025232435950176893,0,0,0,0,0,0,0,0,83,0.2770060255145925,0,0,0.7284770723717557,0,4,0,5,39.97298724584778,41.10337396629669,1.2286804176511965,280.80222284372815,1096.2649339792692,162.65468061811998,518.6575220732276,0.0,15.375723430061129,1.0,86.0,0.6,0.0,0.0,106.0,669.6205515968102
9.232985135135134,45.48322860655738,1,22,51,0,1,0,0,0,0,1,3,0,1,0.89725551896307,0,0,0,0,6,358,0,1,1,0,0,0,3,8,18,0.0,0.008641399935222399,0.02514714303930399,0,0,0,0,0,0,0,0,84,0.2768534234033589,0,0,1.2390575766532017,0,0,0,5,37.71040142968773,36.656219551533155,1.343044866284604,115.61193654185769,1400.881022529342,0.0,186.07127489564414,0.0,15.375723430061129,1.0,86.0,0.6,0.0,0.0,106.0,670.2157605042627
9.233308918918919,45.48322860655738,1,23,51,1,1,0,0,0,0,2,3,0,1,0.8956963646807633,0,0,0,0,2,362,0,1,1,0,0,0,3,8,18,4.9099682561337405e-05,0.002195258242427423,0.02514714303930399,0,0,0,0,0,0,0,0,87,0.2709119427731177,0,0,1.2071267552429044,0,0,0,6,58.899470465904024,30.53271769373284,1.0,120.02529002293646,1674.3061099680053,0.0,645.6678260338158,0.0,15.375723430061129,1.0,86.0,0.6,0.0,0.0,106.0,670.8975175369345
9.233632702702701,45.48322860655738,1,24,51,1,1,0,0,0,0,0,3,0,1,0.9019402108244122,0,0,0,0,1,360,0,1,1,0,0,0,3,8,18,0.004373649285361305,0.002195258242427423,0.02514714303930399,0,0,0,0,0,0,0,1,88,0.26193653029077374,0,0,1.2525811994156069,0,0,0,4,81.93048605665561,30.53271769373284,1.0,120.02529002293646,1765.0276492864775,212.96456934252882,453.4881123736529,0.0,15.375723430061129,1.0,86.0,0.6,0.0,0.0,106.0,670.5706443245276
9.233956486486486,45.48322860655738,1,25,51,0,1,0,0,0,0,0,3,0,1,0.8844547043996644,0,0,0,0,1,351,0,1,1,0,0,0,3,8,17,0.0,0.002195258242427423,0.02514714303930399,0,0,0,0,0,0,0,1,79,0.2534680664216575,0,0,1.4165509093821305,0,0,0,4,101.29299622993811,37.0837677975555,1.6666666666666667,316.1281467949992,1745.3959502582193,0.0,595.5088192744438,0.0,15.375723430061129,1.0,86.0,0.6,0.0,0.0,106.0,670.4536882925756
9.23428027027027,45.48322860655738,1,26,51,0,1,0,0,0,0,0,0,0,0,0.8490477122037392,0,0,0,0,1,347,0,1,1,0,0,0,2,8,16,0.0,0.0021572532390747817,0.02514714303930399,0,0,0,0,0,0,0,1,77,0.24238694286239773,0,0,1.3668803630569868,0,0,0,5,96.44118445066294,40.359292849466826,2.0,196.10285677206275,1671.06029672271,382.544249931915,382.544249931915,0.0,0.0,1.0,86.0,0.6,0.0,0.0,106.0,669.6772961693121
9.234604054054053,45.48322860655738,1,27,51,0,0,0,0,0,0,0,0,0,1,0.804166938052635,0,0,0,0,0,338,0,1,1,0,0,0,3,8,16,0.0,0.0,0.02476915142296736,0,0,0,0,0,0,0,1,72,0.23259437312056525,0,0,1.2292549215755375,0,0,0,8,96.44118445066294,40.359292849466826,2.0,196.10285677206275,1496.3228940476383,0.0,382.544249931915,0.0,0.0,1.0,86.0,0.6,0.0,0.0,106.0,671.1885975011547
9.234927837837837,45.48322860655738,1,28,51,0,0,0,0,0,0,0,0,0,1,0.7609815228152259,0,0,1,0,0,326,0,1,1,0,0,0,4,8,15,0.0,0.0,0.024085006454214665,0,0,0,0,0,0,0,1,71,0.2185567288706495,0,0,1.058832508150152,0,0,0,9,28.56336444662606,30.370758534903082,0.0,0.0,1237.2171062600664,0.0,0.0,0.0,0.0,1.0,86.0,0.6,0.0,0.0,106.0,669.9559968881238
9.235251621621622,45.48322860655738,1,29,51,0,0,0,0,0,0,0,0,0,1,0.7200861189139316,0,0,1,0,0,312,0,1,1,0,0,0,4,8,14,0.0,0.0,0.023391543183489894,0,0,0,0,0,0,0,1,69,0.2063333709166213,0,0,1.3039793061114648,0,0,0,9,74.85474174514741,30.627869978025622,1.0,141.7271134364947,985.5090179948403,0.0,531.965562269832,0.0,0.0,1.0,86.0,0.6,0.0,0.0,106.0,669.0433767474242
9.235575405405404,45.48322860655738,1,30,51,0,0,0,0,0,0,0,0,0,1,0.676601894929496,0,0,1,0,0,305,0,1,1,0,0,0,2,8,14,0.0,0.0,0.021969429006673293,0,0,0,0,0,0,0,1,65,0.19375954100960335,0,0,1.3827726799600168,0,0,0,8,99.45186248074683,30.435459626910816,1.0,195.68638201522225,1051.4925074508624,0.0,798.832242792246,0.0,0.0,1.0,86.0,0.6,0.0,0.0,106.0,668.1189464057445
9.235899189189189,45.48322860655738,1,31,51,0,0,0,0,0,0,0,0,0,1,0.6310430272540556,0,0,1,0,1,298,0,1,1,0,0,0,2,8,14,0.0,0.0,0.01920814434921717,1,0,0,0,0,0,0,0,58,0.1808311253456889,0,0,1.131696443545752,0,9,0,7,20.254062158351122,30.07522763258088,1.0,266.6179183677043,1068.9191338679275,282.3146324111244,968.8798732917145,0.0,40.03350306252847,1.0,86.0,0.6,0.0,0.0,106.0,668.6441113437462
9.236222972972971,45.48322860655738,1,32,51,0,0,0,0,0,0,0,0,0,1,0.5840369881972886,0,0,0,0,2,289,0,1,1,0,0,0,2,7,14,0.0,0.0,0.014768228120999238,1,0,0,1,0,0,0,0,53,0.16964661888943033,0,0,1.2194492491016853,5,29,0,5,15.007157731059335,30.040113242634877,1.0,441.67039183339847,1087.0797183850686,646.3965398021666,1464.2386400111372,0.0,64.45623827887596,1.0,86.0,0.6,0.0,0.0,106.0,669.4885566172353
9.236546756756756,45.48322860655738,1,33,51,0,0,0,0,0,0,0,1,0,1,0.5361244487627211,0,0,0,0,4,271,1,1,1,0,0,0,2,7,13,0.0,0.0,0.01120313575756966,0,0,0,1,0,0,0,0,46,0.15816822473326939,0,2,1.0281003193347051,8,33,0,5,15.846134369967318,30.035476999581,1.0348593896241072,533.1699121809105,960.3680505160743,0.0,1780.3657058343179,0.0,75.12002003194131,1.0,86.0,0.6,0.0,0.0,106.0,668.1826011792324
9.23687054054054,45.48322860655738,1,34,51,0,0,0,0,0,0,0,5,0,1,0.487871426117599,1,0,0,0,8,256,1,1,1,0,0,0,2,5,12,0.0,0.0,0.009895796077327839,0,0,0,1,0,0,0,0,38,0.14769495886693051,0,3,1.322200237770271,4,16,0,5,13.23799569656305,30.021006700139413,1.0,224.93022654717643,921.7094352161637,131.99471008798906,847.3474248744308,0.0,75.12002003194131,1.0,86.0,0.6,0.0,0.0,106.0,668.8651220221782
9.237194324324323,45.48322860655738,1,35,51,0,0,0,0,0,0,1,9,0,1,0.43984917756612496,1,0,0,0,9,239,0,1,1,0,0,0,1,5,12,0.0,0.0,0.009613061336208633,0,0,0,1,0,0,0,0,33,0.13749691195391664,0,3,1.3385916986172504,0,12,0,5,10.19991173836084,30.056138242755093,1.0,67.97760698724987,916.9134291248824,105.51933033738845,544.0170973144005,0.0,62.673972101592526,1.0,86.0,0.6,0.0,0.0,106.0,668.7889501907104
9.237518108108107,45.48322860655738,1,36,51,0,0,0,0,0,1,5,11,0,1,0.39285397302617425,1,0,0,0,6,221,0,1,0,0,0,0,0,5,11,0.0,0.0,0.00865227905253735,0,0,0,1,0,0,0,0,30,0.1264434193775681,0,2,1.3748077663828284,0,8,0,5,11.994239206185968,30.086184568741455,1.0,54.54721884735743,498.65003068198143,137.55815232440403,581.1474590804987,0.0,62.673972101592526,1.0,86.0,0.6,0.0,0.0,106.0,669.6753741633421
9.225861891891892,45.483454016393445,1,0,52,0,0,0,0,0,0,0,0,0,1,0.8395836655863355,0,0,0,0,0,62,0,0,1,0,0,0,2,5,14,0.0,0.02665652924663418,0.024918053427670787,0,0,0,0,0,0,0,0,25,0.130534632173629,0,0,1.5944723175757738,0,0,1,3,28.56336444662606,30.370758534903082,0.0,0.0,328.144087419719,0.0,0.0,0.0,0.0,1.0,86.0,0.6,0.0,0.0,106.0,671.7101708510795
9.226185675675676,45.483454016393445,1,1,52,0,0,0,0,0,0,0,0,0,1,0.8823789793683974,0,0,1,0,0,75,0,0,1,0,0,0,2,5,14,0.0,0.09068500128860478,0.027032902472947255,1,0,0,0,0,0,0,0,29,0.1357533937966984,0,0,1.7737106166507328,0,0,1,3,193.1075520222096,30.69758103355784,1.0,157.62643764481803,354.91529681745186,0.0,807.91132246623,0.0,0.0,1.0,86.0,0.6,0.0,0.0,106.0,668.6545910630034
9.226509459459459,45.483454016393445,1,2,52,0,0,0,0,0,0,0,0,0,1,0.9069905735556937,0,0,1,0,0,88,0,0,1,0,0,0,2,5,15,0.1386181191918034,0.18909713399241937,0.02890293546670525,1,0,0,0,0,0,0,0,37,0.1481284969643617,0,0,2.080976272207806,0,0,1,3,65.59710083079187,30.69758103355784,1.0,157.62643764481803,388.13791918736626,807.91132246623,1088.7184781402277,0.0,0.0,1.0,86.0,0.6,0.0,0.0,106.0,668.363619802402
9.226833243243243,45.483454016393445,1,3,52,0,0,0,0,0,0,0,0,0,1,0.9296057185863997,0,0,1,0,0,101,0,0,1,0,0,1,2,5,17,0.5451644313300303,0.2919414919740354,0.03053313143052578,0,0,0,0,0,0,0,0,42,0.15815780414596597,0,0,2.6839697147386032,0,0,1,5,31.677138041392983,30.69758103355784,1.0,157.62643764481803,521.8617974217882,0.0,1204.49049813508,0.0,0.0,1.0,86.0,0.6,0.0,0.0,106.0,667.5184590728379
9.227157027027028,45.483454016393445,1,4,52,0,0,0,0,0,0,0,0,0,1,0.9452381430247165,0,0,1,0,0,113,0,0,1,0,0,1,2,6,17,0.9216331099814956,0.3002891979219269,0.03191412791613219,0,0,0,0,0,0,0,0,49,0.1685087530570133,0,0,4.099020376746214,0,0,1,6,8.751232766351594,30.370758534903082,0.0,0.0,572.8101599119011,164.77006704562697,385.0542417194701,0.0,0.0,1.0,86.0,0.6,0.0,0.0,106.0,667.6977929012519
9.22748081081081,45.483454016393445,1,5,52,0,0,0,0,0,0,0,0,0,1,0.9449315112002397,0,0,1,0,0,132,0,0,1,0,0,1,1,6,17,0.7892449736574346,0.3002891979219269,0.03340844912745763,0,0,0,0,0,0,0,0,67,0.1809175121426893,0,0,3.0499559386452093,0,0,1,6,15.930238799060648,30.370758534903082,0.0,0.0,572.8101599119011,0.0,700.9305071586685,0.0,0.0,1.0,86.0,0.6,0.0,0.0,106.0,667.5667347071204
9.227804594594595,45.483454016393445,1,6,52,0,0,0,0,0,0,0,0,0,1,0.9405452362660339,0,0,1,0,0,143,0,0,1,0,0,1,1,6,17,0.37886337445178186,0.2505827058581169,0.033992706825879564,0,0,0,0,0,0,0,0,76,0.19149291721011935,0,0,1.907861424167809,0,0,0,6,91.69063927029553,30.780402087204386,1.0,176.51582001248497,745.6411509085065,346.64443669006323,1015.4624905013568,0.0,0.0,1.0,86.0,0.6,0.0,0.0,106.0,666.6483761195909
9.228128378378377,45.483454016393445,1,7,52,0,0,0,0,0,0,0,0,0,1,0.936485493401156,0,0,1,0,0,154,0,0,1,0,0,0,1,6,17,0.01878426984946672,0.14743342417385535,0.03347670073091707,0,0,0,0,0,0,0,0,80,0.20166099731099893,0,0,1.4300547221358741,0,0,0,6,209.79287815318472,30.780402087204386,1.0,176.51582001248497,588.0147132636885,525.8041340633753,872.4485707534386,0.0,0.0,1.0,86.0,0.6,0.0,0.0,106.0,667.5150380715354
9.228452162162162,45.483454016393445,1,8,52,0,0,0,0,0,0,0,0,0,1,0.9323515290521311,0,0,1,0,0,174,0,1,1,0,0,0,1,7,17,0.0,0.044254533619105786,0.03261275765418676,0,0,0,0,0,0,0,0,82,0.20965437497638187,0,0,0.7909808668967886,0,0,0,5,262.0555049702167,30.370758534903082,0.0,0.0,588.0147132636885,0.0,1048.2220198808668,0.0,0.0,1.0,86.0,0.6,0.0,0.0,106.0,668.5194865056483
9.228775945945946,45.483454016393445,1,9,52,0,0,0,0,0,0,0,0,0,1,0.9279706826579861,0,0,0,0,0,185,0,1,1,0,0,0,2,8,17,0.0,0.0,0.03158218615471402,0,0,0,0,0,0,0,0,78,0.2192720217814413,0,0,0.46743160657178096,0,0,1,4,249.91574684643714,31.07073656506936,1.0,242.73375283801727,588.0147132636885,522.4178858174915,1006.8449813941687,0.0,0.0,1.0,86.0,0.6,0.0,0.0,106.0,668.5835184503229
9.229099729729729,45.483454016393445,1,10,52,0,0,0,0,0,0,0,0,0,1,0.924127271945761,0,0,0,0,0,197,0,1,1,0,0,0,2,8,18,0.0,0.0,0.031596391514476935,0,0,0,0,0,0,0,0,81,0.22713098021939937,0,0,0.47452473308311965,0,0,2,4,249.91574684643714,31.07073656506936,1.0,242.73375283801727,434.3560966853422,484.4270955766771,1006.8449813941687,0.0,0.0,1.0,86.0,0.6,0.0,0.0,106.0,668.639267608808
9.229423513513513,45.483454016393445,1,11,52,0,0,0,0,0,0,0,0,0,1,0.9213386816358663,0,0,0,0,0,207,0,1,1,0,0,0,2,10,18,0.0,0.0,0.03176344125922008,0,0,0,0,0,0,0,0,86,0.23851177879370086,0,0,0.4816188765348716,0,0,2,4,236.72250092987616,30.370758534903082,0.0,0.0,268.727248610783,0.0,946.8900037195046,0.0,0.0,1.0,86.0,0.6,0.0,0.0,106.0,669.2479728730448
9.229747297297298,45.483454016393445,1,12,52,0,0,1,0,0,0,0,0,0,1,0.9193947696942244,0,0,0,0,0,204,0,1,1,0,0,0,1,10,18,0.0,0.0,0.030837164657089043,0,0,0,0,0,0,0,0,81,0.25069288025548214,0,0,0.4893351024728753,0,0,2,4,222.0450371409552,44.68860103339775,2.0,0.0,461.49476066284524,462.46290814282753,898.2391404963394,0.0,0.0,1.0,86.0,0.6,0.0,0.0,106.0,668.6930814167274
9.23007108108108,45.483454016393445,1,13,52,0,0,0,0,0,0,0,0,0,1,0.918055118098918,0,0,0,0,0,209,0,0,0,0,0,0,1,9,18,0.0,0.0,0.028622710269678737,0,0,0,0,0,0,0,0,82,0.25620860707653265,0,0,0.4688741400562506,0,0,2,3,222.0450371409552,44.68860103339775,2.0,0.0,770.6902873512533,435.7762323535118,898.2391404963394,0.0,0.0,1.0,86.0,0.6,0.0,0.0,106.0,668.6745018606723
9.230394864864865,45.483454016393445,1,14,52,0,0,0,0,0,0,0,1,0,1,0.9170416042853061,0,0,0,0,0,213,0,0,0,0,0,0,1,8,18,0.0,0.0,0.027748595692892845,0,0,0,0,0,0,0,0,78,0.2625872038088609,0,0,0.49662430593989526,0,0,2,3,217.4518286757259,44.68860103339775,2.0,0.0,685.4251671961886,0.0,435.7762323535118,0.0,0.0,1.0,86.0,0.6,0.0,0.0,106.0,668.8114294062797
9.230718648648649,45.483454016393445,1,15,52,0,0,0,0,0,0,0,1,0,1,0.9120101782395,0,0,0,0,0,218,0,0,0,0,0,0,1,7,17,0.0,0.01531773749694592,0.027458404617028344,0,0,0,0,0,0,0,0,78,0.2626313729461146,0,0,0.4651511935848464,0,0,2,3,115.5160708205362,30.492528227211345,1.0,110.85909173334836,675.1748334851637,0.0,466.72126236933263,0.0,0.0,1.0,86.0,0.6,0.0,0.0,106.0,668.7989511968673
9.231042432432432,45.483454016393445,1,16,52,0,0,0,0,0,0,0,0,0,1,0.9045093358827624,0,0,0,0,0,223,0,0,0,0,0,0,2,7,17,0.0,0.05176690215784166,0.027458404617028344,0,0,0,0,0,0,0,0,68,0.26876316579694376,0,0,0.392477122813494,0,0,1,3,115.5160708205362,30.492528227211345,1.0,110.85909173334836,929.5041302827585,466.72126236933263,466.72126236933263,0.0,0.0,1.0,86.0,0.6,0.0,0.0,106.0,668.7287215788915
9.231366216216216,45.483454016393445,1,17,52,0,0,0,0,0,0,0,0,0,1,0.9008821779045654,0,0,0,0,0,237,0,0,0,0,0,0,2,8,17,0.0,0.06690043825526933,0.026155613206913647,0,0,0,0,0,0,0,0,69,0.2704642448593681,0,0,0.3621869171225956,0,0,0,3,97.8620656858025,30.492528227211345,1.0,110.85909173334836,1024.0278463405907,0.0,378.4512366956642,0.0,0.0,1.0,86.0,0.6,0.0,0.0,106.0,669.1883253825217
9.23169,45.483454016393445,1,18,52,0,0,0,0,0,0,0,0,0,1,0.8984212549420658,0,0,0,0,3,251,0,0,0,0,0,0,2,9,17,0.0309180581163687,0.0575355946418053,0.023624143672118764,0,0,0,0,0,0,0,0,70,0.27433851131172077,0,0,0.3285939941364966,0,0,0,3,36.18189990397168,50.0,1.0,93.79038041007028,1004.1885488875289,0.0,376.5743183415616,0.0,0.0,1.0,86.0,0.6,0.0,0.0,106.0,670.1304628563385
9.232013783783783,45.483454016393445,1,19,52,0,0,0,0,0,0,0,0,0,1,0.8968818170653927,0,0,0,0,10,264,0,0,0,0,0,0,4,10,17,0.07807968417537907,0.04613941783663104,0.022034614843075853,0,0,0,0,0,0,0,0,81,0.277595529489835,0,0,0.32251769222545285,0,12,0,3,35.060036484854045,39.73815460642802,1.124734773264289,491.0663813428735,1090.260494361323,198.23339222515702,1156.7553334452666,0.0,0.0,1.0,86.0,0.6,0.0,0.0,106.0,669.1921901850972
9.232337567567567,45.483454016393445,1,20,52,0,1,0,0,0,0,0,1,0,1,0.8962531683970445,0,0,0,0,11,273,0,0,0,0,0,0,3,8,17,0.03768206131427319,0.033286516091472526,0.02320607933392115,0,0,0,0,0,0,0,0,84,0.27326163920909013,0,0,0.29781786724995585,4,12,0,3,38.25805910129009,39.73815460642802,1.124734773264289,491.0663813428735,1113.443480031085,512.9132929065089,1536.6107510255015,0.0,0.0,1.0,86.0,0.6,0.0,0.0,106.0,669.465750122195
9.23266135135135,45.483454016393445,1,21,52,0,1,0,0,0,0,0,3,0,0,0.8963776179558135,0,0,0,0,12,277,0,1,0,0,0,0,3,8,17,0.0,0.019162962589139746,0.02514714303930399,0,0,0,0,0,0,0,0,87,0.27357058725146005,0,0,0.58877395010514,0,0,0,3,41.290227741156365,39.32497564122652,1.2744358930276831,186.08716861461002,1048.8707675264534,0.0,681.0076139496739,0.0,0.0,1.0,86.0,0.6,0.0,0.0,106.0,669.4810214432205
9.232985135135134,45.483454016393445,1,22,52,0,1,1,0,0,0,3,3,0,1,0.8933824860406765,0,0,0,0,13,304,0,1,0,0,0,0,3,8,17,0.0,0.0038589220724440762,0.02514714303930399,0,0,0,0,0,0,0,0,88,0.2733467972171306,0,0,1.0091779587541636,0,4,0,2,43.83229729005785,39.71667413059117,1.1524643850153795,442.6033737629498,1312.6641487599836,162.65468061811998,1179.1916259691907,0.0,0.0,1.0,86.0,0.6,0.0,0.0,106.0,668.8287467655202
9.233308918918919,45.483454016393445,1,23,52,1,1,1,0,0,1,3,6,0,1,0.8906103162952003,0,0,0,0,12,322,0,1,1,0,0,0,3,8,17,0.0,0.0014614813696760078,0.02514714303930399,0,0,0,0,0,0,0,0,93,0.2669544948694591,0,0,1.1477897466150058,0,4,0,2,38.55676301228115,37.59002572508924,1.1829644645468673,461.19454617084034,1606.9113114849129,218.03432485886447,1196.7462633572493,0.0,0.0,1.0,86.0,0.6,0.0,0.0,106.0,669.29222370964
9.233632702702701,45.483454016393445,1,24,52,1,1,1,0,0,0,3,6,0,1,0.8965146644239759,0,0,0,0,6,329,0,1,1,0,0,0,3,8,18,0.0,0.002002759812236124,0.02514714303930399,0,0,0,0,0,0,0,1,93,0.25703392792295143,0,0,1.134954356822088,0,4,0,1,34.11435433533968,37.466729190153536,1.1524763892293994,236.92315024096305,1539.001713242307,212.96456934252882,752.3931254838874,0.0,0.0,1.0,86.0,0.6,0.0,0.0,106.0,669.4546616140999
9.233956486486486,45.483454016393445,1,25,52,0,1,1,0,0,0,0,8,0,1,0.8778153647991571,0,0,0,0,1,335,0,1,1,0,0,0,3,8,16,0.0,0.001262082791183431,0.02514714303930399,0,0,0,0,0,0,0,1,89,0.2456856169357544,0,0,1.0345455683508256,0,4,0,2,42.39429724854209,38.22550526877116,1.8,320.10941933411016,1640.3194632891905,0.0,739.7480118794421,0.0,0.0,1.0,86.0,0.6,0.0,0.0,106.0,669.7246950527184
9.23428027027027,45.483454016393445,1,26,52,0,1,0,0,0,0,0,5,0,0,0.8484395688699234,0,0,1,0,1,330,0,1,1,0,0,0,2,8,16,0.0,0.0,0.02514714303930399,0,0,0,0,0,0,0,1,89,0.23483859793436077,0,0,1.3486423531533662,0,8,0,2,19.03728695567811,38.38077233417905,1.6666666666666667,260.6389198661925,1711.9169774307545,382.544249931915,500.8525583609319,0.0,0.0,1.0,86.0,0.6,0.0,0.0,106.0,673.112071902083
9.234604054054053,45.483454016393445,1,27,52,0,0,0,0,0,0,0,2,0,1,0.8076332765980511,0,0,1,0,0,321,0,1,1,0,0,0,2,8,16,0.0,0.0,0.024604626161849986,0,0,0,0,0,0,1,1,86,0.2248198841454608,0,0,1.0352193694450287,0,0,0,3,50.05937050392078,37.115485225653096,1.6666666666666667,337.8299702085575,1528.3954855801328,0.0,713.4168103737791,0.0,0.0,1.0,86.0,0.6,0.0,0.0,106.0,669.838995480528
9.234927837837837,45.483454016393445,1,28,52,0,0,0,0,0,0,0,0,0,1,0.7550124147180639,0,0,1,0,0,311,0,1,1,0,0,0,2,8,15,0.0,0.0,0.02392980240066069,0,0,0,0,0,0,1,1,76,0.21153550844240449,0,0,0.9725549580900001,0,0,0,6,141.0011958616781,30.627869978025622,1.0,141.7271134364947,1237.8724303758938,0.0,563.2788658718957,0.0,0.0,1.0,86.0,0.6,0.0,0.0,106.0,668.925841846548
9.235251621621622,45.483454016393445,1,29,52,0,0,0,0,0,0,0,0,0,1,0.7078188344201788,0,0,1,0,0,305,0,1,1,0,0,0,2,8,14,0.0,0.0,0.02254734767878729,0,0,0,0,0,0,0,1,71,0.1977778895125245,0,0,1.3521271130988084,0,0,0,6,141.0011958616781,30.627869978025622,1.0,141.7271134364947,1344.271141394274,282.3146324111244,563.2788658718957,0.0,0.0,1.0,86.0,0.6,0.0,0.0,106.0,668.6444533806434
9.235575405405404,45.483454016393445,1,30,52,0,0,0,0,0,0,0,0,0,1,0.6631906066506166,0,0,1,0,0,301,0,1,1,0,0,0,1,8,14,0.0,0.0,0.02009864275116151,0,0,0,0,0,0,0,1,68,0.18615016919136898,0,0,1.742124199777286,0,0,0,5,141.0011958616781,30.627869978025622,1.0,141.7271134364947,1266.5420074273607,563.2788658718957,563.2788658718957,0.0,6.089965508056717,1.0,86.0,0.6,0.0,0.0,106.0,667.8715934999099
9.235899189189189,45.483454016393445,1,31,52,0,0,0,0,0,0,0,0,0,1,0.6168907734711203,0,0,1,0,0,294,0,1,1,0,0,0,1,7,13,0.0,0.0,0.015893916270735133,0,0,0,0,0,0,0,0,62,0.1726161268160728,0,2,1.6156272665257934,0,5,0,5,31.00470178087743,30.14743135210795,1.0,160.75622312807545,987.7813900475022,280.96423346077125,614.3613213938604,0.0,45.451384567526425,1.0,86.0,0.6,0.0,0.0,106.0,667.0609385248301
9.236222972972971,45.483454016393445,1,32,52,0,0,0,0,0,0,0,0,0,1,0.5694219657882567,0,0,0,0,0,282,0,1,1,0,0,0,1,7,12,0.0,0.0,0.012233327764820386,0,0,0,0,0,0,0,0,54,0.1635614050526666,0,3,1.8863343968060111,0,17,0,5,17.353250290847786,30.040829885202886,1.0639866678154604,380.4534455675848,1141.2074257852603,0.0,1077.2195788636297,0.0,78.83736587579017,1.0,86.0,0.6,0.0,0.0,106.0,666.8082352769734
9.236546756756756,45.483454016393445,1,33,52,0,0,0,0,0,0,0,0,0,1,0.5212767723449561,0,0,0,0,1,263,1,1,1,0,0,0,1,7,12,0.0,0.0,0.010107797999952798,0,0,0,0,0,0,0,0,45,0.15272194313032234,0,3,1.7850428544750725,8,16,0,5,14.91063025469223,30.021667906622834,1.0511893342523682,342.9644864738645,967.4000573686164,350.2334091845004,1058.634757467205,0.0,196.73911837008703,1.0,86.0,0.6,0.0,0.0,106.0,667.0258717837311
9.23687054054054,45.483454016393445,1,34,52,0,0,0,0,0,0,0,5,0,1,0.47296784748467946,1,0,0,0,2,249,1,1,1,0,0,0,0,5,11,0.0,0.0,0.00926038835726533,0,0,0,0,0,0,0,0,39,0.14265346468071718,0,3,1.9203289177982572,0,12,0,5,16.09254916857558,30.02188260992468,1.0903341192688851,265.15580950706516,952.3360904064991,0.0,684.3045914388939,0.0,225.87729469783852,1.0,86.0,0.6,0.0,0.0,106.0,667.6063479235844
9.237194324324323,45.483454016393445,1,35,52,0,0,0,0,0,0,2,8,0,1,0.42501876993291693,1,0,0,0,4,232,0,1,1,0,0,0,0,5,10,0.0,0.0,0.008326958757363945,0,0,0,1,0,0,0,0,34,0.13386920329749483,0,3,2.3067888923175186,0,8,0,5,15.449421353400364,30.086184568741455,1.0,54.54721884735743,737.1136713817516,94.38449553872891,764.2721128828618,0.0,144.27644104172504,1.0,86.0,0.6,0.0,0.0,106.0,668.4536997881
9.237518108108107,45.483454016393445,1,36,52,0,0,0,0,0,1,4,10,0,0,0.3781789180270955,1,0,0,0,5,213,0,1,1,0,0,0,0,5,10,0.0,0.0,0.007588463897063367,0,0,0,1,0,0,0,0,31,0.12430826924362302,0,3,1.7952797876207534,4,8,0,5,15.737403841334443,30.086184568741455,1.0,54.54721884735743,492.64189928236937,157.03987102572722,779.5351847433682,0.0,79.20549902584501,1.0,86.0,0.6,0.0,0.0,106.0,670.482565234159
9.225861891891892,45.483679426229514,1,0,53,0,0,0,0,0,0,0,0,0,1,0.8323282549624726,0,0,1,0,0,54,0,0,1,0,0,0,2,5,13,0.0,0.0,0.02071585576233376,0,0,0,0,0,0,0,0,23,0.12745444663730834,0,0,1.6217717941363605,0,0,1,3,28.56336444662606,30.370758534903082,0.0,0.0,387.97851273952443,0.0,0.0,0.0,0.0,1.0,86.0,0.6,0.0,0.0,106.0,671.3634231794804
9.226185675675676,45.483679426229514,1,1,53,0,0,0,0,0,0,0,0,0,1,0.875519532336207,0,0,1,0,0,65,0,0,1,0,0,0,2,5,13,0.0,0.06327677698439277,0.022908892142958697,1,0,0,0,0,0,0,0,30,0.1330834835166981,0,0,1.915530768559286,0,0,1,3,103.42510859653017,30.69758103355784,1.0,157.62643764481803,488.59340067301355,0.0,980.0497569170138,0.0,0.0,1.0,86.0,0.6,0.0,0.0,106.0,669.8159864594516
9.226509459459459,45.483679426229514,1,2,53,0,0,0,0,0,0,0,0,0,1,0.9002950470014153,0,0,1,0,0,76,0,0,1,0,0,0,2,5,15,0.08880158630234158,0.1656282128182246,0.024741641620292187,1,0,0,0,0,0,0,0,38,0.1450201631961083,0,0,2.280019056940902,0,0,1,3,69.48708156131961,30.69758103355784,1.0,157.62643764481803,488.59340067301355,980.0497569170138,1023.6539488976155,0.0,0.0,1.0,86.0,0.6,0.0,0.0,106.0,669.2701081293587
9.226833243243243,45.483679426229514,1,3,53,0,0,0,0,0,0,0,0,0,1,0.9233063592154671,0,0,1,0,0,84,0,0,1,0,0,1,2,5,17,0.34075140370556817,0.26875590071348493,0.02624315977538087,0,0,0,0,0,0,0,0,42,0.1552374175288604,0,0,3.488274234427631,0,0,1,5,45.934072737282946,30.69758103355784,1.0,157.62643764481803,764.0227557602094,69.1293527972358,1082.5935262618214,0.0,12.766056144386978,1.0,86.0,0.6,0.0,0.0,106.0,667.3148459499205
9.227157027027028,45.483679426229514,1,4,53,0,0,0,0,0,0,0,0,0,1,0.9395917090331493,0,0,1,0,0,97,0,0,1,0,0,1,2,5,17,0.5720914623703957,0.2998914819324024,0.02744594634190474,0,0,0,0,0,0,0,0,55,0.16625590557293057,0,0,5.042027932191549,0,0,1,6,7.764642077163377,30.370758534903082,0.0,0.0,771.6478927981894,0.0,357.17353554951535,0.0,12.766056144386978,1.0,86.0,0.6,0.0,0.0,106.0,667.4753026564358
9.22748081081081,45.483679426229514,1,5,53,0,0,0,0,0,0,0,0,0,1,0.938908334255757,0,0,1,0,0,111,0,0,1,0,0,1,1,6,17,0.49084015456394925,0.2945237623185798,0.02868812277338473,0,0,0,0,0,0,0,0,65,0.17689182844613813,0,0,3.6593447078185815,0,0,1,5,18.88543181685849,30.370758534903082,0.0,0.0,737.0817079705789,76.77203203159276,528.7920908720376,0.0,12.766056144386978,1.0,86.0,0.6,0.0,0.0,106.0,667.4958380403137
9.227804594594595,45.483679426229514,1,6,53,0,0,0,0,0,0,0,0,0,1,0.9335465859897191,0,0,1,0,0,125,0,0,1,0,0,1,1,6,17,0.23488253352065697,0.22694370579571851,0.02959326436499947,0,0,0,0,0,0,0,0,74,0.18793174605991048,0,0,1.7238124877211718,0,0,1,5,125.08182475527958,30.780402087204386,1.0,176.51582001248497,1127.2580674771154,394.9680717909972,949.2206027850312,0.0,8.951777953568882,1.0,86.0,0.6,0.0,0.0,106.0,666.8056812627422
9.228128378378377,45.483679426229514,1,7,53,0,0,0,0,0,0,0,0,0,1,0.9284837355043017,0,0,1,0,0,134,0,0,1,0,0,0,1,6,17,0.013245281011384068,0.12429139991819133,0.029098806448203104,0,0,0,0,0,0,0,0,77,0.1961417862058279,0,0,1.4721551039305687,0,0,0,4,156.75543226669393,30.780402087204386,1.0,176.51582001248497,869.1761483466499,525.8041340633753,920.7722058543725,0.0,0.0,1.0,86.0,0.6,0.0,0.0,106.0,667.3928164349346
9.228452162162162,45.483679426229514,1,8,53,0,0,0,0,0,0,0,0,0,1,0.9238607820160407,0,0,1,0,0,144,0,0,1,0,0,0,1,6,17,0.0,0.028747682028510586,0.028303085792372437,0,0,0,0,0,0,0,0,78,0.2026278006948606,0,0,0.7548869909593751,0,0,0,4,262.0555049702167,30.370758534903082,0.0,0.0,744.5889579837115,0.0,1048.2220198808668,0.0,0.0,1.0,86.0,0.6,0.0,0.0,106.0,668.1764357913584
9.228775945945946,45.483679426229514,1,9,53,0,0,0,0,0,0,0,0,0,1,0.9202176827797041,0,0,0,0,0,167,0,0,1,0,0,0,1,6,17,0.0,0.0,0.027193191722329556,0,0,0,0,0,0,0,0,81,0.20999176738698086,0,0,0.4047251943097601,0,0,0,4,249.91574684643714,31.07073656506936,1.0,242.73375283801727,427.56714413501254,522.4178858174915,1006.8449813941687,0.0,0.0,1.0,86.0,0.6,0.0,0.0,106.0,668.9637862848101
9.229099729729729,45.483679426229514,1,10,53,0,0,1,0,0,0,0,0,0,1,0.9171163345706614,0,0,0,0,1,183,0,0,1,0,0,0,1,7,17,0.0,0.0,0.02598005126028262,0,0,0,0,0,0,0,0,84,0.22118642291241736,0,0,0.5610019087996791,0,0,1,4,249.91574684643714,31.07073656506936,1.0,242.73375283801727,427.56714413501254,484.4270955766771,1006.8449813941687,0.0,0.0,1.0,86.0,0.6,0.0,0.0,106.0,668.749121658095
9.229423513513513,45.483679426229514,1,11,53,0,0,1,0,0,0,0,0,0,1,0.9142423756199309,0,0,0,0,1,183,0,0,1,0,0,0,2,10,18,0.0,0.0,0.02552154261266013,0,0,0,0,0,0,0,0,86,0.23369569047387942,0,0,0.5898573403280288,0,0,2,4,236.72250092987616,30.370758534903082,0.0,0.0,242.73375283801727,0.0,946.8900037195046,0.0,0.0,1.0,86.0,0.6,0.0,0.0,106.0,669.4058679314318
9.229747297297298,45.483679426229514,1,12,53,0,0,1,0,0,0,0,0,0,1,0.9115802775744822,0,0,0,0,1,192,0,0,0,0,0,0,1,9,17,0.0,0.0,0.024937802526478297,0,0,0,0,0,0,0,0,84,0.2453818727482308,0,0,0.5866971761651145,0,0,2,4,222.0450371409552,44.68860103339775,2.0,0.0,368.69936840620556,462.46290814282753,898.2391404963394,0.0,0.0,1.0,86.0,0.6,0.0,0.0,106.0,669.8889299394444
9.23007108108108,45.483679426229514,1,13,53,0,0,1,0,0,0,0,0,0,1,0.9091278861656895,0,0,0,0,0,195,0,0,0,0,0,0,1,9,17,0.0,0.0,0.023911351770631414,0,0,0,0,0,0,0,0,86,0.25149247474663605,0,0,0.6263681334650345,0,0,2,3,222.0450371409552,44.68860103339775,2.0,0.0,535.1808051157459,435.7762323535118,898.2391404963394,0.0,0.0,1.0,86.0,0.6,0.0,0.0,106.0,669.9964717915711
9.230394864864865,45.483679426229514,1,14,53,0,0,0,0,0,0,0,0,0,1,0.9068438974014726,0,0,0,0,0,202,0,0,0,0,0,0,1,7,17,0.0,0.0,0.025193323226483433,0,0,0,0,0,0,0,0,81,0.25754472617472696,0,0,0.48667990323146504,0,0,2,3,217.8881161767559,30.370758534903082,0.0,0.0,462.40854991348436,0.0,435.7762323535118,0.0,0.0,1.0,86.0,0.6,0.0,0.0,106.0,669.8203303755369
9.230718648648649,45.483679426229514,1,15,53,0,0,0,0,0,0,0,0,0,1,0.9014115002305713,0,0,0,0,0,207,0,0,0,0,0,0,1,7,17,0.0,0.0,0.026725381147388032,0,0,0,0,0,0,0,0,77,0.2611569692420372,0,0,0.6645971365922742,0,0,1,3,115.5160708205362,30.492528227211345,1.0,110.85909173334836,743.3404626528908,0.0,466.72126236933263,0.0,0.0,1.0,86.0,0.6,0.0,0.0,106.0,668.6682361430508
9.231042432432432,45.483679426229514,1,16,53,0,0,0,0,0,0,0,0,0,1,0.8937866504192252,0,0,0,0,0,212,0,0,0,0,0,0,1,7,17,0.0,0.0,0.027380370967789634,0,0,0,0,0,0,0,0,71,0.2650623774549392,0,0,0.6256232989615536,0,0,0,3,115.5160708205362,30.492528227211345,1.0,110.85909173334836,929.334434663059,217.14458143787152,466.72126236933263,0.0,0.0,1.0,86.0,0.6,0.0,0.0,106.0,668.6920432865536
9.231366216216216,45.483679426229514,1,17,53,0,0,0,0,0,0,0,0,0,1,0.8897128642475153,0,0,0,0,0,217,0,0,0,0,0,0,1,7,17,0.0,0.015652289511403412,0.02588912216645135,0,0,0,0,0,0,0,0,73,0.2655320481963403,0,0,0.5874200970745658,0,0,0,3,109.33455772373996,30.492528227211345,1.0,110.85909173334836,1004.1885488875289,0.0,217.14458143787152,0.0,0.0,1.0,86.0,0.6,0.0,0.0,106.0,669.1110341621476
9.23169,45.483679426229514,1,18,53,0,0,0,0,0,0,0,0,0,1,0.887352449236742,0,0,0,0,0,228,0,0,0,0,0,0,1,8,17,0.0,0.036357030602638715,0.022188427341855704,0,0,0,0,0,0,0,0,70,0.2686090599833477,0,0,0.3574101367749577,0,0,0,3,100.50117925340255,30.45925426896453,1.0,103.27014553505067,1147.4461769389184,0.0,198.23339222515702,0.0,0.0,1.0,86.0,0.6,0.0,0.0,106.0,669.8303262096504
9.232013783783783,45.483679426229514,1,19,53,0,0,0,0,0,0,0,0,0,1,0.8859104374565495,0,0,0,0,0,238,0,0,0,0,0,0,1,8,17,0.0,0.029966202481070233,0.020328738162139138,0,0,0,0,0,0,0,0,78,0.2702763009253127,0,0,0.3354379693216792,0,4,0,3,37.33371529895455,30.166485624309363,1.0,109.49112295256683,1165.101749934262,198.23339222515702,898.5191901192063,0.0,0.0,1.0,86.0,0.6,0.0,0.0,106.0,670.1502960738916
9.232337567567567,45.483679426229514,1,20,53,0,1,0,0,0,0,0,1,0,1,0.8853461974736889,0,0,0,0,2,248,0,0,0,0,0,0,3,7,17,0.0,0.020467047386746446,0.020443492657100572,0,0,0,0,0,0,0,0,84,0.2680680761344927,0,0,0.34093720150351003,0,4,0,3,41.27785353796879,35.12486421823202,1.0,179.96635502531916,1170.98672186294,0.0,728.1464228099942,0.0,0.0,1.0,86.0,0.6,0.0,0.0,106.0,670.2800787682888
9.23266135135135,45.483679426229514,1,21,53,0,1,0,0,0,0,0,3,0,1,0.883910275179745,0,0,0,0,8,248,0,1,0,0,0,0,3,8,17,0.0,0.009078074672262917,0.022620861616508153,0,0,0,0,0,0,0,0,82,0.26861625375954173,0,0,0.463253852558943,0,4,0,3,53.55183208305438,36.778581025045796,1.1960256378769165,405.3126555131975,1233.4602021382473,0.0,933.4831465631619,0.0,0.0,1.0,86.0,0.6,0.0,0.0,106.0,669.5021264733081
9.232985135135134,45.483679426229514,1,22,53,1,1,1,0,0,0,3,4,0,1,0.879154810197259,0,0,0,0,11,262,0,1,0,0,0,0,3,8,17,0.0,0.0,0.024063959947612946,0,0,0,0,0,0,0,0,88,0.26596268547410457,0,0,0.6827909514938164,4,4,0,3,43.83229729005785,39.71667413059117,1.1524643850153795,442.6033737629498,1403.0914542938772,933.4831465631619,1179.1916259691907,0.0,0.0,1.0,86.0,0.6,0.0,0.0,106.0,670.1663555787986
9.233308918918919,45.483679426229514,1,23,53,1,1,1,0,0,0,4,6,0,0,0.876467747327419,0,0,0,0,12,263,0,1,1,0,0,0,3,8,16,0.0,0.0,0.025086608526665194,0,0,0,0,0,0,0,0,91,0.2603284929220833,0,0,0.829602432134157,0,12,0,0,35.18883271240825,37.08870927359285,1.1444456299054215,670.1913351775946,1678.7110077318125,0.0,1757.8381219785742,0.0,0.0,1.0,86.0,0.6,0.0,0.0,106.0,668.7139972675554
9.233632702702701,45.483679426229514,1,24,53,1,1,1,0,0,0,6,8,0,1,0.880374179060922,0,0,0,0,13,293,0,1,1,0,0,0,3,8,15,0.0,0.0,0.02514714303930399,0,0,0,0,0,0,0,1,98,0.2480228342537287,0,0,0.8136366954362838,4,8,0,0,22.911813656252466,39.20757868373416,1.0857679689415372,372.831130566852,1412.3286541992843,292.0157142454366,772.7595522457713,0.0,0.0,1.0,86.0,0.6,0.0,0.0,106.0,668.411984780873
9.233956486486486,45.483679426229514,1,25,53,0,1,1,0,0,0,3,8,0,1,0.8571867079537622,0,0,0,0,9,310,1,1,1,0,0,0,2,8,15,0.0,0.0,0.02514714303930399,0,0,0,0,0,0,0,1,99,0.23824033332935982,0,0,0.853873996725155,0,20,0,0,16.480098953694966,39.91645123962267,1.4611133621746413,586.8889232715748,1555.134444533624,106.46900001879548,1011.680675236837,0.0,0.0,1.0,86.0,0.6,0.0,0.0,106.0,669.1442975874543
9.23428027027027,45.483679426229514,1,26,53,0,1,0,0,0,0,1,5,0,1,0.8253813879973682,0,0,1,0,2,317,1,1,1,0,0,0,2,8,15,0.0,0.0,0.025033219161712823,0,0,0,0,0,0,1,1,97,0.22644250748946257,0,0,0.9586648381551319,8,28,0,0,14.424108740902764,42.966113148019666,1.4705882352941178,558.3404347789932,1556.556080185323,482.5952263715733,1489.8830064291992,0.0,0.0,1.0,86.0,0.6,0.0,0.0,106.0,667.5981440796166
9.234604054054053,45.483679426229514,1,27,53,0,0,0,0,0,0,0,7,0,1,0.7888085430547622,0,0,1,0,0,308,0,1,1,0,0,0,2,8,15,0.0,0.0,0.0241014752234669,0,0,0,0,0,0,1,1,94,0.21725630318274206,0,0,0.8093973822211125,0,20,0,0,18.936516444664225,42.04017572862806,1.48,454.6000892546836,1325.860061213956,282.3146324111244,1420.1150387670748,0.0,0.0,1.0,86.0,0.6,0.0,0.0,106.0,667.4008910908761
9.234927837837837,45.483679426229514,1,28,53,0,0,0,0,0,0,0,4,0,1,0.7471334091406374,0,0,1,0,4,302,0,1,1,0,0,0,2,8,14,0.0,0.0,0.022570264816032554,0,0,0,0,0,0,1,1,88,0.20222423687537114,0,0,1.2310261585624627,0,0,0,0,141.0011958616781,30.627869978025622,1.0,141.7271134364947,1148.956549710353,563.2788658718957,563.2788658718957,0.0,0.0,1.0,86.0,0.6,0.0,0.0,106.0,667.7647620466781
9.235251621621622,45.483679426229514,1,29,53,0,0,0,0,0,0,0,3,0,1,0.6961375955213316,0,1,1,0,5,295,0,1,1,0,0,0,0,8,13,0.0,0.0,0.02025641404298233,0,0,0,0,0,0,0,1,79,0.1898954582558625,0,0,1.7562011253511827,0,0,0,3,141.0011958616781,30.627869978025622,1.0,141.7271134364947,1371.1481180615615,280.96423346077125,563.2788658718957,0.0,15.963978004623348,1.0,86.0,0.6,0.0,0.0,106.0,667.6850966999052
9.235575405405404,45.483679426229514,1,30,53,0,0,0,0,0,0,0,0,0,1,0.6459010790881863,0,0,1,0,2,289,0,1,1,0,0,0,0,8,13,0.0,0.0,0.016401083154512257,0,0,0,0,0,0,0,1,71,0.17811181373014606,0,0,1.7079889754573334,0,0,0,4,141.0011958616781,30.627869978025622,1.0,141.7271134364947,1354.2888978089102,0.0,563.2788658718957,0.0,74.9811466345633,1.0,86.0,0.6,0.0,0.0,106.0,667.7278355533671
9.235899189189189,45.483679426229514,1,31,53,0,0,0,0,0,0,0,2,0,1,0.600137502668868,0,0,1,0,0,282,0,1,1,0,0,0,0,7,13,0.0,0.0,0.012684870084163677,0,0,0,0,0,0,0,0,61,0.16574984847834143,0,3,1.867541060957279,0,0,0,5,140.897115632422,30.627869978025622,1.0,141.7271134364947,1126.8580033419498,0.0,280.96423346077125,0.0,174.13487361555013,1.0,86.0,0.6,0.0,0.0,106.0,666.2953357657251
9.236222972972971,45.483679426229514,1,32,53,0,0,0,0,0,0,0,2,0,1,0.553435243456634,0,0,1,0,0,263,0,1,1,0,0,0,0,7,12,0.0,0.0,0.01020288574327993,0,0,0,0,0,0,0,0,51,0.1573629527089321,0,3,2.2896608722203142,0,0,0,5,60.730461040840524,30.0,1.383920006892762,149.6456610831318,875.9176046557449,0.0,336.1980272435924,0.0,333.8889676868488,1.0,86.0,0.6,0.0,0.0,106.0,664.8614935157304
9.236546756756756,45.483679426229514,1,33,53,0,0,1,0,0,0,0,3,0,1,0.5058333654506354,0,0,1,0,1,249,0,1,1,0,0,0,0,6,12,0.0,0.0,0.008719304445832417,0,0,0,0,0,0,0,0,45,0.1474877049962162,0,3,1.995132605122171,0,0,0,5,49.98790702676321,30.0,1.383920006892762,149.6456610831318,805.534381405421,336.1980272435924,350.2334091845004,0.0,381.2846151884338,1.0,86.0,0.6,0.0,0.0,106.0,663.9812415780884
9.23687054054054,45.483679426229514,1,34,53,0,0,1,0,0,0,0,5,0,1,0.4576269621109423,1,0,0,0,2,236,0,1,1,0,0,0,0,5,10,0.0,0.0,0.007786598094034779,0,0,0,0,0,0,0,0,39,0.13731555349262148,0,3,1.895029623838588,0,0,0,5,54.84118310879436,30.0,1.383920006892762,149.6456610831318,780.713917223544,0.0,508.4485362224005,0.0,337.90920860894914,1.0,86.0,0.6,0.0,0.0,106.0,667.1135022622225
9.237194324324323,45.483679426229514,1,35,53,0,0,0,0,0,0,3,6,0,1,0.4097521769030344,1,0,0,0,7,224,0,1,1,0,0,0,0,5,10,0.0,0.0,0.007286772569080116,0,0,0,0,0,0,0,0,33,0.13043936112405072,0,3,1.9559669050936024,0,0,0,5,24.762080541563684,30.370758534903082,0.0,0.0,705.7617146315763,158.21512703790017,643.8140940806558,0.0,242.53828188519438,1.0,86.0,0.6,0.0,0.0,106.0,667.9762986523639
9.237518108108107,45.483679426229514,1,36,53,0,0,0,0,0,1,5,8,0,0,0.3631084619841405,1,0,0,0,6,212,0,1,1,0,0,0,0,4,10,0.0,0.0,0.007053888334919262,0,0,0,0,0,0,0,0,27,0.12057853126352006,0,3,2.4790064719856906,0,4,0,4,19.700342208114385,30.086184568741455,1.0,54.54721884735743,383.88434982437093,177.25171278461937,674.3654428528749,0.0,186.1942107758922,1.0,86.0,0.6,0.0,0.0,106.0,669.438938058039
9.225861891891892,45.48390483606558,1,0,54,0,0,1,0,0,0,0,0,0,1,0.8078405018736505,0,0,1,0,0,42,0,0,1,0,0,0,2,4,12,0.0,0.0,0.016653609797062666,0,0,0,0,0,0,0,0,25,0.12483567273929742,0,0,1.9058748333474695,0,0,1,1,28.56336444662606,30.370758534903082,0.0,0.0,318.0757508981126,0.0,0.0,0.0,0.0,1.0,86.0,0.6,0.0,0.0,106.0,671.0677965185894
9.226185675675676,45.48390483606558,1,1,54,0,0,1,0,0,0,0,0,0,1,0.8509212359735476,0,0,1,0,0,49,0,0,1,0,0,0,2,5,12,0.0,0.02651642000346271,0.018269434045424277,0,0,0,0,0,0,0,0,29,0.13187605088824142,0,0,2.0532141269975903,0,0,1,1,188.8239893027906,30.69758103355784,1.0,157.62643764481803,318.0757508981126,0.0,786.4935088691349,0.0,0.0,1.0,86.0,0.6,0.0,0.0,106.0,670.1423506080671
9.226509459459459,45.48390483606558,1,2,54,0,0,0,0,0,0,0,0,0,1,0.8751183578911599,0,1,1,0,0,60,0,0,1,0,0,0,2,5,12,0.009022924733016576,0.09374317246565951,0.02038246803750615,0,0,0,0,0,0,0,0,36,0.14191434944017797,0,0,2.6608703661109994,0,0,1,2,87.86783724688924,30.69758103355784,1.0,157.62643764481803,416.9892859728235,786.4935088691349,984.6554465647419,0.0,12.766056144386978,1.0,86.0,0.6,0.0,0.0,106.0,670.1191280565954
9.226833243243243,45.48390483606558,1,3,54,0,0,0,0,0,0,0,0,0,1,0.8967545402708013,0,1,1,0,0,71,0,0,1,0,0,0,2,5,15,0.09654918101860559,0.17526405617813492,0.022086652491597213,0,0,0,0,0,0,0,0,44,0.15250410667350311,0,0,3.5018568483423107,0,0,1,2,69.48708156131961,30.69758103355784,1.0,157.62643764481803,593.5051059853084,0.0,1023.6539488976155,0.0,12.766056144386978,1.0,86.0,0.6,0.0,0.0,106.0,668.1125306316869
9.227157027027028,45.48390483606558,1,4,54,0,0,0,0,0,0,0,0,0,1,0.9142081588375651,0,1,1,0,0,82,0,0,1,0,0,0,1,5,16,0.1619786361379515,0.2222674529084402,0.02335991323410474,0,0,0,0,0,0,0,0,53,0.16229507329886314,0,0,4.893166799021328,0,0,1,4,28.56336444662606,30.370758534903082,0.0,0.0,775.753005993559,0.0,0.0,0.0,12.766056144386978,1.0,86.0,0.6,0.0,0.0,106.0,667.6978568671667
9.22748081081081,45.48390483606558,1,5,54,0,0,0,0,0,0,0,0,0,1,0.9128388929372638,0,1,1,0,0,94,0,0,1,0,0,0,1,6,16,0.14977683343327547,0.21165666498007657,0.024319853314746145,0,0,0,0,0,0,0,0,66,0.17191428333421682,0,0,3.2373284379509504,0,0,1,4,70.56941145360933,30.370758534903082,0.0,0.0,775.753005993559,0.0,423.416468721656,0.0,12.766056144386978,1.0,86.0,0.6,0.0,0.0,106.0,667.8839291275137
9.227804594594595,45.48390483606558,1,6,54,0,0,0,0,0,0,0,0,0,1,0.906763738468483,0,1,1,0,0,107,0,0,1,0,0,0,1,6,16,0.05756794209432519,0.1417569783018214,0.025462540080672037,0,0,0,0,0,0,0,0,72,0.18362742483112265,0,0,2.3650470262197847,0,0,1,4,156.75543226669393,30.780402087204386,1.0,176.51582001248497,958.4929270639291,346.64443669006323,920.7722058543725,0.0,12.766056144386978,1.0,86.0,0.6,0.0,0.0,106.0,667.2057003654882
9.228128378378377,45.48390483606558,1,7,54,0,0,0,0,0,0,0,0,0,1,0.9022108558670565,0,0,1,0,0,119,0,0,1,0,0,0,1,6,16,0.0,0.06415298599944055,0.025213678710245914,0,0,0,0,0,0,0,0,74,0.19016944689206108,0,0,1.4444766313839899,0,0,1,4,209.79287815318472,30.780402087204386,1.0,176.51582001248497,809.1840607036213,525.8041340633753,872.4485707534386,0.0,12.766056144386978,1.0,86.0,0.6,0.0,0.0,106.0,667.484754802611
9.228452162162162,45.48390483606558,1,8,54,0,0,0,0,0,0,0,0,0,1,0.8985733317475425,0,0,1,0,0,126,0,0,1,0,0,0,1,6,16,0.0,0.00825257953240012,0.024415619045856835,0,0,0,0,0,0,0,0,76,0.1955652691657442,0,0,0.9529931373086381,0,0,0,4,262.0555049702167,30.370758534903082,0.0,0.0,846.1183475451035,0.0,1048.2220198808668,0.0,0.0,1.0,86.0,0.6,0.0,0.0,106.0,668.728492489239
9.228775945945946,45.48390483606558,1,9,54,0,0,0,0,0,0,0,0,0,1,0.8951237097397701,0,0,0,0,0,143,0,0,1,0,0,0,1,6,16,0.0,0.0,0.0230983634673428,0,0,0,0,0,0,0,0,77,0.20198676373991148,0,0,0.499524448771933,0,0,1,4,249.91574684643714,31.07073656506936,1.0,242.73375283801727,846.1183475451035,522.4178858174915,1006.8449813941687,0.0,0.0,1.0,86.0,0.6,0.0,0.0,106.0,668.8681820918518
9.229099729729729,45.48390483606558,1,10,54,0,0,1,0,0,0,0,0,0,1,0.8919166619053371,0,0,0,0,2,156,0,0,1,0,0,0,1,5,16,0.0,0.0,0.02190049145172214,0,0,0,0,0,0,0,0,81,0.21315483336083896,0,0,0.5674364590998197,0,0,1,4,249.91574684643714,31.07073656506936,1.0,242.73375283801727,696.7794953792546,484.4270955766771,1006.8449813941687,0.0,0.0,1.0,86.0,0.6,0.0,0.0,106.0,669.1665752388692
9.229423513513513,45.48390483606558,1,11,54,0,0,1,0,0,0,0,0,0,1,0.8889556886132435,0,0,0,0,2,167,0,0,1,0,0,0,1,8,16,0.0,0.0,0.021586734691774818,0,0,0,0,0,0,0,0,84,0.22604312647493377,0,0,0.5585797453649242,0,0,1,4,236.72250092987616,30.370758534903082,0.0,0.0,532.8316517818447,0.0,946.8900037195046,0.0,0.0,1.0,86.0,0.6,0.0,0.0,106.0,670.3849429566358
9.229747297297298,45.48390483606558,1,12,54,0,0,1,0,0,0,0,0,0,1,0.8862310235758839,0,0,0,0,0,180,0,0,0,0,0,0,0,7,17,0.0,0.0,0.021145883835112587,0,0,0,0,0,0,0,0,84,0.2357481769245356,0,0,0.6300865082952661,0,0,1,4,222.0450371409552,44.68860103339775,2.0,0.0,655.5474951842727,462.46290814282753,898.2391404963394,0.0,0.0,1.0,86.0,0.6,0.0,0.0,106.0,669.4733588132667
9.23007108108108,45.48390483606558,1,13,54,0,0,1,0,0,0,0,0,0,1,0.8837249806324667,0,0,0,0,0,183,0,0,0,0,0,0,1,7,17,0.0,0.0,0.02106014252060675,1,0,0,0,0,0,0,0,84,0.2411003640018615,0,0,0.6272401537716735,0,0,1,3,222.0450371409552,44.68860103339775,2.0,0.0,702.8674628566843,435.7762323535118,898.2391404963394,0.0,0.0,1.0,86.0,0.6,0.0,0.0,106.0,669.8321257455005
9.230394864864865,45.48390483606558,1,14,54,0,0,0,0,0,0,0,0,0,1,0.8814192427003193,0,0,0,0,0,188,0,0,0,0,0,0,1,6,17,0.0,0.0,0.022713904218181112,1,0,0,0,0,0,0,0,82,0.24684411994994127,0,0,0.8439582435726839,0,0,1,3,217.8881161767559,30.370758534903082,0.0,0.0,271.1609065978482,0.0,435.7762323535118,0.0,0.0,1.0,86.0,0.6,0.0,0.0,106.0,671.2566758730009
9.230718648648649,45.48390483606558,1,15,54,0,0,0,0,0,0,0,0,0,1,0.8769444242666996,0,0,0,0,0,196,0,0,0,0,0,0,1,6,17,0.0,0.0,0.024010295118621655,0,0,0,0,0,0,0,0,75,0.2533454057996238,0,0,0.6848648129955679,0,4,1,3,40.6046389005173,30.238266188760363,1.0,211.47347081380735,479.97503383122864,0.0,681.8285849975731,0.0,0.0,1.0,86.0,0.6,0.0,0.0,106.0,670.1861172870526
9.231042432432432,45.48390483606558,1,16,54,0,0,0,0,0,0,0,0,0,1,0.8698230809842921,0,0,0,0,0,197,0,0,0,0,0,0,1,6,17,0.0,0.0,0.02513875090120147,0,0,0,0,0,0,0,0,71,0.25823936009156795,0,0,1.0221878080886864,0,8,1,3,33.92657444017468,30.240694491353604,1.0,267.1110097707292,591.8200045480341,217.14458143787152,988.1722445157343,0.0,0.0,1.0,86.0,0.6,0.0,0.0,106.0,669.4925669192797
9.231366216216216,45.48390483606558,1,17,54,0,0,0,0,0,0,0,0,0,1,0.8654936777636353,0,0,0,0,0,204,0,0,0,0,0,0,1,6,17,0.0,0.0,0.02449603426387651,0,0,0,0,0,0,0,0,71,0.25975845983127727,0,0,0.8170311097383984,0,0,0,3,32.902910525267664,30.37146796446895,1.0,166.49663069027017,867.7712696390515,0.0,359.9499377140125,0.0,0.0,1.0,86.0,0.6,0.0,0.0,106.0,669.6101880873703
9.23169,45.48390483606558,1,18,54,0,0,0,0,0,0,0,0,0,1,0.862021998184869,0,0,0,0,0,203,0,0,0,0,0,0,1,6,17,0.0,0.0,0.021256815276806576,0,0,0,0,0,0,0,0,72,0.2600751676817167,0,0,0.8104534014965598,0,0,0,3,136.60266216285842,30.45925426896453,1.0,103.27014553505067,1033.7423667547555,0.0,579.7431652792415,0.0,0.0,1.0,86.0,0.6,0.0,0.0,106.0,669.9749450285613
9.232013783783783,45.48390483606558,1,19,54,0,1,0,0,0,0,0,0,0,1,0.8596919239674211,0,0,0,0,0,214,0,0,0,0,0,0,1,8,17,0.0,0.001584061063603523,0.01828118256353859,0,0,0,0,0,0,0,0,79,0.2615739566865285,0,0,0.5824335466494179,0,0,0,3,136.60266216285842,30.45925426896453,1.0,103.27014553505067,1154.8722312621026,579.7431652792415,579.7431652792415,0.0,71.72598965989252,1.0,86.0,0.6,0.0,0.0,106.0,669.6940216595895
9.232337567567567,45.48390483606558,1,20,54,0,1,0,0,0,0,0,0,0,1,0.8590075990497775,0,0,0,0,0,219,0,0,0,0,0,0,1,7,17,0.0,0.0009417132999830696,0.018837247037593506,0,0,0,0,0,0,0,0,82,0.2580805221544482,0,0,0.3417456652614306,0,0,0,3,136.60266216285842,30.45925426896453,1.0,103.27014553505067,1177.8625902911372,0.0,579.7431652792415,0.0,0.0,1.0,86.0,0.6,0.0,0.0,106.0,670.0669856506896
9.23266135135135,45.48390483606558,1,21,54,0,1,0,0,0,0,0,3,0,1,0.8554630438642917,0,0,0,0,0,236,0,1,0,0,0,0,3,7,16,0.0,0.0,0.02125785123071478,0,0,0,0,0,0,0,0,83,0.2570202676947794,0,0,0.3409914848104909,0,0,0,3,79.26775671140157,30.80024401036391,1.0,181.04125958332034,1233.4602021382473,0.0,849.4395776649002,0.0,0.0,1.0,86.0,0.6,0.0,0.0,106.0,670.0033523609691
9.232985135135134,45.48390483606558,1,22,54,1,1,1,0,0,0,0,6,0,1,0.8496076607179464,0,0,0,0,2,251,0,1,0,0,0,0,3,7,15,0.0,0.0,0.022305235296895414,0,0,0,0,0,0,0,0,92,0.25339491189388175,0,0,0.4342619838990767,0,4,0,2,52.86828268653456,34.575011195886766,1.2286965775230694,335.35563791366746,1534.876982841269,721.354840692456,933.4831465631619,0.0,0.0,1.0,86.0,0.6,0.0,0.0,106.0,670.7870185035766
9.233308918918919,45.48390483606558,1,23,54,0,1,1,0,0,0,1,6,0,1,0.8472979358270522,0,0,0,0,9,255,0,1,1,0,0,0,3,8,15,0.0,0.0,0.022314156716533418,0,0,0,0,0,0,0,0,97,0.24580021179679962,0,0,0.4084306745487992,0,8,0,0,34.66483602511024,36.27594514502545,1.1829644645468673,467.0756319992544,1493.999289745037,0.0,884.8529729800453,0.0,0.0,1.0,86.0,0.6,0.0,0.0,106.0,669.5367861249035
9.233632702702701,45.48390483606558,1,24,54,0,1,1,0,0,1,3,8,0,1,0.8452363549823515,0,0,0,0,12,249,0,1,1,0,0,0,3,8,15,0.0,0.0,0.022885385263904018,0,0,0,0,0,0,0,1,100,0.23951471808254812,0,0,0.40142852832532117,4,8,0,0,17.994809393264617,38.48808392931644,1.0914858335376396,361.32118323382906,1412.3286541992843,71.96184993152463,592.4037146091955,0.0,0.0,1.0,86.0,0.6,0.0,0.0,106.0,668.4521709878688
9.233956486486486,45.48390483606558,1,25,54,0,1,1,0,0,0,5,8,0,0,0.8198001183240521,0,0,0,0,9,257,1,1,1,0,0,0,2,8,15,0.0,0.0,0.023384338547119493,0,0,1,0,0,0,0,1,102,0.22972796083859978,0,0,0.4187299806951166,0,32,0,0,11.804043030355183,40.4329389942397,1.4967253205914,572.040472433453,1525.5513620156712,44.77525113436488,1115.9376809073378,0.0,0.0,1.0,86.0,0.6,0.0,0.0,106.0,669.5852433734342
9.23428027027027,45.48390483606558,1,26,54,0,1,0,0,0,1,3,7,0,1,0.7886289627731058,0,0,1,0,9,281,1,1,1,0,0,0,2,8,15,0.0,0.0,0.022665823319311607,0,0,0,0,0,0,0,1,105,0.216785125405907,0,0,0.5888593348852807,16,40,0,0,14.163249182255342,43.04296749519681,1.4186046511627908,672.5875643760043,1525.5513620156712,207.0571412969083,2400.8375081734052,0.0,0.0,1.0,86.0,0.6,0.0,0.0,106.0,669.0135432370525
9.234604054054053,45.48390483606558,1,27,54,0,0,0,0,0,0,3,7,0,1,0.7538214390028454,0,0,1,0,10,283,0,1,1,0,0,0,2,8,15,0.0,0.0,0.021013506942054512,0,0,0,0,0,0,0,1,102,0.20585073430815395,0,0,0.9097218787888274,4,28,0,0,13.493249596943764,41.43227790552418,1.3265306122448979,477.00742124800587,1194.613749039572,538.7987293184544,2019.2437541865906,0.0,0.0,1.0,86.0,0.6,0.0,0.0,106.0,665.9214389999281
9.234927837837837,45.48390483606558,1,28,54,0,0,0,0,0,0,2,4,0,1,0.715942492499926,0,1,1,0,10,281,0,1,1,0,0,0,0,8,13,0.0,0.0,0.018794013057168546,0,0,0,0,0,0,0,1,95,0.19411938388913547,0,0,1.5684144943028946,0,0,0,0,22.88920811580496,36.745200012338735,1.0,255.64706128446042,1009.1119879871951,0.0,1232.151466242862,0.0,28.41612850169831,1.0,86.0,0.6,0.0,0.0,106.0,665.9326969271904
9.235251621621622,45.48390483606558,1,29,54,0,0,0,0,0,0,0,6,0,1,0.6740713684453761,0,1,1,0,6,277,0,1,1,0,0,0,0,8,13,0.0,0.0,0.015330547661396318,0,0,0,0,0,0,0,1,82,0.1821122975461098,0,0,1.9120383787905813,0,0,0,0,125.7172855118759,30.370758534903082,0.0,0.0,1172.0883231076566,0.0,502.8691420475036,0.0,53.69492192700745,1.0,86.0,0.6,0.0,0.0,106.0,667.784563649044
9.235575405405404,45.48390483606558,1,30,54,0,0,0,0,0,0,0,9,0,1,0.6282992950358456,0,0,1,0,6,271,0,1,1,0,0,0,0,7,13,0.0,0.0,0.011661237266364546,0,0,0,0,0,0,0,1,74,0.17199291053706506,0,3,1.9918024858292525,0,0,0,2,28.56336444662606,30.370758534903082,0.0,0.0,1267.501389282469,0.0,0.0,0.0,198.04570577666084,1.0,86.0,0.6,0.0,0.0,106.0,666.6948833498257
9.235899189189189,45.48390483606558,1,31,54,0,0,1,0,0,0,0,7,0,1,0.5796755564293281,0,0,1,0,3,260,0,1,1,0,0,0,0,7,12,0.0,0.0,0.009390978010283706,0,0,0,0,0,0,0,0,59,0.1613027456303123,0,3,1.9857347161230923,0,0,0,2,28.56336444662606,30.370758534903082,0.0,0.0,967.5509938301486,0.0,0.0,0.0,399.92925912403865,1.0,86.0,0.6,0.0,0.0,106.0,665.0192823603027
9.236222972972971,45.48390483606558,1,32,54,0,0,1,0,0,0,1,4,0,1,0.5328650121878671,0,0,1,0,0,248,0,1,1,0,0,0,0,6,11,0.0,0.0,0.008294087608967726,0,0,0,0,0,0,0,0,51,0.15188169260398895,0,3,2.168455857879988,0,0,0,4,26.081451639577292,28.27721707475785,1.2193828610815782,128.59298269543135,898.0155213082677,0.0,439.10898786721236,6.089965508056717,436.51054813011956,1.0,86.0,0.6,0.0,0.0,106.0,662.6016031124445
9.236546756756756,45.48390483606558,1,33,54,0,0,1,0,0,0,0,8,0,1,0.48678758208474937,1,0,1,0,0,241,0,1,1,0,0,0,0,6,11,0.0,0.0,0.0072938047276896005,0,0,0,0,0,0,0,0,43,0.14225300030503987,0,3,2.14896454446778,0,12,0,4,13.187760003504817,27.23960419233571,1.1181292328900805,139.1204442538301,874.1275851923114,336.1980272435924,511.679504030314,21.775811894601578,436.51054813011956,1.0,86.0,0.6,0.0,0.0,106.0,664.879804611684
9.23687054054054,45.48390483606558,1,34,54,0,0,1,0,0,0,0,6,0,1,0.4404110746128032,1,0,1,0,1,234,0,1,1,0,0,0,0,4,10,0.0,0.0,0.007053888334919262,0,0,0,0,0,0,0,0,37,0.13278980851467545,0,3,1.6421825180933443,0,0,0,4,23.641108472826055,26.55761452976378,1.2193828610815782,126.09245063785451,666.2850615034796,0.0,736.1825149263608,12.446047930348783,405.3276389117248,1.0,86.0,0.6,0.0,0.0,106.0,665.5846792301153
9.237194324324323,45.48390483606558,1,35,54,0,0,1,0,0,0,4,7,0,1,0.3938903782178889,1,0,0,0,5,223,0,1,1,0,0,0,0,4,10,0.0,0.0,0.007053888334919262,0,0,0,0,0,0,0,0,30,0.12442760627586667,0,3,1.8079600801784137,0,0,0,3,22.00645571049373,11.812064984796105,1.533381321101368,0.0,424.7726130713679,211.7411195585148,453.3518992719231,8.7836706484452,365.32063718381045,1.0,86.0,0.6,0.0,0.0,106.0,668.4608697706564
9.237518108108107,45.48390483606558,1,36,54,0,0,0,0,0,1,5,9,0,0,0.3477354426250002,1,0,0,0,4,206,0,1,1,0,0,0,0,4,10,0.0,0.0,0.007053888334919262,0,0,0,0,0,0,0,0,25,0.11629802924491618,0,3,2.2738236270618404,0,0,0,3,31.067071234488395,30.370758534903082,0.0,0.0,306.1313320368051,0.0,497.0731397518143,0.0,337.90920860894914,1.0,86.0,0.6,0.0,0.0,106.0,668.8426501952126
9.225861891891892,45.484130245901646,1,0,55,0,0,1,0,0,0,0,0,0,1,0.7755826002778461,0,0,1,0,0,35,0,0,1,0,0,0,2,3,12,0.0,0.0,0.01589902496515671,0,0,0,0,0,0,0,0,23,0.11749857743717779,0,0,1.8332159543133437,0,0,1,1,28.56336444662606,30.370758534903082,0.0,0.0,318.0757508981126,0.0,0.0,0.0,0.0,1.0,86.0,0.6,0.0,0.0,106.0,671.0438753815863
9.226185675675676,45.484130245901646,1,1,55,0,0,1,0,0,0,0,0,0,1,0.8186512961828637,0,0,1,0,0,39,0,0,1,0,0,0,2,4,12,0.0,0.0018913594762418784,0.015933928923152634,0,0,0,0,0,0,0,0,27,0.1280250231491357,0,0,2.3332327227447713,0,8,1,1,42.995583923781346,35.17004760177005,1.5,184.3976470425509,416.9892859728235,0.0,847.4963671282014,0.0,12.766056144386978,1.0,86.0,0.6,0.0,0.0,106.0,670.703751922941
9.226509459459459,45.484130245901646,1,2,55,0,0,1,0,0,0,0,0,0,1,0.8409818727272178,0,0,1,0,0,49,0,0,1,0,0,0,1,4,12,0.0,0.02800523729670194,0.01693407557702062,0,0,0,0,0,0,0,0,38,0.1372397826563835,0,0,2.499787125141505,0,12,1,2,35.91243781316177,29.387852235998555,1.5283381164651388,318.0757508981126,416.9892859728235,786.4935088691349,1082.509323815197,0.0,12.766056144386978,1.0,86.0,0.6,0.0,0.0,106.0,671.6586635565725
9.226833243243243,45.484130245901646,1,3,55,0,0,0,0,0,0,0,0,0,1,0.862228951146258,0,0,1,0,0,57,0,0,1,0,0,0,1,4,13,0.0,0.06821564414639633,0.01791047303222285,0,0,0,0,0,0,0,0,43,0.14771011469758857,0,0,3.325117492835076,0,8,1,2,29.01221376855881,25.751077390722187,1.4591738413643747,290.940441739457,643.9304230764462,0.0,405.35268870595445,0.0,12.766056144386978,1.0,86.0,0.6,0.0,0.0,106.0,669.0211920162985
9.227157027027028,45.484130245901646,1,4,55,0,0,0,0,0,0,0,0,0,1,0.8794573509417553,0,1,1,0,0,63,0,0,1,0,0,0,1,5,15,0.0,0.10271531259239121,0.018863319585847044,0,0,0,0,0,0,0,0,53,0.15744571976332705,0,0,4.249339474207016,0,0,1,3,99.4617942051345,30.370758534903082,0.0,0.0,775.753005993559,0.0,198.923588410269,0.0,12.766056144386978,1.0,86.0,0.6,0.0,0.0,106.0,668.7097015903553
9.22748081081081,45.484130245901646,1,5,55,0,0,0,0,0,0,0,0,0,1,0.8797583054804669,0,1,1,0,0,73,0,0,1,0,0,0,1,5,16,0.0,0.09157063028717793,0.019776286390270736,0,0,0,0,0,0,0,0,59,0.1679199611854933,0,0,2.767664945895275,0,0,1,4,136.39200627508305,30.370758534903082,0.0,0.0,775.753005993559,0.0,545.5680251003322,0.0,12.766056144386978,1.0,86.0,0.6,0.0,0.0,106.0,668.5208374469908
9.227804594594595,45.484130245901646,1,6,55,0,0,0,0,0,0,0,0,0,1,0.8745747206370026,0,0,1,0,0,81,0,0,1,0,0,0,1,6,16,0.0,0.05154472951791771,0.02080571174651833,0,0,0,0,0,0,0,0,67,0.17739361753071992,0,0,2.0470832195673463,0,0,1,4,209.79287815318472,30.780402087204386,1.0,176.51582001248497,990.0922680058269,346.64443669006323,872.4485707534386,0.0,12.766056144386978,1.0,86.0,0.6,0.0,0.0,106.0,667.8845933926991
9.228128378378377,45.484130245901646,1,7,55,0,0,0,0,0,0,0,0,0,1,0.8703311228772971,0,0,1,0,0,91,0,0,1,0,0,0,1,6,16,0.0,0.014959472631608843,0.021329539105163876,0,0,0,0,0,0,0,0,70,0.18391979635879208,0,0,1.4533877847860925,0,0,1,4,209.79287815318472,30.780402087204386,1.0,176.51582001248497,946.5738290307507,525.8041340633753,872.4485707534386,0.0,12.766056144386978,1.0,86.0,0.6,0.0,0.0,106.0,668.2795310838212
9.228452162162162,45.484130245901646,1,8,55,0,0,0,0,0,0,0,0,0,1,0.8663998625196444,0,0,1,0,0,102,0,0,1,0,0,0,1,4,16,0.0,0.0,0.021240641419479452,0,0,0,0,0,0,0,0,72,0.18832868778070505,0,0,1.0029424821558046,0,0,1,4,262.0555049702167,30.370758534903082,0.0,0.0,946.5738290307507,0.0,1048.2220198808668,0.0,8.951777953568882,1.0,86.0,0.6,0.0,0.0,106.0,669.152238949003
9.228775945945946,45.484130245901646,1,9,55,0,0,0,0,0,0,0,0,0,1,0.8627281245880111,0,0,0,0,0,120,0,0,1,0,0,0,1,4,16,0.0,0.0,0.021240641419479452,0,0,0,0,0,0,0,0,74,0.19513451943785026,0,0,0.5072464001516229,0,0,1,4,249.91574684643714,31.07073656506936,1.0,242.73375283801727,846.1183475451035,522.4178858174915,1006.8449813941687,0.0,0.0,1.0,86.0,0.6,0.0,0.0,106.0,669.3524722117957
9.229099729729729,45.484130245901646,1,10,55,0,0,0,0,0,0,0,0,0,1,0.8593116441979148,0,0,0,0,1,142,0,0,1,0,0,0,1,4,16,0.0,0.0,0.021240641419479452,0,0,0,0,0,0,0,0,77,0.20274542851589164,0,0,0.5261632593920552,0,0,1,4,249.91574684643714,31.07073656506936,1.0,242.73375283801727,802.8377443912009,484.4270955766771,1006.8449813941687,0.0,0.0,1.0,86.0,0.6,0.0,0.0,106.0,669.3174839075982
9.229423513513513,45.484130245901646,1,11,55,0,0,1,0,0,0,0,0,0,1,0.8561780328415806,0,0,0,0,1,154,0,0,1,0,0,0,1,5,16,0.0,0.0,0.020770466318713206,0,0,0,0,0,0,0,0,81,0.21433635208151747,0,0,0.5611370769443772,0,0,1,4,236.72250092987616,30.370758534903082,0.0,0.0,656.9961973412534,0.0,946.8900037195046,0.0,0.0,1.0,86.0,0.6,0.0,0.0,106.0,669.94428347537
9.229747297297298,45.484130245901646,1,12,55,0,0,1,0,0,0,0,0,0,1,0.8533174026483441,0,0,0,0,0,159,0,0,0,0,0,0,0,7,16,0.0,0.0,0.018744863882210486,0,0,0,0,0,0,0,0,83,0.22495690714305355,0,0,0.6616608876226147,0,0,1,4,222.0450371409552,44.68860103339775,2.0,0.0,924.1072071119825,462.46290814282753,898.2391404963394,0.0,0.0,1.0,86.0,0.6,0.0,0.0,106.0,669.5989059267021
9.23007108108108,45.484130245901646,1,13,55,0,0,1,0,0,0,0,0,0,1,0.8507198694483965,0,0,0,0,0,165,0,0,0,0,0,0,0,6,17,0.0,0.0,0.01880257876969981,0,0,0,0,0,0,0,0,79,0.23152628800155778,0,0,0.6423989501999473,0,0,1,3,222.0450371409552,44.68860103339775,2.0,0.0,925.677871359442,435.7762323535118,898.2391404963394,0.0,0.0,1.0,86.0,0.6,0.0,0.0,106.0,669.5455621619465
9.230394864864865,45.484130245901646,1,14,55,0,0,0,0,0,0,0,0,0,1,0.8483377340185073,0,0,0,0,0,168,0,0,0,0,0,0,0,6,17,0.0,0.0,0.020228016028423102,0,0,0,0,0,0,0,0,84,0.23786733363631232,0,0,1.0247512869781417,0,0,1,3,217.8881161767559,30.370758534903082,0.0,0.0,682.9441185214247,0.0,435.7762323535118,0.0,0.0,1.0,86.0,0.6,0.0,0.0,106.0,670.3912934107916
9.230718648648649,45.484130245901646,1,15,55,0,0,0,0,0,0,0,0,0,1,0.8447335468931381,0,0,0,0,0,175,0,0,0,0,0,0,1,6,17,0.0,0.0,0.021637608256154267,0,0,0,0,0,0,0,0,76,0.2417114749205438,0,0,1.2586896882877028,0,8,1,3,33.92657444017468,30.240694491353604,1.0,267.1110097707292,880.7379801143079,0.0,988.1722445157343,0.0,0.0,1.0,86.0,0.6,0.0,0.0,106.0,669.4151092047355
9.231042432432432,45.484130245901646,1,16,55,0,0,0,0,0,0,0,0,0,1,0.8380821480282582,0,0,0,0,0,182,0,0,0,0,0,0,1,6,17,0.0,0.0,0.022776892789973777,0,0,0,0,0,0,0,0,71,0.24500533168565805,0,0,1.3523706733097627,8,8,1,3,33.92657444017468,30.240694491353604,1.0,267.1110097707292,687.7152798663701,550.3784478529277,988.1722445157343,0.0,0.0,1.0,86.0,0.6,0.0,0.0,106.0,669.4988276536991
9.231366216216216,45.484130245901646,1,17,55,0,0,0,0,0,0,0,0,0,1,0.8336803301603167,0,0,0,0,0,182,0,0,0,0,0,0,1,6,17,0.0,0.0,0.02095234236128603,0,0,0,0,0,0,0,0,75,0.24688406061571896,0,0,1.189999058571848,0,12,1,3,27.37106581099117,30.20604859138523,1.0,273.1221038125834,475.15154805058364,112.16360362402693,766.9783970050809,0.0,71.72598965989252,1.0,86.0,0.6,0.0,0.0,106.0,670.0752508959628
9.23169,45.484130245901646,1,18,55,0,0,0,0,0,0,0,0,0,1,0.8301281486110617,0,0,0,0,0,182,0,0,0,0,0,0,1,6,17,0.0,0.0,0.017505522660574004,0,0,0,0,0,0,0,0,78,0.2482258055465005,0,0,1.072902687294998,0,4,0,3,56.48114613573644,30.28425763360918,1.0,253.43140054980492,857.0571588042549,198.23339222515702,989.153814436397,0.0,71.72598965989252,1.0,86.0,0.6,0.0,0.0,106.0,669.8330945324149
9.232013783783783,45.484130245901646,1,19,55,0,1,0,0,0,0,0,0,0,1,0.8271296402858683,0,0,0,0,1,186,0,0,0,0,0,0,1,7,16,0.0,0.0,0.013979179399040267,0,0,0,0,0,0,0,0,83,0.2495830588186074,0,0,0.9286279065459411,0,4,0,3,56.48114613573644,30.28425763360918,1.0,253.43140054980492,1117.5815130123503,381.50977305408446,989.153814436397,0.0,71.72598965989252,1.0,86.0,0.6,0.0,0.0,106.0,669.9448320498902
9.232337567567567,45.484130245901646,1,20,55,0,1,0,0,0,0,0,0,0,1,0.8243676986457369,0,0,0,0,1,197,0,0,0,0,0,0,1,7,16,0.0,0.0,0.014700901091095354,0,0,0,0,0,0,0,0,86,0.24588897430577103,0,0,0.5031531520012309,0,0,0,3,169.16503806129828,30.45925426896453,1.0,103.27014553505067,1012.9358137402244,0.0,742.5550447714406,0.0,71.72598965989252,1.0,86.0,0.6,0.0,0.0,106.0,670.1119982927099
9.23266135135135,45.484130245901646,1,21,55,1,1,0,0,0,0,0,0,0,1,0.8191065051682617,0,0,0,0,0,218,0,1,0,0,0,0,1,7,15,0.0,0.0,0.017309786876628205,0,0,0,0,0,0,0,0,88,0.24360552087218487,0,0,0.2986745202944345,0,0,0,2,180.47922005515528,30.80024401036391,1.0,181.04125958332034,1097.2009288151771,361.0452717173562,721.354840692456,0.0,71.72598965989252,1.0,86.0,0.6,0.0,0.0,106.0,669.8588532432814
9.232985135135134,45.484130245901646,1,22,55,1,1,0,0,0,0,0,4,0,1,0.8138527114962147,0,0,0,0,1,239,0,1,0,0,0,0,2,7,15,0.0,0.0,0.01965407055411462,0,0,0,0,0,0,0,0,97,0.24058763614515796,0,0,0.27804003410474626,0,0,0,1,180.47922005515528,30.80024401036391,1.0,181.04125958332034,1170.2258177568917,360.30956897509986,721.354840692456,0.0,0.0,1.0,86.0,0.6,0.0,0.0,106.0,669.9751291572786
9.233308918918919,45.484130245901646,1,23,55,0,1,1,0,0,0,1,6,0,1,0.8067147254406368,0,0,0,0,1,243,0,1,1,0,0,0,2,7,15,0.0,0.0,0.02008189815772756,0,0,0,0,0,0,0,0,101,0.23257365013449363,0,0,0.279144265544933,0,4,0,1,38.295203291320085,30.407531446676582,1.0,182.9469624582534,1381.6384711182905,0.0,506.3666967855081,0.0,0.0,1.0,86.0,0.6,0.0,0.0,106.0,670.1027211031012
9.233632702702701,45.484130245901646,1,24,55,0,1,1,0,0,0,3,6,0,1,0.8026575762400705,0,0,0,0,4,242,0,1,1,0,0,0,2,7,15,0.0,0.0,0.019641599426412262,0,0,0,0,0,0,0,0,105,0.2275076995751056,0,0,0.26406686597092854,0,4,0,0,14.22435092529487,36.66641263713011,1.1960410718663705,136.18545616914727,1470.4895939347577,0.0,190.97461511263472,0.0,0.0,1.0,86.0,0.6,0.0,0.0,106.0,670.0071604046747
9.233956486486486,45.484130245901646,1,25,55,0,1,0,0,0,0,5,6,0,1,0.7780639871382689,0,0,0,0,6,239,0,1,1,0,0,0,1,7,15,0.0,0.0,0.018923098088166047,0,0,0,0,0,0,0,1,107,0.2206111751870816,0,0,0.31269558097249567,0,16,0,0,10.308116100507242,41.991971541063975,1.4,205.7318026592398,1525.5513620156712,0.0,721.998646386412,0.0,0.0,1.0,86.0,0.6,0.0,0.0,106.0,669.8856282331878
9.23428027027027,45.484130245901646,1,26,55,0,0,0,0,0,1,3,7,0,1,0.748266966617565,0,0,1,0,9,233,0,1,1,0,0,0,1,7,15,0.0,0.0,0.017488875362903247,0,0,0,0,0,0,0,1,109,0.21066840120546917,0,0,0.5510462310504934,8,32,0,0,9.7041665785955,40.49587458782014,1.3,339.2729285995743,1165.7176771296213,352.505999563611,1504.5187213335703,0.0,0.0,1.0,86.0,0.6,0.0,0.0,106.0,666.7832632156728
9.234604054054053,45.484130245901646,1,27,55,0,0,0,0,0,1,4,7,0,0,0.7151861235682773,0,0,1,0,13,241,0,1,1,0,0,0,0,7,15,0.0,0.0,0.01562597253046108,0,0,0,0,0,0,0,1,108,0.19954325070239698,0,0,0.9243780506518983,0,20,0,0,12.260767416261512,40.28933720233949,1.1714285714285715,364.60791153382513,1215.5106714612903,586.7222886065188,1731.9833166468939,0.0,0.0,1.0,86.0,0.6,0.0,0.0,106.0,664.0882177090144
9.234927837837837,45.484130245901646,1,28,55,0,0,0,0,0,1,4,5,0,1,0.6793286045556209,0,0,1,0,18,257,0,1,1,0,0,0,0,7,13,0.0,0.0,0.012854596745589206,0,0,0,0,0,0,0,1,98,0.18634919137235004,0,0,1.7673049456765273,0,4,0,0,16.64795550601481,37.78892655661596,1.0,237.0817315485805,1039.1494656428188,427.14651197076057,1427.713819052901,0.0,34.608621940228225,1.0,86.0,0.6,0.0,0.0,106.0,664.8768535457625
9.235251621621622,45.484130245901646,1,29,55,0,0,0,0,0,0,3,8,0,1,0.6410451934443987,0,1,1,0,20,258,0,1,1,0,0,0,0,7,13,0.0,0.0,0.009962430689265675,0,0,0,0,0,0,0,1,84,0.17461558721882664,0,0,2.195673022877268,0,0,0,0,22.09666856182522,43.339691660917104,1.0,164.70759764423093,1142.8047470720649,221.9049085867323,1161.092516065282,0.0,80.06000650775466,1.0,86.0,0.6,0.0,0.0,106.0,667.719888497093
9.235575405405404,45.484130245901646,1,30,55,0,0,1,0,0,0,2,10,0,1,0.5998558927267341,0,1,1,0,8,256,0,1,1,0,0,0,0,5,12,0.0,0.0,0.008914487366360687,0,0,0,0,0,0,0,0,75,0.16686560779253937,0,3,1.9905556791811958,0,0,0,0,16.469430617193854,38.00977636782221,1.0,73.00476896956444,880.8705021904221,0.0,602.2418863353836,0.0,430.1653109453339,1.0,86.0,0.6,0.0,0.0,106.0,664.7112238968652
9.235899189189189,45.484130245901646,1,31,55,0,0,1,0,0,0,4,11,0,1,0.5564184755792149,0,0,1,0,3,244,0,1,1,0,0,0,0,5,11,0.0,0.0,0.008284184717594437,0,0,0,0,0,0,0,0,66,0.15542842599275314,0,3,2.3728608495573607,0,4,0,1,11.865477342175577,42.70205815459334,1.0,49.99554150171832,750.99857749637,0.0,546.0386091102307,9.105193839005354,488.98470498178335,1.0,86.0,0.6,0.0,0.0,106.0,663.3826221833292
9.236222972972971,45.484130245901646,1,32,55,0,0,1,0,0,1,4,14,0,1,0.5114938638633556,0,0,1,0,2,237,0,1,1,0,0,0,0,5,11,0.0,0.0,0.0076539818287535335,0,0,0,0,0,0,0,0,53,0.14503159701728185,0,3,2.2359561776643977,0,20,0,2,9.584862571349047,31.23099667074244,1.056877038058187,182.72069009562256,748.6183108875306,86.48637943473616,868.3107884883165,51.227717121201515,504.8409106814985,1.0,86.0,0.6,0.0,0.0,106.0,660.4987834540681
9.236546756756756,45.484130245901646,1,33,55,0,0,1,0,0,0,1,14,0,1,0.4657258096057452,1,0,1,0,1,229,0,1,1,0,0,0,0,4,11,0.0,0.0,0.007053888334919262,0,0,0,0,0,0,0,0,47,0.13563429751412204,0,3,2.253635417508097,12,16,0,2,8.321312218188247,23.66825729066262,1.0383920006892762,161.72775608238248,731.8882515985822,462.5606545213835,638.8441446024992,106.4511310976371,486.9129091961876,1.0,86.0,0.6,0.0,0.0,106.0,664.2381903422128
9.23687054054054,45.484130245901646,1,34,55,0,0,1,0,0,0,1,15,0,1,0.4204342025752209,1,0,1,0,0,221,0,1,1,0,0,0,0,4,10,0.0,0.0,0.007053888334919262,0,0,0,0,0,0,0,0,38,0.12676337173198954,0,3,2.1076526514338325,0,24,0,3,8.083237951174855,18.897638255689518,1.1245968594875917,139.1204442538301,475.9301884907732,46.82257767499418,978.9891979865853,175.20842994756114,463.8616460911136,1.0,86.0,0.6,0.0,0.0,106.0,665.2388080831688
9.237194324324323,45.484130245901646,1,35,55,0,0,1,0,0,1,4,10,0,0,0.3755700356061644,1,0,1,0,0,211,0,1,1,0,0,0,0,4,10,0.0,0.0,0.007053888334919262,0,0,0,0,0,0,0,0,28,0.1187820223806221,0,3,2.0072201917020642,0,8,0,3,8.264913879128756,13.512941112395396,1.3797962317318924,0.0,316.24297724113666,159.42427517066398,578.6501722490318,57.748196443882314,398.4688547461068,1.0,86.0,0.6,0.0,0.0,106.0,667.32401291267
9.237518108108107,45.484130245901646,1,36,55,0,0,0,0,0,1,5,9,0,0,0.3313003912033685,1,0,0,0,0,193,0,1,1,0,0,0,0,4,10,0.0,0.0,0.007053888334919262,0,0,0,0,0,0,0,0,22,0.11092246016877966,0,3,2.6290225114404917,0,0,0,3,18.859718073989804,11.812064984796105,1.533381321101368,0.0,260.5299172050386,0.0,406.1301269793305,8.7836706484452,365.32063718381045,1.0,86.0,0.6,0.0,0.0,106.0,668.7893922375838
9.225861891891892,45.48435565573771,1,0,56,0,0,1,0,0,0,0,0,0,1,0.737919778948915,0,0,0,0,0,23,0,0,1,0,0,0,1,2,12,0.0,0.0,0.015471625913605317,0,0,0,0,0,0,0,0,22,0.11057664103159545,0,0,1.8128974095676669,0,0,1,1,28.56336444662606,30.370758534903082,0.0,0.0,318.0757508981126,0.0,0.0,0.0,0.0,1.0,86.0,0.6,0.0,0.0,106.0,671.4982851389095
9.226185675675676,45.48435565573771,1,1,56,0,0,1,0,0,0,0,0,0,1,0.7784821392628863,0,0,1,0,0,29,0,0,1,0,0,0,1,3,12,0.0,0.0,0.015475851172393461,0,0,0,0,0,1,0,0,27,0.12131524558475902,0,0,2.2473013733514113,0,16,1,1,28.37149866352803,29.387852235998555,1.5283381164651388,318.0757508981126,416.9892859728235,0.0,1128.870680941817,0.0,12.766056144386978,1.0,86.0,0.6,0.0,0.0,106.0,670.0486499894331
9.226509459459459,45.48435565573771,1,2,56,0,0,1,0,0,0,0,0,0,1,0.8017997638964242,0,0,1,0,0,34,0,0,1,0,0,0,1,4,12,0.0,0.0,0.01590906890935324,0,0,0,0,0,1,0,0,34,0.13156816009272523,0,0,2.329018240867974,12,16,1,2,27.3129592419504,29.387852235998555,1.5283381164651388,318.0757508981126,416.9892859728235,398.8757893985851,1238.7629258930601,0.0,12.766056144386978,1.0,86.0,0.6,0.0,0.0,106.0,670.0961951804322
9.226833243243243,45.48435565573771,1,3,56,0,0,0,0,0,0,0,0,0,1,0.8247404004865292,0,0,1,0,0,43,0,0,1,0,0,0,1,4,12,0.0,0.0,0.016985084372717466,0,0,0,0,0,0,0,0,38,0.1410757518894667,0,0,3.090466368832132,0,12,1,2,21.158746382700446,29.387852235998555,1.5283381164651388,318.0757508981126,775.753005993559,198.923588410269,549.4328507926059,0.0,12.766056144386978,1.0,86.0,0.6,0.0,0.0,106.0,670.4585931961661
9.227157027027028,45.48435565573771,1,4,56,0,0,0,0,0,0,0,0,0,1,0.8399266330619113,0,0,1,0,0,53,0,0,1,0,0,0,1,4,15,0.0,7.583229406273796e-05,0.018000764641396137,0,0,0,0,0,0,0,0,48,0.1493690854406963,0,0,3.6431357868563525,0,4,1,2,50.89893078906187,22.40950083255838,1.4616027500877025,199.36901656035823,775.753005993559,198.923588410269,398.6520967639973,12.766056144386978,12.766056144386978,1.0,86.0,0.6,0.0,0.0,106.0,669.2533078952916
9.22748081081081,45.48435565573771,1,5,56,0,0,0,0,0,0,0,0,0,1,0.84282517918401,0,0,1,0,0,63,0,0,1,0,0,0,1,3,15,0.0,0.00032347317941743264,0.018971865736617795,0,0,0,0,0,0,0,0,54,0.15899650032845572,0,0,2.5901628841871163,0,4,1,3,54.34496444436816,22.40950083255838,1.4616027500877025,199.36901656035823,775.753005993559,198.923588410269,766.0742872938818,12.766056144386978,12.766056144386978,1.0,86.0,0.6,0.0,0.0,106.0,668.27370203785
9.227804594594595,45.48435565573771,1,6,56,0,0,0,0,0,0,0,0,0,1,0.8390637856113219,0,0,1,0,0,72,0,0,1,0,0,0,1,3,15,0.0,3.634646321897172e-05,0.019917323120402647,0,0,0,0,0,0,0,0,61,0.16713423726012155,0,0,1.7218227375232553,0,12,1,4,36.92041594685877,25.707177176397263,1.4594005043911267,457.6772550954464,1164.1940984432163,346.64443669006323,1388.3435422474922,0.0,12.766056144386978,1.0,86.0,0.6,0.0,0.0,106.0,668.8745066596275
9.228128378378377,45.48435565573771,1,7,56,0,0,0,0,0,0,0,0,0,1,0.8338853798501766,0,0,1,0,0,82,0,0,1,0,0,0,1,4,16,0.0,0.0,0.02070995978010821,0,0,0,0,0,0,0,0,63,0.17372457055649654,0,0,1.5309255726712907,0,12,1,4,40.396619174061755,25.707177176397263,1.4594005043911267,457.6772550954464,946.5738290307507,525.8041340633753,1562.1537036076415,0.0,12.766056144386978,1.0,86.0,0.6,0.0,0.0,106.0,668.8157142884072
9.228452162162162,45.48435565573771,1,8,56,0,0,0,0,0,0,0,0,0,1,0.8294138819714825,0,0,1,0,0,90,0,0,1,0,0,0,1,4,16,0.0,0.0,0.021228569296789224,0,0,0,0,0,0,0,0,69,0.17927452182225098,0,0,0.9773728804917554,0,0,1,4,109.5511116242052,23.762248347380392,1.6955004610192281,131.82258291711267,946.5738290307507,0.0,1182.7907565733497,0.0,12.766056144386978,1.0,86.0,0.6,0.0,0.0,106.0,669.4278997536637
9.228775945945946,45.48435565573771,1,9,56,0,0,0,0,0,0,0,0,0,1,0.8253467346128752,0,0,0,0,0,109,0,0,1,0,0,0,1,4,16,0.0,0.0,0.021240641419479452,0,0,0,0,0,0,0,0,70,0.18509813601092243,0,0,0.5127689484765783,0,4,1,4,82.82112379619852,27.159541292203507,1.347750230509614,382.87390703964024,901.7512794659118,522.4178858174915,1273.5485688843303,0.0,0.0,1.0,86.0,0.6,0.0,0.0,106.0,670.0147315963496
9.229099729729729,45.48435565573771,1,10,56,0,0,0,0,0,0,0,0,0,1,0.821585898737415,0,0,0,0,1,126,0,0,1,0,0,0,1,4,16,0.0,0.0,0.021237561503251418,0,0,0,0,0,0,0,0,71,0.19220114871418664,0,0,0.7125105908919492,0,4,1,4,84.69999405593654,30.55683423702662,1.0,251.05132412252755,982.850869519587,484.4270955766771,1273.5485688843303,0.0,0.0,1.0,86.0,0.6,0.0,0.0,106.0,670.0408546088356
9.229423513513513,45.48435565573771,1,11,56,0,0,0,0,0,0,0,0,0,1,0.8182045906615573,0,0,0,0,1,149,0,0,1,0,0,0,0,4,16,0.0,0.0,0.019708269465120318,0,0,0,0,0,0,0,0,77,0.20106365754800717,0,0,0.7566665650684831,0,0,1,4,178.9330609051079,30.370758534903082,0.0,0.0,656.9961973412534,0.0,1073.5983654306474,0.0,0.0,1.0,86.0,0.6,0.0,0.0,106.0,670.7039807117242
9.229747297297298,45.48435565573771,1,12,56,0,0,1,0,0,0,0,0,0,1,0.8151465388000864,0,0,0,0,0,151,0,0,0,0,0,0,0,6,16,0.0,0.0,0.01796960948396624,0,0,0,0,0,0,0,0,79,0.21196532613279845,0,0,0.8550442569939057,0,0,1,4,222.0450371409552,44.68860103339775,2.0,0.0,1065.818025561065,462.46290814282753,898.2391404963394,0.0,0.0,1.0,86.0,0.6,0.0,0.0,106.0,670.0998734493339
9.23007108108108,45.48435565573771,1,13,56,0,0,0,0,0,0,0,0,0,1,0.8123708474187186,0,0,0,0,0,154,0,0,0,0,0,0,0,5,16,0.0,0.0,0.017868393752426697,0,0,0,0,0,0,0,0,78,0.21934379650941366,0,0,0.8748662975899583,0,0,1,3,222.0450371409552,44.68860103339775,2.0,0.0,1065.818025561065,435.7762323535118,898.2391404963394,0.0,0.0,1.0,86.0,0.6,0.0,0.0,106.0,670.4009746097172
9.230394864864865,45.48435565573771,1,14,56,0,0,0,0,0,0,0,0,0,1,0.8098490937266491,0,0,0,0,0,162,0,0,0,0,0,0,0,6,17,0.0,0.0,0.018073454568124588,0,0,0,0,0,0,0,0,75,0.22759058232048948,0,0,1.3562537567722661,0,0,1,3,153.23058882279204,30.370758534903082,0.0,0.0,777.4678345792572,0.0,612.9223552911682,0.0,0.0,1.0,86.0,0.6,0.0,0.0,106.0,670.1736423931075
9.230718648648649,45.48435565573771,1,15,56,0,0,0,0,0,0,0,0,0,1,0.8068067970311374,0,0,0,0,0,169,0,0,0,0,0,0,0,6,17,0.0,0.0,0.0189212057128226,0,0,0,0,0,0,0,0,72,0.22958741765477078,0,0,1.631183038699203,0,4,1,3,31.806781957977666,30.17773605738917,1.0,156.25191803738082,955.8555370604879,177.14612293765646,797.9515407019493,0.0,0.0,1.0,86.0,0.6,0.0,0.0,106.0,669.2205004231529
9.231042432432432,45.48435565573771,1,16,56,0,0,0,0,0,0,0,0,0,1,0.8008314659524971,0,0,0,0,0,171,0,0,0,0,0,0,0,6,17,0.0,0.0,0.019776968845495572,0,0,0,0,0,0,0,0,73,0.23127944244234025,0,0,1.4939253653713704,0,8,1,3,31.693760389988338,30.240694491353604,1.0,267.1110097707292,805.8977923182836,62.80031994152691,1159.1082077787464,0.0,71.72598965989252,1.0,86.0,0.6,0.0,0.0,106.0,669.0343919957822
9.231366216216216,45.48435565573771,1,17,56,0,0,0,0,0,0,0,0,0,1,0.7962907025789716,0,0,0,0,0,172,0,0,0,0,0,0,1,6,16,0.0,0.0,0.0173782927884736,0,0,0,0,0,0,0,0,69,0.23247745997746974,0,0,1.551104027025849,0,8,1,3,30.73115265644945,30.234728250952248,1.0,260.307268978002,958.4428775236115,110.54278691588324,753.8207686848299,0.0,91.4685743500672,1.0,86.0,0.6,0.0,0.0,106.0,669.0267687316343
9.23169,45.48435565573771,1,18,56,0,0,0,0,0,0,0,0,0,1,0.792613512551441,0,0,0,0,0,169,0,0,0,0,0,0,1,6,16,0.0,0.0,0.014048859567311573,0,0,0,0,0,0,0,0,75,0.23501946386857048,0,0,1.5008068814637827,4,4,0,3,56.48114613573644,30.28425763360918,1.0,253.43140054980492,953.5481711880857,295.8902214797639,989.153814436397,0.0,91.4685743500672,1.0,86.0,0.6,0.0,0.0,106.0,669.0430818381077
9.232013783783783,45.48435565573771,1,19,56,0,1,0,0,0,0,0,0,0,1,0.789521616168058,0,0,0,0,1,168,0,0,0,0,0,0,1,6,16,0.0,0.0,0.010776977563521372,0,0,0,0,0,0,0,0,86,0.23632835423035914,0,0,0.867803245681675,0,4,0,3,56.48114613573644,30.28425763360918,1.0,253.43140054980492,1019.6905732258356,381.50977305408446,989.153814436397,0.0,91.4685743500672,1.0,86.0,0.6,0.0,0.0,106.0,669.8464246335095
9.232337567567567,45.48435565573771,1,20,56,0,1,0,0,0,0,0,0,0,1,0.785614898409316,0,0,0,0,1,177,0,0,0,0,0,0,1,6,15,0.0,0.0,0.01086165132328873,0,0,0,0,0,0,0,0,88,0.23313002927500234,0,0,0.43265462881614336,0,0,0,2,184.71926087095218,30.80024401036391,1.0,181.04125958332034,770.0091301676775,0.0,742.5550447714406,0.0,91.4685743500672,1.0,86.0,0.6,0.0,0.0,106.0,669.7882224694725
9.23266135135135,45.48435565573771,1,21,56,1,1,0,0,0,0,0,0,0,1,0.778768711498379,0,0,0,0,1,191,0,1,0,0,0,0,1,7,15,0.0,0.0,0.012462755907935063,0,0,0,0,0,0,0,0,87,0.22940169504255517,0,0,0.2716195699792787,0,0,0,1,180.47922005515528,30.80024401036391,1.0,181.04125958332034,833.935076113123,361.0452717173562,721.354840692456,0.0,75.61040034342031,1.0,86.0,0.6,0.0,0.0,106.0,669.5522303445525
9.232985135135134,45.48435565573771,1,22,56,1,1,0,0,0,0,0,0,0,1,0.7702274753904824,0,0,0,0,4,213,0,1,0,0,0,0,1,7,15,0.0,0.0,0.014808393091778267,0,0,0,0,0,0,0,0,93,0.22514051246779995,0,0,0.2557668015939065,0,0,0,1,180.47922005515528,30.80024401036391,1.0,181.04125958332034,1073.2831177617593,0.0,721.354840692456,0.0,71.72598965989252,1.0,86.0,0.6,0.0,0.0,106.0,669.713744044984
9.233308918918919,45.48435565573771,1,23,56,0,1,0,0,0,0,0,3,0,1,0.7613455393051076,0,0,0,0,5,238,0,1,1,0,0,0,0,7,15,0.0,0.0,0.01681953016948845,0,0,0,0,0,0,0,0,101,0.21748862492700022,0,0,0.2383380979344919,0,0,0,1,28.56336444662606,30.370758534903082,0.0,0.0,1027.7984829679997,0.0,0.0,0.0,0.0,1.0,86.0,0.6,0.0,0.0,106.0,670.5205172350893
9.233632702702701,45.48435565573771,1,24,56,0,1,0,0,0,0,0,5,0,1,0.757534672714688,0,0,0,0,4,237,0,1,1,0,0,0,0,7,15,0.0,0.0,0.017067750419872546,0,0,0,0,0,0,0,0,102,0.21153248728109914,0,0,0.2599875429881378,0,0,0,0,28.56336444662606,30.370758534903082,0.0,0.0,1470.4895939347577,0.0,0.0,0.0,0.0,1.0,86.0,0.6,0.0,0.0,106.0,670.9363531653458
9.233956486486486,45.48435565573771,1,25,56,0,0,0,0,0,0,0,6,0,1,0.7337587324909048,0,0,0,0,2,234,0,1,1,0,0,0,0,7,15,0.0,0.0,0.015717909737881404,0,0,0,0,0,0,0,0,107,0.20519580177736646,0,0,0.2997561814675168,0,4,0,0,7.982762514642327,30.05173739435592,1.0,41.30351692159326,1339.464193401061,0.0,118.35173337125329,0.0,0.0,1.0,86.0,0.6,0.0,0.0,106.0,669.1432861700252
9.23428027027027,45.48435565573771,1,26,56,0,0,0,0,0,0,1,7,0,1,0.7055591663864276,0,0,1,0,3,229,0,1,1,0,0,0,0,7,15,0.0,0.0,0.013870187541229857,0,0,0,0,0,0,0,0,101,0.19623460368883733,0,0,0.44961930130156114,0,12,0,0,11.313604059436251,38.24311911101895,1.2352941176470589,152.18774572419366,1174.6231120724,33.06571421535063,605.8237262580351,0.0,0.0,1.0,86.0,0.6,0.0,0.0,106.0,667.5720343337797
9.234604054054053,45.48435565573771,1,27,56,0,0,0,0,0,0,3,5,0,1,0.6741845853590789,0,0,1,0,12,225,0,1,1,0,0,0,0,7,13,0.0,0.0,0.011606012332168977,0,0,0,0,0,0,0,1,100,0.18861624279564906,0,0,0.8527717573725915,0,12,0,0,11.62998756280308,36.68431323233369,1.0,224.40165737787277,1092.3761692161002,0.0,1020.007011842057,0.0,34.608621940228225,1.0,86.0,0.6,0.0,0.0,106.0,665.5992646019977
9.234927837837837,45.48435565573771,1,28,56,0,0,0,0,0,1,4,5,0,1,0.6402364950037276,0,0,1,0,15,221,0,1,1,0,0,0,0,6,12,0.0,0.0,0.009957687383832027,0,0,0,0,0,0,0,0,95,0.17848830922111492,0,0,1.4655257869201421,4,4,0,0,17.89673764127482,37.510263620106606,1.0,214.29205511935587,1060.4337151560435,370.9403664838642,1360.6208573128283,0.0,40.97218857699837,1.0,86.0,0.6,0.0,0.0,106.0,667.0379091005045
9.235251621621622,45.48435565573771,1,29,56,0,0,0,0,0,1,4,10,0,0,0.6041232963837295,0,0,1,0,15,232,0,1,1,0,0,0,0,5,12,0.0,0.0,0.009255038076364401,0,0,0,0,0,0,0,0,82,0.16733924601517922,0,2,2.223655249308101,0,4,0,0,17.644478306575706,37.51044803983457,1.0,205.11361688720456,881.2679306953468,545.5842665684721,1241.7336042520035,0.0,244.3479140731439,1.0,86.0,0.6,0.0,0.0,106.0,666.0356718309793
9.235575405405404,45.48435565573771,1,30,56,0,0,0,0,0,1,4,10,0,1,0.5661126699626309,0,0,1,0,13,228,0,1,1,0,0,0,0,5,11,0.0,0.0,0.008653749674631332,0,0,0,0,0,0,0,0,72,0.1585654690713151,0,3,2.2587746117909364,0,8,0,0,13.869085545687875,38.82952213419991,1.0,182.8159403701415,836.9444818217391,418.33923642670993,1355.97459779089,28.41612850169831,608.3204689235031,1.0,86.0,0.6,0.0,0.0,106.0,661.5656370670732
9.235899189189189,45.48435565573771,1,31,56,0,0,1,0,0,1,8,18,0,1,0.5261648028214312,0,0,1,0,5,223,0,1,1,0,0,0,0,5,11,0.0,0.0,0.008052306462076287,0,0,0,0,0,0,0,0,61,0.14820453075883416,0,3,2.5122311053839197,8,12,0,0,11.50041716276496,39.36426446091584,1.0,218.16896254023473,791.9099655883231,391.97666762635,1219.2758123534518,34.608621940228225,667.7233878385074,1.0,86.0,0.6,0.0,0.0,106.0,662.0026471045148
9.236222972972971,45.48435565573771,1,32,56,0,0,1,0,0,1,8,21,0,0,0.4844939645601454,1,1,1,0,3,218,0,1,1,0,0,0,0,5,11,0.0,0.0,0.0074307569514259885,0,0,0,0,0,1,0,0,57,0.13883254459380592,0,3,2.463949780280686,0,20,0,0,9.17618088943552,27.03298178373589,1.0,75.02809113584371,595.6545377437142,237.0479772509141,1224.4360322895727,150.37245710539537,673.4082958904219,1.0,86.0,0.6,0.0,0.0,106.0,659.5967827841168
9.236546756756756,45.48435565573771,1,33,56,0,0,1,0,0,0,7,21,0,0,0.4418296790313965,1,1,1,0,3,216,0,1,1,0,0,0,0,4,11,0.0,0.0,0.007053888334919262,0,0,0,0,0,0,0,0,47,0.12955188502163242,0,3,2.492058617480199,4,24,0,0,7.856171865514502,20.883170926556733,1.0,60.386473702134204,479.6850299471489,49.2432406193471,1306.2740963008685,338.1287248136443,667.7233878385074,1.0,86.0,0.6,0.0,0.0,106.0,662.501265802517
9.23687054054054,45.48435565573771,1,34,56,0,0,1,0,0,0,5,24,0,0,0.3986895234155471,1,0,1,0,0,208,0,1,1,0,0,0,0,4,10,0.0,0.0,0.007053888334919262,0,0,0,0,0,0,0,0,33,0.1206084822143509,0,3,2.3844690017871337,0,28,0,1,5.898150769819326,16.98735188225858,1.0738492672812012,0.0,428.9007562837789,45.72528042825453,918.8366402455948,331.5713229561024,588.0723353215171,1.0,86.0,0.6,0.0,0.0,106.0,664.3570755961946
9.237194324324323,45.48435565573771,1,35,56,0,0,1,0,0,1,3,18,0,0,0.3555410290594624,1,0,1,0,0,200,0,1,1,0,0,0,0,4,10,0.0,0.0,0.007053888334919262,0,0,0,0,0,0,0,0,27,0.11324224577289012,0,3,2.1211280591745023,0,8,0,2,6.947375621752013,15.445617744630457,1.2045056632402498,0.0,237.50593062438602,45.81032598536945,528.8782468499769,96.38555910770435,465.49005847062017,1.0,86.0,0.6,0.0,0.0,106.0,666.5006575514009
9.237518108108107,45.48435565573771,1,36,56,0,0,0,0,0,1,5,9,0,0,0.3131058397993402,1,0,0,0,0,185,0,1,1,0,0,0,0,4,10,0.0,0.0,0.007051681358466995,0,0,0,0,0,0,0,0,19,0.10453269212929406,0,3,2.3480736551622194,0,0,0,2,6.751663900716297,30.370758534903082,0.0,0.0,163.21411887232577,0.0,108.02662241146075,0.0,389.3636609071015,1.0,86.0,0.6,0.0,0.0,106.0,668.6196214107642
9.225861891891892,45.48458106557378,1,0,57,0,0,1,0,0,0,0,0,0,1,0.6981096472346151,0,0,0,0,0,9,0,0,1,0,0,0,1,2,11,0.0,0.0,0.015471625913605317,0,0,0,0,0,0,0,0,21,0.10393993414309777,0,0,1.4800055869161337,0,0,1,1,28.56336444662606,30.370758534903082,0.0,0.0,318.0757508981126,0.0,0.0,0.0,0.0,1.0,86.0,0.6,0.0,0.0,106.0,672.0308820889702
9.226185675675676,45.48458106557378,1,1,57,0,0,1,0,0,0,0,0,0,1,0.7361590333474701,0,0,0,0,0,22,0,0,1,0,0,0,1,2,11,0.0,0.0,0.015471625913605317,0,0,0,0,0,1,0,0,24,0.11226048394243046,0,0,1.9230530978607887,0,8,1,1,24.816779693187588,31.09291431147436,1.5616810399046448,59.99383176764723,416.9892859728235,0.0,833.410237187106,0.0,12.766056144386978,1.0,86.0,0.6,0.0,0.0,106.0,670.8834415307814
9.226509459459459,45.48458106557378,1,2,57,0,0,0,0,0,0,0,0,0,1,0.7568299126640115,0,0,0,0,0,29,0,0,1,0,0,0,1,2,11,0.0,0.0,0.015471625913605317,0,0,0,0,0,1,0,0,31,0.12049680750685747,0,0,2.2460242880917054,4,16,1,2,27.3129592419504,29.387852235998555,1.5283381164651388,318.0757508981126,416.9892859728235,0.0,1238.7629258930601,0.0,12.766056144386978,1.0,86.0,0.6,0.0,0.0,106.0,671.4053400389482
9.226833243243243,45.48458106557378,1,3,57,0,0,0,0,0,0,0,0,0,1,0.7787796165539761,0,0,1,0,0,35,0,0,1,0,0,0,1,3,11,0.0,0.0,0.01619617106997311,0,0,0,0,0,0,0,0,36,0.13066436495572306,0,0,2.450276211104135,0,12,1,2,19.736149560228622,26.75120757201637,1.5116418949961739,259.36284832800544,775.753005993559,101.70497719474437,477.8447788162953,12.766056144386978,12.766056144386978,1.0,86.0,0.6,0.0,0.0,106.0,670.4182887262148
9.227157027027028,45.48458106557378,1,4,57,0,0,0,0,0,0,0,0,0,1,0.7987697137617235,0,0,1,0,0,47,0,0,1,0,0,0,1,3,12,0.0,0.0,0.01737186376951681,0,0,0,0,0,0,0,0,44,0.1395355654639769,0,0,2.8860128524782875,4,4,1,2,50.89893078906187,22.40950083255838,1.4616027500877025,199.36901656035823,775.753005993559,199.72850835372833,398.6520967639973,12.766056144386978,12.766056144386978,1.0,86.0,0.6,0.0,0.0,106.0,669.9651521867798
9.22748081081081,45.48458106557378,1,5,57,0,0,0,0,0,0,0,0,0,1,0.8034489008796835,0,0,1,0,0,53,0,0,1,0,0,0,1,3,15,0.0,0.0,0.018451679248176846,0,0,0,0,0,0,0,0,49,0.14975365789280248,0,0,1.9978201105427602,0,8,1,2,34.34138303790533,22.613960729685317,1.5172793955918178,215.0345191763108,775.753005993559,98.02353115898396,802.4409158164623,12.766056144386978,12.766056144386978,1.0,86.0,0.6,0.0,0.0,106.0,668.980079413436
9.227804594594595,45.48458106557378,1,6,57,0,0,0,0,0,0,0,0,0,1,0.7994455750052503,0,0,1,0,0,63,0,0,1,0,0,0,1,3,15,0.0,0.0,0.019485637039039223,0,0,0,0,0,0,0,0,56,0.15823721720861206,0,0,1.5718733494682464,4,16,1,3,34.598405732295376,25.707177176397263,1.4594005043911267,457.6772550954464,979.7964514006651,136.21331260633642,1687.4239003068672,0.0,12.766056144386978,1.0,86.0,0.6,0.0,0.0,106.0,668.7702127420479
9.228128378378377,45.48458106557378,1,7,57,0,0,0,0,0,0,0,0,0,1,0.795827145776094,0,0,1,0,0,74,0,0,1,0,0,0,1,3,15,0.0,0.0,0.020397183125031117,0,0,0,0,0,0,0,0,57,0.16516557704198018,0,0,1.2281658932159716,4,16,1,4,34.598405732295376,25.707177176397263,1.4594005043911267,457.6772550954464,946.5738290307507,432.60452348327277,1687.4239003068672,0.0,12.766056144386978,1.0,86.0,0.6,0.0,0.0,106.0,669.064268719048
9.228452162162162,45.48458106557378,1,8,57,0,0,0,0,0,0,0,0,0,1,0.7897335118911086,0,0,0,0,0,83,0,0,1,0,0,0,1,4,15,0.0,0.0,0.02069260359623575,0,0,0,0,0,0,0,0,64,0.16947731687110312,0,0,1.035213802150931,0,4,1,4,51.65372747438117,23.493696361896667,1.6898819241793395,147.0112069478481,946.5738290307507,114.09834503290428,1505.9080722323495,0.0,12.766056144386978,1.0,86.0,0.6,0.0,0.0,106.0,670.0772916765318
9.228775945945946,45.48458106557378,1,9,57,0,0,0,0,0,0,0,0,0,1,0.7847517211762173,0,0,0,0,0,98,0,0,1,0,0,0,1,4,15,0.0,0.0,0.021217408335379075,0,0,0,0,0,0,0,0,64,0.17372352620297943,0,0,0.7142191926181977,4,4,1,4,86.0764683878222,26.035656013235013,1.4638457637730757,520.2636753667697,901.7512794659118,651.3632649685453,1545.571565940963,0.0,0.0,1.0,86.0,0.6,0.0,0.0,106.0,669.9238579836984
9.229099729729729,45.48458106557378,1,10,57,0,0,0,0,0,0,0,0,0,1,0.7804105918386444,0,0,0,0,0,110,0,0,1,0,0,0,0,4,15,0.0,0.0,0.0205344502098536,0,0,0,0,0,0,0,0,68,0.18212423222981497,0,0,0.8022439995899706,0,4,1,4,86.0764683878222,26.035656013235013,1.4638457637730757,520.2636753667697,982.850869519587,615.3626581753484,1545.571565940963,0.0,0.0,1.0,86.0,0.6,0.0,0.0,106.0,670.0894050320926
9.229423513513513,45.48458106557378,1,11,57,0,0,0,0,0,0,0,0,0,1,0.7765660254425805,0,0,0,0,0,126,0,0,1,0,0,0,0,4,16,0.0,0.0,0.01843390058291168,0,0,0,0,0,0,0,0,70,0.18985644375513785,0,0,0.8149364904517115,0,0,1,4,83.96904167237759,23.78788545529803,1.6960368302999989,137.38976832712947,901.459987668832,126.70836171114284,1374.0529817756671,0.0,0.0,1.0,86.0,0.6,0.0,0.0,106.0,670.1991624372436
9.229747297297298,45.48458106557378,1,12,57,0,0,0,0,0,0,0,0,0,1,0.7731413134343735,0,0,0,0,0,141,0,0,0,0,0,0,0,4,15,0.0,0.0,0.017788199089613585,0,0,0,0,0,0,0,0,71,0.19846085150847426,0,0,1.2199277729400362,0,8,1,4,45.10272712301308,32.08676089539259,1.8255120975666879,193.02270024793785,886.2713636380965,462.46290814282753,1402.6788762107756,0.0,0.0,1.0,86.0,0.6,0.0,0.0,106.0,669.8116521811464
9.23007108108108,45.48458106557378,1,13,57,0,0,0,0,0,0,0,0,0,1,0.7700934953001551,0,0,0,0,0,148,0,0,0,0,0,0,0,5,15,0.0,0.0,0.017868393752426697,1,0,0,0,0,0,0,0,70,0.20580695060986853,0,0,1.5549522962073492,0,12,1,3,39.20183254220647,32.88880233020079,1.8429608878100197,274.12229030161325,1065.818025561065,435.7762323535118,1206.9454656088226,0.0,0.0,1.0,86.0,0.6,0.0,0.0,106.0,670.0977837458163
9.230394864864865,45.48458106557378,1,14,57,0,0,0,0,0,0,0,0,0,1,0.7673472134824141,0,0,0,0,0,153,0,0,0,0,0,0,0,5,15,0.0,0.0,0.017868393752426697,0,0,0,0,0,0,0,0,68,0.21276903193210028,0,0,2.048969650920643,0,0,1,3,48.219308075803305,30.39039173616687,1.0,87.56434784776076,846.5742974835831,0.0,732.1638894408953,0.0,0.0,1.0,86.0,0.6,0.0,0.0,106.0,669.1563642060895
9.230718648648649,45.48458106557378,1,15,57,0,0,0,0,0,0,0,0,0,1,0.7645525507177817,0,0,0,0,0,157,0,0,0,0,0,0,0,5,15,0.0,0.0,0.017868393752426697,0,0,0,0,0,0,0,0,64,0.21564025403181,0,0,2.2170884984783084,0,0,1,3,44.364360063422644,30.39039173616687,1.0,87.56434784776076,955.8555370604879,177.14612293765646,400.44361284988827,0.0,0.0,1.0,86.0,0.6,0.0,0.0,106.0,669.1214226431591
9.231042432432432,45.48458106557378,1,16,57,0,0,0,0,0,0,0,0,0,1,0.7594042758476123,0,0,0,0,0,162,0,0,0,0,0,0,0,6,16,0.0,0.0,0.016724133666212886,0,0,0,0,0,0,0,0,64,0.21793698723093052,0,0,1.9973950021723184,0,0,1,3,38.342057999227386,30.39039173616687,1.0,87.56434784776076,1046.6292019063787,54.35815508294379,410.88240614219535,0.0,91.4685743500672,1.0,86.0,0.6,0.0,0.0,106.0,669.1764293105834
9.231366216216216,45.48458106557378,1,17,57,0,0,0,0,0,0,0,0,0,1,0.754695106673793,0,0,0,0,0,163,0,0,0,0,0,0,0,6,16,0.0,0.0,0.01306361463705655,0,0,0,0,0,0,0,0,65,0.2190619225679075,0,0,1.559635471001268,0,0,1,3,73.82024437297453,30.394549472202286,1.0,88.51262201597817,1065.6620559922965,64.79694837525076,723.5100660867417,0.0,91.4685743500672,1.0,86.0,0.6,0.0,0.0,106.0,669.4875003460872
9.23169,45.48458106557378,1,18,57,0,0,0,0,0,0,0,0,0,1,0.7508733975286659,0,0,0,0,0,157,0,0,0,0,0,0,0,6,15,0.0,0.0,0.009434127505889837,0,0,0,0,0,0,0,0,77,0.22078865892707955,0,0,1.7494827561793962,0,4,1,3,49.78141717294521,30.28425763360918,1.0,253.43140054980492,1043.0909644788949,548.1703307956077,742.1969429090991,0.0,91.4685743500672,1.0,86.0,0.6,0.0,0.0,106.0,669.270324822945
9.232013783783783,45.48458106557378,1,19,57,0,1,0,0,0,0,0,0,0,1,0.74768197046551,0,0,0,0,1,161,0,0,0,0,0,0,0,6,15,0.0,0.0,0.007178930184999232,0,0,0,0,0,0,0,0,79,0.22196456350709987,0,0,1.2116240175702073,0,0,0,2,90.8544646720426,28.375065500767903,1.2865985407353917,197.7938615928831,954.3984555424336,0.0,548.1703307956077,71.72598965989252,91.4685743500672,1.0,86.0,0.6,0.0,0.0,106.0,670.6311376268393
9.232337567567567,45.48458106557378,1,20,57,0,1,0,0,0,0,0,0,0,1,0.7443132594929887,0,0,0,0,2,161,0,0,0,0,0,0,0,5,15,0.0,0.0,0.007482432158313332,0,0,0,0,0,0,0,0,82,0.219197481486432,0,0,0.730790784825067,0,0,0,1,180.47922005515528,30.80024401036391,1.0,181.04125958332034,742.9249847286262,0.0,721.354840692456,0.0,91.4685743500672,1.0,86.0,0.6,0.0,0.0,106.0,670.589444842845
9.23266135135135,45.48458106557378,1,21,57,1,1,0,0,0,0,0,0,0,1,0.7373280600219573,0,0,0,0,4,167,0,0,0,0,0,0,0,6,15,0.0,0.0,0.007714052411090502,0,0,0,0,0,0,0,0,84,0.21630760351992231,0,0,0.49892242949717297,0,0,0,1,180.47922005515528,30.80024401036391,1.0,181.04125958332034,652.4063707809551,721.354840692456,721.354840692456,0.0,91.4685743500672,1.0,86.0,0.6,0.0,0.0,106.0,671.0659892367622
9.232985135135134,45.48458106557378,1,22,57,0,1,0,0,0,0,0,0,0,1,0.7229736803680563,0,0,0,0,8,183,0,1,0,0,0,0,0,7,15,0.0,0.0,0.008747966553682856,0,0,0,0,0,0,0,0,91,0.2134832328821499,0,0,0.2572015770413862,0,0,0,1,180.47922005515528,30.80024401036391,1.0,181.04125958332034,779.864606889336,0.0,721.354840692456,0.0,91.4685743500672,1.0,86.0,0.6,0.0,0.0,106.0,668.9054198813088
9.233308918918919,45.48458106557378,1,23,57,0,1,0,0,0,0,0,0,0,1,0.7139642437775436,0,0,0,0,7,218,0,1,0,0,0,0,0,7,15,0.0,0.0,0.010515218457383681,0,0,0,0,0,0,0,0,94,0.20552198268292687,0,0,0.23838863541331676,0,0,0,1,28.56336444662606,30.370758534903082,0.0,0.0,678.7146219350587,0.0,0.0,0.0,71.72598965989252,1.0,86.0,0.6,0.0,0.0,106.0,669.9692482615271
9.233632702702701,45.48458106557378,1,24,57,0,0,0,0,0,0,0,1,0,1,0.71063561629208,0,0,0,0,4,235,0,1,1,0,0,0,0,7,15,0.0,0.0,0.011818822998317036,0,0,0,0,0,0,0,0,95,0.198394103471409,0,0,0.2527095222030831,0,0,0,0,28.56336444662606,30.370758534903082,0.0,0.0,746.3743772699413,0.0,0.0,0.0,0.0,1.0,86.0,0.6,0.0,0.0,106.0,669.9316695212556
9.233956486486486,45.48458106557378,1,25,57,0,0,0,0,0,0,0,2,0,1,0.6877781940724668,0,0,0,0,2,228,0,1,1,0,0,0,0,6,14,0.0,0.0,0.011970857848133168,0,0,0,0,0,0,0,0,91,0.19321722451159243,0,0,0.292078744041382,0,0,0,0,28.56336444662606,30.370758534903082,0.0,0.0,1183.7692696530735,0.0,0.0,0.0,0.0,1.0,86.0,0.6,0.0,0.0,106.0,670.2239599047615
9.23428027027027,45.48458106557378,1,26,57,0,0,0,0,0,0,0,3,0,1,0.6612365755966566,0,0,0,0,0,224,0,1,1,0,0,0,0,6,14,0.0,0.0,0.011246000810513749,0,0,0,0,0,0,0,0,96,0.1853836039223792,0,0,0.37580291001499794,0,0,0,0,13.009250186227785,30.048053355003557,1.0,18.971286529560512,1017.4759208892766,0.0,33.06571421535063,0.0,0.0,1.0,86.0,0.6,0.0,0.0,106.0,669.5632657265758
9.234604054054053,45.48458106557378,1,27,57,0,0,0,0,0,0,0,4,0,1,0.6315338300119631,0,0,0,0,0,220,0,1,1,0,0,0,0,6,12,0.0,0.0,0.010169169854629796,0,0,0,0,0,0,0,0,93,0.17719603894807923,0,0,0.8176309783202886,0,0,0,0,9.279172234710671,30.370758534903082,0.0,0.0,1045.379140910547,0.0,92.79172234710671,0.0,34.608621940228225,1.0,86.0,0.6,0.0,0.0,106.0,669.9854515560578
9.234927837837837,45.48458106557378,1,28,57,0,0,0,0,0,0,1,5,0,1,0.5994969273560485,0,0,1,0,4,215,0,1,1,0,0,0,0,5,12,0.0,0.0,0.009510005109784834,0,0,0,0,0,0,0,0,85,0.16612465429880538,0,0,1.4637694211762151,0,4,0,0,21.811232678042344,40.00953749137565,1.0,85.07815317111206,836.6252949153945,0.0,569.2588271701582,0.0,104.70072322425129,1.0,86.0,0.6,0.0,0.0,106.0,667.9641034715147
9.235251621621622,45.48458106557378,1,29,57,0,0,0,0,0,0,3,11,0,1,0.5654065001265628,0,0,1,0,11,206,0,1,1,0,0,0,0,5,12,0.0,0.0,0.008937700738107847,0,0,0,0,0,0,0,0,72,0.15792880309790674,0,2,1.8109267647273006,0,8,0,0,13.831798028061987,36.67700607471729,1.0,139.45066454184715,768.1945264544719,91.25236752858305,911.7659855908641,0.0,451.3302403050632,1.0,86.0,0.6,0.0,0.0,106.0,665.0330591167948
9.235575405405404,45.48458106557378,1,30,57,0,0,0,0,0,0,5,16,0,1,0.529605735382651,0,0,1,0,7,201,0,1,1,0,0,0,0,5,11,0.0,0.0,0.008364771781989374,0,0,0,0,0,0,0,0,66,0.14914217382725323,0,3,2.540219730414504,4,18,0,0,13.12158795271531,39.036049272658815,1.0,205.66059174493245,651.416124103608,219.0425669941776,1452.4156322151143,34.608621940228225,644.9588743466002,1.0,86.0,0.6,0.0,0.0,106.0,664.5315376300175
9.235899189189189,45.48458106557378,1,31,57,0,0,1,0,0,1,8,20,0,0,0.49229734974337036,1,1,1,0,3,204,0,0,1,0,0,0,0,5,11,0.0,0.0,0.007770914247202992,0,0,0,0,0,0,0,0,58,0.13970849821241307,0,3,2.8738292264358845,0,22,0,0,11.501280271877228,39.457159879910336,1.0,220.26763469960318,563.685752360931,256.5446360087029,1849.858033113701,34.608621940228225,681.7788726726275,1.0,86.0,0.6,0.0,0.0,106.0,670.7060626107123
9.236222972972971,45.48458106557378,1,32,57,0,0,1,0,0,0,14,24,0,0,0.45373940265670387,1,1,1,0,3,206,0,0,1,0,0,0,0,5,11,0.0,0.0,0.007170771713466988,0,0,0,0,0,1,0,0,55,0.12974995307215295,0,3,3.808633056394974,0,12,0,0,9.665200316471658,27.603590494994027,1.0,41.68858914565625,539.1180759687255,97.53020445586634,1024.713484520876,219.06956842419842,681.7788726726275,1.0,86.0,0.6,0.0,0.0,106.0,667.6965470119624
9.236546756756756,45.48458106557378,1,33,57,0,0,1,0,0,1,13,24,0,0,0.4140532617045614,1,0,1,0,4,204,0,0,1,0,0,0,0,4,11,0.0,0.0,0.007053888334919262,0,0,0,0,0,0,0,0,45,0.12053741000405134,0,3,2.9774692211042844,8,12,0,0,7.555022907513084,17.905973246654966,1.0,0.0,501.50418296986834,152.38819913213757,915.3908312740167,346.29799428066843,681.7788726726275,1.0,86.0,0.6,0.0,0.0,106.0,663.0957929410899
9.23687054054054,45.48458106557378,1,34,57,0,0,0,0,0,1,9,28,0,0,0.3736958783432474,1,0,1,0,0,199,0,0,1,0,0,0,0,4,10,0.0,0.0,0.007053888334919262,0,0,0,0,0,0,0,0,34,0.11340864412970585,0,3,2.209642020948911,0,8,0,0,6.843885919980558,17.657696692053964,1.0174174699703864,0.0,455.59221597985595,88.91249804295305,759.8185204315449,307.8276830854218,681.7788726726275,1.0,86.0,0.6,0.0,0.0,106.0,665.1307537352754
9.237194324324323,45.48458106557378,1,35,57,0,0,0,0,0,1,4,27,0,0,0.3331910680187006,1,0,1,0,0,190,0,0,1,0,0,0,0,4,10,0.0,0.0,0.007053888334919262,0,0,0,0,0,0,0,0,25,0.10669262104135892,0,3,1.9437902368140432,0,0,0,0,6.803264279328742,17.88013804122515,1.0,0.0,189.06079204874626,0.0,404.63481347574026,37.577364680627944,580.6059719317461,1.0,86.0,0.6,0.0,0.0,106.0,667.0550708668361
9.237518108108107,45.48458106557378,1,36,57,0,0,0,0,0,1,6,18,0,0,0.293513989813904,1,0,0,0,0,178,0,0,1,0,0,0,0,2,9,0.0,0.0,0.006966078005222323,0,0,0,0,0,0,0,0,17,0.09724209829193084,0,3,1.784885040092566,0,0,0,0,5.776113152174689,30.370758534903082,0.0,0.0,151.5623992034311,0.0,80.86558413044565,0.0,424.7332212087873,1.0,86.0,0.6,0.0,0.0,106.0,668.0930024856007
9.225861891891892,45.48480647540984,1,0,58,0,0,0,0,0,0,0,0,0,1,0.65660606297637,0,0,1,0,0,5,0,0,1,0,0,0,1,2,11,0.0,0.0,0.015471625913605317,0,0,0,0,0,0,0,0,19,0.09391196873877972,0,0,0.953416832633866,0,0,1,1,28.56336444662606,30.370758534903082,0.0,0.0,318.0757508981126,0.0,0.0,0.0,0.0,1.0,86.0,0.6,0.0,0.0,106.0,672.8330978486817
9.226185675675676,45.48480647540984,1,1,58,0,0,0,0,0,0,0,0,0,1,0.6921329627037024,0,0,1,0,0,5,0,0,1,0,0,0,1,2,11,0.0,0.0,0.015471625913605317,0,0,0,0,0,0,0,0,23,0.10568452224183324,0,0,1.0496681006549893,0,0,1,1,28.56336444662606,30.370758534903082,0.0,0.0,416.9892859728235,0.0,0.0,0.0,12.766056144386978,1.0,86.0,0.6,0.0,0.0,106.0,672.4168654628331
9.226509459459459,45.48480647540984,1,2,58,0,0,0,0,0,0,0,0,0,1,0.7102192540126362,0,0,1,0,0,14,0,0,1,0,0,0,1,2,11,0.0,0.0,0.015471625913605317,0,0,0,0,0,0,0,0,29,0.11466474948318368,0,0,1.23851031106461,0,0,1,2,28.56336444662606,30.370758534903082,0.0,0.0,416.9892859728235,0.0,0.0,0.0,12.766056144386978,1.0,86.0,0.6,0.0,0.0,106.0,672.0731023237684
9.226833243243243,45.48480647540984,1,3,58,0,0,0,0,0,0,0,0,0,1,0.7307026933354278,0,0,0,0,0,29,0,0,1,0,0,0,1,2,11,0.0,0.0,0.015471625913605317,0,0,0,0,0,0,0,0,34,0.12168058674441797,0,0,1.791245158589244,0,0,1,2,50.85248859737219,30.370758534903082,0.0,0.0,775.753005993559,0.0,101.70497719474437,0.0,12.766056144386978,1.0,86.0,0.6,0.0,0.0,106.0,671.3274910094835
9.227157027027028,45.48480647540984,1,4,58,0,0,0,0,0,0,0,0,0,1,0.7517733820915042,0,0,1,0,0,36,0,0,1,0,0,0,1,3,11,0.0,0.0,0.016386779225819114,0,0,0,0,0,0,0,0,43,0.13094189029317774,0,0,1.8008892759670636,0,4,1,2,35.41576074968588,20.0,1.0,0.0,775.753005993559,0.0,199.72850835372833,12.766056144386978,12.766056144386978,1.0,86.0,0.6,0.0,0.0,106.0,671.1170439356056
9.22748081081081,45.48480647540984,1,5,58,0,0,0,0,0,0,0,0,0,1,0.7567672575146658,0,0,1,0,0,47,0,0,1,0,0,0,1,3,14,0.0,0.0,0.017689818709812375,0,0,0,0,0,0,0,0,47,0.14047635875325676,0,0,1.7916153146238163,0,4,1,2,38.92601244660328,21.805350443441817,1.3461649229419586,98.91353507471092,775.753005993559,0.0,199.72850835372833,12.766056144386978,12.766056144386978,1.0,86.0,0.6,0.0,0.0,106.0,670.4923573269789
9.227804594594595,45.48480647540984,1,6,58,0,0,0,0,0,0,0,0,0,1,0.7555060631488809,0,0,1,0,0,55,0,0,1,0,0,0,1,3,14,0.0,0.0,0.018862291503385878,0,0,0,0,0,0,0,0,52,0.1483507269641125,0,0,1.455507532543778,0,12,1,2,17.409708630816965,25.245974911778433,1.501164186608502,281.1614350829615,969.8555986881383,0.0,467.45603604216814,0.0,12.766056144386978,1.0,86.0,0.6,0.0,0.0,106.0,669.5337043429408
9.228128378378377,45.48480647540984,1,7,58,0,0,0,0,0,0,0,0,0,1,0.7544157133508431,0,0,0,0,0,68,0,0,1,0,0,0,1,3,14,0.0,0.0,0.01993937447075218,0,0,0,0,0,0,0,0,51,0.15481168923435265,0,0,1.258814193366456,0,12,1,2,19.166574645878928,25.245974911778433,1.501164186608502,281.1614350829615,946.5738290307507,0.0,581.3344239815904,0.0,12.766056144386978,1.0,86.0,0.6,0.0,0.0,106.0,670.0662039619447
9.228452162162162,45.48480647540984,1,8,58,0,0,0,0,0,0,0,0,0,1,0.7509050365846024,0,0,0,0,0,78,0,0,1,0,0,0,1,3,14,0.0,0.0,0.020422406772478995,0,0,0,0,0,0,0,0,59,0.15976519454483756,0,0,0.7498983173134707,0,0,1,3,53.06615451926389,23.762248347380392,1.6955004610192281,131.82258291711267,953.873007437276,0.0,398.8389622755262,0.0,12.766056144386978,1.0,86.0,0.6,0.0,0.0,106.0,670.3452915825972
9.228775945945946,45.48480647540984,1,9,58,0,0,0,0,0,0,0,0,0,1,0.7445289539478098,0,0,0,0,0,93,0,0,1,0,0,0,0,4,14,0.0,0.0,0.020296949058131755,0,0,0,0,0,0,0,0,60,0.16453564614864438,0,0,0.6007724916110928,0,4,1,3,86.0764683878222,26.035656013235013,1.4638457637730757,520.2636753667697,901.7512794659118,272.022997056633,1545.571565940963,0.0,0.0,1.0,86.0,0.6,0.0,0.0,106.0,669.7915752889027
9.229099729729729,45.48480647540984,1,10,58,0,0,0,0,0,0,0,0,0,1,0.7375432715727032,0,0,0,0,0,103,0,0,1,0,0,0,0,4,14,0.0,0.0,0.018814085535098696,0,0,0,0,0,0,0,0,62,0.172248701429724,0,0,0.7958133333456986,0,4,1,4,86.0764683878222,26.035656013235013,1.4638457637730757,520.2636753667697,982.850869519587,272.022997056633,1545.571565940963,0.0,0.0,1.0,86.0,0.6,0.0,0.0,106.0,669.8827769151752
9.229423513513513,45.48480647540984,1,11,58,0,0,0,0,0,0,0,0,0,1,0.7326543963600026,0,0,0,0,0,116,0,0,0,0,0,0,0,4,14,0.0,0.0,0.01778344055824418,0,0,0,0,0,0,0,0,64,0.17849870700295914,0,0,1.0138694040419383,0,4,1,4,36.79894675408121,23.33493874614545,1.6865604610700484,156.12338332197027,886.2713636380965,272.022997056633,947.8450193004659,0.0,0.0,1.0,86.0,0.6,0.0,0.0,106.0,669.9132687049644
9.229747297297298,45.48480647540984,1,12,58,0,0,0,0,0,0,0,0,0,1,0.7285617673994997,0,0,0,0,0,126,0,0,0,0,0,0,0,3,14,0.0,0.0,0.017780583422729753,0,0,0,0,0,0,0,0,63,0.18544131149025228,0,0,1.1800964340078013,4,16,1,4,36.90020456190034,32.88880233020079,1.8429608878100197,274.12229030161325,886.2713636380965,915.7071839111878,1829.8681578315227,0.0,0.0,1.0,86.0,0.6,0.0,0.0,106.0,670.9730794589482
9.23007108108108,45.48480647540984,1,13,58,0,0,0,0,0,0,0,0,0,1,0.7250178398788825,0,0,0,0,0,127,0,0,0,0,0,0,0,5,14,0.0,0.0,0.017833750056564356,1,0,0,0,0,0,0,0,64,0.1924879021721139,0,0,1.7794048881996027,8,16,1,3,36.90020456190034,32.88880233020079,1.8429608878100197,274.12229030161325,954.9589338277167,568.3813652145998,1829.8681578315227,0.0,0.0,1.0,86.0,0.6,0.0,0.0,106.0,669.4398803881452
9.230394864864865,45.48480647540984,1,14,58,0,0,0,0,0,0,0,0,0,1,0.7218688910935807,0,0,0,0,0,139,0,0,0,0,0,0,0,5,14,0.0,0.0,0.017868393752426697,1,0,0,0,0,0,0,0,61,0.1979402059951147,0,0,2.3247585299748517,0,8,1,3,33.330712495753545,33.13237188003918,1.599049245068455,341.3890511010539,846.5742974835831,70.21419068832857,1291.81586119087,0.0,0.0,1.0,86.0,0.6,0.0,0.0,106.0,668.9782289786693
9.230718648648649,45.48480647540984,1,15,58,0,0,0,0,0,0,0,0,0,1,0.7190246637623864,0,0,0,0,0,142,0,0,0,0,0,0,0,5,14,0.0,0.0,0.0177086831443409,0,0,0,0,0,0,0,0,58,0.20145356575297288,0,0,2.3445151238522848,4,4,1,3,42.81756555391921,31.170942412376434,1.484491886516585,310.3747563505185,1046.6292019063787,280.43519608546785,760.0643824974619,0.0,91.4685743500672,1.0,86.0,0.6,0.0,0.0,106.0,668.4846055789692
9.231042432432432,45.48480647540984,1,16,58,0,0,0,0,0,0,0,0,0,1,0.7148354765757433,0,0,0,0,0,151,0,0,0,0,0,0,0,5,14,0.0,0.0,0.015027856896051121,0,0,0,0,0,0,0,0,55,0.20380343631359094,0,0,2.286978363561045,0,4,1,3,44.38046798467879,26.990035636898334,1.347860801404024,225.70794668351257,1046.6292019063787,0.0,750.6623489794208,0.0,91.4685743500672,1.0,86.0,0.6,0.0,0.0,106.0,668.5606317208246
9.231366216216216,45.48480647540984,1,17,58,0,1,0,0,0,0,0,0,0,1,0.7099776610375896,0,0,0,0,0,154,0,0,0,0,0,0,0,5,13,0.0,0.0,0.010922475146444814,0,0,0,0,0,0,0,0,58,0.20373827771063818,0,0,1.8620227095676911,0,4,1,2,43.42399884836547,26.995432079381136,1.347860801404024,230.6311134868724,1074.1052592294302,0.0,811.5448588738989,0.0,91.4685743500672,1.0,86.0,0.6,0.0,0.0,106.0,668.8716203507151
9.23169,45.48480647540984,1,18,58,0,1,0,0,0,0,0,0,0,1,0.7065389612621493,0,0,0,0,0,149,0,0,0,0,0,0,0,5,14,0.0,0.0,0.007050211970119556,0,0,0,0,0,0,0,0,72,0.20578073625752208,0,0,1.8964523361467056,0,4,1,1,50.076691117673256,27.856199061720794,1.3582481759192395,96.51321392057575,1043.0909644788949,381.50977305408446,632.987854302304,71.72598965989252,91.4685743500672,1.0,86.0,0.6,0.0,0.0,106.0,669.7013844033554
9.232013783783783,45.48480647540984,1,19,58,0,1,0,0,0,0,0,0,0,1,0.7047108594569161,0,0,0,0,0,151,0,0,0,0,0,0,0,4,14,0.0,0.0,0.005856825835571076,0,0,0,0,0,0,0,0,75,0.2050315499322013,0,0,1.246701985202265,0,0,0,1,108.34967694599104,27.127751381110542,1.477664234558986,88.51262201597817,837.365201004584,0.0,381.50977305408446,71.72598965989252,91.4685743500672,1.0,86.0,0.6,0.0,0.0,106.0,670.5532514201145
9.232337567567567,45.48480647540984,1,20,58,0,1,0,0,0,0,0,0,0,1,0.7022303123231255,0,0,0,0,1,154,0,0,0,0,0,0,0,4,14,0.0,0.0,0.005856825835571076,0,0,0,0,0,0,0,0,78,0.20357511523056318,0,0,1.0229714555094744,0,0,0,1,139.1602985622384,27.262982893831083,1.477664234558986,181.04125958332034,742.9249847286262,0.0,721.354840692456,71.72598965989252,91.4685743500672,1.0,86.0,0.6,0.0,0.0,106.0,670.587283729146
9.23266135135135,45.48480647540984,1,21,58,1,1,0,0,0,0,0,0,0,1,0.691421148104257,0,0,0,0,4,153,0,0,0,0,0,0,0,4,14,0.0,0.0,0.005856825835571076,0,0,0,0,0,0,0,0,79,0.20115058507555006,0,0,0.5400434188313746,0,0,0,1,180.47922005515528,30.80024401036391,1.0,181.04125958332034,742.9249847286262,360.30956897509986,721.354840692456,0.0,91.4685743500672,1.0,86.0,0.6,0.0,0.0,106.0,670.533110111252
9.232985135135134,45.48480647540984,1,22,58,0,1,0,0,0,0,0,0,0,1,0.6755540936489995,0,0,0,0,6,159,0,0,0,0,0,0,0,5,14,0.0,0.0,0.005864926015216789,0,0,0,0,0,0,0,0,81,0.19795703688362676,0,0,0.4698299321853447,0,0,0,1,180.45027618614006,30.80024401036391,1.0,181.04125958332034,435.8877147239052,0.0,360.30956897509986,0.0,91.4685743500672,1.0,86.0,0.6,0.0,0.0,106.0,670.9914193185964
9.233308918918919,45.48480647540984,1,23,58,0,1,0,0,0,0,0,0,0,1,0.6653569882279783,0,0,0,0,8,180,0,1,0,0,0,0,0,6,14,0.0,0.0,0.006253636792343805,0,0,0,0,0,0,0,0,82,0.1926789926192679,0,0,0.4450243020443027,0,0,0,1,28.56336444662606,30.370758534903082,0.0,0.0,305.65027573415006,0.0,0.0,0.0,71.72598965989252,1.0,86.0,0.6,0.0,0.0,106.0,671.4762669070013
9.233632702702701,45.48480647540984,1,24,58,0,0,0,0,0,0,0,0,0,1,0.6625538953719636,0,0,0,0,5,209,0,1,0,0,0,0,0,6,14,0.0,0.0,0.007326503790705683,0,0,0,0,0,0,0,0,86,0.18513909815672483,0,0,0.2562230049826477,0,0,0,0,28.56336444662606,30.370758534903082,0.0,0.0,386.96622878247916,0.0,0.0,0.0,0.0,1.0,86.0,0.6,0.0,0.0,106.0,671.5529069249071
9.233956486486486,45.48480647540984,1,25,58,0,0,0,0,0,0,0,0,0,1,0.6406987086480431,0,0,0,0,2,223,0,1,1,0,0,0,0,6,14,0.0,0.0,0.00875993006758427,0,0,0,0,0,0,0,0,85,0.17677633015564123,0,0,0.3056974579642903,0,0,0,0,28.56336444662606,30.370758534903082,0.0,0.0,571.0531491705249,0.0,0.0,0.0,0.0,1.0,86.0,0.6,0.0,0.0,106.0,670.3086961547738
9.23428027027027,45.48480647540984,1,26,58,0,0,0,0,0,0,0,0,0,1,0.6156601314250391,0,0,0,0,0,219,0,1,1,0,0,0,0,6,13,0.0,0.0,0.009522391716995732,0,0,0,0,0,0,0,0,89,0.17015713067263752,0,0,0.37537974960934684,0,0,0,0,28.56336444662606,30.370758534903082,0.0,0.0,473.89901480817105,0.0,0.0,0.0,0.0,1.0,86.0,0.6,0.0,0.0,106.0,671.0327609269094
9.234604054054053,45.48480647540984,1,27,58,0,0,0,0,0,0,0,2,0,1,0.5878209867863446,0,0,0,0,0,211,0,1,1,0,0,0,0,5,12,0.0,0.0,0.009675307393589908,0,0,0,0,0,0,0,0,84,0.1667716230647338,0,0,1.1906870701639458,0,0,0,0,28.56336444662606,30.370758534903082,0.0,0.0,582.1719458957136,0.0,0.0,0.0,46.46556840398986,1.0,86.0,0.6,0.0,0.0,106.0,670.5213282333925
9.234927837837837,45.48480647540984,1,28,58,0,0,0,0,0,0,0,8,0,1,0.5576245615669279,0,0,1,0,0,206,0,1,1,0,0,0,0,5,12,0.0,0.0,0.009135389850360307,0,0,0,0,0,0,0,0,75,0.15868830465634226,0,0,1.474810942791199,0,0,0,0,28.56336444662606,30.370758534903082,0.0,0.0,599.7319683884267,0.0,0.0,0.0,233.38900615680552,1.0,86.0,0.6,0.0,0.0,106.0,667.7641106847884
9.235251621621622,45.48480647540984,1,29,58,0,0,0,0,0,0,0,8,0,1,0.5255521577969029,0,0,1,0,0,200,0,1,1,0,0,0,0,5,11,0.0,0.0,0.008591453869448689,0,0,0,0,0,0,0,0,66,0.1484534353045524,0,0,1.9014658973449192,0,0,0,0,12.389832240988468,30.370758534903082,0.0,0.0,527.1319637857995,0.0,223.01698033779243,0.0,438.49266029036926,1.0,86.0,0.6,0.0,0.0,106.0,667.5383516635438
9.235575405405404,45.48480647540984,1,30,58,0,0,0,0,0,0,1,17,0,1,0.49183051542270506,0,0,1,0,0,195,0,0,1,0,0,0,0,5,11,0.0,0.0,0.00802564980100032,0,0,0,0,0,0,0,0,60,0.1400622929934517,0,3,2.470904362619838,0,14,0,0,8.425051399110759,38.95112597630585,1.0,129.4444877272737,489.99193955872414,108.61760797923691,763.8779042034239,25.008210572375024,604.3137981067412,1.0,86.0,0.6,0.0,0.0,106.0,669.686036827072
9.235899189189189,45.48480647540984,1,31,58,0,0,0,0,0,1,6,24,0,0,0.45672295829063186,1,1,1,0,0,190,0,0,1,0,0,0,0,5,11,0.0,0.0,0.007454435499113751,0,0,0,0,0,0,0,0,53,0.13129599600812727,0,3,3.2090435528195385,10,26,0,0,8.465367237140642,32.0425610762176,1.0,76.68324098953889,563.685752360931,301.7537759691321,1230.522383685458,123.44143840177163,659.058064947563,1.0,86.0,0.6,0.0,0.0,106.0,672.3976979722386
9.236222972972971,45.48480647540984,1,32,58,0,0,0,0,0,1,14,26,0,0,0.4204881981062323,1,0,1,0,2,186,0,0,1,0,0,0,0,4,11,0.0,0.0,0.007053888334919262,0,0,0,0,0,0,0,0,47,0.12173399857463048,0,3,4.186784474828097,4,18,0,0,8.697231484852049,18.34022272622512,1.0346774807235053,0.0,506.4480399028576,331.6027375854018,1249.2777433761312,272.7377664729772,681.7788726726275,1.0,86.0,0.6,0.0,0.0,106.0,675.5625607141804
9.236546756756756,45.48480647540984,1,33,58,0,0,0,0,0,1,16,25,0,0,0.3833871935444114,1,0,1,0,2,182,0,0,1,0,0,0,0,4,11,0.0,0.0,0.007053888334919262,0,0,0,0,0,0,0,0,35,0.11248767040395657,0,3,0.6537518827157267,0,20,0,0,8.990072667751736,18.203456735132463,1.0,0.0,506.4480399028576,138.28729711503428,1270.2745284968607,240.05767968543097,681.7788726726275,1.0,86.0,0.6,0.0,0.0,106.0,666.3860958171663
9.23687054054054,45.48480647540984,1,34,58,0,0,0,0,0,1,14,28,0,0,0.3457495306233722,1,0,1,0,1,176,0,0,1,0,0,0,0,4,10,0.0,0.0,0.007053888334919262,0,0,0,0,0,0,0,0,30,0.10704308147594005,0,3,1.0830615423968086,0,4,0,0,9.594110900647298,18.426480575227068,1.0,0.0,387.18974810089196,106.62159696664173,895.6819110635598,130.8879553057009,681.7788726726275,1.0,86.0,0.6,0.0,0.0,106.0,667.1124006516357
9.237194324324323,45.48480647540984,1,35,58,0,0,0,0,0,1,12,28,0,0,0.3079359217226061,1,0,0,0,0,171,0,0,1,0,0,0,0,3,9,0.0,0.0,0.006998808228749863,0,0,0,0,0,0,0,0,22,0.09944090681830499,0,3,0.7959034995751295,0,0,0,0,9.273075230358094,30.370758534903082,0.0,0.0,206.87787279344684,102.65854555322606,649.1152661250666,0.0,630.4343728830985,1.0,86.0,0.6,0.0,0.0,106.0,668.2648807372373
9.237518108108107,45.48480647540984,1,36,58,0,0,0,0,0,1,11,17,0,0,0.27107239456571786,1,0,0,0,0,164,0,0,1,0,0,0,0,2,9,0.0,0.0,0.006471929140437669,0,0,0,0,0,0,0,0,14,0.09028167456640132,0,3,0.7959034995751295,0,0,0,0,7.58438351941825,30.370758534903082,0.0,0.0,0.0,37.29099489537307,379.2191759709125,0.0,471.44807306099,1.0,86.0,0.6,0.0,0.0,106.0,669.3863498465489
9.225861891891892,45.48503188524591,1,0,59,0,0,0,0,0,0,0,0,0,1,0.6137717188722493,0,0,1,0,0,5,0,0,1,0,0,0,0,2,11,0.0,0.0,0.015471625913605317,0,0,0,0,0,0,0,0,17,0.08686483722158585,0,0,0.6460540990523918,0,0,1,1,28.56336444662606,30.370758534903082,0.0,0.0,318.0757508981126,0.0,0.0,0.0,0.0,1.0,86.0,0.6,0.0,0.0,106.0,673.0189420099325
9.226185675675676,45.48503188524591,1,1,59,0,0,0,0,0,0,0,0,0,1,0.6467692177521147,0,0,1,0,0,5,0,0,1,0,0,0,0,2,11,0.0,0.0,0.015471625913605317,0,0,0,0,0,0,0,0,21,0.09664593861428979,0,0,0.5503368972809022,0,0,1,1,28.56336444662606,30.370758534903082,0.0,0.0,416.9892859728235,0.0,0.0,0.0,12.766056144386978,1.0,86.0,0.6,0.0,0.0,106.0,672.371318742308
9.226509459459459,45.48503188524591,1,2,59,0,0,0,0,0,0,0,0,0,1,0.6623420282528542,0,0,1,0,0,5,0,0,1,0,0,0,0,2,11,0.0,0.0,0.015471625913605317,0,0,0,0,0,0,0,0,25,0.10551012650601402,0,0,0.408070342856282,0,0,1,2,28.56336444662606,30.370758534903082,0.0,0.0,416.9892859728235,0.0,0.0,0.0,12.766056144386978,1.0,86.0,0.6,0.0,0.0,106.0,672.3678667156028
9.226833243243243,45.48503188524591,1,3,59,0,0,0,0,0,0,0,0,0,1,0.6824276557227045,0,0,1,0,0,5,0,0,1,0,0,0,0,2,11,0.0,0.0,0.015471625913605317,0,0,0,0,0,0,0,0,34,0.11524566892139217,0,0,0.5849514158722506,0,0,1,2,28.56336444662606,30.370758534903082,0.0,0.0,462.63305557989196,0.0,0.0,0.0,12.766056144386978,1.0,86.0,0.6,0.0,0.0,106.0,672.2797427236885
9.227157027027028,45.48503188524591,1,4,59,0,0,0,0,0,0,0,0,0,1,0.7020729032982389,0,0,0,0,0,12,0,0,1,0,0,0,0,2,11,0.0,0.0,0.015471625913605317,0,0,0,0,0,0,0,0,38,0.12247711763816815,0,0,0.7852817096631206,0,0,1,2,28.56336444662606,30.370758534903082,0.0,0.0,775.753005993559,0.0,0.0,0.0,12.766056144386978,1.0,86.0,0.6,0.0,0.0,106.0,672.1610408491949
9.22748081081081,45.48503188524591,1,5,59,0,0,0,0,0,0,0,0,0,1,0.7073668021743998,0,0,0,0,0,31,0,0,1,0,0,0,0,3,12,0.0,0.0,0.01633686993581009,0,0,0,0,0,0,0,0,42,0.13024378362299777,0,0,1.3133846466144803,0,0,1,2,28.56336444662606,30.370758534903082,0.0,0.0,591.355358951008,0.0,0.0,0.0,12.766056144386978,1.0,86.0,0.6,0.0,0.0,106.0,672.2383900093173
9.227804594594595,45.48503188524591,1,6,59,0,0,0,0,0,0,0,0,0,1,0.7061318262701972,0,0,0,0,0,45,0,0,1,0,0,0,0,3,14,0.0,0.0,0.017881414584485462,0,0,0,0,0,0,0,0,45,0.1360930689644121,0,0,0.905759742080365,0,0,1,2,28.56336444662606,30.370758534903082,0.0,0.0,946.5738290307507,0.0,0.0,0.0,12.766056144386978,1.0,86.0,0.6,0.0,0.0,106.0,672.2477950244638
9.228128378378377,45.48503188524591,1,7,59,0,0,0,0,0,0,0,0,0,1,0.7052867326610853,0,0,0,0,0,58,0,0,1,0,0,0,0,3,14,0.0,0.0,0.019180274671731612,0,0,0,0,0,0,0,0,48,0.14421030428635226,0,0,0.8863467394199803,0,0,0,2,28.56336444662606,30.370758534903082,0.0,0.0,946.5738290307507,0.0,0.0,0.0,12.766056144386978,1.0,86.0,0.6,0.0,0.0,106.0,670.9361389025212
9.228452162162162,45.48503188524591,1,8,59,0,0,0,0,0,0,0,0,0,1,0.7047473497670307,0,0,0,0,0,71,0,0,1,0,0,0,0,3,14,0.0,0.0,0.020168812428464345,0,0,0,0,0,0,0,0,52,0.15004231398786286,0,0,0.6523877546879158,0,0,1,2,28.56336444662606,30.370758534903082,0.0,0.0,846.1183475451035,0.0,0.0,0.0,3.814278190818096,1.0,86.0,0.6,0.0,0.0,106.0,670.8904339934106
9.228775945945946,45.48503188524591,1,9,59,0,0,0,0,0,0,0,0,0,1,0.7041463893786237,0,0,0,0,0,87,0,0,1,0,0,0,0,3,14,0.0,0.0,0.01837452772644488,0,0,0,0,0,0,0,0,53,0.15452890300682828,0,0,0.6892304408229005,0,0,1,2,136.0114985283165,30.370758534903082,0.0,0.0,901.7512794659118,0.0,272.022997056633,0.0,0.0,1.0,86.0,0.6,0.0,0.0,106.0,670.7239178789753
9.229099729729729,45.48503188524591,1,10,59,0,0,0,0,0,0,0,0,0,1,0.6998820747048397,0,0,0,0,0,94,0,0,0,0,0,0,0,3,14,0.0,0.0,0.017028372413466414,0,0,0,0,0,0,0,0,53,0.16272354568452166,0,0,0.844131414318751,0,0,1,2,136.0114985283165,30.370758534903082,0.0,0.0,707.4215144323912,0.0,272.022997056633,0.0,0.0,1.0,86.0,0.6,0.0,0.0,106.0,670.586115638632
9.229423513513513,45.48503188524591,1,11,59,0,0,0,0,0,0,0,0,0,1,0.691794418767499,0,0,0,0,0,105,0,0,0,0,0,0,0,3,14,0.0,0.0,0.017223130441162696,0,0,0,0,0,0,0,0,56,0.16899286207970618,0,0,1.042126509113222,0,0,1,3,44.66706872333725,23.78788545529803,1.6960368302999989,137.38976832712947,886.2713636380965,0.0,309.2809189062431,0.0,0.0,1.0,86.0,0.6,0.0,0.0,106.0,670.3654176431169
9.229747297297298,45.48503188524591,1,12,59,0,0,0,0,0,0,0,0,0,1,0.6837569864319872,0,0,0,0,0,112,0,0,0,0,0,0,0,3,14,0.0,0.0,0.01773377201341542,0,0,0,0,0,0,0,0,54,0.17264278473078287,0,0,1.4886131909620048,0,12,1,3,28.56336444662606,31.577713585401128,1.8255120975666879,274.12229030161325,886.2713636380965,0.0,1280.4333298589506,0.0,0.0,1.0,86.0,0.6,0.0,0.0,106.0,669.7435561114844
9.23007108108108,45.48503188524591,1,13,59,0,0,0,0,0,0,0,0,0,1,0.6788223326498473,0,0,0,0,0,114,0,0,0,0,0,0,0,3,14,0.0,0.0,0.017780583422729753,0,0,0,0,0,0,0,0,53,0.1780237466390761,0,0,1.7909881331908135,0,16,1,2,31.944562843395694,32.88880233020079,1.8429608878100197,274.12229030161325,886.2713636380965,29.470999479823874,1227.416734789032,0.0,0.0,1.0,86.0,0.6,0.0,0.0,106.0,669.449222238382
9.230394864864865,45.48503188524591,1,14,59,0,0,0,0,0,0,0,0,0,1,0.6750026517020604,0,0,0,0,0,119,0,0,0,0,0,0,0,5,13,0.0,0.0,0.01785541859009076,1,0,0,0,0,0,0,0,48,0.1828898484673162,0,0,2.3491326980314926,0,8,1,2,27.341911718942658,33.13237188003918,1.599049245068455,341.3890511010539,667.0276355606146,273.30771375088415,834.3131528134804,0.0,0.0,1.0,86.0,0.6,0.0,0.0,106.0,669.1873098482812
9.230718648648649,45.48503188524591,1,15,59,0,0,0,0,0,0,0,0,0,1,0.6719010002867897,0,0,0,0,0,124,0,0,0,0,0,0,0,5,13,0.0,0.0,0.016617143413286642,1,0,0,0,0,0,0,0,47,0.1852419994464856,0,0,2.2259418390116767,0,4,1,2,42.81756555391921,31.170942412376434,1.484491886516585,310.3747563505185,826.4888705961253,273.30771375088415,760.0643824974619,0.0,91.4685743500672,1.0,86.0,0.6,0.0,0.0,106.0,669.0053084373892
9.231042432432432,45.48503188524591,1,16,59,0,1,0,0,0,0,0,0,0,1,0.6691194925192325,0,0,0,0,0,141,0,0,0,0,0,0,0,5,13,0.0,0.0,0.012849284613353175,1,0,0,0,0,0,0,0,49,0.18820857561524185,0,0,2.4095594605881505,0,8,1,1,37.80489187222363,32.61688470162868,1.490131200510554,474.0049353126768,1046.6292019063787,111.31543022622566,697.9467127262559,0.0,91.4685743500672,1.0,86.0,0.6,0.0,0.0,106.0,669.0910101245762
9.231366216216216,45.48503188524591,1,17,59,0,1,0,0,0,0,0,0,0,1,0.6653212871406353,0,0,0,0,0,145,0,0,0,0,0,0,0,5,13,0.0,0.0,0.008754623260919647,0,0,0,0,0,0,0,0,50,0.18750097767317736,0,0,2.3636341808607626,4,4,1,1,54.90848761574947,31.35579526217519,1.5652405342693492,297.7480785284549,963.2461674960817,300.54286528596793,1020.0556242495322,0.0,91.4685743500672,1.0,86.0,0.6,0.0,0.0,106.0,668.1396377112872
9.23169,45.48503188524591,1,18,59,0,1,0,0,0,0,0,0,0,1,0.6628674666620099,0,0,0,0,0,143,0,0,0,0,0,0,0,5,13,0.0,0.0,0.00608632627351301,0,0,0,0,0,0,0,0,63,0.1883915981126731,0,0,1.8680137744282064,0,12,1,1,34.33165086142297,28.889485076706322,1.5958905086253905,388.52174337434553,919.1818415128482,444.2382371975436,1099.2656219010441,91.4685743500672,91.4685743500672,1.0,86.0,0.6,0.0,0.0,106.0,669.5971750754743
9.232013783783783,45.48503188524591,1,19,59,0,1,0,0,0,0,0,0,0,1,0.6612225951908288,0,0,0,0,0,144,0,0,0,0,0,0,0,4,13,0.0,0.0,0.005856825835571076,0,0,0,0,0,0,0,0,73,0.18861231305502496,0,0,1.4682227250580966,0,8,0,1,41.465936986275885,29.43064307594209,1.6667561392600667,157.8906298874731,742.9249847286262,0.0,1160.48265329584,91.4685743500672,91.4685743500672,1.0,86.0,0.6,0.0,0.0,106.0,670.4271861709775
9.232337567567567,45.48503188524591,1,20,59,1,1,0,0,0,0,0,0,0,1,0.6574868997706101,0,0,0,0,1,145,0,0,0,0,0,0,0,4,14,0.0,0.0,0.005856825835571076,0,0,0,0,0,0,0,0,71,0.18814704591733333,0,0,0.75545386951061,0,8,0,1,45.16376070983776,27.516084616386465,1.5279825684809913,262.44105593762373,742.9249847286262,361.0452717173562,865.511908877929,91.4685743500672,91.4685743500672,1.0,86.0,0.6,0.0,0.0,106.0,670.7405717733288
9.23266135135135,45.48503188524591,1,21,59,1,1,0,0,0,0,0,0,0,1,0.6445472782991515,0,0,0,0,5,150,0,0,0,0,0,0,0,4,14,0.0,0.0,0.005856825835571076,0,0,0,0,0,0,0,0,75,0.18516560122020587,0,0,0.6001279725926869,0,4,0,1,66.02073573103353,30.4119380633847,1.0,184.9570375365636,687.2874457717044,360.30956897509986,739.3332626979058,0.0,91.4685743500672,1.0,86.0,0.6,0.0,0.0,106.0,670.4985415033741
9.232985135135134,45.48503188524591,1,22,59,0,1,0,0,0,0,0,0,0,1,0.6286991323048023,0,0,0,0,8,153,0,0,0,0,0,0,0,4,14,0.0,0.0,0.00554343124229381,0,0,0,0,0,0,0,0,77,0.18169101578736813,0,0,0.512397137064495,0,0,0,1,180.15478448754993,30.370758534903082,0.0,0.0,347.37509270792714,0.0,360.30956897509986,0.0,91.4685743500672,1.0,86.0,0.6,0.0,0.0,106.0,671.6950834721154
9.233308918918919,45.48503188524591,1,23,59,0,1,0,0,0,0,0,0,0,1,0.6163079939273226,0,0,0,0,6,151,0,0,0,0,0,0,0,4,14,0.0,0.0,0.00487102240453363,0,0,0,0,0,0,0,0,77,0.17891528169280577,0,0,0.5107718817639171,0,0,0,1,28.56336444662606,30.370758534903082,0.0,0.0,262.44105593762373,0.0,0.0,0.0,71.72598965989252,1.0,86.0,0.6,0.0,0.0,106.0,672.0891698444301
9.233632702702701,45.48503188524591,1,24,59,0,0,0,0,0,0,0,0,0,1,0.613722509124759,0,0,0,0,5,158,0,0,0,0,0,0,0,5,14,0.0,0.0,0.003940531952884456,0,0,0,0,0,0,0,0,77,0.1731413239982841,0,0,0.39437872438891525,0,0,0,0,28.56336444662606,30.370758534903082,0.0,0.0,296.7685803055117,0.0,0.0,0.0,0.0,1.0,86.0,0.6,0.0,0.0,106.0,671.5389694658925
9.233956486486486,45.48503188524591,1,25,59,0,0,0,0,0,0,0,0,0,1,0.5929907815146488,0,0,0,0,4,181,0,1,0,0,0,0,0,4,13,0.0,0.0,0.004037141335888416,0,0,0,0,0,0,0,0,80,0.16475626533090384,0,0,0.32906927960778637,0,0,0,0,28.56336444662606,30.370758534903082,0.0,0.0,48.14503207566083,0.0,0.0,0.0,0.0,1.0,86.0,0.6,0.0,0.0,106.0,672.2468705156716
9.23428027027027,45.48503188524591,1,26,59,0,0,0,0,0,0,0,0,0,1,0.569345627080509,0,0,0,0,0,196,0,1,1,0,0,0,0,5,13,0.0,0.0,0.00482735811003524,0,0,0,0,0,0,0,0,79,0.157513460477158,0,0,0.38832666921648984,0,0,0,0,28.56336444662606,30.370758534903082,0.0,0.0,223.1804246299828,0.0,0.0,0.0,0.0,1.0,86.0,0.6,0.0,0.0,106.0,672.0784777362695
9.234604054054053,45.48503188524591,1,27,59,0,0,0,0,0,0,0,1,0,1,0.5434122002392011,0,0,0,0,0,203,0,0,1,0,0,0,0,5,12,0.0,0.0,0.0059955963578885284,0,0,0,0,0,0,0,0,72,0.15338795360078544,0,0,1.0740506542596286,0,0,0,0,28.56336444662606,30.370758534903082,0.0,0.0,419.0911885321649,0.0,0.0,0.0,46.68324226288844,1.0,86.0,0.6,0.0,0.0,106.0,671.2787387012147
9.234927837837837,45.48503188524591,1,28,59,0,0,0,0,0,0,0,3,0,1,0.5150955133943804,0,0,0,0,0,202,0,0,1,0,0,0,0,5,11,0.0,0.0,0.006862156973218422,0,0,0,0,0,0,0,0,69,0.1461536404268604,0,0,1.5789693160892273,0,0,0,0,28.56336444662606,30.370758534903082,0.0,0.0,466.37827128429535,0.0,0.0,0.0,230.91727003283626,1.0,86.0,0.6,0.0,0.0,106.0,670.2898671943576
9.235251621621622,45.48503188524591,1,29,59,0,0,0,0,0,0,3,5,0,1,0.48497033633365416,0,0,1,0,0,196,0,0,1,0,0,0,0,5,11,0.0,0.0,0.007322422312607816,0,0,0,0,0,0,0,0,61,0.1372007002816663,0,0,1.7918480860306363,0,0,0,0,12.600234671794398,39.076543718313246,1.0,46.15204209837199,413.0756453163481,0.0,168.0519473221328,0.0,436.3771435345024,1.0,86.0,0.6,0.0,0.0,106.0,671.28072662627
9.235575405405404,45.48503188524591,1,30,59,0,0,0,0,0,0,4,12,0,1,0.45331448967792176,0,0,1,0,0,192,0,0,1,0,0,0,0,5,11,0.0,0.0,0.007362577467550588,0,0,0,0,0,0,0,0,52,0.1294839680334683,0,3,2.1476031602553665,0,26,0,0,6.284368943646818,33.67887925069076,1.0406624758055578,117.71237853419345,395.8626291213565,41.03610867637184,593.8786868377773,61.38631469658787,485.49546469615535,1.0,86.0,0.6,0.0,0.0,106.0,670.9024342363386
9.235899189189189,45.48503188524591,1,31,59,0,0,0,0,0,0,5,21,0,1,0.4203439867677994,1,1,1,0,0,186,0,0,1,0,0,0,0,5,11,0.0,0.0,0.006965634076359431,0,0,0,0,0,0,0,0,45,0.12106813184228021,0,3,2.2762128470167116,12,34,0,0,6.821855119485756,26.3186484056635,1.066887232541443,132.73747362273838,376.0893802529115,74.42153816133874,1107.3490030331668,240.2560842725037,627.75652846755,1.0,86.0,0.6,0.0,0.0,106.0,672.6402706727152
9.236222972972971,45.48503188524591,1,32,59,0,0,0,0,0,1,9,23,0,0,0.3863267178135487,1,0,1,0,1,184,0,0,1,0,0,0,0,4,11,0.0,0.0,0.006757637847935929,0,0,0,0,0,0,0,0,36,0.11338669529548362,0,3,3.1843749590997623,8,28,0,0,6.658983251443037,23.68545746054365,1.0617979865872027,68.24080899718155,385.15159535628425,49.07193827104847,1221.287606077075,388.53536428938895,663.5941654748672,1.0,86.0,0.6,0.0,0.0,106.0,676.7357277761839
9.236546756756756,45.48503188524591,1,33,59,0,0,0,0,0,1,12,27,0,0,0.35153458742809696,1,0,1,0,1,179,0,0,1,0,0,0,0,4,10,0.0,0.0,0.006299081174987618,0,0,0,0,0,0,0,0,27,0.10323422075811811,0,3,1.8455772463133318,4,12,0,0,8.58546419527001,18.906993395619864,1.0906857045282576,0.0,394.37412824384603,118.64221735178035,1103.0777504002808,296.3529134287306,681.7788726726275,1.0,86.0,0.6,0.0,0.0,106.0,671.3786665732648
9.23687054054054,45.48503188524591,1,34,59,0,0,0,0,0,1,11,29,0,0,0.3162645242105776,1,0,1,0,1,173,0,0,1,0,0,0,0,4,9,0.0,0.0,0.005484698516927886,0,0,0,0,0,0,0,0,25,0.09863384794098196,0,3,0.5487374951861071,0,0,0,0,9.953544020901502,21.630822605228463,1.0,0.0,229.25828666083447,162.3794537744097,756.0350312699906,50.202034423031016,681.7788726726275,1.0,86.0,0.6,0.0,0.0,106.0,668.4197803511626
9.237194324324323,45.48503188524591,1,35,59,0,0,0,0,0,1,16,24,0,0,0.28109647465195814,1,0,0,0,0,161,0,0,1,0,0,0,0,2,9,0.0,0.0,0.0043255264745332,0,0,0,0,0,0,0,0,17,0.09204344608131522,0,3,0.7959034995751295,0,0,0,0,9.527246892652643,30.370758534903082,0.0,0.0,37.57844270568396,75.28217438665001,647.8527887003797,0.0,641.0802852243424,1.0,86.0,0.6,0.0,0.0,106.0,669.0671455675628
9.237518108108107,45.48503188524591,1,36,59,0,0,0,0,0,1,12,17,0,0,0.24583068102824174,1,0,0,0,0,140,0,0,1,0,0,0,0,2,9,0.0,0.0,0.0027464960915357974,0,0,0,0,0,0,0,0,8,0.08472149382937506,0,3,1.0111410978269117,0,0,0,0,10.59963768682922,30.370758534903082,0.0,0.0,0.0,85.60506164815446,466.3840582204857,0.0,502.56366925643044,1.0,86.0,0.6,0.0,0.0,106.0,669.5021721858735
9.225861891891892,45.48525729508197,1,0,60,0,0,0,0,0,0,0,0,0,1,0.5699137040900587,0,1,1,0,0,4,0,0,1,0,0,0,0,2,11,0.0,0.0,0.015471625913605317,0,0,0,0,0,0,0,0,13,0.07916587587857676,0,0,0.22681086143394077,0,0,1,1,28.56336444662606,30.370758534903082,0.0,0.0,27.135309158655545,0.0,0.0,0.0,0.0,1.0,86.0,0.6,0.0,0.0,106.0,672.9261281764675
9.226185675675676,45.48525729508197,1,1,60,0,0,0,0,0,0,0,0,0,1,0.6003894387882377,0,1,1,0,0,5,0,0,1,0,0,0,0,2,11,0.0,0.0,0.015471625913605317,0,0,0,0,0,0,0,0,16,0.08843633738699493,0,0,0.5142287445726702,0,0,1,1,28.56336444662606,30.370758534903082,0.0,0.0,160.44931325329452,0.0,0.0,0.0,0.0,1.0,86.0,0.6,0.0,0.0,106.0,672.9895474727616
9.226509459459459,45.48525729508197,1,2,60,0,0,0,0,0,0,0,0,0,1,0.614203174469411,0,0,1,0,0,5,0,0,1,0,0,0,0,2,11,0.0,0.0,0.015471625913605317,0,0,0,0,0,0,0,0,20,0.09631806463226415,0,0,0.4578545652493172,0,0,1,2,28.56336444662606,30.370758534903082,0.0,0.0,259.36284832800544,0.0,0.0,0.0,12.766056144386978,1.0,86.0,0.6,0.0,0.0,106.0,672.6732513314835
9.226833243243243,45.48525729508197,1,3,60,0,0,0,0,0,0,0,0,0,1,0.6332352820760756,0,0,1,0,0,5,0,0,1,0,0,0,0,2,11,0.0,0.0,0.015471625913605317,0,0,0,0,0,0,0,0,26,0.10510810212639464,0,0,0.5604597355268268,0,0,1,2,28.56336444662606,30.370758534903082,0.0,0.0,259.36284832800544,0.0,0.0,0.0,12.766056144386978,1.0,86.0,0.6,0.0,0.0,106.0,672.6578321539896
9.227157027027028,45.48525729508197,1,4,60,0,0,0,0,0,0,0,0,0,1,0.6504731139252627,0,0,0,0,0,5,0,0,1,0,0,0,0,2,11,0.0,0.0,0.015471625913605317,0,0,0,0,0,0,0,0,30,0.11400523735980539,0,0,0.7719033037886189,0,0,1,2,28.56336444662606,30.370758534903082,0.0,0.0,414.8395389385231,0.0,0.0,0.0,12.766056144386978,1.0,86.0,0.6,0.0,0.0,106.0,673.2266866215239
9.22748081081081,45.48525729508197,1,5,60,0,0,0,0,0,0,0,0,0,1,0.655878369705599,0,0,0,0,0,5,0,0,1,0,0,0,0,2,11,0.0,0.0,0.015471625913605317,0,0,0,0,0,0,0,0,36,0.1231835908460006,0,0,0.6426535419294804,0,0,1,2,28.56336444662606,30.370758534903082,0.0,0.0,558.1327365810937,0.0,0.0,0.0,12.766056144386978,1.0,86.0,0.6,0.0,0.0,106.0,672.8133868721224
9.227804594594595,45.48525729508197,1,6,60,0,0,0,0,0,0,0,0,0,1,0.6546629589801933,0,0,0,0,0,11,0,0,1,0,0,0,0,3,13,0.0,0.0,0.015727776359576055,0,0,0,0,0,0,0,0,39,0.12963110000401085,0,0,0.6817084144458484,0,0,0,2,28.56336444662606,30.370758534903082,0.0,0.0,558.1327365810937,0.0,0.0,0.0,12.766056144386978,1.0,86.0,0.6,0.0,0.0,106.0,672.8248035415861
9.228128378378377,45.48525729508197,1,7,60,0,0,0,0,0,0,0,0,0,1,0.6538374564244822,0,0,0,0,0,32,0,0,1,0,0,0,0,3,14,0.0,0.0,0.01751166936594587,0,0,0,0,0,0,0,0,41,0.13423637897751425,0,0,0.8382141200749672,0,0,0,2,28.56336444662606,30.370758534903082,0.0,0.0,846.1183475451035,0.0,0.0,0.0,12.766056144386978,1.0,86.0,0.6,0.0,0.0,106.0,672.5265155434499
9.228452162162162,45.48525729508197,1,8,60,0,0,0,0,0,0,0,0,0,1,0.6533219499989811,0,0,0,0,0,50,0,0,1,0,0,0,0,3,14,0.0,0.0,0.017162560799249302,0,0,0,0,0,0,0,0,46,0.14002680544894738,0,0,0.8333428240608107,0,0,1,2,28.56336444662606,30.370758534903082,0.0,0.0,846.1183475451035,0.0,0.0,0.0,0.0,1.0,86.0,0.6,0.0,0.0,106.0,672.8818524612799
9.228775945945946,45.48525729508197,1,9,60,0,0,0,0,0,0,0,0,0,1,0.6530701104804147,0,0,0,0,0,68,0,0,0,0,0,0,0,3,14,0.0,0.0,0.017036931115049725,0,0,0,0,0,0,0,0,45,0.14510551501275318,0,0,1.1000113888729728,0,0,1,2,28.56336444662606,30.370758534903082,0.0,0.0,725.2354594534268,0.0,0.0,0.0,0.0,1.0,86.0,0.6,0.0,0.0,106.0,670.7608185159278
9.229099729729729,45.48525729508197,1,10,60,0,0,0,0,0,0,0,0,0,1,0.6530516196918345,0,0,0,0,0,80,0,0,0,0,0,0,0,2,14,0.0,0.0,0.0169623487757293,0,0,0,0,0,0,0,0,48,0.15046073634725043,0,0,0.9811508581303671,0,0,1,2,28.56336444662606,30.370758534903082,0.0,0.0,656.9961973412534,0.0,0.0,0.0,0.0,1.0,86.0,0.6,0.0,0.0,106.0,670.7095297171381
9.229423513513513,45.48525729508197,1,11,60,0,0,0,0,0,0,0,0,0,1,0.6532284805154022,0,0,0,0,0,91,0,0,0,0,0,0,0,2,13,0.0,0.0,0.0169623487757293,1,0,0,0,0,0,0,0,46,0.15633716657724014,0,0,1.2927750037623118,0,0,1,2,28.56336444662606,30.370758534903082,0.0,0.0,886.2713636380965,0.0,0.0,0.0,0.0,1.0,86.0,0.6,0.0,0.0,106.0,670.9114583951435
9.229747297297298,45.48525729508197,1,12,60,0,0,0,0,0,0,0,0,0,1,0.6487241109279752,0,0,0,0,0,102,0,0,0,0,0,0,0,2,13,0.0,0.0,0.0169623487757293,1,0,0,0,0,0,0,0,46,0.15995400131386278,0,0,2.020115990840764,0,0,1,2,28.56336444662606,30.370758534903082,0.0,0.0,886.2713636380965,0.0,0.0,0.0,0.0,1.0,86.0,0.6,0.0,0.0,106.0,670.1594937914706
9.23007108108108,45.48525729508197,1,13,60,0,0,0,0,0,0,0,0,0,1,0.6403652122943857,0,0,0,0,0,107,0,0,0,0,0,0,0,3,13,0.0,0.0,0.01698960168939961,0,0,0,0,0,0,0,0,44,0.16370035529876648,0,0,2.1478974644782447,0,0,1,1,37.8473391538385,30.370758534903082,0.0,0.0,503.39745659845636,0.0,302.778713230708,0.0,0.0,1.0,86.0,0.6,0.0,0.0,106.0,670.0253831549123
9.230394864864865,45.48525729508197,1,14,60,0,0,0,0,0,0,0,0,0,1,0.632492293338689,0,0,0,0,0,111,0,0,0,0,0,0,0,3,13,0.0,0.0,0.016713970213528148,0,0,0,0,0,0,0,0,41,0.16542878746987025,0,0,2.3018214108958577,0,0,1,1,136.65385687544207,30.370758534903082,0.0,0.0,667.0276355606146,0.0,273.30771375088415,0.0,0.0,1.0,86.0,0.6,0.0,0.0,106.0,669.4563089006728
9.230718648648649,45.48525729508197,1,15,60,0,0,0,0,0,0,0,0,0,1,0.6281266006954564,0,0,0,0,0,119,0,0,0,0,0,0,0,5,13,0.0,0.0,0.014259130612708353,0,0,0,0,0,0,0,0,42,0.1690145012037591,0,0,2.1761295257480566,0,0,1,1,70.29891756916955,31.556418216162484,1.6782886411232192,218.78470923330258,757.8013004065051,0.0,273.30771375088415,0.0,91.4685743500672,1.0,86.0,0.6,0.0,0.0,106.0,668.5728254832158
9.231042432432432,45.48525729508197,1,16,60,0,1,0,0,0,0,0,0,0,1,0.6250450714144385,0,0,0,0,0,123,0,0,0,0,0,0,0,5,13,0.0,0.0,0.010215460964745108,1,0,0,0,0,0,0,0,40,0.1739198348210062,0,0,2.098334685690199,0,0,1,1,65.9842889432874,31.548044420169767,1.6782886411232192,209.23545651247676,797.3280184847547,0.0,384.6231439771098,0.0,91.4685743500672,1.0,86.0,0.6,0.0,0.0,106.0,668.8681131327589
9.231366216216216,45.48525729508197,1,17,60,0,1,0,0,0,0,0,0,0,1,0.6216853647806823,0,0,0,0,0,130,0,0,0,0,0,0,0,5,13,0.0,0.0,0.006884816326092563,1,0,0,0,0,0,0,0,41,0.17237278486121377,0,0,2.201784970658654,0,4,1,1,47.30980787908668,31.35579526217519,1.5652405342693492,297.7480785284549,754.2630629790214,273.30771375088415,1026.9265420859724,0.0,91.4685743500672,1.0,86.0,0.6,0.0,0.0,106.0,669.5596446790473
9.23169,45.48525729508197,1,18,60,1,1,0,0,0,0,0,0,0,1,0.6183613658721184,0,0,0,0,0,132,0,0,0,0,0,0,0,4,13,0.0,0.0,0.005856825835571076,0,0,0,0,0,0,0,0,49,0.1719049662427251,0,0,1.8396591543065066,4,12,0,1,34.33165086142297,28.889485076706322,1.5958905086253905,388.52174337434553,754.2630629790214,280.1786315873241,1099.2656219010441,91.4685743500672,91.4685743500672,1.0,86.0,0.6,0.0,0.0,106.0,670.3691357580012
9.232013783783783,45.48525729508197,1,19,60,1,1,0,0,0,0,0,0,0,1,0.6160741317596667,0,0,0,0,0,133,0,0,0,0,0,0,0,4,13,0.0,0.0,0.005856825835571076,0,0,0,0,0,0,0,0,59,0.17313197119523177,0,0,1.2086482532551972,4,12,0,1,37.056351286087335,29.581129005418244,1.549093291155349,347.37509270792714,578.0062061947995,63.45018203656416,1154.579438243761,91.4685743500672,91.4685743500672,1.0,86.0,0.6,0.0,0.0,106.0,671.488038324105
9.232337567567567,45.48525729508197,1,20,60,1,1,0,0,0,0,0,0,0,1,0.6111863415401945,0,0,0,0,1,135,0,0,0,0,0,0,0,4,13,0.0,0.0,0.005640237966631721,0,0,0,0,0,0,0,0,61,0.17212019365892692,0,0,0.912768854535137,4,8,0,1,42.37797273476328,27.898225444634704,1.5641989192031487,271.98072608013933,578.0062061947995,802.78344473447,865.511908877929,91.4685743500672,91.4685743500672,1.0,86.0,0.6,0.0,0.0,106.0,672.4860612162943
9.23266135135135,45.48525729508197,1,21,60,0,1,0,0,0,0,0,0,0,1,0.5975900540715393,0,0,0,0,3,134,0,0,0,0,0,0,0,4,13,0.0,0.0,0.004787900814960082,0,0,0,0,0,0,0,0,65,0.1718887257876777,0,0,0.7142788269882409,0,4,0,1,56.06444740379438,30.170038005784175,1.3065335304577903,262.44105593762373,578.0062061947995,0.0,802.78344473447,0.0,91.4685743500672,1.0,86.0,0.6,0.0,0.0,106.0,671.3587166560534
9.232985135135134,45.48525729508197,1,22,60,0,1,0,0,0,0,0,0,0,1,0.5819601886195486,0,0,0,0,5,135,0,0,0,0,0,0,0,4,13,0.0,0.0,0.004130516351920458,0,0,0,0,0,0,0,0,69,0.16831894095145195,0,0,0.6181206132327646,0,0,0,1,28.56336444662606,30.370758534903082,0.0,0.0,347.37509270792714,0.0,0.0,0.0,91.4685743500672,1.0,86.0,0.6,0.0,0.0,106.0,672.0237360222761
9.233308918918919,45.48525729508197,1,23,60,0,1,0,0,0,0,0,0,0,1,0.5682629476350484,0,0,0,0,6,135,0,0,0,0,0,0,0,3,14,0.0,0.0,0.003683008419176745,0,0,0,0,0,0,0,0,73,0.16295847730255586,0,0,0.6059139818250949,0,0,0,1,28.56336444662606,30.370758534903082,0.0,0.0,262.44105593762373,0.0,0.0,0.0,71.72598965989252,1.0,86.0,0.6,0.0,0.0,106.0,671.9653089349474
9.233632702702701,45.48525729508197,1,24,60,0,0,0,0,0,0,0,0,0,1,0.5645681679939297,0,0,0,0,3,135,0,0,0,0,0,0,0,3,13,0.0,0.0,0.003237595439093162,0,0,0,0,0,0,0,0,72,0.15826164838458512,0,0,0.47492223215302126,0,0,0,0,28.56336444662606,30.370758534903082,0.0,0.0,262.44105593762373,0.0,0.0,0.0,0.0,1.0,86.0,0.6,0.0,0.0,106.0,671.9580006497029
9.233956486486486,45.48525729508197,1,25,60,0,0,0,0,0,0,0,0,0,1,0.5450267814728557,0,0,0,0,3,142,0,0,0,0,0,0,0,3,13,0.0,0.0,0.0027699344299178747,0,0,0,0,0,0,0,0,75,0.15254117806861725,0,0,0.3378338662767768,0,0,0,0,28.56336444662606,30.370758534903082,0.0,0.0,0.0,0.0,0.0,0.0,0.0,1.0,86.0,0.6,0.0,0.0,106.0,672.2844902310317
9.23428027027027,45.48525729508197,1,26,60,0,0,0,0,0,0,0,0,0,1,0.5228217803106288,0,0,0,0,0,156,0,0,1,0,0,0,0,3,12,0.0,0.0,0.002290240346830715,0,0,0,0,0,0,0,0,68,0.14742466812737504,0,0,0.4105905744607126,0,0,0,0,28.56336444662606,30.370758534903082,0.0,0.0,46.15204209837199,0.0,0.0,0.0,0.0,1.0,86.0,0.6,0.0,0.0,106.0,672.2576689822247
9.234604054054053,45.48525729508197,1,27,60,0,0,0,0,0,0,0,1,0,1,0.49849227712661276,0,0,0,0,0,157,0,0,1,0,0,0,0,4,11,0.0,0.0,0.0019126030752715146,0,0,0,0,0,0,0,0,66,0.14247972802296283,0,0,0.7553724710600219,0,0,0,0,28.56336444662606,30.370758534903082,0.0,0.0,120.23337938908989,0.0,0.0,0.0,28.038598327283562,1.0,86.0,0.6,0.0,0.0,106.0,673.0199480522027
9.234927837837837,45.48525729508197,1,28,60,0,0,0,0,0,0,0,3,0,1,0.47226810875090414,0,0,0,0,0,167,0,0,1,0,0,0,0,4,11,0.0,0.0,0.001839193852041188,0,0,0,0,0,0,0,0,59,0.13453917332779827,0,0,1.5199498076169697,0,0,0,0,9.11229775346732,30.370758534903082,0.0,0.0,269.7887713167442,0.0,36.44919101386928,0.0,210.4961332236552,1.0,86.0,0.6,0.0,0.0,106.0,672.8822302008746
9.235251621621622,45.48525729508197,1,29,60,0,0,0,0,0,1,3,4,0,1,0.44408968353664235,0,0,1,0,0,174,0,0,1,0,0,0,0,4,11,0.0,0.0,0.00198763396529868,0,0,0,0,0,0,0,0,52,0.12760195756028592,0,0,2.026014732966186,0,0,0,0,13.16327328288467,39.076543718313246,1.0,46.15204209837199,329.48017243746466,69.07165698592185,98.64396401335938,0.0,394.0716984867093,1.0,86.0,0.6,0.0,0.0,106.0,671.5038475873852
9.235575405405404,45.48525729508197,1,30,60,0,0,0,0,0,1,3,8,0,1,0.41443146068111697,1,0,1,0,0,176,0,0,1,0,0,0,0,4,11,0.0,0.0,0.002091332728579947,0,0,0,0,0,0,0,0,46,0.1212078779957831,0,1,2.4545212406251324,0,16,0,0,6.474158050764965,33.65589550068561,1.0592994438831056,91.00755607109734,334.6649671125504,62.1947729994901,270.0836473144335,53.25491186342692,436.3771435345024,1.0,86.0,0.6,0.0,0.0,106.0,672.3416116592919
9.235899189189189,45.48525729508197,1,31,60,0,0,0,0,0,0,3,14,0,1,0.38358772558699267,1,0,1,0,0,172,0,0,1,0,0,0,0,3,11,0.0,0.0,0.0021521892701273524,0,0,0,0,0,0,0,0,37,0.11240135225049497,0,3,2.6345085283573355,8,16,0,0,4.90832765307361,25.46865676088636,1.070190305753366,119.09663292018325,340.67084739289027,78.70308013031459,303.45976379063575,210.61787053567664,495.70575677423614,1.0,86.0,0.6,0.0,0.0,106.0,670.99408108957
9.236222972972971,45.48525729508197,1,32,60,0,0,0,0,0,0,4,19,0,0,0.3517763305834485,1,0,1,0,0,167,0,0,1,0,0,0,0,3,11,0.0,0.0,0.002044972752038933,0,0,0,0,0,0,0,0,29,0.10651574040820094,0,3,2.767958559166971,0,20,0,0,5.359519291213722,22.314853848516236,1.0710676845752831,43.96089856517254,285.60907931197676,34.67059650482317,693.3550664606571,313.1498160520598,546.7207112314904,1.0,86.0,0.6,0.0,0.0,106.0,672.457572351112
9.236546756756756,45.48525729508197,1,33,60,0,0,0,0,0,1,4,23,0,0,0.3192480354229392,1,0,1,0,0,156,0,0,1,0,0,0,0,3,9,0.0,0.0,0.0015390289461431341,0,0,0,0,0,0,0,0,22,0.09758036841914546,0,3,1.731115461849338,0,4,0,0,7.102273683274859,21.50810541075786,1.0676612520475648,17.999968465586434,186.5299744925689,114.18728927233977,693.5465217383991,169.13544652209714,610.186727973276,1.0,86.0,0.6,0.0,0.0,106.0,670.9306182052974
9.23687054054054,45.48525729508197,1,34,60,0,0,0,0,0,1,5,27,0,0,0.2862981214968276,1,0,1,0,0,140,0,0,1,0,0,0,0,1,9,0.0,0.0,0.000821521849854481,0,0,0,0,0,0,0,0,16,0.09192031521366618,0,3,1.4247866833433787,0,0,0,0,13.21986578057176,30.370758534903082,0.0,0.0,145.02363051525387,0.0,370.1562418560093,0.0,568.7506212410315,1.0,86.0,0.6,0.0,0.0,106.0,669.4328256313051
9.237194324324323,45.48525729508197,1,35,60,0,0,0,0,0,1,13,18,0,0,0.2538192176389547,1,0,0,0,0,122,0,0,1,0,0,0,0,1,9,0.0,0.0,0.0002860555977439059,0,0,0,0,0,0,0,0,11,0.08628000259850654,0,3,1.0088582000109587,0,0,0,0,13.644787183571003,30.370758534903082,0.0,0.0,43.96089856517254,162.3794537744097,272.89574367142006,0.0,517.3789198331497,1.0,86.0,0.6,0.0,0.0,106.0,669.6830772886558
9.237518108108107,45.48525729508197,1,36,60,0,0,0,0,0,1,10,17,0,0,0.2192102389337164,1,0,0,0,0,105,0,0,1,0,0,0,0,1,9,0.0,0.0,1.0118832176089294e-05,0,0,0,0,0,0,0,0,4,0.079248268814154,0,3,1.0119424975687712,0,0,0,0,15.213033375253946,30.370758534903082,0.0,0.0,10.660077374081666,162.3794537744097,334.6867342555868,0.0,249.73256456241242,1.0,86.0,0.6,0.0,0.0,106.0,670.4168497505339
